{"type":"FeatureCollection","name":"Provinsi Kalimantan Barat","features":[{"type":"Feature","properties":{"kode_kk":"61.07","kode_prov":"61","kab_kota":"BENGKAYANG","provinsi":"Kalimantan Barat","fid":"61.07","nama":"Kabupaten Bengkayang","label":"Kabupaten Bengkayang, Provinsi Kalimantan Barat, 61.07"},"geometry":{"type":"MultiPolygon","coordinates":[[[[109.031468383,0.576685651000048],[109.030498592,0.570061982000027],[109.027398344,0.570937443000048],[109.027330694,0.568457777000049],[109.023790653,0.570418994000022],[109.011060551,0.564798892000056],[109.011013953,0.561459395000043],[109.00795367,0.562519550000047],[109.009142805,0.55889522700005],[109.002721132,0.554337627000052],[109.001103081,0.551193622000028],[109.002828729,0.547236241000064],[108.998660022,0.545484360000046],[108.99861487,0.542725242000074],[108.993311267,0.545083521000038],[108.993580982,0.548728406000066],[108.989521405,0.554454957000075],[108.981910631,0.548497261000023],[108.982469365,0.541564608000044],[108.979301611,0.543253169000025],[108.970346189,0.532613437000066],[108.966358337,0.533342205000054],[108.965270304,0.530139474000066],[108.958686698,0.532381795000049],[108.95703439,0.529030953000074],[108.954015978,0.529138967000051],[108.949385129,0.535435925000058],[108.950138283,0.540730409000048],[108.947904683,0.539355560000047],[108.931533494,0.547117828000069],[108.933561553,0.549481772000036],[108.928945497,0.552027579000026],[108.932572072,0.552939555000023],[108.929736668,0.554433549000066],[108.930244449,0.559845734000021],[108.927717709,0.557448218000047],[108.92587156,0.558682445000045],[108.928068827,0.560928209000053],[108.926222589,0.567214014000058],[108.929145465,0.577989111000022],[108.930402796,0.599176671000066],[108.928461228,0.625901680000027],[108.923278629,0.645185189000074],[108.915733604,0.66450601400004],[108.897037393,0.693383238000024],[108.885772594,0.70274463100003],[108.872843887,0.707868616000042],[108.873091804,0.722806938000076],[108.87896059,0.728008077000027],[108.884496598,0.745037334000074],[108.882430756,0.764996391000068],[108.876638786,0.777041072000031],[108.862200964,0.791386598000031],[108.85168109,0.785995986000046],[108.850333608,0.791459149000048],[108.846190927,0.794573353000033],[108.846905709,0.804287806000048],[108.843131563,0.807580754000071],[108.84145585,0.816645772000072],[108.865860403,0.838197275000027],[108.867994695,0.83632353400003],[108.873304096,0.840008762000025],[108.878122185,0.840199277000067],[108.882154641,0.836352647000069],[108.890555556,0.817666667000026],[108.918111111,0.795444444000054],[108.939888889,0.78452777800004],[108.9525675,0.774285],[108.967463333,0.771682500000054],[108.954611847,0.758195683000054],[108.974415556,0.76401],[108.983723333,0.762089722000042],[108.993357222,0.745615],[109.011176389,0.745544167000048],[109.0251875,0.748723611000059],[109.051136111,0.745154167000067],[109.051060489,0.752509893000024],[109.047986111,0.758439167000063],[109.069026541,0.75444602400006],[109.07154429,0.756037038000045],[109.076511191,0.782932072000051],[109.065028342,0.783394676000057],[109.051466769,0.788275800000065],[109.053476057,0.794021641000029],[109.04951817,0.80185799800006],[109.053291488,0.806844496000053],[109.054938217,0.815518779000058],[109.050725765,0.825882576000026],[109.050651808,0.836507423000057],[109.056001253,0.837643267000033],[109.056437867,0.840485319000038],[109.061218638,0.842322280000076],[109.076720393,0.840190266000036],[109.094025309,0.843361237000067],[109.095850435,0.850473713000042],[109.112714086,0.859919264000041],[109.11270152,0.870968259000051],[109.134708531,0.879258459000027],[109.137491362,0.882165755000074],[109.145310235,0.88148525500003],[109.147991738,0.887639],[109.153163649,0.887772085000051],[109.1538085,0.891629174000059],[109.162269379,0.894276386000058],[109.174621447,0.907599239000035],[109.172914153,0.908392301000049],[109.173513001,0.91270916700006],[109.168079104,0.914831719000063],[109.162486074,0.921682954000062],[109.161946267,0.931661526000028],[109.157673711,0.932377152000072],[109.162385209,0.937214978000043],[109.16156278,0.939076518000036],[109.1568465,0.937899827000024],[109.158252899,0.942138131000036],[109.164021554,0.939870107000047],[109.162497316,0.945080075000021],[109.165578911,0.945757256000036],[109.162403983,0.947035448000065],[109.162345294,0.949471705000065],[109.169164924,0.955013438000037],[109.168218952,0.956865434000065],[109.171345869,0.961202397000022],[109.176192751,0.962565282000071],[109.179135906,0.959205246000067],[109.193791887,0.959152316000029],[109.217613503,0.976251709000053],[109.216122056,0.979807060000041],[109.222977,1.00020300000006],[109.232495366,1.00256808900002],[109.241654623,1.01847200300006],[109.313388152,1.02692765000006],[109.32375625,1.02089380600006],[109.331373139,1.02361141700004],[109.371257167,0.999241746000052],[109.378038631,0.998063913000067],[109.387068685,1.00477399300007],[109.390786276,1.01277857300005],[109.389157865,1.01654502200006],[109.393265502,1.01764945300005],[109.394431351,1.01601138500007],[109.396141606,1.01952114300002],[109.400121894,1.01864675400003],[109.406108738,1.02150028600005],[109.405999121,1.02698199400004],[109.411033333,1.03474888900007],[109.416799972,1.04160041700004],[109.422352305,1.04171638500003],[109.424730261,1.04491696100007],[109.441822111,1.04313599300002],[109.443180285,1.04119441500006],[109.440865665,1.03482711700002],[109.445006065,1.02947600500005],[109.454308393,1.02888647800006],[109.478629074,1.01427854300005],[109.491521189,1.01987036300005],[109.497000609,1.01827793500007],[109.501549427,1.02158306200005],[109.503624553,1.02992901000005],[109.509549788,1.03612048300005],[109.512157112,1.04691773300004],[109.523168163,1.06718303900004],[109.521592677,1.08581401400005],[109.528709295,1.09964992400006],[109.529446187,1.10633385000006],[109.533399266,1.11067730700006],[109.5326362,1.11403978500005],[109.53687542,1.12008008700008],[109.542035846,1.12101265400003],[109.546030078,1.13176969500006],[109.553359742,1.13105579200004],[109.553873484,1.14027871700006],[109.55674724,1.14202744600004],[109.555097167,1.15171475000005],[109.561621385,1.15889604800003],[109.561474205,1.18868905500005],[109.579238693,1.19197473600002],[109.582949147,1.19836933500005],[109.590147907,1.19919627700006],[109.591135194,1.21526372200003],[109.597591109,1.21553444900007],[109.597978639,1.22109258900002],[109.60309154,1.22135864400002],[109.603090427,1.22419246500004],[109.606157064,1.22408495200006],[109.606301136,1.23281965900003],[109.61792176,1.23255653600006],[109.617917147,1.24147068800005],[109.620649252,1.24144425800006],[109.618277813,1.29071416500005],[109.623370113,1.29292243000003],[109.621497587,1.30116989600003],[109.625396466,1.31971461500007],[109.620880161,1.32224756200003],[109.611518417,1.32145167900006],[109.606795282,1.32843593100006],[109.612492065,1.34192775700006],[109.611046773,1.35419931600006],[109.615808493,1.36273494300002],[109.601022292,1.37277800300006],[109.594393287,1.36933065000005],[109.582100971,1.37307836700006],[109.576374556,1.37630402500002],[109.576926059,1.38049284000004],[109.586616479,1.38533063700004],[109.595235685,1.38535684200002],[109.604835604,1.39060747500002],[109.607953673,1.38880136900002],[109.602107659,1.39948043800007],[109.602385947,1.40447611200005],[109.60698032,1.40848363900005],[109.603909376,1.41639038100004],[109.608622717,1.42325479100003],[109.610577321,1.43145522300006],[109.622898075,1.43244702000004],[109.630875504,1.43938851200005],[109.639648222,1.44229068500005],[109.652890558,1.43464052000007],[109.658217547,1.43658342600003],[109.678419595,1.44758194300005],[109.678897082,1.45495032600007],[109.684412755,1.46104548700004],[109.695709994,1.46287746100006],[109.700605454,1.46612840500006],[109.704083573,1.47502940600003],[109.713029702,1.47297520500007],[109.718988865,1.47580218000007],[109.73034877,1.49478996100004],[109.737705803,1.49815176200002],[109.743311645,1.51247428700003],[109.753045443,1.52508227400006],[109.752005878,1.53667181200007],[109.755765218,1.53835795700007],[109.757561933,1.53557708100004],[109.766891545,1.53281721400003],[109.770011622,1.52213492300007],[109.777712239,1.51525396800002],[109.780619588,1.50881912600005],[109.79244917,1.50881707900004],[109.798598341,1.50468093500007],[109.79924318,1.49498774000006],[109.802663836,1.49328005800004],[109.804281345,1.48597445700005],[109.797399705,1.48251948400002],[109.801262709,1.46952788100003],[109.803997296,1.46899011900007],[109.803438225,1.46507123900005],[109.811305545,1.46524699500003],[109.814589897,1.47167234300002],[109.824268367,1.47172086300003],[109.832326881,1.48401771100004],[109.833608367,1.48215644500004],[109.839310137,1.48276191000002],[109.834078126,1.46000525500006],[109.830454399,1.45648942700007],[109.835976894,1.44105132400006],[109.833316016,1.42742760200002],[109.837284625,1.42191935400007],[109.843492434,1.42169431900004],[109.846684555,1.42586204900005],[109.858178292,1.41867469300007],[109.889960852,1.41801336800006],[109.893298193,1.41728089400004],[109.893920591,1.41461941300003],[109.913830035,1.42317447000005],[109.929092528,1.42553084200006],[109.947623323,1.40762141600004],[109.955518967,1.40711944500003],[109.959518142,1.40328385400005],[109.96325961,1.40411293000005],[109.964079969,1.39291428300004],[109.971490352,1.38667272600003],[109.967549737,1.38513148000004],[109.966888915,1.37635572100004],[109.962030629,1.37297711900004],[109.970051953,1.35571773300006],[109.968523385,1.34165422300003],[109.97941913,1.29845361600007],[109.993620046,1.29364331000005],[110.000336433,1.29671276900007],[110.008234856,1.29525782900004],[110.014949819,1.29156503400003],[110.018429584,1.28407831500004],[110.02444631,1.28364052900002],[110.039293773,1.27559848300007],[110.040960464,1.27099101800007],[110.044093134,1.27337554400003],[110.049064113,1.26926354700004],[110.045839798,1.26674405600005],[110.050928267,1.26446357500004],[110.058871586,1.27009359300007],[110.062657494,1.26445740900004],[110.065606831,1.26426600200006],[110.06284744,1.26169342200006],[110.067207073,1.25536294000005],[110.065226197,1.25103246500004],[110.069763006,1.24063979000005],[110.06768215,1.23591408500005],[110.070078417,1.22839926000006],[110.058201562,1.22117960500003],[110.065095826,1.20898425300004],[110.086575891,1.21788702400005],[110.097228575,1.19903726200005],[110.127733405,1.19481963000004],[110.122887693,1.18186688300005],[110.105674846,1.16951166300004],[110.101923222,1.15731354900004],[110.104054517,1.14059130600003],[110.118122408,1.12904995600007],[110.116169625,1.12525922000003],[110.12406684,1.11884105400003],[110.121298703,1.11567225100003],[110.124955442,1.11207945200005],[110.122287979,1.11120990900002],[110.123265668,1.10406815000005],[110.129772662,1.10041728400006],[110.126912294,1.09597281400005],[110.129420674,1.08959039400003],[110.127796405,1.08629773800004],[110.131015032,1.08176484000006],[110.116599675,1.07331818700004],[110.112915639,1.06250563700007],[110.118382273,1.05264360800004],[110.135334779,1.03663853900002],[110.143738403,1.02525815500007],[110.139762596,1.02165884400006],[110.12840369,1.01821581200005],[110.12402969,1.00954340900006],[110.119175614,1.01252787300007],[110.112701086,1.00762200500003],[110.106987054,1.01602530700006],[110.093853568,1.02041283600005],[110.088765091,1.01836055100006],[110.087028818,1.02867171000003],[110.081984361,1.03485830900007],[110.070658126,1.03978379300003],[110.067136524,1.03676187800005],[110.060925397,1.03812197400003],[110.056856519,1.03480262600004],[110.049159696,1.03783263500003],[110.047398161,1.03573061600002],[110.007486333,1.02992557600004],[110.004339171,1.02700113100002],[109.995333909,1.02542969500007],[109.97247978,1.03121178500004],[109.968663125,1.02817559300007],[109.956157868,1.03077396400005],[109.951966447,1.02785793500004],[109.948140274,1.02866457200003],[109.947447851,1.03176976900005],[109.942222554,1.03144140300003],[109.940323744,1.02773658200005],[109.935373137,1.02640312900007],[109.933025938,1.00218355000004],[109.927457999,0.997415111000066],[109.930427566,0.993265331000032],[109.924431324,0.98929639000005],[109.927477034,0.987354749000076],[109.934578939,0.973416293000071],[109.929748971,0.961285605000057],[109.931832012,0.949125453000022],[109.92355782,0.942277465000075],[109.921864952,0.937751111000068],[109.912048819,0.933547303000068],[109.911234806,0.927904548000072],[109.905638754,0.929042380000055],[109.902823902,0.92607539100004],[109.898960301,0.918146524000065],[109.901611845,0.912089364000053],[109.899899307,0.905841391000024],[109.889344346,0.898891236000054],[109.885085646,0.900763159000064],[109.877447611,0.894511152000064],[109.871062985,0.894150860000025],[109.870316119,0.88765638600006],[109.86715158,0.88383140000002],[109.867174894,0.86700036000002],[109.85821487,0.865445761000046],[109.855134033,0.857394815000021],[109.849256247,0.859332808000033],[109.843475752,0.856906283000058],[109.830853052,0.859715063000067],[109.82468769,0.856997560000025],[109.821121588,0.860681966000072],[109.793278478,0.855144951000057],[109.791525,0.850661111000022],[109.78029148,0.845807681000053],[109.772236739,0.850276648000033],[109.768588558,0.843554422000068],[109.770772308,0.83778271500006],[109.769041763,0.832019141000046],[109.766721158,0.834052085000053],[109.76207841,0.832645379000041],[109.760065436,0.837028435000036],[109.744533864,0.843060636000075],[109.738238297,0.837539604000028],[109.726692682,0.838324775000046],[109.718615899,0.841694686000039],[109.715617778,0.837839960000053],[109.707109563,0.838371081000048],[109.698592734,0.845906332000027],[109.692560801,0.847583852000071],[109.684063077,0.841002659000026],[109.684894752,0.835468866000042],[109.682818673,0.831205665000027],[109.685971458,0.826315873000055],[109.684210657,0.815584504000071],[109.679362505,0.810805753000068],[109.675299576,0.810777993000045],[109.671660921,0.805448274000071],[109.674672473,0.799662083000044],[109.673364941,0.794152616000019],[109.667120688,0.788279846000023],[109.664586193,0.777494434000062],[109.670649149,0.772279807000075],[109.661564914,0.768396073000019],[109.663455161,0.761641824000037],[109.66062315,0.753116442000021],[109.650533518,0.749717708000048],[109.645448675,0.750670500000069],[109.641452873,0.746552048000069],[109.626384587,0.744288080000047],[109.622083383,0.734494916000074],[109.614206914,0.739627350000035],[109.610188858,0.734093483000038],[109.598737701,0.735015524000062],[109.589544071,0.726638270000024],[109.580906377,0.72579197400006],[109.576600742,0.720113042000037],[109.571062122,0.720806608000032],[109.565411031,0.711685718000069],[109.555055633,0.710817812000073],[109.548457525,0.715504760000044],[109.547002453,0.707520155000054],[109.540907819,0.704666411000062],[109.527380583,0.705380249000029],[109.525952907,0.702774739000063],[109.520599119,0.704844870000045],[109.523334,0.716429],[109.5142028,0.718477778000022],[109.51434188,0.72239981000007],[109.495364935,0.728365842000073],[109.493330496,0.732256261000032],[109.488904699,0.733362710000051],[109.482249465,0.763875530000064],[109.476862565,0.770837693000033],[109.471779837,0.762638211000024],[109.459216283,0.756475407000039],[109.444487419,0.757236834000025],[109.442084163,0.762519238000039],[109.428164317,0.761829194000029],[109.421906334,0.748551801000076],[109.421335263,0.741484802000059],[109.411960187,0.735916864000046],[109.409338021,0.738800770000068],[109.403698698,0.737896575000036],[109.390849731,0.753784403000054],[109.381641095,0.754790748000062],[109.377524627,0.761096320000036],[109.369363076,0.756289809000066],[109.367459507,0.762405023000042],[109.36272438,0.76725912400002],[109.363509602,0.773231571000053],[109.349181893,0.77631085500002],[109.345520877,0.770162066000069],[109.333742545,0.767877784000063],[109.324396625,0.757516136000049],[109.327435261,0.744107166000049],[109.321917863,0.736464509000029],[109.32163829,0.732161819000055],[109.315371217,0.726623970000048],[109.287457129,0.73027886400007],[109.282584939,0.722756670000024],[109.273705469,0.720312075000038],[109.269803153,0.723667115000069],[109.270891462,0.737130389000072],[109.277986022,0.741257692000033],[109.276031098,0.744839842000033],[109.268250914,0.746944082000027],[109.265564005,0.752065233000053],[109.262285491,0.752967389000048],[109.2577684,0.749052389000042],[109.260072442,0.746768015000043],[109.260071011,0.740477929000065],[109.258333,0.733284],[109.2534633,0.730751639000061],[109.254624788,0.728426678000062],[109.2449736,0.726838020000059],[109.236056153,0.719427199000052],[109.225170119,0.719534274000068],[109.216545919,0.711930528000039],[109.2160296,0.707254972000044],[109.219811123,0.702385616000072],[109.211557285,0.702737242000069],[109.205905282,0.70796140300007],[109.200242626,0.702631675000021],[109.181039,0.70511],[109.172604388,0.700982457000066],[109.163052314,0.688837506000027],[109.161836065,0.683780151000065],[109.157488887,0.681244260000028],[109.151611111,0.681805555000039],[109.146680477,0.667825878000031],[109.147819004,0.65792473800002],[109.142957771,0.651603504000036],[109.143506424,0.646299842000076],[109.136347824,0.64033166400003],[109.120046841,0.637693941000066],[109.114831069,0.631975485000055],[109.116011566,0.624990690000061],[109.103303958,0.615493094000044],[109.098585961,0.607209391000026],[109.086761975,0.599194277000038],[109.083067332,0.590868180000029],[109.073988946,0.58722283700007],[109.070334612,0.588528061000034],[109.062416481,0.586459613000045],[109.057399276,0.580025955000053],[109.046404725,0.574917908000032],[109.039423042,0.57763581100005],[109.037442208,0.575026531000049],[109.031468383,0.576685651000048]]],[[[108.751518522,0.603017539000064],[108.752763635,0.606755941000074],[108.756600302,0.605156413000032],[108.753287826,0.602602521000051],[108.751518522,0.603017539000064]]],[[[108.874584005,0.706458242000053],[108.873777659,0.70573809800004],[108.873322603,0.705541621000066],[108.874584005,0.706458242000053]]],[[[108.859589612,0.71443853300002],[108.865149844,0.708629280000025],[108.864991922,0.70309179700007],[108.858453053,0.707809662000045],[108.859589612,0.71443853300002]]],[[[108.726484491,0.715079950000074],[108.729604404,0.713087537000035],[108.725418385,0.71339374300004],[108.726484491,0.715079950000074]]],[[[108.860573204,0.717678956000043],[108.858982754,0.717984088000037],[108.860277319,0.718840895000028],[108.860573204,0.717678956000043]]],[[[108.765297882,0.753368546000047],[108.769281796,0.741452871000035],[108.768424322,0.72894677000005],[108.761821031,0.734663951000073],[108.759954058,0.75469950400003],[108.757625063,0.758547513000053],[108.762284888,0.764314370000022],[108.766992243,0.758874843000058],[108.765297882,0.753368546000047]]],[[[108.793640345,0.746508217000041],[108.790656361,0.747026972000072],[108.786308486,0.743551227000069],[108.784774947,0.748748745000057],[108.788122405,0.753246584000067],[108.790841712,0.752915707000056],[108.793750364,0.751141147000055],[108.793640345,0.746508217000041]]],[[[108.798155476,0.757409660000064],[108.796619203,0.756289462000041],[108.796436857,0.756839189000061],[108.798155476,0.757409660000064]]],[[[108.705375119,0.802694331000055],[108.708983896,0.800462517000028],[108.710466297,0.795949593000046],[108.705560659,0.779197441000065],[108.7151857,0.764364746000069],[108.714514727,0.758068277000064],[108.720119347,0.756590423000034],[108.726929291,0.746834157000023],[108.728554126,0.736740398000052],[108.726265709,0.731825496000056],[108.719726226,0.732525508000037],[108.711809843,0.738196175000041],[108.708375231,0.746307564000062],[108.70485209,0.748221479000051],[108.709047482,0.759930034000035],[108.703240345,0.762744782000027],[108.699769701,0.773367310000026],[108.695166027,0.773829981000063],[108.697515446,0.782840277000048],[108.692776427,0.796353466000028],[108.695329919,0.800411737000047],[108.705375119,0.802694331000055]]],[[[108.766205093,0.767401003000032],[108.765830329,0.768215325000028],[108.766413602,0.76810166000007],[108.766205093,0.767401003000032]]],[[[108.840307361,0.802058389000024],[108.84055258,0.802219148000063],[108.840497994,0.801857115000075],[108.840307361,0.802058389000024]]],[[[108.793074034,0.83743456600007],[108.785411978,0.822548819000076],[108.781760627,0.820945257000062],[108.775358323,0.82256045500003],[108.776589924,0.838078203000066],[108.788457131,0.840196498000068],[108.793074034,0.83743456600007]]]]}},{"type":"Feature","properties":{"kode_kk":"61.02","kode_prov":"61","kab_kota":"MEMPAWAH","provinsi":"Kalimantan Barat","fid":"61.02","nama":"Kabupaten Mempawah","label":"Kabupaten Mempawah, Provinsi Kalimantan Barat, 61.02"},"geometry":{"type":"MultiPolygon","coordinates":[[[[108.600050973,0.119998839000061],[108.598444261,0.125343384000075],[108.60066601,0.13234129600005],[108.604205172,0.138333060000036],[108.608706232,0.140741363000075],[108.611170432,0.125997070000039],[108.605635101,0.120974558000057],[108.600050973,0.119998839000061]]],[[[108.99812696,0.305043237000064],[108.964813236,0.315302829000075],[108.956358729,0.312483028000031],[108.937775131,0.320330915000056],[108.932837304,0.319539678000069],[108.918386523,0.328025029000059],[108.913315928,0.339695044000052],[108.91431038,0.348763706000057],[108.918586114,0.347812827000041],[108.928085179,0.354296183000031],[108.939909009,0.371373178000056],[108.94417199,0.382955295000045],[108.946114187,0.404523521000044],[108.945451152,0.430133181000031],[108.938995055,0.449172580000038],[108.931331722,0.460564694000027],[108.912041929,0.473196453000071],[108.908525156,0.48418898500006],[108.909285577,0.50077463100007],[108.907353549,0.505284197000037],[108.926767821,0.562254346000032],[108.926122229,0.55811139900004],[108.929978918,0.56020367900004],[108.929736668,0.554433549000066],[108.932544403,0.553380817000061],[108.928887072,0.552472404000071],[108.933490475,0.549742314000071],[108.931533494,0.547117828000069],[108.947904683,0.539355560000047],[108.950138283,0.540730409000048],[108.949416153,0.53535107600004],[108.954510943,0.528926126000044],[108.95703439,0.529030953000074],[108.958598587,0.532373284000073],[108.962389219,0.529757807000067],[108.965354258,0.530171602000053],[108.966358337,0.533342205000054],[108.970346189,0.532613437000066],[108.979227935,0.543201938000038],[108.982469365,0.541564608000044],[108.981910631,0.548497261000023],[108.99052987,0.554826173000038],[108.993311267,0.545083521000038],[108.998540639,0.542674912000052],[108.998660022,0.545484360000046],[109.002828729,0.547236241000064],[109.001103081,0.551193622000028],[109.002721132,0.554337627000052],[109.008819047,0.558354121000036],[109.00739815,0.561597009000025],[109.011449096,0.561775536000027],[109.011060551,0.564798892000056],[109.023790653,0.570418994000022],[109.027330694,0.568457777000049],[109.027398344,0.570937443000048],[109.030498592,0.570061982000027],[109.031896361,0.576940358000058],[109.037442208,0.575026531000049],[109.039423042,0.57763581100005],[109.046404725,0.574917908000032],[109.057399276,0.580025955000053],[109.062416481,0.586459613000045],[109.070334612,0.588528061000034],[109.073988946,0.58722283700007],[109.083067332,0.590868180000029],[109.086761975,0.599194277000038],[109.098585961,0.607209391000026],[109.103303958,0.615493094000044],[109.116011566,0.624990690000061],[109.114831069,0.631975485000055],[109.120046841,0.637693941000066],[109.132350894,0.63897238900006],[109.141017298,0.643468841000072],[109.143598154,0.646445837000044],[109.143003354,0.651775393000037],[109.147819004,0.65792473800002],[109.146680477,0.667825878000031],[109.151611111,0.681805555000039],[109.1529716,0.679448710000031],[109.160182621,0.678790376000052],[109.165655245,0.673746321000067],[109.166760322,0.666987572000039],[109.174008812,0.66407915000002],[109.187613351,0.665053737000051],[109.195594989,0.670850372000075],[109.203744288,0.666608907000068],[109.250499428,0.667744888000072],[109.257359992,0.659954642000059],[109.257180461,0.650307876000056],[109.26473567,0.645960051000031],[109.271624297,0.64727270000003],[109.27275569,0.644259444000056],[109.275768019,0.643701129000021],[109.277303725,0.636365567000041],[109.284366369,0.627380305000031],[109.281748138,0.623981832000027],[109.274309933,0.624350153000023],[109.276887856,0.620927173000041],[109.27286783,0.614366724000035],[109.263717928,0.613362013000028],[109.25992873,0.610655258000065],[109.256103365,0.600332952000031],[109.256704543,0.586793002000036],[109.252774459,0.576731040000027],[109.234581172,0.555453812000053],[109.234976818,0.543777390000059],[109.238948558,0.540817175000029],[109.2348341,0.539008544000069],[109.237017079,0.533911438000075],[109.233064739,0.531207592000044],[109.231391872,0.524972448000028],[109.234860952,0.525048993000041],[109.230856792,0.52126387200002],[109.23180854,0.518219463000037],[109.228113437,0.51872639000004],[109.225139197,0.515298351000069],[109.221656016,0.516447826000046],[109.22357312,0.508029565000072],[109.213852142,0.506839459000048],[109.205246753,0.498664659000042],[109.208328721,0.46540529400005],[109.211606418,0.460885792000056],[109.213835854,0.462779540000042],[109.215042291,0.460739774000047],[109.22046054,0.461701684000047],[109.223582221,0.46564784100002],[109.227021994,0.465358650000042],[109.223336577,0.470043607000036],[109.229790492,0.469870523000054],[109.23100913,0.472527219000028],[109.232647658,0.47094901600002],[109.233070638,0.472870821000072],[109.238135427,0.47381671200003],[109.242273922,0.469681352000066],[109.241030018,0.463432296000065],[109.247470532,0.459737475000054],[109.247701406,0.453231884000047],[109.253333215,0.451817675000029],[109.263421588,0.457386968000037],[109.271051212,0.455615629000022],[109.274814876,0.443932766000046],[109.273750038,0.438907279000034],[109.276781138,0.439573941000049],[109.279703563,0.433724467000047],[109.287331466,0.43098548100005],[109.295710361,0.419278603000066],[109.301133699,0.415601064000043],[109.302790209,0.410269865000032],[109.301399621,0.401672622000035],[109.305069987,0.396433547000072],[109.302309819,0.392179632000023],[109.304914119,0.389334058000031],[109.303042423,0.387258365000037],[109.311047484,0.376991092000026],[109.321852141,0.377845795000042],[109.32196349,0.374095061000048],[109.310625,0.360113889000047],[109.291092625,0.343916613000033],[109.272375082,0.336485345000028],[109.270977931,0.33318274100003],[109.262206081,0.334880985000041],[109.258661519,0.330850885000075],[109.248682482,0.32743395600005],[109.241200698,0.329139694000048],[109.241135719,0.326202116000047],[109.225166265,0.329512126000054],[109.225980556,0.327566667000042],[109.22355,0.325894444000028],[109.207072329,0.322685953000075],[109.20899097,0.31630868700006],[109.205581774,0.308992873000022],[109.177101428,0.283619086000044],[109.171943279,0.273132775000022],[109.171757722,0.267892428000039],[109.179033138,0.254633704000071],[109.179432532,0.246380018000025],[109.243670639,0.245926832000066],[109.249303024,0.24169474200005],[109.245535961,0.230297311000072],[109.249507207,0.228792460000022],[109.256551886,0.22943675700003],[109.262270993,0.23916160300007],[109.273934558,0.235865999000055],[109.275703694,0.23843537700003],[109.282776318,0.236596309000049],[109.284074275,0.241479885000047],[109.292008661,0.249619825000025],[109.295161585,0.239025219000041],[109.300856124,0.241407892000041],[109.310095707,0.239561785000035],[109.320289351,0.246416129000067],[109.328530615,0.240957884000068],[109.327458576,0.23841113900005],[109.329639688,0.235135552000031],[109.335420233,0.233677630000045],[109.339022895,0.227336326000056],[109.353270874,0.215489652000031],[109.367830556,0.196669444000065],[109.370058143,0.17849577100003],[109.370058143,0.098902801000065],[109.379910362,0.078602900000021],[109.380541607,0.048404189000053],[109.364250442,0.042708168000047],[109.365211992,0.033000119000064],[109.370002473,0.030121447000056],[109.367031031,0.027506670000037],[109.370269619,0.021828299000049],[109.308741515,0.038116787000035],[109.298328832,0.030950684000061],[109.290489222,0.008489442000041],[109.287237182,0.005904581000038],[109.260333401,0.017004470000074],[109.252587133,0.014343870000062],[109.244162245,0.017117753000036],[109.219133612,0.01839725800005],[109.178121838,0.034007106000047],[109.17777536,0.046429646000036],[109.18250335,0.049058950000074],[109.18801069,0.04834278800007],[109.194377187,0.061030396000035],[109.175420016,0.074745182000072],[109.167844916,0.086322807000045],[109.16111071,0.103780884000059],[109.142807329,0.119237519000023],[109.138790584,0.125643727000067],[109.13255657,0.142796223000062],[109.13184943,0.158396500000038],[109.13450746,0.16344186300006],[109.131628139,0.168430132000026],[109.128527022,0.189285865000045],[109.109467387,0.226008611000054],[109.086597682,0.250954384000067],[109.048000288,0.278883412000027],[109.018314816,0.296234257000037],[108.99812696,0.305043237000064]]],[[[108.741856684,0.363580282000044],[108.740992177,0.368516611000075],[108.743090701,0.376210473000071],[108.745531932,0.368454976000066],[108.741856684,0.363580282000044]]],[[[108.935285753,0.40248067400006],[108.938299446,0.40341023000002],[108.938509263,0.401237852000065],[108.935285753,0.40248067400006]]],[[[108.860626401,0.513200966000056],[108.857652196,0.504849328000034],[108.862277868,0.497444445000042],[108.863919696,0.484547766000048],[108.857969598,0.476298464000024],[108.854336692,0.487855741000033],[108.848278309,0.491181704000041],[108.847378352,0.494322476000036],[108.840074192,0.495288687000027],[108.837836716,0.500413743000024],[108.84090198,0.502443693000032],[108.839369607,0.505860599000073],[108.846945811,0.505203867000034],[108.850962341,0.507640435000042],[108.850235697,0.514781241000037],[108.856409996,0.511632902000031],[108.856153014,0.516696395000054],[108.858256458,0.517829018000043],[108.860626401,0.513200966000056]]]]}},{"type":"Feature","properties":{"kode_kk":"61.06","kode_prov":"61","kab_kota":"KAPUAS HULU","provinsi":"Kalimantan Barat","fid":"61.06","nama":"Kabupaten Kapuas Hulu","label":"Kabupaten Kapuas Hulu, Provinsi Kalimantan Barat, 61.06"},"geometry":{"type":"Polygon","coordinates":[[[111.955240422,0.167246594000062],[111.944653197,0.167931954000039],[111.926569048,0.18308392900002],[111.915021972,0.177665081000043],[111.896376528,0.175624486000061],[111.867047235,0.183098170000051],[111.858887325,0.189664066000034],[111.853507547,0.206592865000061],[111.840934475,0.22805560300003],[111.820125565,0.234511429000065],[111.817306733,0.23461812000005],[111.813898045,0.23054042800004],[111.806915408,0.23531104500006],[111.801910908,0.233888279000041],[111.798830071,0.236422105000031],[111.794829888,0.235067234000041],[111.792881418,0.230949345000056],[111.782255251,0.235327836000067],[111.777641952,0.231706275000022],[111.771258744,0.232365332000029],[111.770717837,0.236451080000052],[111.766678635,0.238274127000068],[111.755165664,0.238911754000071],[111.743992616,0.244219797000028],[111.729329187,0.246926434000045],[111.69197165,0.262303701000064],[111.679717425,0.269977463000032],[111.673233394,0.278632752000021],[111.667435155,0.291442571000061],[111.666475182,0.301339142000074],[111.67714179,0.302657625000052],[111.685642885,0.300116827000068],[111.681267942,0.321078230000069],[111.676227287,0.332812287000024],[111.668680788,0.338440091000052],[111.667887145,0.342075016000024],[111.663619769,0.342217369000025],[111.655370857,0.334265403000074],[111.650826476,0.333114838000029],[111.644777258,0.359255829000062],[111.647992046,0.360332414000027],[111.649559378,0.358120477000057],[111.649970117,0.359780757000067],[111.661360298,0.361229893000029],[111.686020793,0.377457195000034],[111.698172291,0.409634698000048],[111.701362991,0.436429385000054],[111.706430803,0.446066883000071],[111.724467992,0.459345995000035],[111.720764997,0.508999992000042],[111.717845999,0.519580996000059],[111.72258,0.533416],[111.720621606,0.570576695000057],[111.714862998,0.588566998000033],[111.687363947,0.627572107000049],[111.689356996,0.638141996000058],[111.712307104,0.664166210000076],[111.716722097,0.672277798000039],[111.715978457,0.696558168000024],[111.717867272,0.706988682000031],[111.732080492,0.734807792000026],[111.743394748,0.737987387000032],[111.747474393,0.747217807000027],[111.745375194,0.757835316000069],[111.726910992,0.783151992000057],[111.700127987,0.802841196000031],[111.67650877,0.815418917000045],[111.672210496,0.831970214000023],[111.664664079,0.845983897000053],[111.656294155,0.85405329300005],[111.643623256,0.860695796000073],[111.636686096,0.871622596000066],[111.633876826,0.889086357000053],[111.625962972,0.91257328100005],[111.625928871,0.923203315000023],[111.617145493,0.931045897000047],[111.607785086,0.934334119000027],[111.573351638,0.920624818000022],[111.560993856,0.921187710000027],[111.551629397,0.924898425000038],[111.536783725,0.936915095000074],[111.528984127,0.954374135000023],[111.539132533,0.955077040000049],[111.544065902,0.94939806800005],[111.55146151,0.947468911000044],[111.54636572,0.954466378000063],[111.550681838,0.95561099300005],[111.550551899,0.962829632000023],[111.553136298,0.964481162000027],[111.549086562,0.967385702000058],[111.55045227,0.974825719000023],[111.546490014,0.976555062000045],[111.54998264,0.980034784000054],[111.547290245,0.985900484000069],[111.548768403,0.988430289000064],[111.554023261,0.984506666000073],[111.557583648,0.986941183000056],[111.557262871,0.989195744000028],[111.560276363,0.988202461000071],[111.561840024,0.983939151000072],[111.567311544,0.984681283000043],[111.567197081,0.979550820000043],[111.570260004,0.977162640000074],[111.573489336,0.981720063000068],[111.574587791,0.979291068000066],[111.580954744,0.978979656000035],[111.583218945,0.986373835000052],[111.580667926,0.99248702400007],[111.588979646,0.996257785000068],[111.589090505,1.00233623700007],[111.596154913,1.00914291900006],[111.613787941,1.01354276400002],[111.622295231,1.02146298200006],[111.639940729,1.02211114100004],[111.639172274,1.03075802800004],[111.651614547,1.03293467600002],[111.657274665,1.03637354300002],[111.659523563,1.04199336300007],[111.667576944,1.04317675500005],[111.675989725,1.03431077000005],[111.686686124,1.02984193900005],[111.691492398,1.02495915500003],[111.692972676,1.01838394900005],[111.696103086,1.01751034600005],[111.700759753,1.02286162900003],[111.71310095,1.02525304000005],[111.710410412,1.01454414700004],[111.71742339,1.00677061500005],[111.733783767,1.00614943100004],[111.74870378,1.00849522600004],[111.759607681,1.01618900400007],[111.762601471,1.02134327500005],[111.771226181,1.01725467000006],[111.772480693,1.00630134200003],[111.777356152,0.999781001000031],[111.79187065,0.994303297000044],[111.799538294,1.00113159200004],[111.805033109,0.998576703000026],[111.813013709,0.998947635000036],[111.819299184,0.985053558000061],[111.828612209,0.986184121000065],[111.841900605,0.997863578000022],[111.859428937,1.00391693100005],[111.863180727,1.01226547300007],[111.869611844,1.01313119700006],[111.873355304,1.02176111200004],[111.872489894,1.02699463000005],[111.875822519,1.02708599200002],[111.877587407,1.03175413800005],[111.870971298,1.04512273400007],[111.873236604,1.04991240900006],[111.878845048,1.05034039600002],[111.877518852,1.05383542900006],[111.881884119,1.05494585300005],[111.882145233,1.05971885600007],[111.885981137,1.06125345100003],[111.880991255,1.06551401200005],[111.886920014,1.07867302200003],[111.892638962,1.07315727200006],[111.894321538,1.07573262900007],[111.902198008,1.07457098600003],[111.910786386,1.08058468300004],[111.911182738,1.08300005900003],[111.907916225,1.08558876200004],[111.913504134,1.08784802600007],[111.913074488,1.09097614000007],[111.91897216,1.09156637900003],[111.919904808,1.08987622200004],[111.923383994,1.09268288400006],[111.92895021,1.09095242500007],[111.928314228,1.09840633500005],[111.933694963,1.10525608500006],[111.935338145,1.12214973300007],[111.948824994,1.11976203600005],[111.95481652,1.12831839600005],[111.962832417,1.12573521300004],[111.977304174,1.12864380300005],[111.986953481,1.12758355900007],[111.991316552,1.13179433500005],[111.994585286,1.13014554800003],[111.997336376,1.13957373000005],[112.0178378,1.12963353600003],[112.027476874,1.13362422600005],[112.045164298,1.13138678800004],[112.055847668,1.13720323300004],[112.060710635,1.13463616900003],[112.079710123,1.13523711300007],[112.084994512,1.13245469900005],[112.089962411,1.13540565800002],[112.100300782,1.13264913600005],[112.109479045,1.13408007900006],[112.119585505,1.13239875000005],[112.129098449,1.13359055400002],[112.129815869,1.13604814700005],[112.135604851,1.13832043300005],[112.142936656,1.13502644800008],[112.144032423,1.14695169700002],[112.141813012,1.15209854200003],[112.147606486,1.16269244400007],[112.141676443,1.16723658200004],[112.13978728,1.17386666200002],[112.135294546,1.17802053600002],[112.148931171,1.18537550900004],[112.151931374,1.19160475900003],[112.158684415,1.19741955000006],[112.15775793,1.20719746800006],[112.164725379,1.20986973600003],[112.162225452,1.21379919900005],[112.16161586,1.22368568800005],[112.157828889,1.22830957200006],[112.160278852,1.23054492200004],[112.157619249,1.24220737400003],[112.161194077,1.24470800200004],[112.168267046,1.24470850400007],[112.168380948,1.24817577100004],[112.173865828,1.25293290800005],[112.169154568,1.26561867900006],[112.169734008,1.27661705900005],[112.170686135,1.28171028700007],[112.178251567,1.28571411600007],[112.178731325,1.30441604900005],[112.202378601,1.31417770900003],[112.206662819,1.32313091400005],[112.217993652,1.33666513900005],[112.213152383,1.34644470500007],[112.224093776,1.35141734500007],[112.225662777,1.35900009500006],[112.223605606,1.36671181600002],[112.228606107,1.37077625000006],[112.232307063,1.37918616600007],[112.232303831,1.39818503000004],[112.228927043,1.39808310600006],[112.228477932,1.39526140600003],[112.223806573,1.39224998200007],[112.211791546,1.40590878800003],[112.209719855,1.40294513400005],[112.204565521,1.40276184000004],[112.199988366,1.40736154000007],[112.199978103,1.41191505800003],[112.206483704,1.41990446200003],[112.204071056,1.43540724300004],[112.215105003,1.45114410500003],[112.223106474,1.45151127200006],[112.230677744,1.45813543900005],[112.235507133,1.45885288500006],[112.239962086,1.45614636700003],[112.245113666,1.45962943000006],[112.252058876,1.45791037300006],[112.259680408,1.46019462700002],[112.268358493,1.46861199800003],[112.278157768,1.46816084500006],[112.288551727,1.47401867200006],[112.293630836,1.48407120700006],[112.302977979,1.48679152300002],[112.306641438,1.49354575100006],[112.312217666,1.49474785100006],[112.319325943,1.50196281100006],[112.319265699,1.50759599300005],[112.329264683,1.50838920500007],[112.339602204,1.50535517500003],[112.345202898,1.50793527700006],[112.35202838,1.50373638500002],[112.354630292,1.50638426700004],[112.36406715,1.50830605800007],[112.37422255,1.51660345900007],[112.386295694,1.51366695000007],[112.393570919,1.52265627000003],[112.400820267,1.52359867500007],[112.403518487,1.51995525600006],[112.425970337,1.52997684600007],[112.433958146,1.52715803900003],[112.444341588,1.53784027200004],[112.442254944,1.54474030900008],[112.446345864,1.55317081900006],[112.455333625,1.55940059800002],[112.464620483,1.55976803600004],[112.475947159,1.57265180100006],[112.481538913,1.57141543400007],[112.485971153,1.57964977800003],[112.492398096,1.57864483000003],[112.501012853,1.58372028200006],[112.504026072,1.58386247100003],[112.507520837,1.57757200900005],[112.515276184,1.57596561800005],[112.525021622,1.58038055100008],[112.527442131,1.57787128700005],[112.544242041,1.57396197900005],[112.557734312,1.57548800200004],[112.560256473,1.57232240600007],[112.568669282,1.57443109400003],[112.577376735,1.57210811600004],[112.601379454,1.57369034600003],[112.632529535,1.56558521700003],[112.640500979,1.56576731800004],[112.648929049,1.57039601300005],[112.652081146,1.56911224100003],[112.657720709,1.57137983800004],[112.662937122,1.56863394100003],[112.668402866,1.55896680300003],[112.676895634,1.55456014800006],[112.682604365,1.55642892100002],[112.685430923,1.55434903400004],[112.694767193,1.55446253300005],[112.70558779,1.56084762500006],[112.724377055,1.56376182100007],[112.727163099,1.56795981600004],[112.734829044,1.56747285800003],[112.749544002,1.55764203900003],[112.766650133,1.56466332100007],[112.774562733,1.56375646300006],[112.780435557,1.55957228600005],[112.794635945,1.55620948700005],[112.799313343,1.54755952700003],[112.810385761,1.54341529300007],[112.812505445,1.54002073700002],[112.82308991,1.54032317100007],[112.829492245,1.54744445000006],[112.840833162,1.53816466200004],[112.846250239,1.53972200100003],[112.847276288,1.54902305000007],[112.851234108,1.55047484100004],[112.850355361,1.55494481000005],[112.854325152,1.55928059900003],[112.866252216,1.56135202200005],[112.866527493,1.56760128900004],[112.875160302,1.57412162100007],[112.88006417,1.58449862900005],[112.885138244,1.58674093200005],[112.890682501,1.58491488600004],[112.894613126,1.58839518600007],[112.904274619,1.58403404300003],[112.915493727,1.58300188700002],[112.920796345,1.57775224400007],[112.919933666,1.57549629900006],[112.923555945,1.57089493900003],[112.933358547,1.56736099800003],[112.942445973,1.56694097000008],[112.94253015,1.57018852400006],[112.94941647,1.56808392700003],[112.951838684,1.57403930400005],[112.956832481,1.57425009600007],[112.957826219,1.56981875500003],[112.963915136,1.56722196800007],[112.966540079,1.56837159200006],[112.974622042,1.56299800700003],[112.984497157,1.56420898300007],[112.989583742,1.57899797900006],[112.999257212,1.57820635100006],[113.000114038,1.57334675800007],[113.005279198,1.56911710300005],[113.011518405,1.57053783500004],[113.021579024,1.56747938700005],[113.02669419,1.56823150600007],[113.029949299,1.56536584000003],[113.034256775,1.56643176500006],[113.04128225,1.56156799700005],[113.046189679,1.56146912400004],[113.052975999,1.55690248900004],[113.058664713,1.55858067200006],[113.063875669,1.55258885000006],[113.061553708,1.54727226600005],[113.068223635,1.54050382500003],[113.070652708,1.52948434200005],[113.064726276,1.53082015400003],[113.061082298,1.52967858600005],[113.059388614,1.52595415800005],[113.055244425,1.52645273000007],[113.052078131,1.51936409100006],[113.044839319,1.51466612200005],[113.046664318,1.50276704900006],[113.049776669,1.49959391400006],[113.040381486,1.49818570800005],[113.03159287,1.49275640300004],[113.039129073,1.48246993900005],[113.040487707,1.47389350200007],[113.034872016,1.46997600800006],[113.028343145,1.47114289200005],[113.024223371,1.46634379900007],[113.01403745,1.46366458100005],[113.007163309,1.45818694600007],[112.98254034,1.45003846600002],[112.981293805,1.44055561700003],[112.975183183,1.43718586700004],[112.978133859,1.42391521000008],[112.975118883,1.41054919800007],[112.985630014,1.40785908800007],[113.006215681,1.40897417500003],[113.018497393,1.40544961600006],[113.037580794,1.41537126900005],[113.043654234,1.42406260200005],[113.057230506,1.42108383900006],[113.063506941,1.42309094000007],[113.074229212,1.43142113600004],[113.088170443,1.42878902900003],[113.089941358,1.43387256300002],[113.092701831,1.43499299900003],[113.091281195,1.43750809800002],[113.0962053,1.44242881400004],[113.105526596,1.44582931500003],[113.110664778,1.43599476100007],[113.120792879,1.43267964000006],[113.123666936,1.42869799200002],[113.12220903,1.42099467000003],[113.125749919,1.41482896300005],[113.133176998,1.41261491700004],[113.133356105,1.40165911400004],[113.141528339,1.39496593500007],[113.144148768,1.38761470300005],[113.152214149,1.39213216200005],[113.159788998,1.39188242100005],[113.170978349,1.38654218900007],[113.181023937,1.37803689400005],[113.188750975,1.37670831400004],[113.196802457,1.38138822100007],[113.200515574,1.37877117000005],[113.211899114,1.38241084700007],[113.219571992,1.38141362400006],[113.221941973,1.38320515400005],[113.222575521,1.38952881200004],[113.232343157,1.39435588200007],[113.241057597,1.39258743800002],[113.249952218,1.38212647200004],[113.2578262,1.38271834100004],[113.260742249,1.38795576200005],[113.267818556,1.38769159400005],[113.274807044,1.38027900300006],[113.280173286,1.37926071400005],[113.285625652,1.38129751100007],[113.306698145,1.37078234900002],[113.316269977,1.37504170700004],[113.327977623,1.37532745400006],[113.330012339,1.36863992300005],[113.335128028,1.36435932800003],[113.343475285,1.36298110100006],[113.351429506,1.35727982600002],[113.356922118,1.35780999800005],[113.365255696,1.34604302600007],[113.365764753,1.33765584700006],[113.369671722,1.33364193800003],[113.367831638,1.32691989600005],[113.369751089,1.32364205000005],[113.376720465,1.32290931500006],[113.381115431,1.31958813700004],[113.39844732,1.31800281300002],[113.410091297,1.30494786400004],[113.411346945,1.29871389800007],[113.420030763,1.29079353800006],[113.421304444,1.28537137200004],[113.440988009,1.28351785900003],[113.454300453,1.28629061900006],[113.456672407,1.29351065600002],[113.4659607,1.30395152300002],[113.478967073,1.30500472100005],[113.483299035,1.30882944100006],[113.487777068,1.30765175900007],[113.499828594,1.31808921500004],[113.514806345,1.31428661000007],[113.537647004,1.32263857000004],[113.550084558,1.31987515600002],[113.560000974,1.30911553300007],[113.56766497,1.31032284900004],[113.574648218,1.30632535800004],[113.582886605,1.30848322200006],[113.584543864,1.29356307800003],[113.592597793,1.28828314500004],[113.591205173,1.28405844900004],[113.595628464,1.27862577200005],[113.597244559,1.26279327500004],[113.61708636,1.25387067600002],[113.625766073,1.25240607100005],[113.628088761,1.24149430000006],[113.620663041,1.23461017000005],[113.619082935,1.22936524900007],[113.624005347,1.22841862700005],[113.626959664,1.22140583400005],[113.631454072,1.21926180900005],[113.650450258,1.22405754300007],[113.657320191,1.22275398700003],[113.662715573,1.21749238200005],[113.667243043,1.21921582400006],[113.664585922,1.22434022500005],[113.666701227,1.22999729400004],[113.670056921,1.23393226700006],[113.67758594,1.23396582300006],[113.689838561,1.24243933700006],[113.7034871,1.26635758200007],[113.714779048,1.26421962000006],[113.725642117,1.27152209500002],[113.735080328,1.27049739300003],[113.737310334,1.27506981400006],[113.748897186,1.27799652700003],[113.754979999,1.27648798900003],[113.760597625,1.28091792400005],[113.761658338,1.28473597400006],[113.775741808,1.28948028000002],[113.785545294,1.29659501100002],[113.803685164,1.30037515100003],[113.804410377,1.30768849100002],[113.815505906,1.31334774600003],[113.818353345,1.32202123200005],[113.823496302,1.32393192600006],[113.824756462,1.33079147500007],[113.830433803,1.33736788600004],[113.828497699,1.34245645400006],[113.829812336,1.35569141500002],[113.824047532,1.35677801800006],[113.814682112,1.36626704200006],[113.82125767,1.37065003500004],[113.821619016,1.37355728700004],[113.835743612,1.38042037200006],[113.844927413,1.38078555200002],[113.848940224,1.38349833900003],[113.849120222,1.38892709700002],[113.867487556,1.38738353900004],[113.876224761,1.38994606700004],[113.884061018,1.40038307300006],[113.903432412,1.40610311100005],[113.910104085,1.41449858600004],[113.912849281,1.41495296900007],[113.917109549,1.41093659900002],[113.922754937,1.41097244700006],[113.930190105,1.41642701400002],[113.936162953,1.41728973500005],[113.943891743,1.43348101900006],[113.954974788,1.44284500700007],[113.963705605,1.44409710700006],[113.967386222,1.44209554500003],[113.974680026,1.44975326600007],[113.996103894,1.44399808600002],[114.008953637,1.45083527700007],[114.015333094,1.44912071900006],[114.026342787,1.45353893600003],[114.031510445,1.45110606300005],[114.043927439,1.45195425500003],[114.051650892,1.45816704300006],[114.057893689,1.45753150900003],[114.077850288,1.46590799500007],[114.084741606,1.46294069900006],[114.095887952,1.46684203600006],[114.101722462,1.46243932000004],[114.104480395,1.45642523700008],[114.107821072,1.45582972000005],[114.114264121,1.45624492700006],[114.120290037,1.46336188900005],[114.133240292,1.46349652300006],[114.135605828,1.46612186800007],[114.140755443,1.46650600800007],[114.14801503,1.46281510300003],[114.151687023,1.45337387900003],[114.156175604,1.45149651700007],[114.159491488,1.44134879000006],[114.165128269,1.44195083600005],[114.17783798,1.43639716900003],[114.183082129,1.43057132500007],[114.191066504,1.42874377600003],[114.194691557,1.42280611200005],[114.202121413,1.42110868700007],[114.205522583,1.41022832300007],[114.197187357,1.39715388200005],[114.17810408,1.39472683200006],[114.155004273,1.37438006100007],[114.162006927,1.35951372400007],[114.162387641,1.35520690000004],[114.158818449,1.34783057000004],[114.164876285,1.33331273500005],[114.161674704,1.33044717100006],[114.162959613,1.32338017200004],[114.158714654,1.31609426200004],[114.163073827,1.30907009300006],[114.160142331,1.30571981200006],[114.160283862,1.30169914500004],[114.154336446,1.29890503600006],[114.148873204,1.29188086700003],[114.163541792,1.28421460100003],[114.166492323,1.27807559200005],[114.165564334,1.27350702700005],[114.170178559,1.27021621500006],[114.171093019,1.26535295300005],[114.164982766,1.25863998900007],[114.153269795,1.25432676000003],[114.149933791,1.25005324800003],[114.151937297,1.24774517100002],[114.148072187,1.23809061600002],[114.13600832,1.22264315500007],[114.138031473,1.21514813300007],[114.144366464,1.21386731800004],[114.144380817,1.20825867300005],[114.14988451,1.19910012800005],[114.144632643,1.18664999500004],[114.13917178,1.18788731500007],[114.133936966,1.18308080300005],[114.131497423,1.17067191400002],[114.125301307,1.16427592300005],[114.127171563,1.15345413400007],[114.121556035,1.14769861500002],[114.109030552,1.14415797700002],[114.100726234,1.14777475800003],[114.09456343,1.15551990300003],[114.087668242,1.15906957500005],[114.083053688,1.14793558200006],[114.068027392,1.13727163100003],[114.064458201,1.13728352800007],[114.061628478,1.13135421400005],[114.056048642,1.13168733900005],[114.052610321,1.12745189800006],[114.047982095,1.13292624500002],[114.042547501,1.13424827300003],[114.041858013,1.14104361700004],[114.038023036,1.14570474400006],[114.030170814,1.14431275900006],[114.024041323,1.13893041800003],[114.01758567,1.13704271200004],[114.017062189,1.13465373400004],[114.008472335,1.14337207900007],[114.004483268,1.14055241700004],[113.996402618,1.14255592400002],[113.988538499,1.13916995100004],[113.984933616,1.13634711700007],[113.984200742,1.13136928400007],[113.987004937,1.12693753800005],[113.98284088,1.12169082700007],[113.971424852,1.12106395700005],[113.969125667,1.11606161700007],[113.964015774,1.11305754700004],[113.960261019,1.10173439100004],[113.963294832,1.09476495000007],[113.962694731,1.08908993600005],[113.957041132,1.08340421400004],[113.954685466,1.07728543000007],[113.955845453,1.07338906200005],[113.948360858,1.06730716000004],[113.947522563,1.06034764700007],[113.939337218,1.05884858700006],[113.927915805,1.06051421000006],[113.92743473,1.05819117800007],[113.901427305,1.05983660300006],[113.895316849,1.05582959100002],[113.889557761,1.04752765100005],[113.888268093,1.03724838000005],[113.892886577,1.02010525600002],[113.897036357,1.01587933300004],[113.909580875,1.01313819400002],[113.911046623,1.00678027400005],[113.915462903,1.00234495900003],[113.912664657,0.995872825000049],[113.913512736,0.972494819000076],[113.903352438,0.959689353000044],[113.895475089,0.956246383000064],[113.898379364,0.951480212000035],[113.89588093,0.946602317000043],[113.88462608,0.93739380300002],[113.883200466,0.927392749000035],[113.872492891,0.917607215000032],[113.872998527,0.902767806000043],[113.878025138,0.901042697000037],[113.87850103,0.897176073000026],[113.870923942,0.888681068000039],[113.875864131,0.884020009000039],[113.877327623,0.878131533000044],[113.889558053,0.870802793000053],[113.895554294,0.87275395100005],[113.895816035,0.865425211000058],[113.899991989,0.859236233000047],[113.904598626,0.858208306000051],[113.90983344,0.851621958000067],[113.921756919,0.848301420000041],[113.926487991,0.841405264000059],[113.919587554,0.827247471000021],[113.913103523,0.822994185000027],[113.910396886,0.812732759000028],[113.888315488,0.795428129000072],[113.879484317,0.782023683000034],[113.87258388,0.783316524000043],[113.873883462,0.775914219000072],[113.880907631,0.770603262000066],[113.881250273,0.766834196000048],[113.885076447,0.763122236000072],[113.884659645,0.75893706200003],[113.899661468,0.754949514000032],[113.894086772,0.746617403000073],[113.893622777,0.738693797000053],[113.896620898,0.732661864000022],[113.894825892,0.726039229000037],[113.877188137,0.717354196000031],[113.877193773,0.710601254000039],[113.867970982,0.699046592000059],[113.861407952,0.69757846400006],[113.854626489,0.69993413100002],[113.850022231,0.698577838000062],[113.849379777,0.696079404000045],[113.84248018,0.697359357000039],[113.839343621,0.695432022000034],[113.839048568,0.680293891000019],[113.834335332,0.672584438000058],[113.837519781,0.662468680000075],[113.841838056,0.657743889000074],[113.836875328,0.648350246000064],[113.830757982,0.646807241000033],[113.826077731,0.648596968000049],[113.821446634,0.642667048000021],[113.83453367,0.633089717000075],[113.834176751,0.621698048000042],[113.841196161,0.616522720000034],[113.848602233,0.614619151000056],[113.85113041,0.608343323000042],[113.847590962,0.60840281000003],[113.838221835,0.601978265000071],[113.832600358,0.587552783000035],[113.828257841,0.584429740000076],[113.826086584,0.578510831000074],[113.82049818,0.575086361000047],[113.812027299,0.577584794000074],[113.808434313,0.58572255100006],[113.798069381,0.595213428000022],[113.789237484,0.590342773000032],[113.787571861,0.586963938000054],[113.775819704,0.582979135000073],[113.770546818,0.576935303000027],[113.76263511,0.574912762000054],[113.754842376,0.569529231000047],[113.755752519,0.565776821000043],[113.748004994,0.557087030000048],[113.751835927,0.553203749000033],[113.738709562,0.544611314000065],[113.737788711,0.538943439000036],[113.732630039,0.536240371000019],[113.729425072,0.538285379000058],[113.722705474,0.53442113400007],[113.720440227,0.536610239000026],[113.714836596,0.526310741000032],[113.702939489,0.518569205000063],[113.692938615,0.517605523000043],[113.68531932,0.499474600000042],[113.666790601,0.496948357000065],[113.662126857,0.492355997000061],[113.660479883,0.482685507000042],[113.658439167,0.482670555000027],[113.65771065,0.475696672000026],[113.653946325,0.469250292000027],[113.655709401,0.461250022000058],[113.647243377,0.456574986000021],[113.653297199,0.449690791000023],[113.655448232,0.440458482000054],[113.651736273,0.435280775000024],[113.640464667,0.430557545000056],[113.6325019,0.423967479000055],[113.62924607,0.41927606400003],[113.62877849,0.413133645000073],[113.617858379,0.412982370000066],[113.615457177,0.408978284000057],[113.581264244,0.398147651000045],[113.584190187,0.385250021000047],[113.58250077,0.379943823000076],[113.583725237,0.371843392000073],[113.587552747,0.368245798000032],[113.586324945,0.361193075000074],[113.574978139,0.359747006000021],[113.571705678,0.356830522000052],[113.566555201,0.358597404000022],[113.563202541,0.356985715000064],[113.553510996,0.348057978000043],[113.551709391,0.337461568000037],[113.553331095,0.333074404000058],[113.550756056,0.330099234000045],[113.542876075,0.324059369000054],[113.531220681,0.319414661000053],[113.525041179,0.312693677000027],[113.520293924,0.313471864000064],[113.51350406,0.304495192000047],[113.506195848,0.30494615200007],[113.500774245,0.299669459000029],[113.492748423,0.302413275000049],[113.490064393,0.297825623000051],[113.475024114,0.28832678200007],[113.470379705,0.280387795000024],[113.465907508,0.279836949000071],[113.450428638,0.26354430400005],[113.446348654,0.264491387000021],[113.442759135,0.262999714000046],[113.442749616,0.259999214000061],[113.434172737,0.259269670000037],[113.414755534,0.264695626000048],[113.407311787,0.258958429000074],[113.386590885,0.267713814000047],[113.383476009,0.266295541000034],[113.360948665,0.272469122000075],[113.359264007,0.276382383000055],[113.349961623,0.266167074000066],[113.341214619,0.268911200000048],[113.339187319,0.267083774000071],[113.31760771,0.267945288000021],[113.316065605,0.262769204000051],[113.305242032,0.254581479000024],[113.286664431,0.24896857300007],[113.27532154,0.235360436000065],[113.256990877,0.228973006000047],[113.243308976,0.231233494000037],[113.234887552,0.229900004000058],[113.194754928,0.242457142000035],[113.179249325,0.243131299000027],[113.166964693,0.235490857000059],[113.159623876,0.236914076000062],[113.151234371,0.235191232000034],[113.135601533,0.220970666000028],[113.13630287,0.211970177000069],[113.131276623,0.209047941000051],[113.122741868,0.211941655000032],[113.115616721,0.222122225000021],[113.102054258,0.228100923000056],[113.100491799,0.230733339000039],[113.098676561,0.238599142000055],[113.104904516,0.247291348000033],[113.100400726,0.256081796000046],[113.10280264,0.262385193000057],[113.092278078,0.261248943000055],[113.08554457,0.266480252000065],[113.074990631,0.268468277000068],[113.075373472,0.273480671000073],[113.072047739,0.279007225000043],[113.059796614,0.282822583000041],[113.054714167,0.291667778000033],[113.050981801,0.285500262000028],[113.05014359,0.275309512000035],[113.046483521,0.271472999000025],[113.037874566,0.271341773000074],[113.029718494,0.266968188000021],[113.023114498,0.267899399000044],[113.017045496,0.262239316000034],[113.015561452,0.253714006000052],[113.013327983,0.25217217900007],[113.008294353,0.255394122000041],[112.997349301,0.253357462000054],[112.997278028,0.250531172000024],[112.984366934,0.235316625000053],[112.983565747,0.229451253000036],[112.974569362,0.225843015000066],[112.973950265,0.218399972000043],[112.96552741,0.214362115000029],[112.966450269,0.204066626000042],[112.971832982,0.198776646000056],[112.969887771,0.193129129000056],[112.975168125,0.182784586000025],[112.973950266,0.170837458000051],[112.971450271,0.16466848500005],[112.964230542,0.160148],[112.963302315,0.15060190500003],[112.941727974,0.14573329500007],[112.923221102,0.152295793000064],[112.8622836,0.15719880100005],[112.83098031,0.163770549000049],[112.824069688,0.162047439000048],[112.816170769,0.180433605000076],[112.806462568,0.190332163000051],[112.752972285,0.233543175000023],[112.713554861,0.23688413800005],[112.700384968,0.234814591000031],[112.682131818,0.237192829000037],[112.671043418,0.241619808000053],[112.655991277,0.233602396000038],[112.646101862,0.215418451000062],[112.637203217,0.215687408000065],[112.62856978,0.206806270000072],[112.629710129,0.201714277000065],[112.64538749,0.182259259000034],[112.647486111,0.167406111000048],[112.639359228,0.169128643000022],[112.624485388,0.182143253000049],[112.613973587,0.17778121300006],[112.600448107,0.180974728000024],[112.569355796,0.204412069000057],[112.557992017,0.189692888000025],[112.553212046,0.188358697000069],[112.549682668,0.181850970000028],[112.540497724,0.178253598000026],[112.53574388,0.177655771000047],[112.523349033,0.187193752000042],[112.519096277,0.183767454000019],[112.511561416,0.183595567000054],[112.504887989,0.164236226000071],[112.50709755,0.150524516000075],[112.513371517,0.133366753000075],[112.513659865,0.124791639000023],[112.50561662,0.104828462000057],[112.461268927,0.123241428000028],[112.447628362,0.125910235000049],[112.446887027,0.127985973000023],[112.436730736,0.127985973000023],[112.395715282,0.147008093000068],[112.395456206,0.144952338000053],[112.400226527,0.141507589000071],[112.399009799,0.134658180000031],[112.402821293,0.129426020000039],[112.402701615,0.122163959000034],[112.394992004,0.112133651000022],[112.393382466,0.094776116000048],[112.379233949,0.098952454000028],[112.349072748,0.095377806000045],[112.342592656,0.104310523000038],[112.336043254,0.105947659000037],[112.319656689,0.101119813000025],[112.307787495,0.101150481000047],[112.305947136,0.096970343000066],[112.301364457,0.094694945000072],[112.29794098,0.083207931000061],[112.290631255,0.082597916000054],[112.281146565,0.086582854000028],[112.26531136,0.110625070000026],[112.250620461,0.107208977000028],[112.23448154,0.112051776000044],[112.226026273,0.111133136000035],[112.217548349,0.114809489000038],[112.215676681,0.106802777000041],[112.207253924,0.104281785000069],[112.202797694,0.09907481800002],[112.194689686,0.10304926200007],[112.19096712,0.090140120000058],[112.175648936,0.093607902000031],[112.170803536,0.087961353000026],[112.171194474,0.082356023000045],[112.16362653,0.086928822000061],[112.161294407,0.085632773000043],[112.14504898,0.088904351000053],[112.144167444,0.083275981000043],[112.148435881,0.076761944000054],[112.139021617,0.066181911000058],[112.133932391,0.068479597000021],[112.134245536,0.080015300000071],[112.129762061,0.082964455000024],[112.129146651,0.087604640000052],[112.122790864,0.091568463000044],[112.115976614,0.088082429000053],[112.111252488,0.089495587000044],[112.108005499,0.096413728000073],[112.108964126,0.099415879000048],[112.100501564,0.104173979000052],[112.093826116,0.11873997500004],[112.080306673,0.118706650000036],[112.063423768,0.125202153000032],[112.048688365,0.134375180000063],[112.056892543,0.14872140500006],[112.055679798,0.154139878000024],[112.059220075,0.15600312700002],[112.054179648,0.161801721000074],[112.054691995,0.165401910000071],[112.061620054,0.173443210000073],[112.058691224,0.179766360000031],[112.02689623,0.187435685000025],[112.006004222,0.19507664300005],[111.996106597,0.191220091000048],[111.989562363,0.19137622300002],[111.987505434,0.17971189900004],[111.976525468,0.170572134000054],[111.973164358,0.16461038500006],[111.968759333,0.162791345000073],[111.955240422,0.167246594000062]]]}},{"type":"Feature","properties":{"kode_kk":"61.71","kode_prov":"61","kab_kota":"KOTA PONTIANAK","provinsi":"Kalimantan Barat","fid":"61.71","nama":"Kota Pontianak","label":"Kota Pontianak, Provinsi Kalimantan Barat, 61.71"},"geometry":{"type":"Polygon","coordinates":[[[109.343802003,-0.097139080999966],[109.321944445,-0.094166666999968],[109.3225,-0.088055555999972],[109.320277778,-0.085277777999977],[109.306612768,-0.077219189999937],[109.307864677,-0.07097349999998],[109.305204277,-0.069158780999942],[109.306178295,-0.06542316499997],[109.302227944,-0.059826176999934],[109.284764228,-0.04106933199995],[109.282388259,-0.043246606999958],[109.274167647,-0.029870774999949],[109.285724646,-0.018376729999943],[109.287237182,0.005904581000038],[109.290489222,0.008489442000041],[109.297908361,0.030232467000076],[109.308741515,0.038116787000035],[109.370358153,0.021809295000025],[109.369363519,0.009697882000069],[109.378998422,-0.013605664999943],[109.376069206,-0.023096942999928],[109.383152062,-0.02510295899998],[109.381025423,-0.031324224999935],[109.374108874,-0.033267300999967],[109.385347497,-0.048338841999964],[109.382793938,-0.05029258199994],[109.385,-0.053333332999955],[109.37289274,-0.062783845999945],[109.369020937,-0.057654720999949],[109.366033303,-0.060186008999949],[109.343802003,-0.097139080999966]]]}},{"type":"Feature","properties":{"kode_kk":"61.12","kode_prov":"61","kab_kota":"KUBU RAYA","provinsi":"Kalimantan Barat","fid":"61.12","nama":"Kabupaten Kubu Raya","label":"Kabupaten Kubu Raya, Provinsi Kalimantan Barat, 61.12"},"geometry":{"type":"MultiPolygon","coordinates":[[[[109.226944028,-0.571639565999931],[109.222754688,-0.570740089999958],[109.216358891,-0.560964645999945],[109.203747797,-0.554553153999962],[109.20182121,-0.551402931999974],[109.195233411,-0.55348840399995],[109.187157278,-0.552495058999966],[109.186191875,-0.554427949999933],[109.193065599,-0.56340744299996],[109.187668423,-0.568091139999979],[109.168336199,-0.572537972999953],[109.149863046,-0.569041694999953],[109.140078226,-0.559546431999934],[109.12315526,-0.531289140999945],[109.115772761,-0.511280522999925],[109.112545365,-0.487403639999968],[109.113446453,-0.454069176999951],[109.11663031,-0.436770874999979],[109.097523101,-0.360990792999928],[109.100805133,-0.346812299999954],[109.103605255,-0.344843688999958],[109.106568237,-0.348191908999979],[109.114319755,-0.342787615999953],[109.114712784,-0.336357450999969],[109.112410832,-0.326773062999962],[109.106650081,-0.319050810999954],[109.104572935,-0.306368704999954],[109.088556808,-0.288867427999946],[109.086754739,-0.284063673999924],[109.089589207,-0.273598335999964],[109.106487057,-0.267656773999931],[109.120822026,-0.258612705999951],[109.126115344,-0.252747396999951],[109.131126309,-0.242723736999949],[109.123790944,-0.253021816999933],[109.132649011,-0.238427774999934],[109.153217668,-0.234404623999978],[109.161740007,-0.230455132999964],[109.172415561,-0.231682243999956],[109.176635429,-0.225843880999946],[109.193650496,-0.222162651999952],[109.197240547,-0.217338705999964],[109.197293398,-0.212618566999936],[109.185524875,-0.203217844999926],[109.181384547,-0.194372709999925],[109.184110375,-0.177771998999958],[109.183760849,-0.161416544999952],[109.189604796,-0.136822699999925],[109.188649729,-0.128078130999938],[109.18302649,-0.114800384999967],[109.181778776,-0.101616813999954],[109.182390225,-0.096231917999944],[109.188077469,-0.09124805099998],[109.17847649,-0.080074789999969],[109.175591083,-0.070916892999946],[109.176906368,-0.063790619999963],[109.16013215,-0.046129245999964],[109.15904928,-0.040720026999963],[109.170579945,0.033839936000049],[109.186294248,0.03153588300006],[109.219133612,0.01839725800005],[109.244162245,0.017117753000036],[109.252587133,0.014343870000062],[109.260333401,0.017004470000074],[109.287237182,0.005904581000038],[109.285724646,-0.018376729999943],[109.274167647,-0.029870774999949],[109.282388259,-0.043246606999958],[109.284764228,-0.04106933199995],[109.302227944,-0.059826176999934],[109.306178295,-0.06542316499997],[109.305204277,-0.069158780999942],[109.307864677,-0.07097349999998],[109.306612768,-0.077219189999937],[109.320277778,-0.085277777999977],[109.3225,-0.088055555999972],[109.321944445,-0.094166666999968],[109.338001335,-0.095006027999943],[109.342891556,-0.098163300999943],[109.366033303,-0.060186008999949],[109.369020937,-0.057654720999949],[109.37289274,-0.062783845999945],[109.385,-0.053333332999955],[109.382793938,-0.05029258199994],[109.385347497,-0.048338841999964],[109.374108874,-0.033267300999967],[109.381025423,-0.031324224999935],[109.383152062,-0.02510295899998],[109.376069206,-0.023096942999928],[109.378998422,-0.013605664999943],[109.369363519,0.009697882000069],[109.371041538,0.020998363000047],[109.367031031,0.027506670000037],[109.370002473,0.030121447000056],[109.365211992,0.033000119000064],[109.364442791,0.036482402000047],[109.364304565,0.04287916800007],[109.380541607,0.048404189000053],[109.379910362,0.078602900000021],[109.370058143,0.098902801000065],[109.370058143,0.17849577100003],[109.367830553,0.19666938000006],[109.37279404,0.20135502200003],[109.372091797,0.203051032000076],[109.378798839,0.204374933000054],[109.379127295,0.211544300000071],[109.42631925,0.216635646000043],[109.425337476,0.221670526000025],[109.432567781,0.222819877000063],[109.436056285,0.229783517000044],[109.459025586,0.228903861000049],[109.459749114,0.219973530000061],[109.474196041,0.219867322000027],[109.475640959,0.21708716400002],[109.488367565,0.215148339000052],[109.489078389,0.205653244000075],[109.492786752,0.201930184000048],[109.488956106,0.191145665000022],[109.490671258,0.18422225300003],[109.488538286,0.185102672000028],[109.490240929,0.177278239000032],[109.488329625,0.17551419800003],[109.487898535,0.166099022000026],[109.492037744,0.161561745000029],[109.492050476,0.163628374000041],[109.49514247,0.163961190000066],[109.501520399,0.15056303800003],[109.499936162,0.145354710000049],[109.507097081,0.144892120000065],[109.507710732,0.138646547000064],[109.501364344,0.137978510000039],[109.506805334,0.135143203000041],[109.510449682,0.126801574000069],[109.507989738,0.123391469000069],[109.511434275,0.117009640000049],[109.500796026,0.097863091000022],[109.503399007,0.092313954000019],[109.496340823,0.091892635000022],[109.495412081,0.089759637000043],[109.500368199,0.08597155700005],[109.500750973,0.068284750000032],[109.507648192,0.062663673000031],[109.521587085,0.037631646000023],[109.513942998,0.025097177000021],[109.508295508,0.009633827000073],[109.512767065,-0.009473845999935],[109.503287771,-0.024967638999954],[109.504919254,-0.032364186999928],[109.514644943,-0.025388982999971],[109.526048332,-0.02592113999998],[109.532089005,-0.018374732999973],[109.550342583,-0.011307014999943],[109.551068224,-0.008407983999973],[109.544580021,-0.00270573399996],[109.545326083,-0.000316294999948],[109.552695942,-0.002178045999926],[109.559190312,0.00183684700005],[109.564828544,0.000707347000059],[109.559236615,-0.005260342999975],[109.563951794,-0.014342677999934],[109.568599754,-0.003747967999971],[109.581144354,-0.005003574999932],[109.580897151,-0.001260868999964],[109.571589295,0.004684801000053],[109.571047331,0.007384131000038],[109.580374685,0.013809456000047],[109.587520025,0.008540022000034],[109.58916009,0.021074786000042],[109.585215069,0.026724614000045],[109.579172749,0.021461668000029],[109.577183125,0.027700279000044],[109.568433323,0.031081512000071],[109.567862812,0.033228043000065],[109.572661916,0.037528380000026],[109.582196161,0.03409692300005],[109.586959617,0.039711067000042],[109.592364986,0.038720439000031],[109.593785459,0.023629905000064],[109.604425314,0.035053277000031],[109.613168659,0.01872790300007],[109.614814737,0.022042316000068],[109.611795794,0.030465880000065],[109.61452062,0.035029497000039],[109.616850137,0.034503056000062],[109.615076958,0.026682480000034],[109.620254213,0.023126430000048],[109.627119137,0.025064893000035],[109.628093589,0.036345894000021],[109.63523435,0.032526631000053],[109.635101104,0.041180041000075],[109.628663938,0.045032794000065],[109.633608151,0.049364376000028],[109.645003216,0.051034695000055],[109.642243639,0.039669821000075],[109.656121119,0.035434243000054],[109.656413445,0.03907416900006],[109.649410479,0.043094471000074],[109.648961077,0.050072751000073],[109.65205604,0.050194864000048],[109.658488619,0.040790064000021],[109.662410835,0.040187065000055],[109.664650001,0.043740883000055],[109.656249247,0.049074976000043],[109.655842609,0.056326091000074],[109.658673677,0.058458420000022],[109.667359662,0.055400219000035],[109.658830503,0.060999909000031],[109.659158444,0.064855223000052],[109.662510134,0.065400943000043],[109.666546577,0.06039703600004],[109.668742772,0.069837960000029],[109.671317133,0.071352881000053],[109.670468794,0.060512002000053],[109.672850759,0.056053666000025],[109.676517782,0.06672112800004],[109.680581544,0.063404354000056],[109.688865727,0.066401976000066],[109.69557525,0.063099610000052],[109.691064465,0.070153289000075],[109.689845796,0.083070245000044],[109.694807825,0.089669515000026],[109.701921434,0.088604816000043],[109.701784641,0.091632152000045],[109.698712147,0.09292434200006],[109.699804433,0.098377778000042],[109.70480941,0.098091479000061],[109.706409063,0.089601070000072],[109.71225,0.0895],[109.71208607,0.087741159000075],[109.728316747,0.079617671000051],[109.727205475,0.078016077000029],[109.730695201,0.076235656000051],[109.748211743,0.084453567000025],[109.747994086,0.091341442000044],[109.750435647,0.092722013000071],[109.760131975,0.086248751000028],[109.765256359,0.077585157000044],[109.777262882,0.07854252900006],[109.786293336,0.087594439000043],[109.797672582,0.078665237000052],[109.801590571,0.087589474000026],[109.806635582,0.085910812000066],[109.815804659,0.08937979600006],[109.820772604,0.087781470000039],[109.8257571,0.080934477000028],[109.833370849,0.08654752700005],[109.836910821,0.084393662000025],[109.849359519,0.085974545000056],[109.87641,0.07703],[109.886014474,0.041337444000021],[109.880901794,0.040723606000029],[109.877287354,0.031568166000056],[109.868937244,0.032803111000021],[109.869648056,0.028846111000064],[109.863830556,0.024148611000044],[109.857703056,0.01260944400002],[109.842802885,0.003985019000027],[109.842309004,-0.000218193999956],[109.847225278,-0.013628610999945],[109.848021211,-0.034228832999929],[109.850193626,-0.03506880499998],[109.848418018,-0.038716436999948],[109.851773833,-0.043257306999976],[109.851039676,-0.048231424999926],[109.853239116,-0.052373373999956],[109.857710021,-0.052564324999935],[109.862407147,-0.063611702999935],[109.872767593,-0.070652055999972],[109.877669399,-0.08557829199998],[109.895220207,-0.104081620999978],[109.903953588,-0.107791547999966],[109.900341005,-0.123292155999934],[109.905927709,-0.137160311999935],[109.920990441,-0.147321861999956],[109.927188532,-0.144477028999972],[109.933691212,-0.146099621999952],[109.939921666,-0.141370228999961],[109.947525021,-0.141458385999954],[109.942103777,-0.159839160999979],[109.946737305,-0.200047945999927],[109.944381801,-0.228121951999924],[109.954703108,-0.245774238999957],[109.954401803,-0.254916929999979],[109.951228969,-0.259488137999938],[109.966477536,-0.27061707799993],[109.970753114,-0.281059530999926],[109.967780567,-0.288979952999966],[109.96238202,-0.293725405999965],[109.956473192,-0.304363811999963],[109.939841145,-0.314570764999928],[109.93529227,-0.321110343999976],[109.937400379,-0.330537968999977],[109.952671489,-0.345181108999952],[109.951876317,-0.352594468999939],[109.947292958,-0.356178468999929],[109.929476864,-0.356909468999959],[109.924333349,-0.371468437999965],[109.925133911,-0.397964171999945],[109.929374848,-0.413034859999925],[109.938523208,-0.420051171999944],[109.967592302,-0.430473671999948],[109.972189052,-0.435106437999934],[109.972127333,-0.44131553099993],[109.968027505,-0.445527686999981],[109.951372645,-0.440332077999926],[109.946060661,-0.44388749999996],[109.948000333,-0.447729577999951],[109.965099395,-0.452491155999951],[109.969717458,-0.457581593999976],[109.972925989,-0.468384515999958],[109.972396098,-0.477079733999972],[109.958611223,-0.487274],[109.9657775,-0.497100832999934],[109.953681989,-0.497770718999959],[109.945970955,-0.50119613499993],[109.93602751,-0.516698645999952],[109.919141412,-0.532273650999969],[109.885034837,-0.553937377999944],[109.879050323,-0.565957565999952],[109.882196843,-0.58141550199997],[109.880370353,-0.587820547999968],[109.865798139,-0.594310570999937],[109.862338631,-0.606449414999929],[109.853470648,-0.617069005999952],[109.818523671,-0.637475867999967],[109.812597119,-0.647097623999969],[109.808236355,-0.66895888099998],[109.811276243,-0.68212319099996],[109.817894211,-0.684291286999951],[109.820813925,-0.682212542999935],[109.821111656,-0.674872738999966],[109.835770014,-0.677245659999926],[109.842777995,-0.66196645499997],[109.858831081,-0.65834549899995],[109.882936524,-0.690056396999978],[109.884526326,-0.701449691999926],[109.878599262,-0.713693424999974],[109.886279847,-0.725307321999935],[109.902745144,-0.732851264999965],[109.932418756,-0.719484478999959],[109.93975158,-0.729175544999976],[109.94159636,-0.734213476999969],[109.939388328,-0.742212991999963],[109.931544813,-0.75169109999996],[109.940145188,-0.760187042999974],[109.931073162,-0.769175705999942],[109.931547312,-0.782693594999955],[109.928245355,-0.786211661999971],[109.916723347,-0.790079101999936],[109.906576113,-0.799998803999927],[109.894762043,-0.802865424999936],[109.892428715,-0.808404356999972],[109.894602829,-0.819493367999939],[109.893223636,-0.823147757999948],[109.880542564,-0.824053001999971],[109.864837084,-0.832127296999943],[109.861533427,-0.830202560999965],[109.860075899,-0.825389036999979],[109.856539866,-0.824057762999928],[109.840842709,-0.840673840999955],[109.828233779,-0.832659933999935],[109.822059067,-0.835203484999965],[109.812831687,-0.846419950999973],[109.79941646,-0.842737514999953],[109.792721898,-0.856619165999973],[109.801641319,-0.863240684999937],[109.801324738,-0.869824197999947],[109.787234846,-0.877589790999934],[109.775782256,-0.876730313999929],[109.769568008,-0.88812076499994],[109.758226979,-0.889804708999975],[109.754004791,-0.894976635999967],[109.750000012,-0.894255075999979],[109.738891126,-0.883749947999945],[109.750448019,-0.875234992999935],[109.750112821,-0.867954782999959],[109.746498815,-0.862706218999961],[109.740798715,-0.859650618999979],[109.736086439,-0.86026170599996],[109.731720787,-0.862347098999976],[109.725707719,-0.871123231999945],[109.719869059,-0.870230981999953],[109.71657978,-0.867051735999951],[109.721045499,-0.84996603999997],[109.713225826,-0.829305662999957],[109.692872323,-0.824266172999955],[109.679474093,-0.82967019299997],[109.668220334,-0.820596479999949],[109.662020048,-0.806714349999936],[109.635383747,-0.796884728999942],[109.637826395,-0.786861684999963],[109.63387013,-0.780913568999949],[109.631698848,-0.751984461999939],[109.659614387,-0.750291415999925],[109.670614437,-0.755323851999947],[109.670971356,-0.746666777999963],[109.677227419,-0.746464828999933],[109.675307194,-0.742438780999976],[109.671994984,-0.739840409999942],[109.677048404,-0.737542008999981],[109.68514911,-0.727833827999973],[109.687620776,-0.727598855999929],[109.689088288,-0.725555810999936],[109.690241137,-0.72748198499994],[109.691625983,-0.72748198499994],[109.698120853,-0.716960626999935],[109.687706468,-0.714622806999955],[109.688555935,-0.712152925999931],[109.687663638,-0.709154804999969],[109.689276912,-0.705885425999952],[109.684945302,-0.705950027999961],[109.678613377,-0.701462185999958],[109.667087407,-0.700468384999965],[109.672649397,-0.699141834999978],[109.674963423,-0.697500006999974],[109.675317368,-0.695545874999937],[109.672559573,-0.69128306999994],[109.669325885,-0.689776870999935],[109.666469461,-0.681028247999961],[109.658809976,-0.678272831999948],[109.657189563,-0.671270077999964],[109.651605,-0.67454],[109.647154,-0.683384],[109.639983,-0.684127],[109.632324,-0.688883],[109.618021,-0.689649],[109.617618,-0.684782],[109.612494,-0.683134],[109.595967,-0.69361],[109.58773,-0.689493],[109.587219,-0.682702],[109.583442,-0.677837],[109.589001346,-0.662059007999972],[109.58444567,-0.650780362999967],[109.577200211,-0.652886185999932],[109.572929079,-0.650090318999958],[109.568503281,-0.653754688999925],[109.566290383,-0.650280675999966],[109.56225875,-0.650342749999936],[109.55731,-0.654054],[109.553058,-0.649905],[109.545912,-0.651585],[109.542882,-0.644573],[109.529301,-0.644094],[109.526538,-0.637313],[109.516949,-0.642433],[109.511875,-0.635804],[109.503187,-0.63606],[109.494961,-0.624406],[109.481560335,-0.62576340399994],[109.47663961,-0.620680874999948],[109.478057769,-0.61694036199998],[109.474231595,-0.614722704999963],[109.461195,-0.625602],[109.453179,-0.622452],[109.445508,-0.626200996999955],[109.414685,-0.631082],[109.402272,-0.623229],[109.389693,-0.610021],[109.382377,-0.597295],[109.381334,-0.590277],[109.374154,-0.584617],[109.355491,-0.583614],[109.34143,-0.589632],[109.327692,-0.588127],[109.325056,-0.584004],[109.334384,-0.576638],[109.334973,-0.57359],[109.333318,-0.572252],[109.32397,-0.573894],[109.3239,-0.588049],[109.315139,-0.594178],[109.294813,-0.591808],[109.285284,-0.597375],[109.263144,-0.60099900199998],[109.259058,-0.599273],[109.251721,-0.588578],[109.252202,-0.592356],[109.25,-0.593956010999932],[109.253313,-0.5928],[109.258349,-0.5994],[109.256421,-0.603565],[109.251425,-0.60501],[109.247941838,-0.603290991999927],[109.243848057,-0.596006018999958],[109.23647902,-0.595066660999976],[109.225897008,-0.588100596999936],[109.224573451,-0.582665802999941],[109.226944028,-0.571639565999931]]],[[[109.128484756,-0.202402470999971],[109.143819075,-0.20500128499998],[109.159094772,-0.210990736999975],[109.17723645,-0.207565626999951],[109.186885905,-0.211974946999931],[109.193138133,-0.218704898999931],[109.185777251,-0.223317831999964],[109.176553409,-0.225006492999967],[109.172125958,-0.23105831099997],[109.162231568,-0.229671728999961],[109.153006263,-0.233654845999979],[109.132424461,-0.236390265999944],[109.116878618,-0.257481858999938],[109.083327545,-0.26996459999998],[109.083330449,-0.287822394999978],[109.100110785,-0.307649676999972],[109.103637928,-0.331680765999977],[109.095659132,-0.332378075999941],[109.069332004,-0.294292510999981],[109.058042354,-0.273311234999937],[109.053256618,-0.248503718999928],[109.058709618,-0.213486897999928],[109.059786787,-0.211780019999935],[109.061006566,-0.216527763999977],[109.065639878,-0.22050412699997],[109.072459908,-0.220032856999978],[109.090432548,-0.20664794399994],[109.095973135,-0.209562640999934],[109.09883826,-0.206763396999975],[109.101727875,-0.210584193999978],[109.103755168,-0.205756813999926],[109.110979234,-0.203158266999935],[109.128484756,-0.202402470999971]]],[[[109.100650344,-0.205628518999958],[109.101629773,-0.209336088999976],[109.099488045,-0.207033711999941],[109.100650344,-0.205628518999958]]],[[[109.073746065,-0.195023462999927],[109.065190982,-0.195928411999944],[109.064144713,-0.194939002999945],[109.068937179,-0.190589887999977],[109.073746065,-0.195023462999927]]],[[[109.109615171,-0.16830841899997],[109.160049115,-0.188258590999965],[109.173088638,-0.201287108999963],[109.159193796,-0.207998961999976],[109.133752006,-0.196213488999945],[109.118098396,-0.19782222799995],[109.099388565,-0.195358158999966],[109.089725779,-0.191606255999943],[109.085796866,-0.186705462999953],[109.087757298,-0.181293216999961],[109.093308995,-0.179173393999974],[109.102836024,-0.168543025999952],[109.109615171,-0.16830841899997]]],[[[109.079756051,-0.16767170199995],[109.094751283,-0.170721545999925],[109.094825895,-0.172624061999954],[109.091391444,-0.175287933999925],[109.087951036,-0.172960128999932],[109.082809013,-0.174233474999937],[109.083212712,-0.170908683999926],[109.080530087,-0.169834494999975],[109.083537346,-0.169383007999954],[109.079756051,-0.16767170199995]]],[[[109.159183476,-0.185192921999942],[109.142281975,-0.179841028999931],[109.126018839,-0.166929850999963],[109.127208217,-0.146399736999967],[109.137076477,-0.151838375999944],[109.14699572,-0.167662956999948],[109.159348331,-0.178417766999928],[109.159183476,-0.185192921999942]]],[[[109.1241588,-0.143502020999961],[109.124042924,-0.168158449999964],[109.122131526,-0.169007411999928],[109.113303336,-0.166453262999937],[109.110703586,-0.161269386999948],[109.097278998,-0.150552016999939],[109.090043723,-0.150787413999979],[109.093924785,-0.129933028999972],[109.10345452,-0.120767379999961],[109.113021966,-0.11705569399993],[109.116161243,-0.124008828999933],[109.114913245,-0.130100640999956],[109.1241588,-0.143502020999961]]],[[[109.172002453,-0.110720897999954],[109.184631602,-0.128078414999948],[109.1866032,-0.140075532999958],[109.181278922,-0.161879366999926],[109.181346092,-0.180241961999968],[109.176144366,-0.194480011999929],[109.162811995,-0.185693180999976],[109.161115044,-0.17811229199998],[109.143195741,-0.159745222999959],[109.139382501,-0.149926668999967],[109.127810782,-0.133408583999937],[109.130944909,-0.134569405999969],[109.128135685,-0.127113257999952],[109.128286495,-0.117816187999949],[109.123990855,-0.116185849999965],[109.126233452,-0.108887055999958],[109.124008629,-0.103682485999968],[109.138315786,-0.080611309999938],[109.161980001,-0.058432783999933],[109.167475469,-0.079459249999957],[109.165497487,-0.09257122899993],[109.170273714,-0.100894442999959],[109.172002453,-0.110720897999954]]],[[[109.120033678,-0.116632609999954],[109.118071327,-0.108480322999981],[109.122967361,-0.103213758999971],[109.125624257,-0.110382228999924],[109.121921101,-0.116803232999928],[109.120033678,-0.116632609999954]]],[[[109.173595565,-0.102950088999933],[109.169577248,-0.091912062999938],[109.171145883,-0.087575550999929],[109.175618358,-0.089490077999926],[109.176154332,-0.102928219999967],[109.173595565,-0.102950088999933]]],[[[109.359961007,-0.869085757999926],[109.365436147,-0.876966532999973],[109.370354814,-0.881097198999953],[109.382182793,-0.88147085199995],[109.391898133,-0.88998694299994],[109.399529064,-0.891807230999973],[109.403264517,-0.898065702999929],[109.401323475,-0.90407434399998],[109.410987057,-0.908113420999939],[109.418227563,-0.916631155999937],[109.409626069,-0.924857388999953],[109.40599977,-0.93236696799994],[109.397200524,-0.93261443199998],[109.36512527,-0.922463254999968],[109.335440305,-0.921843404999947],[109.310577316,-0.90878016399995],[109.30371733,-0.902127190999977],[109.307857323,-0.89416839699993],[109.307778951,-0.887015471999973],[109.310096546,-0.885395058999961],[109.31952601,-0.893695359999924],[109.32446744,-0.894247546999964],[109.326110795,-0.893777424999939],[109.327488503,-0.89267097499993],[109.334512672,-0.885618252999961],[109.335583429,-0.883947870999975],[109.335997455,-0.881113932999938],[109.334469841,-0.874382437999941],[109.336225884,-0.87124868799998],[109.337667837,-0.871170165999956],[109.341665331,-0.873690014999966],[109.344206596,-0.874268223999934],[109.34759427,-0.873267626999962],[109.351830389,-0.869257078999965],[109.359961007,-0.869085757999926]]],[[[109.302198081,-0.901733189999959],[109.256075308,-0.852804976999948],[109.244407068,-0.830407913999977],[109.237024009,-0.798766889999968],[109.24277246,-0.741223769999976],[109.241253725,-0.693540356999961],[109.245188913,-0.666076626999939],[109.249112491,-0.661087725999948],[109.265033026,-0.665344733999973],[109.286173705,-0.690291831999957],[109.306406198,-0.702371100999926],[109.35623014,-0.714456168999959],[109.368653983,-0.714632226999925],[109.376599625,-0.710044911999944],[109.393596894,-0.707179194999981],[109.422993445,-0.724351058999957],[109.449728531,-0.746968403999972],[109.46662221,-0.754996253999934],[109.504428,-0.745331],[109.50348,-0.741944],[109.509355,-0.739411],[109.534747,-0.738417],[109.541247,-0.745717],[109.546179,-0.747498],[109.552818,-0.743502],[109.558162869,-0.74826789399998],[109.557188158,-0.757188824999957],[109.560338222,-0.763395337999953],[109.580605743,-0.773411141999929],[109.594054851,-0.773732725999935],[109.598901327,-0.783139020999954],[109.614381223,-0.789264463999928],[109.617837678,-0.796737974999928],[109.622329574,-0.800245340999936],[109.641319398,-0.803911949999929],[109.659491605,-0.811181082999951],[109.66474163,-0.822933020999926],[109.676102308,-0.832114468999976],[109.682187979,-0.833241291999968],[109.693292063,-0.827872411999977],[109.711489322,-0.832796348999977],[109.718056825,-0.851154080999947],[109.713000405,-0.86441049299998],[109.717764461,-0.872309557999927],[109.726156193,-0.874047476999976],[109.739447444,-0.862727441999937],[109.745223455,-0.86628325099997],[109.748193019,-0.873092872999962],[109.738646218,-0.877134141999932],[109.735791497,-0.88244603399994],[109.745640114,-0.899931644999924],[109.727355364,-0.905968030999929],[109.720674255,-0.914059351999924],[109.721472744,-0.973565736999944],[109.694762764,-0.990297113999929],[109.682387968,-1.01426860299995],[109.672049417,-1.00507876399996],[109.649160491,-0.998933156999954],[109.643675215,-0.982681792999927],[109.639065473,-0.976589499999932],[109.628602685,-0.973216925999964],[109.621357752,-0.978521817999933],[109.612587653,-0.972439804999965],[109.609060101,-0.965414722999981],[109.608605105,-0.944044541999972],[109.600193144,-0.934265541999935],[109.597666808,-0.920193420999965],[109.59179093,-0.905686876999937],[109.581060524,-0.897493719999943],[109.574077668,-0.899357542999951],[109.570985836,-0.902811843999928],[109.569608144,-0.899891817999958],[109.563057017,-0.898527958999978],[109.558495641,-0.88928795399994],[109.552245109,-0.884930233999967],[109.544044279,-0.883072435999964],[109.536578724,-0.885582114999977],[109.522853224,-0.877775561999954],[109.519572245,-0.87880322999996],[109.504918397,-0.874490047999927],[109.49748265,-0.87606982099993],[109.478484672,-0.868824720999953],[109.455537138,-0.865539014999968],[109.439398108,-0.857975060999934],[109.438588865,-0.852788926999949],[109.428766629,-0.856405755999958],[109.411094411,-0.872522490999927],[109.408467486,-0.872731882999972],[109.40347345,-0.86750285599993],[109.398877663,-0.866530586999943],[109.39648928,-0.867190514999947],[109.389654337,-0.873722928999939],[109.385942378,-0.873104268999953],[109.382720845,-0.873986031999948],[109.382622871,-0.880864721999956],[109.370392442,-0.880246062999959],[109.360271404,-0.86866998499994],[109.351574474,-0.869050698999956],[109.344453937,-0.874005925999938],[109.33813052,-0.871025650999968],[109.3362329,-0.870936420999953],[109.334144923,-0.874523458999931],[109.33530491,-0.883910432999926],[109.326682933,-0.893006318999937],[109.319002033,-0.892987282999968],[109.310585671,-0.884675478999952],[109.307342733,-0.887064363999968],[109.307166197,-0.89442923699994],[109.302198081,-0.901733189999959]]],[[[109.370002,-0.65028],[109.387714,-0.658673],[109.40549,-0.674684],[109.379838,-0.67262],[109.364955998,-0.675505002999955],[109.360115,-0.672931],[109.352735,-0.663692],[109.349349,-0.653933],[109.351706,-0.65194],[109.354369,-0.655518],[109.359956,-0.656891],[109.370002,-0.65028]]],[[[109.308588,-0.613309],[109.309954,-0.611734],[109.311494,-0.611788],[109.308588,-0.613309]]],[[[109.311457,-0.611387],[109.311431,-0.609507],[109.312589,-0.609401],[109.311457,-0.611387]]],[[[109.38235199,-0.610881011999936],[109.38289199,-0.60940302399996],[109.382891993,-0.61097],[109.38235199,-0.610881011999936]]],[[[109.300473,-0.594879],[109.307431,-0.601141],[109.288532,-0.611893],[109.281272,-0.613157],[109.286021,-0.59964],[109.29457,-0.594236],[109.300473,-0.594879]]],[[[109.333883,-0.57655],[109.329829,-0.579422],[109.324272,-0.582074],[109.325059,-0.574267],[109.333796,-0.573042],[109.333883,-0.57655]]],[[[109.407887924,-0.873390484999959],[109.416154172,-0.871755795999945],[109.421374709,-0.875403508999966],[109.426014658,-0.889344612999935],[109.432403511,-0.896497272999966],[109.427325842,-0.899402389999977],[109.42736731,-0.90257212299997],[109.425015047,-0.903126688999976],[109.419349074,-0.91338232499993],[109.411481267,-0.906563835999975],[109.403760749,-0.90446267699997],[109.403980849,-0.897122039999942],[109.400869704,-0.892047838999929],[109.392202518,-0.889249592999931],[109.383403271,-0.881057108999926],[109.383093941,-0.874489795999978],[109.390327502,-0.873656984999968],[109.397194627,-0.867501318999928],[109.402569829,-0.868100943999934],[109.407887924,-0.873390484999959]]],[[[109.523405,-0.698756],[109.53675,-0.704534],[109.549308,-0.706428],[109.559195,-0.716101],[109.541705,-0.73147],[109.526467,-0.727172],[109.468596,-0.731932],[109.454298,-0.726746],[109.444686,-0.708393],[109.447721,-0.708856],[109.457216,-0.71997],[109.462085,-0.720933],[109.46936,-0.716927],[109.483135,-0.717449],[109.485276,-0.713845],[109.482754,-0.707505],[109.491319,-0.707437],[109.492113,-0.706292],[109.491937,-0.699706],[109.496128,-0.703132],[109.498565,-0.699868],[109.514949,-0.701635],[109.523405,-0.698756]]],[[[109.452093,-0.671441],[109.457728,-0.677067],[109.467552,-0.681373],[109.471019,-0.689221],[109.479551,-0.689592],[109.496635,-0.70156],[109.495631,-0.702501],[109.493416,-0.69933],[109.491201,-0.699434],[109.491511,-0.706435],[109.482677,-0.706193],[109.482999,-0.716558],[109.46883,-0.715702],[109.458107,-0.718772],[109.452877,-0.710641],[109.454687,-0.705146],[109.443585,-0.696663],[109.436495028,-0.695779019999975],[109.424951,-0.681581],[109.411942,-0.674455],[109.420297,-0.669364],[109.435785,-0.676379],[109.43969,-0.673753],[109.440487,-0.668394],[109.452093,-0.671441]]],[[[109.483381,-0.683498],[109.497547,-0.688585],[109.497389,-0.694698],[109.492215,-0.695096],[109.483336,-0.68705],[109.483381,-0.683498]]],[[[109.483202,-0.628577],[109.492749,-0.626199],[109.50391,-0.639239],[109.510245,-0.637863],[109.517306,-0.644819],[109.52504,-0.639092],[109.528242,-0.647098],[109.542114,-0.646367],[109.544028,-0.653604],[109.547632,-0.656025],[109.551646,-0.651868],[109.557971,-0.656819],[109.563911,-0.652609],[109.568667,-0.657144],[109.572944,-0.653133],[109.57782,-0.655079],[109.583636,-0.653021],[109.58463,-0.661201],[109.580845,-0.675789],[109.583155,-0.686001],[109.574713,-0.687307],[109.54605,-0.703227],[109.529053,-0.695669],[109.498773,-0.693927],[109.497817028,-0.68835702399997],[109.483992,-0.682178],[109.472741,-0.670846],[109.481675,-0.668281],[109.484455,-0.673632],[109.490986,-0.674327],[109.492446,-0.669602],[109.496267,-0.667031],[109.496615,-0.661541],[109.487859,-0.662306],[109.482509,-0.657303],[109.479938,-0.648756],[109.47424,-0.642642],[109.458307,-0.635981],[109.459399,-0.631281],[109.468198,-0.629249],[109.472675,-0.62373],[109.483202,-0.628577]]],[[[109.365695291,-0.61791472699997],[109.376945,-0.623896],[109.385616,-0.624661],[109.424564,-0.648914],[109.450184,-0.660624],[109.4743,-0.676889],[109.476772,-0.685657],[109.471959,-0.688157],[109.467874,-0.680036],[109.454248,-0.670821],[109.441774,-0.66658],[109.439076,-0.667071],[109.436346,-0.674308],[109.423388,-0.667504],[109.405876,-0.672698],[109.391265,-0.6585],[109.372918,-0.648204],[109.360122,-0.653346],[109.359262,-0.647748],[109.351162,-0.634793],[109.357565,-0.619118],[109.365695291,-0.61791472699997]]],[[[109.450342,-0.631697],[109.459422,-0.63929],[109.466417,-0.6397],[109.4757,-0.646672],[109.486192,-0.663557],[109.494738,-0.663973],[109.490847,-0.673493],[109.48508,-0.672798],[109.481397,-0.667239],[109.472059,-0.668914],[109.427376,-0.642547],[109.426804,-0.637774],[109.431844,-0.634246],[109.450342,-0.631697]]],[[[109.57436859,-0.733604273999958],[109.598488879,-0.74865544499994],[109.60728872,-0.748884467999972],[109.612966273,-0.752427802999932],[109.618638085,-0.752549085999931],[109.622273356,-0.750067739999963],[109.626229042,-0.751523062999979],[109.631890327,-0.761639937999973],[109.632775033,-0.782833363999941],[109.636532066,-0.787343170999975],[109.635093594,-0.791631104999965],[109.628967167,-0.795683145999931],[109.62388597,-0.794907681999973],[109.618017572,-0.784340313999962],[109.60374386,-0.778975104999972],[109.601261675,-0.768512076999968],[109.593870463,-0.76656386999997],[109.582970565,-0.767421743999932],[109.566757635,-0.757778291999955],[109.567055142,-0.75407645599995],[109.573276,-0.747478],[109.57436859,-0.733604273999958]]],[[[109.69388333,-0.716394612999977],[109.695352648,-0.720307635999973],[109.691506118,-0.726676537999936],[109.689177518,-0.724984740999957],[109.68390723,-0.727400785999976],[109.676391673,-0.737142259999928],[109.669572931,-0.738888386999975],[109.675392854,-0.744701648999978],[109.67019654,-0.745809404999932],[109.669527221,-0.752609778999954],[109.660926064,-0.748853229999952],[109.638089187,-0.750429622999945],[109.624365,-0.747065],[109.614661,-0.749266],[109.607785007,-0.745315003999963],[109.60889,-0.740532],[109.605907,-0.734244],[109.623633,-0.728503],[109.629473,-0.733802],[109.642237,-0.732363],[109.647584,-0.719292],[109.662691787,-0.726061629999947],[109.664993997,-0.725535906999937],[109.669723176,-0.716006165999943],[109.677489241,-0.718218469999954],[109.69388333,-0.716394612999977]]],[[[109.570405,-0.733423],[109.570899,-0.738127],[109.567495,-0.743817],[109.55777,-0.733068],[109.551109,-0.732503],[109.56869,-0.712296],[109.575471,-0.717794],[109.577284,-0.725576],[109.570405,-0.733423]]],[[[109.575315,-0.710611],[109.57966,-0.719102],[109.586822,-0.719997],[109.593206,-0.71556],[109.606575,-0.726261],[109.603754,-0.732194],[109.605425,-0.744182],[109.599174,-0.743737],[109.577772,-0.729417],[109.576934,-0.718881],[109.570719,-0.711752],[109.575315,-0.710611]]],[[[109.658880864,-0.700582598999972],[109.679304373,-0.702324978999968],[109.68416583,-0.706213791999971],[109.687692191,-0.707063258999938],[109.687392379,-0.709925750999957],[109.688170463,-0.712931009999977],[109.67771638,-0.717182808999951],[109.668883821,-0.715283998999951],[109.662738665,-0.725048712999978],[109.647476,-0.717295],[109.641522,-0.730715],[109.634005,-0.730022],[109.629782,-0.732111],[109.62654,-0.726911],[109.608644,-0.73016],[109.606905,-0.724912],[109.594976,-0.71485],[109.590296,-0.715209],[109.586475,-0.718859],[109.578679,-0.716459],[109.577931,-0.709875],[109.585486,-0.707302],[109.596877,-0.709837],[109.600374,-0.708742],[109.602792,-0.70451],[109.614882,-0.70259],[109.63083,-0.705595],[109.658880864,-0.700582598999972]]],[[[109.666421297,-0.683591006999961],[109.66887809,-0.690592570999968],[109.674169278,-0.695028341999944],[109.673348364,-0.697800413999971],[109.654661287,-0.69883617399995],[109.64851038,-0.701959215999977],[109.631398,-0.703881],[109.615657,-0.701032],[109.602941,-0.702051],[109.595821,-0.707954],[109.586101,-0.705161],[109.568998,-0.707855],[109.562374,-0.712245],[109.551956,-0.707156],[109.573778,-0.692111],[109.597841,-0.695281],[109.607608,-0.686738],[109.614036,-0.684447],[109.617623,-0.690697],[109.632363,-0.690198],[109.640242,-0.685368],[109.648513473,-0.683837280999967],[109.656142025,-0.672020876999966],[109.658408462,-0.679403154999932],[109.666421297,-0.683591006999961]]]]}},{"type":"Feature","properties":{"kode_kk":"61.04","kode_prov":"61","kab_kota":"KETAPANG","provinsi":"Kalimantan Barat","fid":"61.04","nama":"Kabupaten Ketapang","label":"Kabupaten Ketapang, Provinsi Kalimantan Barat, 61.04"},"geometry":{"type":"MultiPolygon","coordinates":[[[[110.091579581,-2.89444944199994],[110.093243851,-2.89404150699994],[110.0926856,-2.89557762799996],[110.091579581,-2.89444944199994]]],[[[110.091686058,-2.89226769399994],[110.092467556,-2.89137797399997],[110.092856711,-2.89293878999996],[110.091686058,-2.89226769399994]]],[[[110.092317,-2.87954199999996],[110.089157,-2.88153299999993],[110.089351,-2.87722899999994],[110.09122,-2.87647699999997],[110.092317,-2.87954199999996]]],[[[110.079390742,-2.84233787399995],[110.078575912,-2.84328500999993],[110.078919411,-2.84236621799994],[110.079390742,-2.84233787399995]]],[[[110.084450308,-2.83044578099998],[110.084927783,-2.83471599999996],[110.083698294,-2.83628509899995],[110.081541188,-2.83090300299995],[110.084450308,-2.83044578099998]]],[[[110.082075517,-2.82719065599997],[110.082038247,-2.82736582399997],[110.081907409,-2.82756700599992],[110.082075517,-2.82719065599997]]],[[[110.082611266,-2.82696622099996],[110.082954285,-2.82664338399996],[110.08283972,-2.82703820499995],[110.082611266,-2.82696622099996]]],[[[110.08853766,-2.77045941599994],[110.087037441,-2.77135578499997],[110.086323571,-2.77110392299994],[110.08853766,-2.77045941599994]]],[[[110.090467081,-2.76855814199996],[110.092466428,-2.76859558299998],[110.090716236,-2.76956356799997],[110.090467081,-2.76855814199996]]],[[[110.114801639,-2.67789961599993],[110.12094198,-2.67815536899997],[110.119322986,-2.68683928599995],[110.127882141,-2.69418515599995],[110.127732997,-2.70307907899996],[110.123988354,-2.69786432999996],[110.117594747,-2.70257340899997],[110.118800237,-2.70836196999994],[110.122521824,-2.71209845299995],[110.120595516,-2.71626536099996],[110.116056696,-2.71665520399995],[110.115360129,-2.71881356899996],[110.126443316,-2.72951891299994],[110.123333031,-2.73761667799994],[110.128292244,-2.74237129199997],[110.123042253,-2.74470103899995],[110.120222629,-2.74999999999994],[110.104752062,-2.75389596499997],[110.102349638,-2.75815922899994],[110.096079172,-2.75953306799994],[110.091353585,-2.75759078199997],[110.082453624,-2.76128891799993],[110.073035929,-2.75782908999997],[110.069783005,-2.75376732999996],[110.060191836,-2.75264205199994],[110.054854212,-2.74810485699993],[110.044058387,-2.74787863899996],[110.043879889,-2.74417528699996],[110.052891529,-2.74224194699997],[110.06656961,-2.73138357099998],[110.075667047,-2.70116559699994],[110.080383044,-2.69391396699996],[110.085808104,-2.69588067099994],[110.091537294,-2.69092065699994],[110.098273412,-2.67457050299993],[110.105886227,-2.67524487199995],[110.111562954,-2.67268322899997],[110.114801639,-2.67789961599993]]],[[[110.08218637,-2.67453562499998],[110.085008244,-2.66813948599997],[110.091186962,-2.66894175799996],[110.085088767,-2.67618925999994],[110.08218637,-2.67453562499998]]],[[[110.061992026,-2.38802645799996],[110.061624431,-2.38621918199993],[110.064134723,-2.38630467099995],[110.061992026,-2.38802645799996]]],[[[110.071846971,-2.38075719999995],[110.070606932,-2.38480123199997],[110.06913106,-2.38568579199995],[110.068180475,-2.38389008499996],[110.071846971,-2.38075719999995]]],[[[110.073448915,-2.36883477399994],[110.066338428,-2.38401378599997],[110.060952426,-2.38234429099992],[110.060425212,-2.37906974599997],[110.054623439,-2.38175834199996],[110.057931378,-2.37227674299993],[110.061818106,-2.36890349399994],[110.066729558,-2.36850473499993],[110.067246411,-2.36417779299995],[110.073448915,-2.36883477399994]]],[[[109.978659439,-2.32218308599994],[109.980770805,-2.32422375599998],[109.979042288,-2.32580211299995],[109.977801226,-2.32449443999997],[109.978659439,-2.32218308599994]]],[[[109.988083384,-2.25502860899996],[109.992068317,-2.25537842799997],[109.993576809,-2.25873018899995],[109.989329226,-2.25972046999993],[109.988083384,-2.25502860899996]]],[[[110.070779542,-2.25133983499995],[110.068581359,-2.25094351099995],[110.071116023,-2.24975321299996],[110.070779542,-2.25133983499995]]],[[[110.08152057,-2.16888839199993],[110.083778226,-2.17307827399998],[110.080901826,-2.16916924199995],[110.08152057,-2.16888839199993]]],[[[110.080325231,-2.16843841499997],[110.07843291,-2.16994511799993],[110.078663798,-2.16676870199996],[110.080325231,-2.16843841499997]]],[[[110.035263734,-1.91489443799998],[110.010205705,-1.90761374199997],[109.993705179,-1.89823957199997],[109.962834521,-1.87465244599997],[109.924397183,-1.85759932499997],[109.911540956,-1.84435762499993],[109.901168884,-1.82744679599995],[109.907150849,-1.82534097199994],[109.907707643,-1.82743251899996],[109.912954355,-1.82663301899993],[109.919172453,-1.83004715899995],[109.924776084,-1.83157001499995],[109.928097108,-1.83020479199996],[109.923912339,-1.81944190099995],[109.908509999,-1.80519425199998],[109.913262337,-1.77397433699997],[109.91685146,-1.77266468399995],[109.929762373,-1.77677774899996],[109.940996284,-1.77709183799993],[109.945740334,-1.77477773299995],[109.940227123,-1.76276561899994],[109.957949972,-1.76231768999997],[109.976206207,-1.74803254399995],[109.984101507,-1.73995678199998],[110.000168941,-1.71438419199995],[110.016874018,-1.70025100499993],[110.026565373,-1.68274579399997],[110.033115398,-1.66364008499994],[110.041976035,-1.58278215299993],[110.035609638,-1.52382812199994],[110.044224471,-1.49476763899997],[110.056468162,-1.47655655999995],[110.060349756,-1.46432777399997],[110.064088457,-1.46007212799998],[110.057056355,-1.43461192399997],[110.07180537,-1.42118885099995],[110.074411123,-1.40515080599994],[110.074548743,-1.38770903299996],[110.067221123,-1.36480330799998],[110.073190258,-1.36059755899993],[110.077227039,-1.36385181099996],[110.076448685,-1.35947628899993],[110.094420163,-1.35278145399997],[110.107608956,-1.35337995199995],[110.117689181,-1.35675786399997],[110.127737149,-1.35573233399992],[110.139118608,-1.34983648499997],[110.141367747,-1.34469128299997],[110.147776245,-1.34633308599996],[110.15003368,-1.35150382799998],[110.170092299,-1.35463433599995],[110.171408495,-1.34996293699993],[110.175480788,-1.34883192399997],[110.175173646,-1.34282410799995],[110.180180191,-1.34121018099995],[110.187492734,-1.34205036699996],[110.188454892,-1.34506652099998],[110.198848509,-1.34185068599993],[110.200048079,-1.33884481399997],[110.20782953,-1.33852183599993],[110.21147124,-1.34364517599994],[110.217064471,-1.34437462099993],[110.218759881,-1.33759667299995],[110.223517035,-1.33501316999997],[110.220359466,-1.33298244499997],[110.218973581,-1.32354189399996],[110.214046013,-1.32363606899997],[110.211479709,-1.31697165499997],[110.214530379,-1.31093134299994],[110.211653375,-1.30918315499997],[110.211417486,-1.30300776499996],[110.215676022,-1.29757577899994],[110.217629851,-1.28527360899994],[110.224523785,-1.28641520899993],[110.229483639,-1.28437787799993],[110.233944395,-1.28689652999998],[110.252200555,-1.28842961599997],[110.261850664,-1.28526847799998],[110.284112601,-1.28349155599994],[110.293993171,-1.27922123699994],[110.295573526,-1.27126344599998],[110.322267879,-1.25601146799994],[110.348351531,-1.25829575099993],[110.356499201,-1.25590796199998],[110.369449159,-1.25707940099994],[110.372089539,-1.25453083799994],[110.379582325,-1.25807519599994],[110.386279729,-1.25614274199995],[110.393074814,-1.26248974699996],[110.397412786,-1.26181575899994],[110.400996755,-1.25726330599997],[110.406877501,-1.26373105699997],[110.411159804,-1.26423876999996],[110.421809163,-1.25955442399993],[110.41667439,-1.25677691899995],[110.411618036,-1.24904367099992],[110.401072849,-1.24385057199993],[110.399691712,-1.23800853899996],[110.3934804,-1.23308535199993],[110.397052656,-1.22194961599996],[110.396777212,-1.21766380099996],[110.393793342,-1.21545257799994],[110.396218541,-1.21043427599994],[110.393762158,-1.20254488299997],[110.385142957,-1.19824790799993],[110.385629978,-1.19166747499997],[110.378252546,-1.19067398799996],[110.379996144,-1.18488155499995],[110.364861524,-1.17087280199996],[110.359350828,-1.17275301099994],[110.35147198,-1.16562335899994],[110.343793396,-1.15551839999995],[110.344219598,-1.14635416599998],[110.336702322,-1.13804902899994],[110.325240518,-1.13166424299993],[110.327306467,-1.11836349799995],[110.324561725,-1.11436875099997],[110.330450811,-1.11162999099997],[110.335566652,-1.10532203999998],[110.340249431,-1.11205115599995],[110.350952445,-1.10983587699997],[110.356739294,-1.11208208899995],[110.36058444,-1.10912756699997],[110.357733377,-1.10632291899998],[110.358275894,-1.07437151699997],[110.33884266,-1.07293097899998],[110.340330041,-1.05634948699998],[110.343261537,-1.05633045099995],[110.342797644,-1.05350284899993],[110.314824523,-1.03460419899994],[110.311049871,-1.02570143399993],[110.275162039,-1.00097817799997],[110.269229685,-1.00049656399995],[110.269090522,-0.986918902999946],[110.280743313,-0.98678766699993],[110.281421619,-0.975414481999962],[110.276026191,-0.97536391899996],[110.271984464,-0.965881743999944],[110.242979227,-0.965835549999952],[110.241524496,-0.933299415999954],[110.165006002,-0.934695466999926],[110.164863082,-0.923223232999931],[110.160027333,-0.92405641299996],[110.152715205,-0.913011873999949],[110.157040014,-0.910210935999942],[110.155637422,-0.90891212899993],[110.159483387,-0.909365803999947],[110.154575415,-0.905193967999935],[110.162223991,-0.900729690999924],[110.160744285,-0.898694864999925],[110.16413883,-0.897552746999963],[110.163358563,-0.893872544999965],[110.167628386,-0.891579339999964],[110.164853147,-0.887934585999972],[110.165995161,-0.884889100999942],[110.169615612,-0.883609387999968],[110.166572652,-0.880516168999975],[110.166684948,-0.856962217999978],[110.143704687,-0.856936472999962],[110.107492867,-0.818554946999939],[110.077060979,-0.795817233999969],[110.07738547,-0.789427068999942],[110.071769584,-0.773325854999939],[110.063552698,-0.772136888999967],[110.051731507,-0.76189583699994],[110.040533195,-0.760519511999973],[110.036976606,-0.756411156999945],[110.037925958,-0.750586359999943],[110.030053102,-0.748822847999975],[110.020981524,-0.742674520999969],[110.009535179,-0.723821461999933],[110.003686461,-0.723255327999937],[109.997333166,-0.729317132999938],[109.987419634,-0.724548526999968],[109.977645689,-0.725491300999977],[109.973129037,-0.728840260999959],[109.970817466,-0.737533088999953],[109.96492808,-0.740302310999937],[109.94972568,-0.738475265999966],[109.939925616,-0.740539994999949],[109.941292157,-0.732578810999939],[109.932692767,-0.719509174999928],[109.905577709,-0.732036046999951],[109.89815499,-0.732240654999941],[109.887016024,-0.725929016999942],[109.879591105,-0.71669719199997],[109.878829163,-0.711983111999928],[109.884580087,-0.701108460999933],[109.8833354,-0.691051965999975],[109.857923958,-0.658056647999956],[109.842574307,-0.662138786999947],[109.836032591,-0.677119973999936],[109.822290927,-0.674302551999972],[109.820176503,-0.676143285999956],[109.820141252,-0.683183080999925],[109.816689105,-0.684411083999976],[109.811336658,-0.682207571999925],[109.808116515,-0.670119475999968],[109.813777025,-0.644618352999942],[109.819876341,-0.636483342999952],[109.853470648,-0.617069005999952],[109.862338631,-0.606449414999929],[109.865798139,-0.594310570999937],[109.879922978,-0.588439427999958],[109.882196843,-0.58141550199997],[109.879050323,-0.565957565999952],[109.884613283,-0.55441811399993],[109.919141412,-0.532273650999969],[109.93602751,-0.516698645999952],[109.941784769,-0.50536094399996],[109.947197106,-0.500414406999937],[109.962650583,-0.49706181199997],[109.974753051,-0.499508921999961],[109.988596067,-0.485030280999979],[109.99582113,-0.486369546999924],[109.992241583,-0.480237796999972],[109.993878052,-0.473254890999954],[110.005096255,-0.472396937999974],[110.009885286,-0.460910812999941],[110.015100661,-0.458283749999964],[110.014524864,-0.448742655999979],[110.027131239,-0.444928155999946],[110.037432583,-0.435491],[110.035629817,-0.425369968999973],[110.043728723,-0.414587671999925],[110.040165052,-0.405759015999934],[110.040398583,-0.398967796999955],[110.048799848,-0.392878827999937],[110.050684739,-0.387505593999947],[110.07603838,-0.389139983999939],[110.079519567,-0.394984890999979],[110.08803813,-0.399035436999952],[110.098738645,-0.397533561999978],[110.102893738,-0.405454913999961],[110.099843723,-0.407541108999965],[110.103810505,-0.41548096899993],[110.102704958,-0.419058358999962],[110.107831255,-0.419365046999928],[110.106114802,-0.426654452999969],[110.108380427,-0.428665577999936],[110.110887348,-0.428941296999938],[110.109838302,-0.426931468999953],[110.113694692,-0.422659530999965],[110.123900489,-0.423279093999952],[110.131104645,-0.429313530999934],[110.134427989,-0.425079452999967],[110.138546161,-0.427332374999935],[110.13893188,-0.430981186999929],[110.146714302,-0.429345765999926],[110.148345614,-0.436597624999933],[110.15422088,-0.438855577999959],[110.157020442,-0.43274454699997],[110.159846708,-0.432896749999941],[110.162517817,-0.429555577999963],[110.164340567,-0.431768171999977],[110.164830224,-0.429449202999933],[110.170655302,-0.427846233999958],[110.170181552,-0.425380358999973],[110.171985489,-0.427002936999941],[110.182358067,-0.423854452999933],[110.183785192,-0.421456218999936],[110.184587942,-0.423215468999956],[110.187848661,-0.421000702999947],[110.191220317,-0.421872577999977],[110.195700567,-0.420212765999963],[110.197068421,-0.416645143999972],[110.198009115,-0.424740178999969],[110.205002005,-0.421601936999934],[110.208534958,-0.423326171999975],[110.208000395,-0.420743561999927],[110.214132974,-0.419601436999926],[110.216051364,-0.423182749999967],[110.21988013,-0.421764530999951],[110.22022577,-0.428385265999964],[110.225953755,-0.429521640999951],[110.229706302,-0.427630655999963],[110.233241817,-0.436367858999972],[110.239910755,-0.437729858999944],[110.242420786,-0.435595749999948],[110.248735692,-0.441269358999932],[110.252323849,-0.439033265999967],[110.253161005,-0.443467249999969],[110.256047239,-0.442196921999937],[110.258787442,-0.445555265999928],[110.268682396,-0.441379233999953],[110.270488114,-0.438522202999934],[110.272138099,-0.440069968999978],[110.277899192,-0.437669640999957],[110.277821317,-0.442536811999958],[110.282772849,-0.439064905999942],[110.285453036,-0.443120874999977],[110.291079865,-0.444361081999944],[110.302554404,-0.452373683999951],[110.307110037,-0.447150720999957],[110.305948315,-0.443383146999963],[110.311573562,-0.437933009999938],[110.310519228,-0.433186056999944],[110.312931745,-0.433356959999969],[110.312784525,-0.42820956099996],[110.315841795,-0.427269042999967],[110.314110212,-0.423381820999964],[110.320648323,-0.410543877999942],[110.325514665,-0.411269715999936],[110.332318303,-0.405091689999949],[110.335934635,-0.405430555999942],[110.336094913,-0.403161587999932],[110.340909146,-0.400884216999941],[110.343444782,-0.402014512999926],[110.351270577,-0.395915168999977],[110.367964557,-0.39694216099997],[110.378350983,-0.401581234999981],[110.381189153,-0.396984692999979],[110.376217493,-0.388609993999978],[110.377807762,-0.384457372999975],[110.383086917,-0.38153850599997],[110.387371448,-0.387556002999929],[110.39809961,-0.385795058999975],[110.407362712,-0.390219165999952],[110.428971461,-0.384303561999957],[110.43171083,-0.380071765999958],[110.422636989,-0.364722400999938],[110.437163481,-0.339474476999953],[110.441321149,-0.335569546999977],[110.450243723,-0.335835558999975],[110.470217472,-0.324194014999932],[110.474497304,-0.324194238999951],[110.489949078,-0.331812939999963],[110.509674812,-0.324383947999934],[110.518926266,-0.328742287999944],[110.52180209,-0.333889814999964],[110.529699676,-0.338141393999933],[110.530178779,-0.343162423999956],[110.535137678,-0.344318533999967],[110.538034807,-0.350926570999945],[110.557529568,-0.345548168999926],[110.570449987,-0.346455935999927],[110.566191288,-0.354721422999944],[110.561413658,-0.356248677999929],[110.565044108,-0.366063892999932],[110.562553959,-0.371802035999963],[110.567142045,-0.375341780999975],[110.574970974,-0.38999175899994],[110.58205711,-0.387634153999954],[110.588831899,-0.394874656999946],[110.597551914,-0.395344823999949],[110.600146818,-0.400491476999946],[110.598895943,-0.405869304999953],[110.613554681,-0.430239416999939],[110.611840912,-0.437726899999973],[110.61524015,-0.43810581799994],[110.617982815,-0.443534539999973],[110.618120626,-0.46120001099996],[110.613941401,-0.472716742999978],[110.620549589,-0.486744041999941],[110.616997605,-0.496015636999971],[110.61779725,-0.499999998999954],[110.615303008,-0.499998330999972],[110.6149306,-0.509933843999931],[110.622528356,-0.531152495999947],[110.629663871,-0.54032740699995],[110.633499339,-0.550339380999958],[110.626803574,-0.557999379999956],[110.620289538,-0.559078542999941],[110.616756591,-0.564556213999936],[110.619189872,-0.566446628999927],[110.628265773,-0.565969672999927],[110.628058841,-0.569579456999975],[110.631694878,-0.570590296999967],[110.631221748,-0.577658736999979],[110.634813495,-0.587340428999937],[110.647729149,-0.589611433999949],[110.653418401,-0.598712831999933],[110.656554898,-0.59856827599998],[110.663688678,-0.608177874999967],[110.674689925,-0.616782111999953],[110.690428349,-0.617939089999936],[110.693258597,-0.615185946999929],[110.696290317,-0.61831762199995],[110.699400227,-0.616565832999925],[110.703977165,-0.62050925099993],[110.711792198,-0.619437940999944],[110.717176712,-0.622511499999973],[110.763791249,-0.621260866999933],[110.771562546,-0.611294720999979],[110.782258696,-0.606284869999968],[110.809995316,-0.597838963999948],[110.82394469,-0.599851446999935],[110.841343065,-0.608020601999954],[110.852440712,-0.61926079999995],[110.856182867,-0.630717736999941],[110.863619613,-0.635455002999947],[110.863928398,-0.64289883899994],[110.867284183,-0.645504813999935],[110.865531931,-0.652352380999957],[110.870271182,-0.66366856999997],[110.871219277,-0.673162175999948],[110.878909608,-0.675107448999938],[110.882605853,-0.67058091399997],[110.885419521,-0.674353425999925],[110.893383804,-0.676044093999963],[110.895429101,-0.68071034999997],[110.903291485,-0.673652748999928],[110.908490119,-0.675565801999937],[110.908012825,-0.66981814199994],[110.911910765,-0.664780590999953],[110.922459701,-0.669315635999965],[110.930144142,-0.677567600999964],[110.934775776,-0.676023570999973],[110.93178329,-0.670026096999948],[110.934659689,-0.650172491999967],[110.960248572,-0.643027823999944],[110.96589886,-0.635930921999943],[110.965923729,-0.628664674999925],[110.96995778,-0.626032585999951],[110.965413309,-0.619056925999928],[110.961912236,-0.618067488999941],[110.964388428,-0.614964734999944],[110.962616521,-0.611908453999945],[110.95735116,-0.611723667999968],[110.955005984,-0.613967487999957],[110.954724283,-0.610788878999927],[110.960145746,-0.607326753999928],[110.959550961,-0.603039390999925],[110.948720467,-0.598262747999968],[110.949668561,-0.594916974999933],[110.940792814,-0.582956084999978],[110.931804508,-0.562135525999963],[110.927690416,-0.557603231999963],[110.936548519,-0.549608428999932],[110.941133255,-0.54835294399993],[110.947081957,-0.533967095999969],[110.955150138,-0.532177525999941],[110.961645762,-0.521233267999946],[110.965864969,-0.520656302999953],[110.958732448,-0.509464713999932],[110.963717829,-0.497184261999962],[110.963147214,-0.48526327999997],[110.966076716,-0.481519453999965],[110.99001374,-0.493958149999969],[111.00097936,-0.495062970999925],[111.007658399,-0.506036184999971],[111.012540361,-0.50190863399996],[111.0231898,-0.507536028999937],[111.026438351,-0.506287487999941],[111.042281498,-0.509960608999961],[111.045182074,-0.508413499999961],[111.06000183,-0.512358001999928],[111.071928711,-0.501302077999981],[111.077229737,-0.505753288999927],[111.090699645,-0.502278951999926],[111.100604929,-0.50663257399998],[111.107260259,-0.505039532999945],[111.110567194,-0.500668146999942],[111.125561696,-0.507301942999959],[111.130321894,-0.515092921999951],[111.139697259,-0.51274624399997],[111.139796291,-0.510712130999934],[111.149326571,-0.511756490999971],[111.149874527,-0.513709251999956],[111.155837487,-0.51125355299996],[111.161920534,-0.517217513999924],[111.171185934,-0.518168386999946],[111.174371094,-0.517843604999939],[111.177731575,-0.511161381999955],[111.184341985,-0.51262617499998],[111.185222222,-0.515277777999927],[111.186447061,-0.511942587999954],[111.192847712,-0.509821773999931],[111.192071997,-0.513800272999958],[111.197693144,-0.522496155999931],[111.212976505,-0.530784863999941],[111.220325611,-0.54237954599995],[111.22241289,-0.561949196999933],[111.227677624,-0.566796339999939],[111.227333027,-0.571659260999979],[111.232963923,-0.575492624999924],[111.235015164,-0.579459594999946],[111.232436371,-0.583607462999964],[111.237872297,-0.587370208999971],[111.23967233,-0.591598099999942],[111.239066444,-0.598237780999966],[111.234144329,-0.599363056999948],[111.23661297,-0.603543922999961],[111.234751334,-0.614479563999964],[111.240553721,-0.623360113999979],[111.234490578,-0.632755857999939],[111.229699113,-0.63160707399993],[111.216250033,-0.635789540999951],[111.21446235,-0.647332294999956],[111.215946624,-0.658477544999926],[111.225991307,-0.669277702999977],[111.241429136,-0.692684828999973],[111.239655952,-0.707054592999953],[111.242677318,-0.718164416999969],[111.236241069,-0.732852200999957],[111.238352762,-0.73472639299996],[111.240699654,-0.73254316799995],[111.243779212,-0.735329322999974],[111.237545323,-0.743846145999953],[111.223703354,-0.754087811999966],[111.215588638,-0.771117002999972],[111.207279832,-0.782271721999962],[111.209155346,-0.788062071999946],[111.205771635,-0.794776762999959],[111.207229456,-0.809227176999968],[111.205548309,-0.814650248999953],[111.208038635,-0.819025408999948],[111.212214182,-0.818888099999924],[111.21495384,-0.823254154999972],[111.21044813,-0.831509873999948],[111.215140921,-0.841502543999979],[111.218222253,-0.842793364999977],[111.214939401,-0.856396038999947],[111.213330524,-0.853662400999951],[111.206165752,-0.852065028999959],[111.2058109,-0.842001712999945],[111.198207209,-0.83935826499993],[111.198583878,-0.835760377999975],[111.187259291,-0.822614433999945],[111.183816061,-0.824457786999972],[111.181509245,-0.829944969999929],[111.176086892,-0.831604372999948],[111.172148109,-0.848340667999935],[111.16130434,-0.845851628999981],[111.160495967,-0.849413575999961],[111.155923912,-0.852049782999927],[111.151734882,-0.865019350999944],[111.157295101,-0.876800910999975],[111.161247208,-0.880055334999952],[111.160536882,-0.883623730999943],[111.166754661,-0.887272184999972],[111.164565858,-0.897393403999956],[111.168013597,-0.902068959999951],[111.165384293,-0.90610664299993],[111.167020618,-0.91127708199997],[111.147045578,-0.923055252999973],[111.141533365,-0.92187030599996],[111.135736699,-0.924633890999928],[111.13068012,-0.930361653999967],[111.121876585,-0.930965198999957],[111.120969806,-0.939910708999946],[111.116198182,-0.942871962999959],[111.114086757,-0.951891727999964],[111.122202343,-0.963357261999931],[111.128702562,-0.960278228999925],[111.145490254,-0.961375650999969],[111.150613142,-0.964934383999946],[111.146268783,-0.971383944999957],[111.143710447,-0.985157157999936],[111.147029403,-0.992710515999931],[111.142711338,-1.00341160299996],[111.144673969,-1.00724679799993],[111.155261333,-1.01288755299993],[111.176433149,-1.01043808099996],[111.182443042,-1.01802115699996],[111.192880435,-1.01756708899995],[111.198274153,-1.01974416299993],[111.20235011,-1.02448213099996],[111.200734992,-1.02860734299998],[111.205271043,-1.03406651899996],[111.204015636,-1.03780084999994],[111.207278358,-1.04128820799997],[111.213719895,-1.04259776799995],[111.216927164,-1.04741415199993],[111.216024081,-1.05706014499998],[111.222198324,-1.05446506599998],[111.227572333,-1.05760987599996],[111.232967247,-1.05496528099997],[111.239786356,-1.05686210299996],[111.238787986,-1.06266461599995],[111.241556618,-1.06888334499996],[111.247278758,-1.07313895999994],[111.248754252,-1.08602674699995],[111.255300989,-1.08873858599998],[111.262193726,-1.09861455799995],[111.260475441,-1.10864675499994],[111.256116452,-1.11146249199993],[111.253489187,-1.11860803599996],[111.258503371,-1.12814442099994],[111.256067561,-1.13761233799994],[111.250208027,-1.14391745999995],[111.248807046,-1.15456164899996],[111.245239869,-1.16147879799996],[111.248151706,-1.16705015299993],[111.239076434,-1.17383193799998],[111.238463957,-1.18039526199993],[111.234391286,-1.18220320399996],[111.235054257,-1.18819282099997],[111.232528707,-1.18983035699995],[111.246613557,-1.19351889199993],[111.246150579,-1.19679346099997],[111.254419354,-1.20032336199995],[111.257151974,-1.20983071399996],[111.262421694,-1.21495881399994],[111.261654272,-1.22615611099997],[111.256738368,-1.22794209599994],[111.255689253,-1.23591820299993],[111.258548948,-1.24014056199997],[111.255387219,-1.24972524199995],[111.267339686,-1.25268972999993],[111.27073584,-1.25797713699995],[111.291886241,-1.25669007899995],[111.300209816,-1.25886792799997],[111.309230134,-1.25576144899998],[111.316005323,-1.25742787399997],[111.31469486,-1.26183550399998],[111.317580466,-1.26605899399993],[111.310029844,-1.27176524399994],[111.308841201,-1.27600228299997],[111.313432747,-1.28775491399995],[111.318712375,-1.28600683699995],[111.315884063,-1.30115659399996],[111.320902738,-1.30446408199992],[111.33596258,-1.30680794899996],[111.341145733,-1.31266108299997],[111.341518558,-1.32098851899997],[111.331879836,-1.33370614999995],[111.330418833,-1.34293353899994],[111.333033259,-1.34885444599996],[111.327358956,-1.35503877899993],[111.325148227,-1.36292050699996],[111.32670459,-1.36711557599995],[111.318323805,-1.36782255699995],[111.311018788,-1.37349355599997],[111.308869103,-1.38571718999998],[111.305730088,-1.38945180999997],[111.292386231,-1.38150633399994],[111.284105571,-1.38348989299993],[111.285323349,-1.38969375199997],[111.282103054,-1.39402344199993],[111.28210797,-1.40014801199993],[111.27728115,-1.40578941599995],[111.270055588,-1.40738890799997],[111.261779356,-1.41385293799993],[111.259924531,-1.41708468799993],[111.260140023,-1.42986720099998],[111.254218569,-1.43812625199996],[111.245964927,-1.43475848799994],[111.230457714,-1.43884691299996],[111.227560484,-1.43533483399995],[111.225391614,-1.43935010699994],[111.218684182,-1.43798633199998],[111.203771564,-1.44279914299995],[111.198457199,-1.44982061299993],[111.202775354,-1.45537129099995],[111.200014476,-1.47486998799997],[111.180726767,-1.47676835299995],[111.17948045,-1.46796779399995],[111.182241328,-1.45813216799996],[111.175856798,-1.45105741999993],[111.17614434,-1.44473996599993],[111.160730906,-1.43296387299995],[111.1560475,-1.43181755699993],[111.155031534,-1.43570328199996],[111.144052354,-1.43971209799997],[111.138400495,-1.44474151599997],[111.133940978,-1.44288878299994],[111.131810265,-1.44698357199997],[111.132775674,-1.45130155099997],[111.128096743,-1.45005134799993],[111.126860084,-1.45293588899995],[111.123815473,-1.45059018199993],[111.122626668,-1.45882475499997],[111.118202682,-1.45959099399994],[111.111067455,-1.46576724299996],[111.114255081,-1.47390583999993],[111.119249874,-1.47184694999993],[111.119583669,-1.48683181899997],[111.115802891,-1.49091988699996],[111.111184083,-1.48717245399996],[111.098709487,-1.48697885199994],[111.095953382,-1.49843550199995],[111.083808968,-1.50187936999993],[111.086641587,-1.50457587299996],[111.084047377,-1.50593231199997],[111.079649367,-1.52504273799997],[111.07162177,-1.52870546599996],[111.067375957,-1.52759250799994],[111.064949625,-1.52181166599996],[111.060739472,-1.51944197099994],[111.054816826,-1.51994481999998],[111.049775473,-1.51650548299995],[111.037976656,-1.52960398699997],[111.034943942,-1.52881410099997],[111.03383784,-1.52511576599994],[111.030703622,-1.52542219199995],[111.028450244,-1.51743188699993],[111.022848657,-1.51373360099996],[111.021992316,-1.50823993899996],[111.024882235,-1.50482880499993],[111.011467144,-1.50547523199998],[111.006306514,-1.50362579099993],[111.001084716,-1.51405687899995],[110.995804285,-1.51337465499995],[110.975588557,-1.53475913899996],[110.97383429,-1.53915764399994],[110.966192955,-1.54424426599996],[110.970616378,-1.54720365099996],[110.969701288,-1.55202402499998],[110.962505913,-1.55577013499993],[110.957745531,-1.55030250699997],[110.952644998,-1.54919034899996],[110.940644783,-1.55742850499996],[110.935042189,-1.55730930099998],[110.92661202,-1.57146023999996],[110.921759609,-1.57135234299994],[110.918084465,-1.57526598699997],[110.910626074,-1.59347035899998],[110.903778139,-1.60164894199994],[110.899815266,-1.60136903899996],[110.896639598,-1.60431319399993],[110.887006294,-1.59863949399994],[110.87919149,-1.61389919599998],[110.872376139,-1.62082867799995],[110.869129276,-1.62011034599993],[110.863634224,-1.62438281999994],[110.863136042,-1.62867954499995],[110.870845069,-1.63612315599994],[110.86806945,-1.64666501899995],[110.869091588,-1.65109740299994],[110.87676235,-1.66115163499995],[110.873336694,-1.66549606699994],[110.884112525,-1.66319873699996],[110.892892198,-1.65682296099993],[110.901736961,-1.67524025799997],[110.904405699,-1.67642040899995],[110.901950671,-1.68281648399994],[110.903127931,-1.68744844799994],[110.916965126,-1.69303636999996],[110.919589254,-1.69333016699994],[110.922950007,-1.68935489199993],[110.93338689,-1.67202631199996],[110.934148259,-1.66699945999994],[110.940547284,-1.66046472199997],[110.938358905,-1.65847784099998],[110.948367583,-1.65298446799994],[110.954671269,-1.65080032399993],[110.967218945,-1.65792198699995],[110.979112731,-1.64837705799994],[110.994308993,-1.65008633799994],[110.998350967,-1.65388334399995],[110.999943259,-1.65731289699994],[110.993831041,-1.66704843199994],[110.993206592,-1.67494781499994],[110.993176838,-1.68057313399993],[110.997577549,-1.68368502199996],[110.986337858,-1.68515114899998],[110.984464545,-1.68912476299994],[110.994360792,-1.70694598799997],[111.001189921,-1.70640520199993],[111.005636544,-1.71182329299995],[111.010050971,-1.71286830599996],[111.010140191,-1.71571088599995],[111.014154417,-1.71403523299995],[111.01483829,-1.70975639699998],[111.022063939,-1.71358632999994],[111.025802742,-1.71986201499993],[111.020577363,-1.73001346499996],[111.021201868,-1.73578838299994],[111.024234974,-1.74314912999995],[111.022629292,-1.74620118199994],[111.026291539,-1.75224487499997],[111.024144107,-1.75478274999995],[111.020874979,-1.75392104899993],[111.021023737,-1.76098261099997],[111.017187851,-1.76463311899994],[111.016373346,-1.76930780299995],[111.013500646,-1.77043799399996],[111.014071592,-1.78181714599998],[111.008393566,-1.78597495799994],[110.995101479,-1.78791989299998],[110.991979128,-1.79848230199997],[110.979013952,-1.80748867999995],[110.972680041,-1.80931382899996],[110.96887368,-1.81389181199995],[110.969110395,-1.81614597999993],[110.973333555,-1.81688230799995],[110.971977253,-1.82299808199997],[110.977830461,-1.82849980699996],[110.971428635,-1.83719338399993],[110.959675292,-1.84063536599996],[110.952295618,-1.84618751299996],[110.94848502,-1.86954946999992],[110.950326754,-1.88761502999995],[110.951595517,-1.88939155799994],[110.954043536,-1.88693235799997],[110.96039166,-1.88930630399994],[110.960069851,-1.89164921699995],[110.964128745,-1.89477244999995],[110.966525684,-1.89967947099996],[110.964724157,-1.90980588499997],[110.970814386,-1.91966823399997],[110.981523882,-1.92869879499995],[110.987719302,-1.94037477599994],[110.98508859,-1.94743586999994],[110.987134584,-1.95313300099997],[110.991940397,-1.95547889999995],[110.999969944,-1.94736412299994],[111.00388136,-1.96274295099994],[111.009055994,-1.96568723699994],[111.009519946,-1.96920603899997],[111.055037406,-1.95717424099996],[111.058713356,-1.96291910099995],[111.078567221,-1.96285843799996],[111.086361391,-1.96536292199994],[111.09345951,-1.97392010599998],[111.089193451,-1.98209879799992],[111.098174689,-1.98060219899997],[111.101446518,-1.98862103199997],[111.078861922,-2.00944342299994],[111.083592635,-2.02510387499996],[111.087873042,-2.02630692299994],[111.085976116,-2.03489280799994],[111.088152812,-2.04486269099993],[111.079816586,-2.04641175499995],[111.075725005,-2.04857390999996],[111.075626659,-2.05120541399998],[111.066319481,-2.05173961299994],[111.066121834,-2.05629940599994],[111.058386557,-2.05928064699998],[111.058957971,-2.06981308499996],[111.057126036,-2.07309856199993],[111.067872854,-2.08834530799993],[111.066445515,-2.09432014299995],[111.069530017,-2.11454231599993],[111.065532771,-2.11626598199996],[111.065920479,-2.12558782499997],[111.061923283,-2.12937967299996],[111.059885705,-2.13870336599996],[111.05120131,-2.15048087599996],[111.050321287,-2.16142028899998],[111.04235036,-2.16718944199994],[111.036473175,-2.16836252799993],[111.034165307,-2.17678854099995],[111.040327351,-2.17826982799994],[111.039114692,-2.18150408299994],[111.042401356,-2.18545388399997],[111.041756112,-2.18940334699994],[111.038186967,-2.19198867799997],[111.041565903,-2.19481319799996],[111.037045075,-2.20237752799994],[111.040067122,-2.20575261899995],[111.029426301,-2.20609478199998],[111.02643165,-2.21402016599995],[111.029323977,-2.22074963299997],[111.026197921,-2.21974703299998],[111.025316638,-2.22413492899994],[111.022915377,-2.22396307199995],[111.029507723,-2.23039549599997],[111.030466432,-2.23456146999996],[111.034679164,-2.23769645199997],[111.039046096,-2.23742549099995],[111.041978598,-2.25084189299997],[111.045902777,-2.25179382299996],[111.050090699,-2.24810733199996],[111.056468116,-2.25275094399996],[111.060085594,-2.26553334099998],[111.069604444,-2.27539509499996],[111.070318602,-2.28109214599993],[111.084142659,-2.29535732199997],[111.090568024,-2.30062313699995],[111.095448404,-2.29660207099994],[111.102466472,-2.30337511799996],[111.103775568,-2.30732467799993],[111.100779798,-2.31072471399995],[111.105682053,-2.31263933999998],[111.115582681,-2.32747968299998],[111.116509335,-2.33886106299997],[111.112493315,-2.34745691999996],[111.1066845,-2.35227941999995],[111.109851451,-2.36545759199993],[111.106277487,-2.37266936099996],[111.116395516,-2.37262532299997],[111.106550693,-2.41182790899995],[111.114728191,-2.42279771299997],[111.113832327,-2.42802928899994],[111.117208144,-2.43196038099995],[111.113583912,-2.44558728399994],[111.09984038,-2.45065111199995],[111.099127538,-2.46573892099997],[111.102426648,-2.47130114799995],[111.103323134,-2.48026591999997],[111.101813426,-2.48308843399997],[111.107530826,-2.49322117999998],[111.107021234,-2.50630569699996],[111.114399542,-2.51600279499996],[111.112440834,-2.52123393399995],[111.11826801,-2.53071255199995],[111.125882559,-2.53888867499995],[111.128881524,-2.53975011699993],[111.134307729,-2.53644622899998],[111.137735373,-2.53984494799994],[111.146964016,-2.54175676299997],[111.142562982,-2.56072747499996],[111.131284893,-2.55811019799995],[111.127291577,-2.56210336099997],[111.128997652,-2.57323610099996],[111.133996436,-2.57820254799998],[111.129875049,-2.58463944499994],[111.13161843,-2.59884861299997],[111.138320063,-2.61267702399994],[111.156531562,-2.63666587299997],[111.159676623,-2.66118905699994],[111.175941438,-2.68839732499993],[111.170363922,-2.70695482799994],[111.157894698,-2.71852554499998],[111.147597193,-2.74141180799995],[111.128395861,-2.75321409599997],[111.112422154,-2.75901489999995],[111.100765006,-2.76888632299995],[111.08268237,-2.77277797899995],[111.062042156,-2.78228774399997],[111.032159295,-2.78599301599996],[111.012419287,-2.79476846899996],[111.00618034,-2.80238036399993],[110.998660767,-2.82645241899996],[110.990924608,-2.83424195399994],[110.976256171,-2.84190001199994],[110.97143919,-2.85401384799997],[110.965312078,-2.85810651999998],[110.92867165,-2.86831708499994],[110.918031246,-2.86589122499993],[110.894501351,-2.86961714299997],[110.879098554,-2.88180964999998],[110.861313035,-2.88891567199994],[110.854601624,-2.88412381599994],[110.846478144,-2.88604641999996],[110.84185961,-2.89324190999997],[110.827403433,-2.90540745999994],[110.806034485,-2.90819440399997],[110.793397346,-2.91244015799992],[110.773969602,-2.92563264299997],[110.753192833,-2.94498847799997],[110.74505577,-2.96021058399998],[110.741298899,-2.97396862799997],[110.732447353,-2.98678104199996],[110.733212499,-2.99644711599996],[110.724157826,-3.00337346199996],[110.695748446,-3.01522828199995],[110.676830618,-3.02628155299993],[110.672400369,-3.03152234699996],[110.660915053,-3.03381240399995],[110.6571041,-3.03988433899997],[110.65527136,-3.03781622699995],[110.649630742,-3.03954980799995],[110.626720715,-3.02918554999997],[110.622782952,-3.02108165799996],[110.627605688,-3.01743300399994],[110.625570714,-3.01520620299993],[110.627988209,-3.01282534799998],[110.610857047,-2.99045870699996],[110.611925416,-2.98450187299994],[110.635365131,-2.99250333899994],[110.644047491,-2.98981662799997],[110.637523699,-2.98172818499995],[110.633525344,-2.92593475799993],[110.623460549,-2.88946692999997],[110.61580654,-2.87396219699997],[110.596518355,-2.85295627899995],[110.563570898,-2.83888528599994],[110.552571113,-2.83911666799997],[110.535380189,-2.84484969499994],[110.532927318,-2.85102933199994],[110.508827441,-2.85327870799995],[110.48999649,-2.86010782099993],[110.416114226,-2.89850042599994],[110.351747428,-2.94661526699997],[110.318125643,-2.97800273799993],[110.306675677,-2.99093034999993],[110.305804793,-2.99636265799995],[110.300608051,-2.98986673099995],[110.300200529,-2.98436517899995],[110.293847367,-2.97888052199994],[110.280712743,-2.97001702899996],[110.265151068,-2.96486549599996],[110.259797281,-2.96078472199997],[110.24771829,-2.91818874099994],[110.224102394,-2.88723913199993],[110.237359493,-2.87307862599994],[110.252565376,-2.84838059299994],[110.262817416,-2.81492475199997],[110.264983533,-2.79212068399994],[110.263849036,-2.77911837799996],[110.257805241,-2.76021537399993],[110.235220634,-2.74633114099993],[110.227006235,-2.74375703299995],[110.224238636,-2.74027049599994],[110.21805595,-2.73981979599995],[110.231315288,-2.72334689199994],[110.231737175,-2.71713466499995],[110.228102087,-2.71281363799994],[110.233472828,-2.69748291099995],[110.230656023,-2.68967477699994],[110.222018144,-2.68309057599993],[110.221150532,-2.67536252699995],[110.216991823,-2.67051130099998],[110.218920952,-2.66311787999996],[110.216469307,-2.65264088599997],[110.212103883,-2.64576878399993],[110.192891945,-2.63526619999993],[110.180037376,-2.63437849699994],[110.171033703,-2.63095092899994],[110.159211864,-2.63499345199995],[110.157790472,-2.62895826199997],[110.150580021,-2.62586198299994],[110.152035021,-2.62319602299993],[110.148674236,-2.62190090699994],[110.150846132,-2.61740857199993],[110.157293496,-2.61802976099995],[110.152944712,-2.61406948699994],[110.157186258,-2.61467453099993],[110.155620437,-2.61211814499995],[110.159381216,-2.61013082099993],[110.157297395,-2.60861435699996],[110.161913259,-2.60905169899996],[110.162637671,-2.60188272399995],[110.166169044,-2.59995008199996],[110.167385344,-2.60250470399995],[110.169191058,-2.59969465999995],[110.170383629,-2.60250336999997],[110.174323933,-2.60273244399997],[110.176090858,-2.59838305899996],[110.172728631,-2.59789979199996],[110.176699222,-2.59606667599996],[110.176225157,-2.59330541399993],[110.179060638,-2.59086762499993],[110.183571764,-2.59031043999994],[110.19003058,-2.57119793899994],[110.190766597,-2.54720291599995],[110.197143932,-2.52090815799994],[110.189673948,-2.50209430599995],[110.184387685,-2.49859617599998],[110.185627737,-2.48915248399993],[110.180840278,-2.45560879699997],[110.173685292,-2.45060678399994],[110.164502476,-2.43820784599995],[110.159823287,-2.43481259499993],[110.155271367,-2.43509216299998],[110.152822782,-2.43087787699994],[110.151133503,-2.43048188799997],[110.147982116,-2.42793085299996],[110.147166148,-2.42787791899997],[110.151184769,-2.42459399299997],[110.153062886,-2.40824778899997],[110.148694614,-2.37247469799996],[110.143530923,-2.35331181299995],[110.145464194,-2.34989346299994],[110.14572433,-2.33150569799994],[110.138869437,-2.30547857699997],[110.121857876,-2.27443701399994],[110.102140033,-2.24999999999994],[110.087476742,-2.24152500299994],[110.08489838,-2.24415137199998],[110.078882718,-2.24369641399994],[110.076911264,-2.24787767399994],[110.064354349,-2.24851585799996],[110.061834068,-2.24581565699998],[110.071160235,-2.23713951599996],[110.077432222,-2.24234320999994],[110.081919494,-2.24042531999993],[110.087369298,-2.23444037799993],[110.091372284,-2.22489306999995],[110.093863529,-2.19988223699994],[110.090852067,-2.19299807099998],[110.087539483,-2.19426695699997],[110.084486575,-2.19104771199994],[110.085196874,-2.17906303699993],[110.089570634,-2.17958627399997],[110.102551822,-2.16667789099995],[110.10889622,-2.15578667999995],[110.115943406,-2.12639441499994],[110.115035549,-2.11214087499997],[110.118788089,-2.09810300699996],[110.119557112,-2.07780811599997],[110.118128205,-2.06059835799994],[110.112384946,-2.04401808699993],[110.120263935,-2.02985353799994],[110.108923849,-2.02652316599995],[110.105511694,-1.99832542299993],[110.099909329,-1.98531156499996],[110.099954918,-1.98018482399993],[110.07507067,-1.93940132699993],[110.062474277,-1.92770487299993],[110.035263734,-1.91489443799998]]],[[[109.922300048,-1.82974515299998],[109.920052257,-1.82988140899994],[109.918518995,-1.82839662099997],[109.919280384,-1.82796030099996],[109.922300048,-1.82974515299998]]],[[[109.922596416,-1.82300907699994],[109.919187512,-1.82255787499997],[109.918449322,-1.81992776799996],[109.920947326,-1.82031320199997],[109.922596416,-1.82300907699994]]],[[[109.917600783,-1.82121432199995],[109.91787497,-1.82011355999992],[109.918088329,-1.82134718799995],[109.917600783,-1.82121432199995]]],[[[109.922434117,-1.81901224799998],[109.923622455,-1.82056383599996],[109.922086883,-1.81896417299993],[109.922434117,-1.81901224799998]]],[[[109.938821671,-1.77420013999995],[109.928219125,-1.76476427299997],[109.929076405,-1.76294584199997],[109.938821671,-1.77420013999995]]],[[[110.049498,-1.44064199999997],[110.049234,-1.44041999999996],[110.049566,-1.44049699999994],[110.049498,-1.44064199999997]]],[[[110.024559401,-1.43681575899996],[110.021539929,-1.43500743799996],[110.021670946,-1.43449291199994],[110.024559401,-1.43681575899996]]],[[[110.047944077,-1.43033950299997],[110.053978235,-1.43424809199996],[110.049681467,-1.43862627199996],[110.046886015,-1.43556630099994],[110.047944077,-1.43033950299997]]],[[[110.016018507,-1.42798280999995],[110.020733974,-1.43445660699996],[110.019001727,-1.43671523399996],[110.016262347,-1.43615878099996],[110.012669376,-1.42968546599997],[110.013260336,-1.42690937599997],[110.014914518,-1.42924605099995],[110.016018507,-1.42798280999995]]],[[[110.004675111,-1.42922086499993],[110.004201001,-1.42569758099995],[110.00701717,-1.42458826799998],[110.007739003,-1.42719259799998],[110.004675111,-1.42922086499993]]],[[[110.204966872,-3.06672693799993],[110.202356911,-3.06659417099996],[110.203355166,-3.06430146999998],[110.204966872,-3.06672693799993]]],[[[110.201223416,-3.06404737299994],[110.200824114,-3.06435116799997],[110.200824114,-3.06412332199994],[110.201223416,-3.06404737299994]]],[[[110.217239,-3.06058399999995],[110.217797,-3.06016199999993],[110.217822,-3.06106999999997],[110.217239,-3.06058399999995]]],[[[110.22509172,-3.04163633499996],[110.223722684,-3.03988472799995],[110.224064943,-3.03918693299994],[110.22509172,-3.04163633499996]]],[[[110.113911712,-2.90020007099997],[110.112666105,-2.90058530999994],[110.113025662,-2.89966073599993],[110.113911712,-2.90020007099997]]],[[[110.168723237,-2.85253749399993],[110.201707407,-2.88366643699993],[110.200614331,-2.89334648999994],[110.191961725,-2.90255041499995],[110.192869186,-2.91193348299993],[110.184777781,-2.90844274099993],[110.171994216,-2.91498189699996],[110.166416376,-2.91200987399998],[110.161291879,-2.91411229399995],[110.159526581,-2.90624129699995],[110.155775575,-2.90528110499997],[110.156501344,-2.90246695099995],[110.153360964,-2.89989881399993],[110.148483251,-2.90313107699995],[110.145630295,-2.89824628699995],[110.140998893,-2.90314453599996],[110.13601104,-2.90090045699998],[110.13133436,-2.89019341199997],[110.135945912,-2.88631000099997],[110.152007726,-2.88295396899997],[110.155023701,-2.87985430899994],[110.16167608,-2.86498152199994],[110.159217636,-2.85658985399994],[110.168723237,-2.85253749399993]]],[[[110.162698961,-2.84931937599993],[110.161198901,-2.84986877499995],[110.161414022,-2.84864826899997],[110.162698961,-2.84931937599993]]],[[[110.168012527,-2.84202318899997],[110.169321527,-2.84233528599998],[110.168154648,-2.84300461099997],[110.168012527,-2.84202318899997]]],[[[110.166632837,-2.84070578599994],[110.167656649,-2.84037144299998],[110.167418386,-2.84068241999995],[110.166632837,-2.84070578599994]]],[[[110.170964639,-2.84145089099997],[110.168086525,-2.83840911599998],[110.168396593,-2.83754769399997],[110.170964639,-2.84145089099997]]],[[[110.172608056,-2.84013566999994],[110.171014193,-2.83872237899993],[110.170395972,-2.83776454799994],[110.172323344,-2.83881905999993],[110.172608056,-2.84013566999994]]],[[[110.180060699,-2.83734064999993],[110.179988747,-2.83810650899994],[110.179655727,-2.83777118599994],[110.180060699,-2.83734064999993]]],[[[110.17529983,-2.83743298699994],[110.176013611,-2.83791219199998],[110.175941962,-2.83824722599996],[110.17529983,-2.83743298699994]]],[[[110.103503102,-2.76275210199998],[110.105395606,-2.76243042299996],[110.104180787,-2.76365014999993],[110.103503102,-2.76275210199998]]],[[[110.113071346,-2.76301062999994],[110.114393081,-2.76204228199992],[110.113356571,-2.76354936599995],[110.113071346,-2.76301062999994]]],[[[110.192289548,-2.76009732999995],[110.192745769,-2.76126565899995],[110.191946093,-2.76113107799995],[110.192289548,-2.76009732999995]]],[[[110.22695,-2.75957299999993],[110.226498,-2.76025599999997],[110.226232,-2.75976499999996],[110.22695,-2.75957299999993]]],[[[110.190062435,-2.75890864199994],[110.189948598,-2.75829583399997],[110.19038633,-2.75864079499996],[110.190062435,-2.75890864199994]]],[[[110.112504064,-2.75766088899996],[110.112931755,-2.75866644999996],[110.112075122,-2.75834269499995],[110.112504064,-2.75766088899996]]],[[[110.09811906,-2.67015556599995],[110.098783556,-2.66950983199996],[110.099688686,-2.67178664399995],[110.09811906,-2.67015556599995]]],[[[110.112434164,-2.67077816099993],[110.113606972,-2.66988147299998],[110.113498906,-2.67122770099996],[110.112434164,-2.67077816099993]]],[[[110.120244101,-2.67287206699996],[110.117258056,-2.67013542499996],[110.120132124,-2.67004758899998],[110.118193589,-2.66538139999994],[110.120246907,-2.66761234799998],[110.120244101,-2.67287206699996]]],[[[110.12763696,-2.62727150899997],[110.121881486,-2.63852859299993],[110.11995613,-2.63508067299995],[110.114030714,-2.63409514199998],[110.12763696,-2.62727150899997]]],[[[110.150722686,-2.62716244099994],[110.152761427,-2.63839472099994],[110.150230377,-2.63719548199992],[110.148688404,-2.62736516599995],[110.150722686,-2.62716244099994]]],[[[110.144989839,-2.62450475699995],[110.144729834,-2.62692738899995],[110.144165998,-2.62789771199994],[110.144989839,-2.62450475699995]]],[[[110.132257,-2.62374099999994],[110.132576,-2.62445599999995],[110.132078,-2.62438299999997],[110.132257,-2.62374099999994]]],[[[110.178695562,-2.50633499499997],[110.17896077,-2.50464057499994],[110.179373616,-2.50662263899994],[110.178695562,-2.50633499499997]]],[[[110.179983108,-2.50235903599997],[110.178929938,-2.50256181999993],[110.17916858,-2.50149088699993],[110.179983108,-2.50235903599997]]],[[[110.180907404,-2.48115845799992],[110.180978339,-2.48190048099997],[110.180371355,-2.48215141899993],[110.180907404,-2.48115845799992]]],[[[110.181702456,-2.48143779299994],[110.181523304,-2.48115666999996],[110.18195953,-2.48133263899996],[110.181702456,-2.48143779299994]]],[[[110.14659662,-2.42858035799998],[110.147572415,-2.42832966299994],[110.147875864,-2.42825206799995],[110.14659662,-2.42858035799998]]],[[[110.093449507,-2.10586496899992],[110.097653511,-2.10960119399994],[110.093675093,-2.11070942399994],[110.091639536,-2.10913813399998],[110.093449507,-2.10586496899992]]],[[[110.304174,-3.00593699999996],[110.304774,-3.00644599999993],[110.303926,-3.00657099999995],[110.304174,-3.00593699999996]]],[[[110.305622,-2.99708399999997],[110.305938,-2.99732999999998],[110.305713,-2.99747599999995],[110.305622,-2.99708399999997]]],[[[110.306602127,-2.99736766599995],[110.307358342,-2.99687747299993],[110.307268703,-2.99744587999993],[110.306602127,-2.99736766599995]]],[[[110.306610862,-2.99507167599995],[110.30709892,-2.99508395299995],[110.306741118,-2.99616679899998],[110.306610862,-2.99507167599995]]]]}},{"type":"Feature","properties":{"kode_kk":"61.08","kode_prov":"61","kab_kota":"LANDAK","provinsi":"Kalimantan Barat","fid":"61.08","nama":"Kabupaten Landak","label":"Kabupaten Landak, Provinsi Kalimantan Barat, 61.08"},"geometry":{"type":"Polygon","coordinates":[[[109.471754094,0.219861509000054],[109.459666711,0.220014999000057],[109.459025586,0.228903861000049],[109.436056285,0.229783517000044],[109.432567781,0.222819877000063],[109.425337476,0.221670526000025],[109.42631925,0.216635646000043],[109.379127295,0.211544300000071],[109.378798839,0.204374933000054],[109.372091797,0.203051032000076],[109.37279404,0.20135502200003],[109.367830553,0.19666938000006],[109.349185618,0.220351313000037],[109.339022895,0.227336326000056],[109.335420233,0.233677630000045],[109.329639688,0.235135552000031],[109.327458576,0.23841113900005],[109.328530615,0.240957884000068],[109.320289351,0.246416129000067],[109.310095707,0.239561785000035],[109.300856124,0.241407892000041],[109.295161585,0.239025219000041],[109.292008661,0.249619825000025],[109.284074275,0.241479885000047],[109.283669774,0.237076848000072],[109.275703694,0.23843537700003],[109.273934558,0.235865999000055],[109.262270993,0.23916160300007],[109.256680705,0.229562255000076],[109.253002589,0.228372716000024],[109.245535961,0.230297311000072],[109.249303024,0.24169474200005],[109.243670639,0.245926832000066],[109.179432532,0.246380018000025],[109.179033138,0.254633704000071],[109.172474727,0.264338125000052],[109.171943279,0.273132775000022],[109.17781875,0.28442902200004],[109.204143825,0.30685851800007],[109.208969758,0.316130576000035],[109.207072329,0.322685953000075],[109.22355,0.325894444000028],[109.225980556,0.327566667000042],[109.225166265,0.329512126000054],[109.241135719,0.326202116000047],[109.241200698,0.329139694000048],[109.248682482,0.32743395600005],[109.258661519,0.330850885000075],[109.262206081,0.334880985000041],[109.270977931,0.33318274100003],[109.272375082,0.336485345000028],[109.291092625,0.343916613000033],[109.310625,0.360113889000047],[109.322197655,0.376155638000057],[109.318092593,0.378550115000053],[109.311047484,0.376991092000026],[109.303042423,0.387258365000037],[109.304914119,0.389334058000031],[109.302309819,0.392179632000023],[109.305069987,0.396433547000072],[109.301399621,0.401672622000035],[109.302790209,0.410269865000032],[109.301133699,0.415601064000043],[109.295710361,0.419278603000066],[109.287331466,0.43098548100005],[109.279703563,0.433724467000047],[109.276781138,0.439573941000049],[109.273750038,0.438907279000034],[109.274814876,0.443932766000046],[109.271051212,0.455615629000022],[109.263421588,0.457386968000037],[109.253333215,0.451817675000029],[109.247701406,0.453231884000047],[109.247470532,0.459737475000054],[109.241030018,0.463432296000065],[109.242273922,0.469681352000066],[109.238135427,0.47381671200003],[109.233070638,0.472870821000072],[109.232647658,0.47094901600002],[109.23100913,0.472527219000028],[109.229790492,0.469870523000054],[109.223336577,0.470043607000036],[109.227021994,0.465358650000042],[109.223582221,0.46564784100002],[109.22046054,0.461701684000047],[109.215042291,0.460739774000047],[109.213835854,0.462779540000042],[109.211606418,0.460885792000056],[109.208328721,0.46540529400005],[109.205246753,0.498664659000042],[109.213852142,0.506839459000048],[109.22357312,0.508029565000072],[109.221656016,0.516447826000046],[109.225139197,0.515298351000069],[109.228113437,0.51872639000004],[109.23180854,0.518219463000037],[109.230856792,0.52126387200002],[109.234860952,0.525048993000041],[109.231391872,0.524972448000028],[109.233064739,0.531207592000044],[109.237017079,0.533911438000075],[109.2348341,0.539008544000069],[109.238948558,0.540817175000029],[109.234976818,0.543777390000059],[109.234581172,0.555453812000053],[109.252774459,0.576731040000027],[109.256704543,0.586793002000036],[109.256103365,0.600332952000031],[109.25992873,0.610655258000065],[109.275878869,0.617212211000037],[109.276813246,0.621553307000056],[109.27453541,0.621628229000066],[109.274597332,0.624567281000054],[109.283680893,0.625374452000074],[109.275768019,0.643701129000021],[109.27275569,0.644259444000056],[109.271624297,0.64727270000003],[109.26473567,0.645960051000031],[109.257180461,0.650307876000056],[109.257359992,0.659954642000059],[109.250499428,0.667744888000072],[109.203744288,0.666608907000068],[109.195594989,0.670850372000075],[109.187613351,0.665053737000051],[109.174008812,0.66407915000002],[109.166760322,0.666987572000039],[109.165655245,0.673746321000067],[109.160182621,0.678790376000052],[109.1529716,0.679448710000031],[109.151611111,0.681805555000039],[109.157488887,0.681244260000028],[109.161836065,0.683780151000065],[109.163052314,0.688837506000027],[109.172604388,0.700982457000066],[109.181039,0.70511],[109.199532406,0.702524079000057],[109.206081925,0.707949694000035],[109.211557285,0.702737242000069],[109.219811123,0.702385616000072],[109.2160296,0.707254972000044],[109.216545919,0.711930528000039],[109.225170119,0.719534274000068],[109.236056153,0.719427199000052],[109.2449736,0.726838020000059],[109.254624788,0.728426678000062],[109.2534633,0.730751639000061],[109.258333,0.733284],[109.260071011,0.740477929000065],[109.260072442,0.746768015000043],[109.2577684,0.749052389000042],[109.262544063,0.753044058000057],[109.265564005,0.752065233000053],[109.268250914,0.746944082000027],[109.276031098,0.744839842000033],[109.277986022,0.741257692000033],[109.270891462,0.737130389000072],[109.269803153,0.723667115000069],[109.273705469,0.720312075000038],[109.282584939,0.722756670000024],[109.287457129,0.73027886400007],[109.315371217,0.726623970000048],[109.32163829,0.732161819000055],[109.321917863,0.736464509000029],[109.327435261,0.744107166000049],[109.324396625,0.757516136000049],[109.333742545,0.767877784000063],[109.345520877,0.770162066000069],[109.349181893,0.77631085500002],[109.363509602,0.773231571000053],[109.36272438,0.76725912400002],[109.367459507,0.762405023000042],[109.369363076,0.756289809000066],[109.377524627,0.761096320000036],[109.381641095,0.754790748000062],[109.390849731,0.753784403000054],[109.403698698,0.737896575000036],[109.409338021,0.738800770000068],[109.411960187,0.735916864000046],[109.421335263,0.741484802000059],[109.421906334,0.748551801000076],[109.428164317,0.761829194000029],[109.442084163,0.762519238000039],[109.444487419,0.757236834000025],[109.459216283,0.756475407000039],[109.471779837,0.762638211000024],[109.476953855,0.770814754000071],[109.482249465,0.763875530000064],[109.488904699,0.733362710000051],[109.493330496,0.732256261000032],[109.495364935,0.728365842000073],[109.51434188,0.72239981000007],[109.5142028,0.718477778000022],[109.523334,0.716429],[109.5239526,0.712603389000037],[109.519920973,0.707057769000073],[109.524703689,0.702917507000052],[109.527380583,0.705380249000029],[109.540907819,0.704666411000062],[109.546820382,0.707385084000066],[109.548457525,0.715504760000044],[109.555055633,0.710817812000073],[109.566331208,0.712025915000027],[109.571062122,0.720806608000032],[109.576600742,0.720113042000037],[109.580906377,0.72579197400006],[109.589544071,0.726638270000024],[109.598737701,0.735015524000062],[109.610188858,0.734093483000038],[109.614206914,0.739627350000035],[109.622485798,0.73463926900007],[109.626384587,0.744288080000047],[109.641452873,0.746552048000069],[109.645448675,0.750670500000069],[109.650533518,0.749717708000048],[109.661486695,0.754220553000039],[109.663455161,0.761641824000037],[109.661564914,0.768396073000019],[109.670649149,0.772279807000075],[109.664586193,0.777494434000062],[109.667120688,0.788279846000023],[109.673364941,0.794152616000019],[109.674672473,0.799662083000044],[109.671660921,0.805448274000071],[109.675299576,0.810777993000045],[109.679362505,0.810805753000068],[109.684210657,0.815584504000071],[109.685971458,0.826315873000055],[109.682818673,0.831205665000027],[109.684894752,0.835468866000042],[109.684063077,0.841002659000026],[109.692560801,0.847583852000071],[109.698592734,0.845906332000027],[109.707109563,0.838371081000048],[109.715617778,0.837839960000053],[109.718615899,0.841694686000039],[109.726692682,0.838324775000046],[109.738238297,0.837539604000028],[109.744533864,0.843060636000075],[109.760065436,0.837028435000036],[109.76207841,0.832645379000041],[109.766721158,0.834052085000053],[109.769217159,0.832030231000033],[109.770772308,0.83778271500006],[109.768588558,0.843554422000068],[109.772236739,0.850276648000033],[109.78029148,0.845807681000053],[109.791525,0.850661111000022],[109.793278478,0.855144951000057],[109.821121588,0.860681966000072],[109.82468769,0.856997560000025],[109.830853052,0.859715063000067],[109.843475752,0.856906283000058],[109.849256247,0.859332808000033],[109.855134033,0.857394815000021],[109.85821487,0.865445761000046],[109.867174894,0.86700036000002],[109.86715158,0.88383140000002],[109.870316119,0.88765638600006],[109.871062985,0.894150860000025],[109.877447611,0.894511152000064],[109.885085646,0.900763159000064],[109.889344346,0.898891236000054],[109.899899307,0.905841391000024],[109.901611845,0.912089364000053],[109.898960301,0.918146524000065],[109.902823902,0.92607539100004],[109.905638754,0.929042380000055],[109.911234806,0.927904548000072],[109.912048819,0.933547303000068],[109.921864952,0.937751111000068],[109.92355782,0.942277465000075],[109.931832012,0.949125453000022],[109.929748971,0.961285605000057],[109.934578939,0.973416293000071],[109.927477034,0.987354749000076],[109.924431324,0.98929639000005],[109.930427566,0.993265331000032],[109.927457999,0.997415111000066],[109.933025938,1.00218355000004],[109.935373137,1.02640312900007],[109.940323744,1.02773658200005],[109.942343907,1.03147709500007],[109.947447851,1.03176976900005],[109.948140274,1.02866457200003],[109.951966447,1.02785793500004],[109.956157868,1.03077396400005],[109.968663125,1.02817559300007],[109.97247978,1.03121178500004],[109.995333909,1.02542969500007],[110.004339171,1.02700113100002],[110.007486333,1.02992557600004],[110.047398161,1.03573061600002],[110.049159696,1.03783263500003],[110.056856519,1.03480262600004],[110.060925397,1.03812197400003],[110.067136524,1.03676187800005],[110.070658126,1.03978379300003],[110.081984361,1.03485830900007],[110.087028818,1.02867171000003],[110.088765091,1.01836055100006],[110.093853568,1.02041283600005],[110.106987054,1.01602530700006],[110.112701086,1.00762200500003],[110.119175614,1.01252787300007],[110.12402969,1.00954340900006],[110.127783892,1.01757146400007],[110.134522775,1.02059289000005],[110.131436249,1.01519738600007],[110.135250358,1.00541787900005],[110.141697131,1.00591560300006],[110.145414726,1.00182329500007],[110.15784785,1.00660887600003],[110.162977456,1.00625611900006],[110.165147103,1.00256238800006],[110.170693441,1.00112526800007],[110.184487571,1.00246967800007],[110.20396108,0.995217081000021],[110.215579046,0.983673667000062],[110.223953072,0.981053099000064],[110.216481565,0.97272498500007],[110.224893019,0.961460141000032],[110.222947572,0.956567969000048],[110.216763352,0.955514344000051],[110.219614613,0.94713986000005],[110.216481934,0.933396493000032],[110.217088259,0.918238368000061],[110.222857152,0.914429380000058],[110.228758215,0.903513603000022],[110.23655095,0.896553679000021],[110.243903485,0.881235899000046],[110.258953576,0.871658569000033],[110.259488954,0.86084986700007],[110.242416322,0.848714616000052],[110.224142061,0.846799150000038],[110.213869774,0.842354510000064],[110.205041974,0.847862962000022],[110.190336905,0.836358268000026],[110.184600653,0.83632583900004],[110.181032036,0.82823733400005],[110.181675667,0.815609369000072],[110.178737032,0.806876747000047],[110.182571381,0.79893455000007],[110.182877295,0.790220520000048],[110.189976371,0.779602628000021],[110.194706632,0.767704124000034],[110.193251745,0.76543605400002],[110.201552701,0.751627120000023],[110.216193246,0.74029101900004],[110.219839842,0.742588469000054],[110.226102583,0.740304187000049],[110.227853866,0.734669623000059],[110.234002394,0.734174695000036],[110.239629751,0.726746587000036],[110.238094822,0.72151057700006],[110.240568396,0.717944755000076],[110.240069546,0.707976986000062],[110.24290094,0.706579604000069],[110.245527239,0.699027700000045],[110.241537437,0.690554384000052],[110.245050044,0.67437658700004],[110.242456431,0.670164941000053],[110.240533397,0.671311206000041],[110.23658493,0.668383622000022],[110.234204762,0.662670663000029],[110.228249497,0.660920624000028],[110.233842841,0.657488055000044],[110.236137256,0.650044376000039],[110.225972222,0.639666667000029],[110.21834554,0.624825375000057],[110.222888968,0.615677981000033],[110.222888889,0.607472222000069],[110.219885643,0.602214866000054],[110.22231099,0.599626795000063],[110.221358666,0.594763281000041],[110.227644474,0.592983428000025],[110.225303084,0.589142978000041],[110.227016296,0.58215592800002],[110.231099451,0.578767576000075],[110.230395131,0.576235829000041],[110.239256244,0.578367826000033],[110.242511346,0.577406524000025],[110.242730257,0.57515079500007],[110.249202391,0.575417295000022],[110.24827916,0.570839212000067],[110.244414915,0.570506087000069],[110.243758184,0.56491911300003],[110.246880037,0.559712852000075],[110.24924998,0.559579602000042],[110.248288678,0.557333391000043],[110.253870893,0.555191876000038],[110.254556178,0.550808909000068],[110.25128204,0.546578227000055],[110.243449507,0.544963974000041],[110.235042341,0.539538216000039],[110.234168956,0.534212168000067],[110.231166076,0.534666645000073],[110.23079726,0.53242995200003],[110.223751523,0.53225863900002],[110.218802244,0.537207918000036],[110.216054606,0.537185618000024],[110.199334681,0.525943263000045],[110.202898788,0.518485050000038],[110.204980456,0.503618412000037],[110.20296692,0.503834829000027],[110.201400332,0.499668927000073],[110.204212023,0.49605131800007],[110.201260474,0.494497644000035],[110.199122798,0.485676169000044],[110.194974746,0.485173190000069],[110.191622551,0.488899678000053],[110.183581362,0.487866733000033],[110.175426259,0.479890285000067],[110.178126718,0.478665010000043],[110.176294303,0.474769469000023],[110.17934544,0.475558024000065],[110.180713217,0.471088383000051],[110.174709782,0.468272142000046],[110.174724065,0.465741454000067],[110.168574281,0.463196191000065],[110.163868897,0.457592560000023],[110.165260881,0.455248791000031],[110.162851677,0.451316732000066],[110.165237087,0.44982956900003],[110.165157635,0.446103914000048],[110.173390571,0.44591355700004],[110.175008604,0.447769537000056],[110.181397928,0.442541325000036],[110.181082833,0.435623711000062],[110.184224374,0.43335281700007],[110.182576077,0.427672415000075],[110.195182441,0.42365109800005],[110.199009142,0.428092431000039],[110.206242703,0.424646972000062],[110.207689415,0.412559310000063],[110.210335376,0.410484420000046],[110.200950782,0.409437457000024],[110.19689618,0.415433699000062],[110.194459612,0.414539021000053],[110.192080151,0.406068140000059],[110.194277778,0.399138889000028],[110.191608341,0.394889388000024],[110.190152419,0.396290322000027],[110.188648147,0.391573609000034],[110.189072513,0.380427068000074],[110.180487417,0.382178352000039],[110.174281783,0.374906719000023],[110.159336388,0.378625816000067],[110.162239921,0.373856687000057],[110.159396348,0.367150085000048],[110.161459457,0.363748736000048],[110.159917679,0.352671584000063],[110.161743402,0.349968069000056],[110.157939714,0.349201538000045],[110.158936366,0.34566875400003],[110.15654243,0.34255150000007],[110.153313571,0.343893324000021],[110.148715968,0.323267993000059],[110.139150534,0.324767053000073],[110.135781218,0.322297173000038],[110.135645559,0.313978855000073],[110.138767848,0.306368980000059],[110.133639703,0.304672505000042],[110.133268507,0.302466745000061],[110.136009646,0.297305694000045],[110.134796121,0.291973322000047],[110.140885162,0.287354788000073],[110.139935757,0.278189104000035],[110.148944396,0.27702554800004],[110.15025072,0.27338497300002],[110.145946275,0.271079275000034],[110.138700816,0.25668829500006],[110.132801104,0.256303044000049],[110.125840479,0.246545418000039],[110.119334899,0.249940884000068],[110.119227724,0.236193263000075],[110.116848263,0.235964835000061],[110.12079377,0.232451818000072],[110.117615928,0.231992122000065],[110.12186555,0.227748199000075],[110.117102865,0.207242361000056],[110.110949579,0.209669412000039],[110.102639739,0.218436576000045],[110.097653374,0.21888459500002],[110.086484839,0.209876725000072],[110.084472222,0.216944444000035],[110.078214726,0.216638450000062],[110.0712087,0.22234510100003],[110.063737192,0.219251801000041],[110.057003317,0.210257439000031],[110.054290732,0.212375159000032],[110.049341453,0.211114045000045],[110.045343959,0.201025130000062],[110.041417848,0.200620622000031],[110.042012713,0.19678969000006],[110.038062808,0.194790942000054],[110.038300754,0.185320688000047],[110.02860683,0.173727954000071],[110.028499955,0.150352704000056],[110.024386381,0.144103629000028],[110.02491807,0.140400033000049],[110.007082688,0.147474758000044],[109.997756653,0.144524716000035],[109.990949228,0.139596345000029],[109.988900455,0.131066102000034],[109.981380653,0.131137154000044],[109.97673878,0.127378660000034],[109.975336357,0.122670894000066],[109.962844398,0.118656918000056],[109.958216211,0.107503868000038],[109.936499998,0.114166667000063],[109.924472222,0.108],[109.925948148,0.10572058300005],[109.919729963,0.106026971000063],[109.916576576,0.101106883000057],[109.911701298,0.100130129000036],[109.913141691,0.09733419600002],[109.907703566,0.093214226000043],[109.909641313,0.084090477000075],[109.902782539,0.086647815000049],[109.894234274,0.084008145000041],[109.890442481,0.087332592000053],[109.87641,0.07703],[109.849359519,0.085974545000056],[109.836910821,0.084393662000025],[109.833370849,0.08654752700005],[109.8257571,0.080934477000028],[109.820772604,0.087781470000039],[109.815667911,0.089378184000054],[109.806635582,0.085910812000066],[109.801590571,0.087589474000026],[109.797645349,0.078661104000048],[109.785969946,0.087540893000039],[109.777369788,0.078614894000054],[109.772622929,0.07689227000003],[109.76471542,0.077763368000035],[109.760131975,0.086248751000028],[109.750164702,0.092717684000036],[109.747994086,0.091341442000044],[109.748211743,0.084453567000025],[109.730804551,0.076226087000066],[109.727205475,0.078016077000029],[109.728316747,0.079617671000051],[109.71208607,0.087741159000075],[109.71225,0.0895],[109.706409063,0.089601070000072],[109.70480941,0.098091479000061],[109.699804433,0.098377778000042],[109.698712147,0.09292434200006],[109.701784641,0.091632152000045],[109.701921434,0.088604816000043],[109.694807825,0.089669515000026],[109.689845796,0.083070245000044],[109.691064465,0.070153289000075],[109.69557525,0.063099610000052],[109.688865727,0.066401976000066],[109.680581544,0.063404354000056],[109.676517782,0.06672112800004],[109.672850759,0.056053666000025],[109.670468794,0.060512002000053],[109.671317133,0.071352881000053],[109.668742772,0.069837960000029],[109.666546577,0.06039703600004],[109.662510134,0.065400943000043],[109.659158444,0.064855223000052],[109.658830503,0.060999909000031],[109.667359662,0.055400219000035],[109.658673677,0.058458420000022],[109.655842609,0.056326091000074],[109.656249247,0.049074976000043],[109.664650001,0.043740883000055],[109.662410835,0.040187065000055],[109.658488619,0.040790064000021],[109.65205604,0.050194864000048],[109.648961077,0.050072751000073],[109.649410479,0.043094471000074],[109.656413445,0.03907416900006],[109.656121119,0.035434243000054],[109.642243639,0.039669821000075],[109.645003216,0.051034695000055],[109.633608151,0.049364376000028],[109.628663938,0.045032794000065],[109.635101104,0.041180041000075],[109.63523435,0.032526631000053],[109.628093589,0.036345894000021],[109.627119137,0.025064893000035],[109.620254213,0.023126430000048],[109.615076958,0.026682480000034],[109.616850137,0.034503056000062],[109.61452062,0.035029497000039],[109.611795794,0.030465880000065],[109.614814737,0.022042316000068],[109.613168659,0.01872790300007],[109.604425314,0.035053277000031],[109.593785459,0.023629905000064],[109.592364986,0.038720439000031],[109.586959617,0.039711067000042],[109.582196161,0.03409692300005],[109.572661916,0.037528380000026],[109.567862812,0.033228043000065],[109.568433323,0.031081512000071],[109.577183125,0.027700279000044],[109.579172749,0.021461668000029],[109.585215069,0.026724614000045],[109.58916009,0.021074786000042],[109.587520025,0.008540022000034],[109.580374685,0.013809456000047],[109.571047331,0.007384131000038],[109.571589295,0.004684801000053],[109.580897151,-0.001260868999964],[109.581144354,-0.005003574999932],[109.568599754,-0.003747967999971],[109.563951794,-0.014342677999934],[109.559236615,-0.005260342999975],[109.564828544,0.000707347000059],[109.559190312,0.00183684700005],[109.552695942,-0.002178045999926],[109.545326083,-0.000316294999948],[109.544580021,-0.00270573399996],[109.551068224,-0.008407983999973],[109.550342583,-0.011307014999943],[109.532089005,-0.018374732999973],[109.526048332,-0.02592113999998],[109.514644943,-0.025388982999971],[109.505323457,-0.032424202999948],[109.503287771,-0.024967638999954],[109.512767065,-0.009473845999935],[109.508295508,0.009633827000073],[109.513942998,0.025097177000021],[109.521587103,0.036597882000024],[109.507648192,0.062663673000031],[109.500750973,0.068284750000032],[109.500368199,0.08597155700005],[109.495397094,0.089848704000076],[109.496340823,0.091892635000022],[109.503399007,0.092313954000019],[109.500617781,0.09729595400006],[109.5113844,0.116234318000068],[109.50793266,0.123929881000038],[109.510449682,0.126801574000069],[109.506520074,0.135581096000067],[109.501364344,0.137978510000039],[109.507710732,0.138646547000064],[109.507097081,0.144892120000065],[109.499936162,0.145354710000049],[109.501520399,0.15056303800003],[109.49514247,0.163961190000066],[109.492050476,0.163628374000041],[109.492037744,0.161561745000029],[109.487898535,0.166099022000026],[109.488329625,0.17551419800003],[109.490240929,0.177278239000032],[109.488538286,0.185102672000028],[109.490671258,0.18422225300003],[109.488956106,0.191145665000022],[109.493005537,0.200762449000024],[109.489046688,0.205752149000034],[109.488500685,0.21503030100007],[109.481100282,0.21538810100003],[109.471754094,0.219861509000054]]]}},{"type":"Feature","properties":{"kode_kk":"61.11","kode_prov":"61","kab_kota":"KAYONG UTARA","provinsi":"Kalimantan Barat","fid":"61.11","nama":"Kabupaten Kayong Utara","label":"Kabupaten Kayong Utara, Provinsi Kalimantan Barat, 61.11"},"geometry":{"type":"MultiPolygon","coordinates":[[[[108.747784914,-1.70030923899998],[108.780446135,-1.70256421999994],[108.784410633,-1.70399209199996],[108.786941922,-1.70907453999996],[108.782984557,-1.71309265099995],[108.773168382,-1.71648890999995],[108.751729671,-1.71646499199994],[108.7368667,-1.72066593499994],[108.730026277,-1.72538001399994],[108.719401994,-1.72681504299993],[108.699924141,-1.72396890099998],[108.695681557,-1.72108687799994],[108.680672082,-1.72217511099996],[108.677891229,-1.71984318199998],[108.67863992,-1.71776238199993],[108.682668592,-1.71781021599998],[108.68549698,-1.71136450399996],[108.680660198,-1.70604288799996],[108.684914665,-1.70328042499995],[108.688634353,-1.70367506299993],[108.69324534,-1.71086223999993],[108.699211101,-1.70630597899998],[108.700387615,-1.70919998299996],[108.703833971,-1.70478722399997],[108.711475375,-1.70752576699994],[108.715801146,-1.70350764099993],[108.719508949,-1.70942719799996],[108.727965117,-1.70185829499997],[108.747784914,-1.70030923899998]]],[[[109.095633839,-1.69957511699994],[109.093171097,-1.69931337699995],[109.091529269,-1.69624387199997],[109.095336406,-1.69530398499995],[109.095633839,-1.69957511699994]]],[[[109.085850613,-1.69967137599997],[109.083415308,-1.69702433599997],[109.084521756,-1.69545389099994],[109.085461643,-1.69607254999994],[109.085850613,-1.69967137599997]]],[[[109.045044198,-1.65344022299996],[109.045353527,-1.65135819399995],[109.046031674,-1.65352350399996],[109.045044198,-1.65344022299996]]],[[[108.816806846,-1.64794260799994],[108.817184097,-1.64809800699993],[108.816837625,-1.64813753999994],[108.816806846,-1.64794260799994]]],[[[108.763521081,-1.62333360399992],[108.760520374,-1.62444381699993],[108.760175739,-1.62354687699997],[108.763521081,-1.62333360399992]]],[[[108.942336733,-1.56010397199998],[108.952946756,-1.56614594599995],[108.953461475,-1.57434195299993],[108.971239919,-1.58795182099993],[108.972059914,-1.59362555999996],[108.982858655,-1.60135681399993],[108.966468261,-1.62873873999996],[108.961011134,-1.63011643699997],[108.961477246,-1.63434827799995],[108.957122832,-1.63980914099994],[108.946119285,-1.64175631999996],[108.939099875,-1.65213671899994],[108.931366627,-1.65662795199995],[108.920802184,-1.65984564999997],[108.910495635,-1.65793889599996],[108.897190324,-1.66053638999995],[108.89110097,-1.66850105899994],[108.886779952,-1.66799878299997],[108.880633554,-1.67290672599995],[108.871606478,-1.67284932399997],[108.865388779,-1.67625043399994],[108.861837842,-1.67510238099993],[108.857687953,-1.67705407199998],[108.851541556,-1.67119899299996],[108.832736336,-1.66726342799996],[108.829437341,-1.66256594799995],[108.827069259,-1.64971200099995],[108.818619744,-1.64892868299995],[108.822616328,-1.64486379499994],[108.828178035,-1.64592576099994],[108.830792512,-1.64256764999993],[108.828738959,-1.63724823799993],[108.836924649,-1.63574616999995],[108.839567647,-1.63283770499993],[108.839605676,-1.62415055599996],[108.835317934,-1.62280155699995],[108.833150295,-1.61720463599994],[108.834671445,-1.61657318699997],[108.829090725,-1.60846958099995],[108.834654332,-1.60309649899995],[108.827481158,-1.58977854199998],[108.831146179,-1.58706614499994],[108.839688388,-1.58756844099997],[108.840265188,-1.58479589599995],[108.826508156,-1.58333081399996],[108.817105548,-1.59098484599997],[108.797658592,-1.59301316099993],[108.808448458,-1.58603683699994],[108.807168999,-1.58086512299997],[108.800280248,-1.58140329899993],[108.79643953,-1.58459105199995],[108.789774804,-1.58177404199995],[108.791177114,-1.57805464699993],[108.799314473,-1.57185434199994],[108.812814682,-1.56769242599995],[108.820420433,-1.57087366099995],[108.824270845,-1.56740539699996],[108.824788605,-1.56176284699995],[108.830571287,-1.56071081199997],[108.829316521,-1.55545243999995],[108.83471185,-1.55295527099997],[108.840460531,-1.55904829199994],[108.837684431,-1.55985197699994],[108.837903097,-1.56265530199994],[108.842010203,-1.56361206699995],[108.844272914,-1.56923783799994],[108.854721314,-1.56388952899994],[108.853799117,-1.57100784799997],[108.857934744,-1.57229947599996],[108.863553493,-1.56270313999994],[108.86799335,-1.55948840499997],[108.870436698,-1.56123928799997],[108.870417684,-1.56658760399995],[108.87708048,-1.56797251999996],[108.882487694,-1.55870385599997],[108.892410823,-1.54974849399997],[108.891783348,-1.53619099799994],[108.897021808,-1.53427744199996],[108.901100393,-1.53704252999995],[108.899386723,-1.54061800399995],[108.901668448,-1.54513397999995],[108.908161858,-1.54212970899994],[108.914909348,-1.54714081199995],[108.914852305,-1.55305365899994],[108.919396599,-1.54936415899994],[108.926079439,-1.54835006099995],[108.936532594,-1.55031622599995],[108.940625439,-1.55287080399995],[108.942336733,-1.56010397199998]]],[[[108.786848835,-1.61487790899997],[108.783504681,-1.61624843999994],[108.782513557,-1.61365806399994],[108.786428142,-1.61184982099996],[108.786848835,-1.61487790899997]]],[[[108.752643801,-1.58383870799997],[108.7500194,-1.59160838299994],[108.748908253,-1.59157848399997],[108.752643801,-1.58383870799997]]],[[[108.761606525,-1.58660195599992],[108.761495291,-1.58750927799997],[108.76071689,-1.58700698199993],[108.761606525,-1.58660195599992]]],[[[108.776010451,-1.57481743899996],[108.776295667,-1.58707588899995],[108.763140094,-1.59120188699995],[108.765255444,-1.57618082099998],[108.776010451,-1.57481743899996]]],[[[108.784481034,-1.57924290499994],[108.782940869,-1.57890803999993],[108.783634894,-1.57786517299996],[108.784481034,-1.57924290499994]]],[[[108.784881524,-1.57620639299995],[108.784216021,-1.57315432799993],[108.786307603,-1.57183878199993],[108.784881524,-1.57620639299995]]],[[[108.738157494,-1.57064613599994],[108.738842012,-1.57875946099995],[108.73073238,-1.57542037199994],[108.731911271,-1.56892396399996],[108.738157494,-1.57064613599994]]],[[[108.782245771,-1.56608007999995],[108.78070323,-1.56630236799992],[108.781903512,-1.56553472499996],[108.782245771,-1.56608007999995]]],[[[108.807806324,-1.55829399999993],[108.805631555,-1.56209714799996],[108.796005526,-1.55986070599994],[108.80597619,-1.55596187799995],[108.807806324,-1.55829399999993]]],[[[108.782096231,-1.55865011699996],[108.780632124,-1.55785121599996],[108.781934609,-1.55751634699993],[108.782096231,-1.55865011699996]]],[[[108.769654943,-1.55611954999995],[108.770485634,-1.55642451999995],[108.769947289,-1.55716362399994],[108.769654943,-1.55611954999995]]],[[[108.777125555,-1.55417220099997],[108.777952681,-1.55758786499996],[108.771259621,-1.55734867299998],[108.772400481,-1.55356943699996],[108.777125555,-1.55417220099997]]],[[[108.826686302,-1.55377129899995],[108.826972706,-1.55622122599993],[108.825303006,-1.55732449999994],[108.824601851,-1.55436748599993],[108.826686302,-1.55377129899995]]],[[[108.810749157,-1.55489201099994],[108.81119095,-1.55461589099997],[108.811248687,-1.55489255499998],[108.810749157,-1.55489201099994]]],[[[108.752482931,-1.55349280399997],[108.751591632,-1.55248819599996],[108.752119281,-1.55213658299994],[108.752482931,-1.55349280399997]]],[[[109.069349,-1.48810499999996],[109.070315,-1.48757999999998],[109.070371,-1.48824699999994],[109.069349,-1.48810499999996]]],[[[109.044865568,-1.47824743699994],[109.043732944,-1.48433052899998],[109.052132441,-1.47804875199995],[109.056861619,-1.48406878599997],[109.053074901,-1.50164663499993],[109.051604201,-1.49539660899995],[109.04512612,-1.49639003399994],[109.042829939,-1.49370243299995],[109.044329,-1.48870556499998],[109.040017416,-1.48682103199997],[109.039139395,-1.47964695699994],[109.04277997,-1.47372209899993],[109.044865568,-1.47824743699994]]],[[[109.019368,-1.47200299999997],[109.018718,-1.47240099999993],[109.018877,-1.47168399999993],[109.019368,-1.47200299999997]]],[[[109.109607252,-1.31659216899993],[109.110413889,-1.31609248199993],[109.110106938,-1.31689197999998],[109.109607252,-1.31659216899993]]],[[[108.879485,-1.28942699999993],[108.879576,-1.28962199999995],[108.879476,-1.28958099999994],[108.879485,-1.28942699999993]]],[[[108.880782,-1.28919099999996],[108.880429,-1.28832399999993],[108.881034,-1.28799499999997],[108.880782,-1.28919099999996]]],[[[108.901794096,-1.28715236399995],[108.899132082,-1.28834046199995],[108.898704259,-1.28582169299995],[108.902174382,-1.28354054099998],[108.901794096,-1.28715236399995]]],[[[108.890777521,-1.28308609199996],[108.889508312,-1.28555258799997],[108.890093003,-1.28197402999996],[108.890777521,-1.28308609199996]]],[[[108.901978,-1.28299399999997],[108.902109,-1.28314399999994],[108.901948,-1.28312299999993],[108.901978,-1.28299399999997]]],[[[108.891711,-1.27850799999993],[108.891851,-1.27948899999996],[108.891483,-1.27948899999996],[108.891711,-1.27850799999993]]],[[[108.870347164,-1.27380895599993],[108.87087389,-1.27307207899997],[108.871033902,-1.27313182199993],[108.870347164,-1.27380895599993]]],[[[109.289792376,-1.73220521699994],[109.290479197,-1.73380870199998],[109.289135843,-1.73288293299993],[109.289792376,-1.73220521699994]]],[[[109.295415557,-1.72992955299998],[109.296406225,-1.72708476999998],[109.296862339,-1.72702571899993],[109.297442615,-1.72979547199998],[109.295415557,-1.72992955299998]]],[[[109.297057399,-1.71403420199994],[109.29371469,-1.71568239599998],[109.292903882,-1.71527372799994],[109.295280886,-1.71365380899994],[109.297057399,-1.71403420199994]]],[[[109.112360062,-1.69715490799996],[109.112893061,-1.69491821399993],[109.113797256,-1.69548928499995],[109.112360062,-1.69715490799996]]],[[[109.154922,-1.60605999999996],[109.15473,-1.60625499999998],[109.154717264,-1.60603325999995],[109.154922,-1.60605999999996]]],[[[109.153337,-1.60623599999997],[109.15361,-1.60538499999996],[109.15384,-1.60632199999998],[109.153337,-1.60623599999997]]],[[[109.155782973,-1.60553780199996],[109.156104771,-1.60522021999998],[109.15603451,-1.60567551499997],[109.155782973,-1.60553780199996]]],[[[109.157371565,-1.60482989099995],[109.157547991,-1.60510733599995],[109.157435909,-1.60516748599997],[109.157371565,-1.60482989099995]]],[[[109.155829,-1.60462399999994],[109.155694,-1.60486799999995],[109.155687615,-1.60462940799994],[109.155829,-1.60462399999994]]],[[[109.154949375,-1.60459023899995],[109.151056245,-1.60606348799996],[109.149438212,-1.60408853699994],[109.150187741,-1.60045985899995],[109.154147164,-1.59809229499996],[109.157195254,-1.60029329699995],[109.154949375,-1.60459023899995]]],[[[109.192174504,-1.59514818799994],[109.190182896,-1.59496972799997],[109.188005689,-1.59283535199995],[109.190611199,-1.59143622899995],[109.192174504,-1.59514818799994]]],[[[109.206323414,-1.58774616099993],[109.20457689,-1.58866939199993],[109.200936314,-1.58704659899996],[109.202092732,-1.58668492099997],[109.206323414,-1.58774616099993]]],[[[109.154916246,-1.57812356799997],[109.154987628,-1.57698142999993],[109.156543797,-1.57663878399995],[109.154916246,-1.57812356799997]]],[[[109.161732,-1.57652699999994],[109.162143,-1.57636099999996],[109.16214,-1.57661899999994],[109.161732,-1.57652699999994]]],[[[109.1595324,-1.57481611699995],[109.15860441,-1.57587497699996],[109.158640102,-1.57451868499993],[109.1595324,-1.57481611699995]]],[[[109.228463471,-1.41140298199997],[109.227626852,-1.41403847299995],[109.226598925,-1.41155431599998],[109.228463471,-1.41140298199997]]],[[[109.223016407,-1.41054732799995],[109.223786164,-1.41352522299997],[109.217085601,-1.41107675799998],[109.218769069,-1.40890549999995],[109.223016407,-1.41054732799995]]],[[[109.116121701,-1.34308746899995],[109.116657079,-1.34575008499996],[109.115921826,-1.34730625299994],[109.112780937,-1.34390124499993],[109.116121701,-1.34308746899995]]],[[[109.144855382,-1.28660558099995],[109.151929094,-1.29568765399995],[109.155326789,-1.29092703399994],[109.160670812,-1.29087371599996],[109.16337388,-1.29351491799997],[109.158312766,-1.30167408999995],[109.152947083,-1.30054384499994],[109.152030989,-1.31197715599995],[109.142715399,-1.32573044099996],[109.136166276,-1.33078300599993],[109.135374762,-1.32329149299994],[109.140179236,-1.31590899499997],[109.14099688,-1.28827311499992],[109.144855382,-1.28660558099995]]],[[[109.133891118,-1.28768568499993],[109.138399008,-1.29062521099996],[109.134171488,-1.29422399799995],[109.130037582,-1.30337912199997],[109.126341089,-1.30498644899995],[109.124022304,-1.31116828799998],[109.118061754,-1.31402958999996],[109.113546727,-1.31347636599997],[109.113415856,-1.31011537699993],[109.117043345,-1.30965970999995],[109.121414327,-1.29781560599997],[109.133891118,-1.28768568499993]]],[[[109.134886416,-1.27800128899997],[109.133244587,-1.28470423099998],[109.125977713,-1.28643885799994],[109.126063374,-1.28239139499993],[109.130182221,-1.27785614199996],[109.134886416,-1.27800128899997]]],[[[109.157418,-1.26584326199998],[109.169647239,-1.27111971699998],[109.178432209,-1.28074225799998],[109.17873678,-1.29225884799996],[109.175205662,-1.29620875399996],[109.17237886,-1.29631344999996],[109.170303971,-1.28940349499993],[109.164042419,-1.29105959999993],[109.161579677,-1.28329660899993],[109.157542922,-1.28224012799996],[109.156411487,-1.27814983499997],[109.152935095,-1.27613680999997],[109.153791701,-1.26952666799997],[109.157418,-1.26584326199998]]],[[[109.189557998,-1.27405602899995],[109.187468529,-1.27554574699997],[109.185672644,-1.27249544299997],[109.190230025,-1.27281369599996],[109.192134164,-1.27011480299996],[109.189557998,-1.27405602899995]]],[[[109.171338854,-1.26583486599998],[109.17078206,-1.26372190599994],[109.17175288,-1.26413593199993],[109.171338854,-1.26583486599998]]],[[[109.208087953,-1.23515090499995],[109.205596657,-1.24433324499995],[109.203555081,-1.24146361499993],[109.200088359,-1.24161466499993],[109.19993354,-1.23750181299994],[109.204146529,-1.23557202299997],[109.205451327,-1.23220696499993],[109.208087953,-1.23515090499995]]],[[[109.254315442,-1.23709432899994],[109.253413156,-1.23549544599996],[109.254763273,-1.23568774999995],[109.254315442,-1.23709432899994]]],[[[109.298033113,-1.23610489399994],[109.296210636,-1.23474426699994],[109.298057669,-1.23487266899997],[109.298033113,-1.23610489399994]]],[[[109.203253904,-1.23235679199996],[109.202706628,-1.23022479499997],[109.203082583,-1.23002015999992],[109.203253904,-1.23235679199996]]],[[[109.295980134,-1.23086356199997],[109.295268566,-1.22833880899998],[109.296885524,-1.22764596499997],[109.298239017,-1.23006345999994],[109.295980134,-1.23086356199997]]],[[[109.282303,-1.21336299999996],[109.282651,-1.21350699999994],[109.282351,-1.21373399999993],[109.282303,-1.21336299999996]]],[[[109.258911794,-1.18263577399995],[109.266491703,-1.18779075199996],[109.268810987,-1.19482664799995],[109.267963968,-1.19980284799993],[109.270928312,-1.20921748599994],[109.269618656,-1.21643052899998],[109.265475898,-1.21536551099996],[109.262862669,-1.22018023599998],[109.253767501,-1.22398579099996],[109.250957247,-1.23560500199994],[109.242952814,-1.24349845499995],[109.232529769,-1.24392813399993],[109.225280241,-1.24078172499998],[109.223716023,-1.24240991099992],[109.222126563,-1.23870237299997],[109.217040465,-1.23679285599997],[109.218700139,-1.23038258899993],[109.227706399,-1.21995459999994],[109.228275288,-1.21389579899994],[109.224125334,-1.21262945599995],[109.227001507,-1.20093142999997],[109.234912026,-1.20071013999996],[109.236771575,-1.19718377899994],[109.245348341,-1.19845750499996],[109.247881274,-1.19305885899996],[109.258911794,-1.18263577399995]]],[[[109.285171437,-1.21268595899994],[109.281993651,-1.21100968399998],[109.28316194,-1.21011493699996],[109.285171437,-1.21268595899994]]],[[[109.276692398,-1.20890892999995],[109.274672567,-1.21143429999995],[109.271643255,-1.20889852299996],[109.273032683,-1.19951775799996],[109.276692398,-1.20890892999995]]],[[[109.276741,-1.19812899999994],[109.276553,-1.19800299999997],[109.276725,-1.19797699999998],[109.276741,-1.19812899999994]]],[[[109.301217416,-1.74400191599995],[109.300137059,-1.74447834299997],[109.299943722,-1.74337916599995],[109.301217416,-1.74400191599995]]],[[[109.333716593,-1.74389650099994],[109.333597982,-1.74314529799994],[109.333727654,-1.74311411699995],[109.333716593,-1.74389650099994]]],[[[109.332621555,-1.74235100899995],[109.332978854,-1.73916462699998],[109.33370355,-1.73811046599997],[109.333738336,-1.74054694999995],[109.332621555,-1.74235100899995]]],[[[109.347545072,-1.66248125799996],[109.34409683,-1.66599270099994],[109.34237454,-1.66322371299998],[109.34667518,-1.66022092799994],[109.347545072,-1.66248125799996]]],[[[109.352043316,-1.65665708399996],[109.352060314,-1.65504579399993],[109.352753458,-1.65519213899995],[109.352043316,-1.65665708399996]]],[[[109.340600459,-1.65173747199998],[109.338465006,-1.65034999799997],[109.339556029,-1.64986977699994],[109.340600459,-1.65173747199998]]],[[[109.333390075,-1.52244449599993],[109.333862369,-1.52594635599996],[109.328675588,-1.52325959799992],[109.329284591,-1.52205152099998],[109.333390075,-1.52244449599993]]],[[[109.34599274,-1.51900935599997],[109.341717245,-1.52395298099998],[109.33904454,-1.51884017899994],[109.343424787,-1.51705981699996],[109.34599274,-1.51900935599997]]],[[[109.352284134,-1.50000000699993],[109.350616226,-1.50220680499996],[109.349841033,-1.50132379499996],[109.352284134,-1.50000000699993]]],[[[109.389310332,-1.49090601999995],[109.382279345,-1.50009399399994],[109.384920998,-1.50239465099997],[109.383508601,-1.50505890499994],[109.376284318,-1.50197940099997],[109.382267127,-1.49694033499998],[109.382200502,-1.48933557699996],[109.386692925,-1.48609950999997],[109.389310332,-1.49090601999995]]],[[[109.3786797,-1.47976774099993],[109.378762981,-1.48081470299996],[109.37788258,-1.48030311899993],[109.3786797,-1.47976774099993]]],[[[109.383878822,-1.47750725299994],[109.382772372,-1.47956548599996],[109.381320901,-1.47819729599996],[109.383878822,-1.47750725299994]]],[[[109.311757,-1.28999499999998],[109.311354,-1.28908699999994],[109.312358,-1.28898099999998],[109.311757,-1.28999499999998]]],[[[109.402427504,-1.22330698199994],[109.403226661,-1.22269011099996],[109.403218922,-1.22371662999996],[109.402427504,-1.22330698199994]]],[[[109.682626843,-1.20729082399993],[109.688800035,-1.21520614199994],[109.686632736,-1.21773731699994],[109.68307372,-1.21706070799996],[109.683715137,-1.21451114599995],[109.676400672,-1.21455184099995],[109.652880621,-1.22043993999995],[109.589902988,-1.24686843099994],[109.549976289,-1.26791686799993],[109.526524611,-1.28382154499997],[109.51213826,-1.29582576399997],[109.503586394,-1.30766574699993],[109.498760124,-1.30953614899994],[109.466694507,-1.30610020699993],[109.426957509,-1.29223746699995],[109.401259329,-1.27693277399993],[109.385036164,-1.26340315899995],[109.379589578,-1.25539389299996],[109.387410447,-1.24809309199998],[109.40565842,-1.24536449999994],[109.424902846,-1.20563086799996],[109.435528539,-1.16536510999993],[109.435984287,-1.15799533699993],[109.433513189,-1.15556520799993],[109.436937781,-1.15331780999998],[109.446096571,-1.10999321699995],[109.448694081,-1.10714227499994],[109.455512395,-1.04538058699995],[109.451121626,-1.03716638599997],[109.450765422,-1.03147114399997],[109.45644456,-1.02680778299992],[109.457237978,-1.02306807699995],[109.454779773,-1.01834332299995],[109.461092077,-1.01688190999994],[109.461581351,-1.01026219299996],[109.457869892,-1.00388934299997],[109.461300388,-1.00106735099996],[109.468328999,-1.00388787899993],[109.472460765,-1.00284335799995],[109.489310556,-0.972963526999933],[109.514700155,-0.98965000499993],[109.518361221,-0.989591828999949],[109.528353845,-0.998510125999928],[109.531575791,-0.996980072999975],[109.535185096,-1.00022700399995],[109.551848865,-1.00330346699997],[109.565988643,-0.999313232999953],[109.596345198,-0.981155727999976],[109.61662209,-0.986544157999958],[109.636815878,-0.98640417699994],[109.640094525,-0.991799546999971],[109.642748409,-1.01240419999993],[109.662944467,-1.01093091399997],[109.674426376,-1.02116447399993],[109.687459742,-1.01800618699997],[109.696741188,-1.00686511099997],[109.700998676,-0.993165373999943],[109.714848993,-0.989509288999955],[109.719425604,-0.989714489999926],[109.727054164,-0.998165340999947],[109.737658611,-1.00238874299993],[109.761871489,-1.00537536099995],[109.761451079,-1.01056366399996],[109.757475407,-1.01161514399996],[109.75597202,-1.01364399599993],[109.755683396,-1.02229768699993],[109.759402028,-1.04646089099992],[109.770021285,-1.08008491499993],[109.765718172,-1.09090044999994],[109.765634256,-1.10995033099994],[109.768235656,-1.12074957499993],[109.777438007,-1.13015400799998],[109.779999773,-1.14470585699996],[109.777145059,-1.14824659099997],[109.758520039,-1.15543725099997],[109.73479921,-1.17081931599995],[109.719426869,-1.17785775799996],[109.714017321,-1.17799378599994],[109.712913101,-1.18088910099993],[109.690375923,-1.19229595399997],[109.68381719,-1.19909465599994],[109.682626843,-1.20729082399993]]],[[[109.863298453,-1.09290035299995],[109.842842343,-1.08868511599997],[109.829403544,-1.08906281599997],[109.825749185,-1.09486264499998],[109.819073878,-1.09178706899996],[109.819890201,-1.08365032899997],[109.803776497,-1.05377154499996],[109.803454789,-1.04944316599995],[109.795316074,-1.04353352299995],[109.786189595,-1.04198968599997],[109.774897112,-1.04382712999995],[109.767616396,-1.03293038299995],[109.769324877,-1.00614471199998],[109.764287776,-0.995643921999942],[109.753828959,-0.989297988999965],[109.74746608,-0.989791182999966],[109.742105791,-0.993143088999943],[109.732223897,-0.987602588999948],[109.733808395,-0.953929373999927],[109.727210594,-0.921774651999954],[109.733691423,-0.915435053999943],[109.746837787,-0.91414640499994],[109.755308249,-0.907986882999978],[109.758692037,-0.899126025999976],[109.757763537,-0.895880526999974],[109.754004791,-0.894976635999967],[109.754886572,-0.892724749999957],[109.758682719,-0.889631883999925],[109.769882736,-0.887892071999943],[109.775404323,-0.876960488999941],[109.787449795,-0.877531528999953],[109.801324738,-0.869824197999947],[109.801641319,-0.863240684999937],[109.792721898,-0.856619165999973],[109.79941646,-0.842737514999953],[109.812831687,-0.846419950999973],[109.822059067,-0.835203484999965],[109.828233779,-0.832659933999935],[109.840842709,-0.840673840999955],[109.856539866,-0.824057762999928],[109.860075899,-0.825389036999979],[109.861533427,-0.830202560999965],[109.864837084,-0.832127296999943],[109.880542564,-0.824053001999971],[109.893077996,-0.823292482999932],[109.894602829,-0.819493367999939],[109.892428715,-0.808404356999972],[109.894762043,-0.802865424999936],[109.906576113,-0.799998803999927],[109.916815282,-0.79001612299993],[109.931139303,-0.783434786999976],[109.931073162,-0.769175705999942],[109.940145188,-0.760187042999974],[109.931639493,-0.750964526999951],[109.939925616,-0.740539994999949],[109.94972568,-0.738475265999966],[109.966633956,-0.740043303999926],[109.971269703,-0.73695960699996],[109.973129037,-0.728840260999959],[109.977645689,-0.725491300999977],[109.987419634,-0.724548526999968],[109.997333166,-0.729317132999938],[110.003686461,-0.723255327999937],[110.009021658,-0.72364902299995],[110.020981524,-0.742674520999969],[110.030053102,-0.748822847999975],[110.037925958,-0.750586359999943],[110.036976606,-0.756411156999945],[110.040533195,-0.760519511999973],[110.051731507,-0.76189583699994],[110.063552698,-0.772136888999967],[110.071769584,-0.773325854999939],[110.07738547,-0.789427068999942],[110.077060979,-0.795817233999969],[110.107492867,-0.818554946999939],[110.143704687,-0.856936472999962],[110.166684948,-0.856962217999978],[110.166572652,-0.880516168999975],[110.169615612,-0.883609387999968],[110.165995161,-0.884889100999942],[110.164853147,-0.887934585999972],[110.167628386,-0.891579339999964],[110.163358563,-0.893872544999965],[110.16413883,-0.897552746999963],[110.160744285,-0.898694864999925],[110.162223991,-0.900729690999924],[110.154575415,-0.905193967999935],[110.159483387,-0.909365803999947],[110.155637422,-0.90891212899993],[110.157040014,-0.910210935999942],[110.152715205,-0.913011873999949],[110.160027333,-0.92405641299996],[110.164863082,-0.923223232999931],[110.165006002,-0.934695466999926],[110.241524496,-0.933299415999954],[110.242979227,-0.965835549999952],[110.271984464,-0.965881743999944],[110.276026191,-0.97536391899996],[110.281421619,-0.975414481999962],[110.280743313,-0.98678766699993],[110.269090522,-0.986918902999946],[110.269229685,-1.00049656399995],[110.275162039,-1.00097817799997],[110.311049871,-1.02570143399993],[110.314824523,-1.03460419899994],[110.342797644,-1.05350284899993],[110.343261537,-1.05633045099995],[110.340330041,-1.05634948699998],[110.33823231,-1.07157577499993],[110.340927068,-1.07401601299995],[110.358275894,-1.07437151699997],[110.357733377,-1.10632291899998],[110.36058444,-1.10912756699997],[110.356739294,-1.11208208899995],[110.350952445,-1.10983587699997],[110.340249431,-1.11205115599995],[110.335566652,-1.10532203999998],[110.330450811,-1.11162999099997],[110.324561725,-1.11436875099997],[110.327306467,-1.11836349799995],[110.325240518,-1.13166424299993],[110.336702322,-1.13804902899994],[110.344219598,-1.14635416599998],[110.343793396,-1.15551839999995],[110.35147198,-1.16562335899994],[110.359350828,-1.17275301099994],[110.364861524,-1.17087280199996],[110.379996144,-1.18488155499995],[110.378252546,-1.19067398799996],[110.385629978,-1.19166747499997],[110.385142957,-1.19824790799993],[110.393762158,-1.20254488299997],[110.396218541,-1.21043427599994],[110.393793342,-1.21545257799994],[110.396777212,-1.21766380099996],[110.397052656,-1.22194961599996],[110.3934804,-1.23308535199993],[110.399691712,-1.23800853899996],[110.401072849,-1.24385057199993],[110.411618036,-1.24904367099992],[110.421656823,-1.26016716099997],[110.411159804,-1.26423876999996],[110.406877501,-1.26373105699997],[110.400996755,-1.25726330599997],[110.397412786,-1.26181575899994],[110.393074814,-1.26248974699996],[110.386279729,-1.25614274199995],[110.379582325,-1.25807519599994],[110.372089539,-1.25453083799994],[110.369449159,-1.25707940099994],[110.356499201,-1.25590796199998],[110.348351531,-1.25829575099993],[110.322267879,-1.25601146799994],[110.295573526,-1.27126344599998],[110.293993171,-1.27922123699994],[110.284112601,-1.28349155599994],[110.261850664,-1.28526847799998],[110.252200555,-1.28842961599997],[110.233944395,-1.28689652999998],[110.229483639,-1.28437787799993],[110.224523785,-1.28641520899993],[110.217629851,-1.28527360899994],[110.215676022,-1.29757577899994],[110.211417486,-1.30300776499996],[110.211653375,-1.30918315499997],[110.214530379,-1.31093134299994],[110.211479709,-1.31697165499997],[110.214046013,-1.32363606899997],[110.218973581,-1.32354189399996],[110.220359466,-1.33298244499997],[110.223517035,-1.33501316999997],[110.218759881,-1.33759667299995],[110.217064471,-1.34437462099993],[110.21147124,-1.34364517599994],[110.20782953,-1.33852183599993],[110.200048079,-1.33884481399997],[110.198848509,-1.34185068599993],[110.188454892,-1.34506652099998],[110.187492734,-1.34205036699996],[110.180180191,-1.34121018099995],[110.175173646,-1.34282410799995],[110.175480788,-1.34883192399997],[110.171408495,-1.34996293699993],[110.170092299,-1.35463433599995],[110.15003368,-1.35150382799998],[110.147776245,-1.34633308599996],[110.141367747,-1.34469128299997],[110.139118608,-1.34983648499997],[110.127737149,-1.35573233399992],[110.117689181,-1.35675786399997],[110.107608956,-1.35337995199995],[110.094420163,-1.35278145399997],[110.076448685,-1.35947628899993],[110.077227039,-1.36385181099996],[110.073463743,-1.36059048399994],[110.067735485,-1.36300124599995],[110.057210008,-1.33681953699994],[110.039588196,-1.31320223199998],[110.034643263,-1.30961976099996],[110.031408407,-1.31155238099996],[110.032381792,-1.30331940299993],[110.022225055,-1.29155268599993],[109.993494049,-1.27404664299996],[109.987648173,-1.27414949899998],[109.985152741,-1.27779219799993],[109.975735899,-1.27524570999998],[109.971390384,-1.27557002299994],[109.970196934,-1.27813150399993],[109.961832896,-1.27716168199993],[109.960772714,-1.26431127199993],[109.953775506,-1.26173079499995],[109.950642437,-1.26508740599996],[109.948341831,-1.26204690599997],[109.950421873,-1.25769552899993],[109.942954224,-1.25612152799994],[109.938761379,-1.25169786899994],[109.944653663,-1.25021216199997],[109.948377065,-1.24362915399996],[109.948089269,-1.23941452399993],[109.943093207,-1.23203363099998],[109.939382268,-1.23566046499997],[109.936767784,-1.23266294199993],[109.933010593,-1.23300607099998],[109.934509432,-1.21901996199995],[109.925352008,-1.21367436699995],[109.916598648,-1.22083170099995],[109.914574175,-1.21718344399994],[109.912082122,-1.21734517999994],[109.910963306,-1.20851813299993],[109.907843159,-1.20956993499993],[109.906570588,-1.20468703799997],[109.911508592,-1.20061079699997],[109.910816898,-1.19393792199998],[109.916258027,-1.19227432699995],[109.919931237,-1.18755612299998],[109.942418215,-1.13054562899993],[109.939697818,-1.12366746299995],[109.863298453,-1.09290035299995]]],[[[109.30028,-1.05577599999998],[109.299302,-1.05688599999996],[109.298736,-1.05618999999996],[109.30028,-1.05577599999998]]],[[[109.453207,-1.02205999999995],[109.454106,-1.02051899999998],[109.454656,-1.02101299999993],[109.453207,-1.02205999999995]]],[[[109.758142751,-1.01356218199993],[109.757073033,-1.01308312899994],[109.757605768,-1.01265734499998],[109.758142751,-1.01356218199993]]],[[[109.888516598,-1.36651410899998],[109.886340729,-1.36657292799993],[109.888279016,-1.36604730399995],[109.888516598,-1.36651410899998]]],[[[109.905303628,-1.34659458199997],[109.899710767,-1.35231237199997],[109.896481101,-1.35130030699997],[109.900161677,-1.34306330699997],[109.905303628,-1.34659458199997]]],[[[110.00406,-1.31878199999994],[110.003815,-1.31925799999993],[110.003597,-1.31902599999995],[110.00406,-1.31878199999994]]],[[[110.022111104,-1.31670975999998],[110.021869111,-1.31525925899996],[110.022454043,-1.31541745399994],[110.022111104,-1.31670975999998]]],[[[110.029425368,-1.31196170799996],[110.029010012,-1.30989124199994],[110.029556897,-1.31004702799993],[110.029425368,-1.31196170799996]]],[[[110.021206741,-1.30937719399998],[110.021135718,-1.30855742399996],[110.021658902,-1.30850377699994],[110.021206741,-1.30937719399998]]],[[[110.014688366,-1.30083358299993],[110.013946916,-1.29957675499998],[110.014517821,-1.29910308399997],[110.014688366,-1.30083358299993]]],[[[109.963964219,-1.28143842199995],[109.963975,-1.28177999999997],[109.963871369,-1.28169129099996],[109.963964219,-1.28143842199995]]],[[[109.95070975,-1.26875322299998],[109.948162255,-1.26844030599995],[109.949256533,-1.26574308099993],[109.950820693,-1.26640884399995],[109.95070975,-1.26875322299998]]],[[[109.937211158,-1.24969273999994],[109.938126856,-1.24917854299997],[109.938078956,-1.25002816199998],[109.937211158,-1.24969273999994]]],[[[109.905705274,-1.20524415299997],[109.90552496,-1.20423888399995],[109.905876925,-1.20412414699996],[109.905705274,-1.20524415299997]]]]}},{"type":"Feature","properties":{"kode_kk":"61.03","kode_prov":"61","kab_kota":"SANGGAU","provinsi":"Kalimantan Barat","fid":"61.03","nama":"Kabupaten Sanggau","label":"Kabupaten Sanggau, Provinsi Kalimantan Barat, 61.03"},"geometry":{"type":"Polygon","coordinates":[[[110.196997094,-0.416640349999966],[110.195700567,-0.420212765999963],[110.191220317,-0.421872577999977],[110.187848661,-0.421000702999947],[110.184587942,-0.423215468999956],[110.183785192,-0.421456218999936],[110.182358067,-0.423854452999933],[110.171985489,-0.427002936999941],[110.170181552,-0.425380358999973],[110.170655302,-0.427846233999958],[110.164830224,-0.429449202999933],[110.164340567,-0.431768171999977],[110.162517817,-0.429555577999963],[110.159846708,-0.432896749999941],[110.157020442,-0.43274454699997],[110.154078677,-0.438857624999969],[110.148345614,-0.436597624999933],[110.146714302,-0.429345765999926],[110.13893188,-0.430981186999929],[110.138546161,-0.427332374999935],[110.134427989,-0.425079452999967],[110.131104645,-0.429313530999934],[110.123900489,-0.423279093999952],[110.113694692,-0.422659530999965],[110.109838302,-0.426931468999953],[110.110887348,-0.428941296999938],[110.10798302,-0.42847881199998],[110.105927864,-0.421906780999961],[110.107869442,-0.419440796999936],[110.102777739,-0.419248890999938],[110.103810505,-0.41548096899993],[110.099843723,-0.407541108999965],[110.102893738,-0.405454913999961],[110.098630005,-0.397474686999942],[110.08803813,-0.399035436999952],[110.079519567,-0.394984890999979],[110.07603838,-0.389139983999939],[110.050900817,-0.387426140999935],[110.048799848,-0.392878827999937],[110.040398583,-0.398967796999955],[110.040165052,-0.405759015999934],[110.043728723,-0.414587671999925],[110.035629817,-0.425369968999973],[110.037432583,-0.435491],[110.027131239,-0.444928155999946],[110.014524864,-0.448742655999979],[110.015100661,-0.458283749999964],[110.009885286,-0.460910812999941],[110.005096255,-0.472396937999974],[109.993878052,-0.473254890999954],[109.992241583,-0.480237796999972],[109.99582113,-0.486369546999924],[109.988596067,-0.485030280999979],[109.974508567,-0.49955859399995],[109.9657775,-0.497100832999934],[109.960563755,-0.491513202999954],[109.959152364,-0.485759359999975],[109.972078614,-0.477907187999961],[109.972066083,-0.464014374999977],[109.966700176,-0.453431468999952],[109.951676473,-0.449658436999925],[109.946907583,-0.446836374999975],[109.946099458,-0.443630858999938],[109.951618458,-0.440352593999933],[109.968027505,-0.445527686999981],[109.972127333,-0.44131553099993],[109.972189052,-0.435106437999934],[109.967793098,-0.430569405999961],[109.938934567,-0.420256843999937],[109.930323114,-0.414042046999953],[109.926840536,-0.407932530999972],[109.924704911,-0.392255655999975],[109.924394677,-0.370403062999969],[109.927748504,-0.358741921999979],[109.933747098,-0.355273952999937],[109.947879239,-0.356004389999953],[109.953072739,-0.348752218999948],[109.952273676,-0.34457096899996],[109.936437614,-0.328960655999936],[109.936074442,-0.318919093999966],[109.956377973,-0.304470561999949],[109.970710973,-0.281695514999967],[109.96659602,-0.270748483999967],[109.951228969,-0.259488137999938],[109.954401803,-0.254916929999979],[109.954703108,-0.245774238999957],[109.944381801,-0.228121951999924],[109.946737305,-0.200047945999927],[109.942103777,-0.159839160999979],[109.947525021,-0.141458385999954],[109.939921666,-0.141370228999961],[109.933691212,-0.146099621999952],[109.927188532,-0.144477028999972],[109.920990441,-0.147321861999956],[109.905439474,-0.136557139999979],[109.900335536,-0.123191296999948],[109.903888899,-0.107684806999941],[109.895220207,-0.104081620999978],[109.878071006,-0.086075809999954],[109.872613037,-0.07041507799994],[109.862407147,-0.063611702999935],[109.857846599,-0.052718091999964],[109.853520331,-0.052585060999945],[109.851323603,-0.049107918999937],[109.851842115,-0.043452699999932],[109.848222161,-0.037684345999935],[109.850199568,-0.035170518999962],[109.848021211,-0.034228832999929],[109.847225278,-0.013628610999945],[109.842133429,0.000951574000055],[109.842802885,0.003985019000027],[109.857703056,0.01260944400002],[109.863830556,0.024148611000044],[109.869648056,0.028846111000064],[109.868937244,0.032803111000021],[109.877287354,0.031568166000056],[109.880901794,0.040723606000029],[109.886014474,0.041337444000021],[109.87641,0.07703],[109.890442481,0.087332592000053],[109.894234274,0.084008145000041],[109.902782539,0.086647815000049],[109.909641313,0.084090477000075],[109.907626275,0.092994114000021],[109.913141691,0.09733419600002],[109.911701298,0.100130129000036],[109.916576576,0.101106883000057],[109.919729963,0.106026971000063],[109.925948148,0.10572058300005],[109.924472222,0.108],[109.936499998,0.114166667000063],[109.958216211,0.107503868000038],[109.962844398,0.118656918000056],[109.975336357,0.122670894000066],[109.97673878,0.127378660000034],[109.981380653,0.131137154000044],[109.988900455,0.131066102000034],[109.990949228,0.139596345000029],[109.997794615,0.144541975000038],[110.007082688,0.147474758000044],[110.02491807,0.140400033000049],[110.024386381,0.144103629000028],[110.028499955,0.150352704000056],[110.02860683,0.173727954000071],[110.038300754,0.185320688000047],[110.038062808,0.194790942000054],[110.042012713,0.19678969000006],[110.041417848,0.200620622000031],[110.045343959,0.201025130000062],[110.049341453,0.211114045000045],[110.054290732,0.212375159000032],[110.057003317,0.210257439000031],[110.063737192,0.219251801000041],[110.0712087,0.22234510100003],[110.078214726,0.216638450000062],[110.084472222,0.216944444000035],[110.086484839,0.209876725000072],[110.097653374,0.21888459500002],[110.102639739,0.218436576000045],[110.110949579,0.209669412000039],[110.117102865,0.207242361000056],[110.12186555,0.227748199000075],[110.117615928,0.231992122000065],[110.12079377,0.232451818000072],[110.116848263,0.235964835000061],[110.119227724,0.236193263000075],[110.119334899,0.249940884000068],[110.125840479,0.246545418000039],[110.132801104,0.256303044000049],[110.138700816,0.25668829500006],[110.145946275,0.271079275000034],[110.15025072,0.27338497300002],[110.148944396,0.27702554800004],[110.139935757,0.278189104000035],[110.140885162,0.287354788000073],[110.134796121,0.291973322000047],[110.136009646,0.297305694000045],[110.133268507,0.302466745000061],[110.133639703,0.304672505000042],[110.138767848,0.306368980000059],[110.135645559,0.313978855000073],[110.135781218,0.322297173000038],[110.139150534,0.324767053000073],[110.148715968,0.323267993000059],[110.153313571,0.343893324000021],[110.15654243,0.34255150000007],[110.158936366,0.34566875400003],[110.157939714,0.349201538000045],[110.161743402,0.349968069000056],[110.159917679,0.352671584000063],[110.161459457,0.363748736000048],[110.159396348,0.367150085000048],[110.162239921,0.373856687000057],[110.159336388,0.378625816000067],[110.174281783,0.374906719000023],[110.180487417,0.382178352000039],[110.189072513,0.380427068000074],[110.188648147,0.391573609000034],[110.190152419,0.396290322000027],[110.191608341,0.394889388000024],[110.194277778,0.399138889000028],[110.192080151,0.406068140000059],[110.194459612,0.414539021000053],[110.19689618,0.415433699000062],[110.200950782,0.409437457000024],[110.210335376,0.410484420000046],[110.207689415,0.412559310000063],[110.206242703,0.424646972000062],[110.199009142,0.428092431000039],[110.195182441,0.42365109800005],[110.182576077,0.427672415000075],[110.184224374,0.43335281700007],[110.181082833,0.435623711000062],[110.181397928,0.442541325000036],[110.175008604,0.447769537000056],[110.173390571,0.44591355700004],[110.165157635,0.446103914000048],[110.165237087,0.44982956900003],[110.162851677,0.451316732000066],[110.165260881,0.455248791000031],[110.163868897,0.457592560000023],[110.168574281,0.463196191000065],[110.174724065,0.465741454000067],[110.174709782,0.468272142000046],[110.180713217,0.471088383000051],[110.17934544,0.475558024000065],[110.176294303,0.474769469000023],[110.178126718,0.478665010000043],[110.175426259,0.479890285000067],[110.183581362,0.487866733000033],[110.191622551,0.488899678000053],[110.194974746,0.485173190000069],[110.199122798,0.485676169000044],[110.201260474,0.494497644000035],[110.204212023,0.49605131800007],[110.201400332,0.499668927000073],[110.20296692,0.503834829000027],[110.204980456,0.503618412000037],[110.202898788,0.518485050000038],[110.199334681,0.525943263000045],[110.216054606,0.537185618000024],[110.218802244,0.537207918000036],[110.223751523,0.53225863900002],[110.23079726,0.53242995200003],[110.231166076,0.534666645000073],[110.234168956,0.534212168000067],[110.235042341,0.539538216000039],[110.254351544,0.549814294000043],[110.254013661,0.554992001000073],[110.248288678,0.557333391000043],[110.24924998,0.559579602000042],[110.246880037,0.559712852000075],[110.243758184,0.56491911300003],[110.244414915,0.570506087000069],[110.24827916,0.570839212000067],[110.249202391,0.575417295000022],[110.242730257,0.57515079500007],[110.242511346,0.577406524000025],[110.239256244,0.578367826000033],[110.230395131,0.576235829000041],[110.231099451,0.578767576000075],[110.227016296,0.58215592800002],[110.225303084,0.589142978000041],[110.227644474,0.592983428000025],[110.221358666,0.594763281000041],[110.22231099,0.599626795000063],[110.219885643,0.602214866000054],[110.222888889,0.607472222000069],[110.222888968,0.615677981000033],[110.21834554,0.624825375000057],[110.225972222,0.639666667000029],[110.236137256,0.650044376000039],[110.233842841,0.657488055000044],[110.228249497,0.660920624000028],[110.234204762,0.662670663000029],[110.23658493,0.668383622000022],[110.240533397,0.671311206000041],[110.242456431,0.670164941000053],[110.245050044,0.67437658700004],[110.241537437,0.690554384000052],[110.245527239,0.699027700000045],[110.24290094,0.706579604000069],[110.240069546,0.707976986000062],[110.240568396,0.717944755000076],[110.238094822,0.72151057700006],[110.239629751,0.726746587000036],[110.234002394,0.734174695000036],[110.227853866,0.734669623000059],[110.226102583,0.740304187000049],[110.219839842,0.742588469000054],[110.216193246,0.74029101900004],[110.201552701,0.751627120000023],[110.193251745,0.76543605400002],[110.194706632,0.767704124000034],[110.189976371,0.779602628000021],[110.182877295,0.790220520000048],[110.182571381,0.79893455000007],[110.178737032,0.806876747000047],[110.181675667,0.815609369000072],[110.181032036,0.82823733400005],[110.184272022,0.836096982000072],[110.190336905,0.836358268000026],[110.205041974,0.847862962000022],[110.213869774,0.842354510000064],[110.224142061,0.846799150000038],[110.242416322,0.848714616000052],[110.258180251,0.85841091900005],[110.259964846,0.867631331000041],[110.256812061,0.874038030000065],[110.243903485,0.881235899000046],[110.23655095,0.896553679000021],[110.228758215,0.903513603000022],[110.222857152,0.914429380000058],[110.217088259,0.918238368000061],[110.216481934,0.933396493000032],[110.219614613,0.94713986000005],[110.216763352,0.955514344000051],[110.222947572,0.956567969000048],[110.224893019,0.961460141000032],[110.216481565,0.97272498500007],[110.224167224,0.980838947000052],[110.215579046,0.983673667000062],[110.20396108,0.995217081000021],[110.184487571,1.00246967800007],[110.170693441,1.00112526800007],[110.165147103,1.00256238800006],[110.162977456,1.00625611900006],[110.15784785,1.00660887600003],[110.145414726,1.00182329500007],[110.141697131,1.00591560300006],[110.134992864,1.00560628000005],[110.131493133,1.01588672600008],[110.143738403,1.02525815500007],[110.142910821,1.02829139400006],[110.118382273,1.05264360800004],[110.112915639,1.06250563700007],[110.116599675,1.07331818700004],[110.131015032,1.08176484000006],[110.127796405,1.08629773800004],[110.129420674,1.08959039400003],[110.126912294,1.09597281400005],[110.129772662,1.10041728400006],[110.123265668,1.10406815000005],[110.122287979,1.11120990900002],[110.124955442,1.11207945200005],[110.121298703,1.11567225100003],[110.12406684,1.11884105400003],[110.116169625,1.12525922000003],[110.118122408,1.12904995600007],[110.104054517,1.14059130600003],[110.101824942,1.16064250800002],[110.105674846,1.16951166300004],[110.125003444,1.18444759500005],[110.128149199,1.19595733300002],[110.132047166,1.19916012700003],[110.134283813,1.19757439800003],[110.138941836,1.19993306700007],[110.152536053,1.19691371900007],[110.159100377,1.19881218900002],[110.165131928,1.19607397100003],[110.171251934,1.18720351100006],[110.193023847,1.18287538300007],[110.200443912,1.16801116700003],[110.207214943,1.16460827200007],[110.206645772,1.15769538900003],[110.212705203,1.15078942200006],[110.211958235,1.14090643600002],[110.20599147,1.13836579900004],[110.205237078,1.13296979600005],[110.207776191,1.13085162000004],[110.210460772,1.11857113600007],[110.223504842,1.11417097200007],[110.228420937,1.11923645200005],[110.237440612,1.11940887600002],[110.241260406,1.11792121500002],[110.244101945,1.11118253700005],[110.249555089,1.10762160700006],[110.246581592,1.10655452000003],[110.245876651,1.10299755000005],[110.247936645,1.09806209600004],[110.247450287,1.08644416900006],[110.251609693,1.07964405400003],[110.263531734,1.07439546200004],[110.264437984,1.06798208500004],[110.267222614,1.06632774200006],[110.26043623,1.06174256600002],[110.260264576,1.05759207800003],[110.267495793,1.05049971100004],[110.269444988,1.05342082900006],[110.279311738,1.05229744600007],[110.286327439,1.04452405600006],[110.286647627,1.04025710300004],[110.278151419,1.03256878300004],[110.282913241,1.01824487000005],[110.282629105,1.01129686100006],[110.276305375,0.99665826100005],[110.290106365,0.99549851200004],[110.292612733,0.998233582000069],[110.298396134,0.995598446000031],[110.307960517,1.00384027800004],[110.309168393,1.00044745800005],[110.319245708,1.00076957900006],[110.325165426,0.99208430300007],[110.327790345,0.993336907000071],[110.33089259,1.00686739300005],[110.335003988,1.00468001900003],[110.339365685,1.01264658300005],[110.34379258,1.00633369700006],[110.341663052,0.997783183000024],[110.34345138,0.991934680000043],[110.353112632,0.986475914000039],[110.357355995,0.987429999000028],[110.357429605,0.989315685000065],[110.358786891,0.983453883000038],[110.370687871,0.98791232700006],[110.370853439,0.991287103000047],[110.378644966,0.995791436000047],[110.389136654,0.993596234000051],[110.393637505,0.998597233000055],[110.396445464,0.99769227400003],[110.397388624,0.99035668700003],[110.404415212,0.989720565000027],[110.402433494,0.985588936000056],[110.406452907,0.976236802000074],[110.404731149,0.97193128300006],[110.410220669,0.965057013000035],[110.408016501,0.96387795000004],[110.408763028,0.958031976000029],[110.405442028,0.953032357000041],[110.417829302,0.950655486000073],[110.420361493,0.952390627000057],[110.424572296,0.946711278000066],[110.429406939,0.944764167000073],[110.43090676,0.947173418000034],[110.433540293,0.945017996000047],[110.43554421,0.946732016000055],[110.439003744,0.943744152000022],[110.440587379,0.937005180000028],[110.432657499,0.928494449000027],[110.433062704,0.925351067000065],[110.437982037,0.922565925000072],[110.438277776,0.917392364000023],[110.446582383,0.907537270000034],[110.452716919,0.909383277000074],[110.46274898,0.904766429000063],[110.467307193,0.892594495000026],[110.479608931,0.89199553900005],[110.480555678,0.884186609000039],[110.489913326,0.879720464000059],[110.490482391,0.876694275000034],[110.506419456,0.873366282000063],[110.512065392,0.874575847000074],[110.521242253,0.86989532900003],[110.529831444,0.871150476000025],[110.535057159,0.867794899000046],[110.545128064,0.868590815000061],[110.546557315,0.863982301000021],[110.553097556,0.861801273000026],[110.553485257,0.859513911000022],[110.568560568,0.860687929000051],[110.569897028,0.856277398000032],[110.575405441,0.853820529000075],[110.579041417,0.858347173000027],[110.586242162,0.857791070000076],[110.589690897,0.860325017000036],[110.597646834,0.85875846700003],[110.601812216,0.868875514000024],[110.609970865,0.866547552000043],[110.612014528,0.869366263000074],[110.621059447,0.866041983000059],[110.623535812,0.869163119000063],[110.628818462,0.869070304000047],[110.627222582,0.871315451000044],[110.630502192,0.875437360000035],[110.635104385,0.875832588000037],[110.636768918,0.88009697800004],[110.632484482,0.883488126000032],[110.636173783,0.888787199000035],[110.632663999,0.89473068500007],[110.638159943,0.892373874000043],[110.651581898,0.903397411000071],[110.647886774,0.896146867000027],[110.649806211,0.890944726000043],[110.652525603,0.893654790000028],[110.654645311,0.891149118000044],[110.651466196,0.880194649000032],[110.653590053,0.875745502000029],[110.655114864,0.87669042300007],[110.658953223,0.871062757000061],[110.662262517,0.870558326000037],[110.663146587,0.873504764000074],[110.67489205,0.878332103000048],[110.674605962,0.875556485000061],[110.680828163,0.86900967400004],[110.683255065,0.867838909000056],[110.686395239,0.870402045000048],[110.688202181,0.864868245000025],[110.694601351,0.863508861000071],[110.698981389,0.869622008000022],[110.699128333,0.873207290000039],[110.695887382,0.87686314900003],[110.697636664,0.88416791100002],[110.702751301,0.886432161000073],[110.704425565,0.891436232000046],[110.711784931,0.896488317000035],[110.716303585,0.906076207000069],[110.734744535,0.907357052000066],[110.741360051,0.903436472000067],[110.748402204,0.903261726000039],[110.750018361,0.899733081000022],[110.75564818,0.899282775000074],[110.759540226,0.905752842000027],[110.764829557,0.908219840000072],[110.760463501,0.91776913800004],[110.761798937,0.923408473000052],[110.76480773,0.92452838600002],[110.765726536,0.929522741000028],[110.771482487,0.932222522000075],[110.777031201,0.930550648000064],[110.780609322,0.926213720000021],[110.783871587,0.912450530000058],[110.789950527,0.912283280000054],[110.79176358,0.908097417000022],[110.796465461,0.905810889000065],[110.799084579,0.90726382400004],[110.80321541,0.900604747000045],[110.794167564,0.895928155000036],[110.792227671,0.885701938000068],[110.788277778,0.881666667000047],[110.787129736,0.876394743000048],[110.776886707,0.872040846000061],[110.775335579,0.863563554000052],[110.765671589,0.860422370000038],[110.7597444,0.850783333000038],[110.758987347,0.840774672000066],[110.765159027,0.83404215500002],[110.77278375,0.833159443000056],[110.780358076,0.817439977000049],[110.7880639,0.808],[110.792026947,0.792192771000032],[110.796752795,0.79438329200002],[110.801605563,0.791283727000064],[110.813694395,0.789709090000031],[110.813070482,0.788288129000023],[110.820113608,0.784946951000052],[110.817187508,0.78132152400002],[110.823480814,0.774501501000032],[110.827871525,0.776160244000039],[110.839403277,0.770785249000028],[110.838370071,0.765924979000033],[110.843215372,0.762367254000026],[110.846509077,0.755401532000064],[110.869273421,0.754779170000063],[110.869384893,0.747763661000022],[110.850964645,0.744012016000056],[110.857229929,0.735647270000072],[110.855033719,0.732559818000027],[110.857724491,0.727668724000068],[110.865161622,0.726849044000062],[110.874169344,0.72948823400003],[110.880710094,0.727846778000071],[110.89181605,0.723495013000047],[110.89749216,0.716057615000068],[110.9036306,0.712772222000069],[110.9299583,0.716413889000023],[110.933470512,0.721155578000037],[110.940581822,0.721902079000074],[110.944345274,0.725441881000052],[110.9510778,0.727016667000044],[110.967874109,0.724440350000066],[110.968991784,0.736776208000038],[110.975120681,0.73932441300002],[110.974706379,0.742239725000047],[110.994573805,0.736836828000037],[110.997008179,0.746079073000033],[111.004689852,0.738791669000022],[111.01161892,0.739302767000027],[111.010037191,0.734962942000038],[111.006467999,0.733463881000034],[110.997164681,0.735374485000023],[110.997122765,0.729735848000075],[111.000906109,0.72395375900004],[110.998165304,0.716539617000024],[110.990188954,0.712457013000062],[110.990525997,0.705852485000037],[110.988706045,0.705151315000023],[110.991694372,0.700254470000061],[110.989389123,0.690234580000038],[110.992588535,0.686315033000028],[111.002118757,0.682746653000038],[111.004325685,0.677225944000043],[111.008206491,0.678540274000056],[111.012425493,0.668694952000067],[111.01058212,0.648300617000075],[111.002864984,0.636234400000035],[110.998010883,0.614343359000031],[110.988838842,0.598390405000032],[110.994361027,0.57849138000006],[110.994039412,0.570770698000047],[110.999940514,0.557964222000066],[110.978549152,0.530357431000027],[110.962238848,0.517413348000048],[110.957874195,0.50400703300005],[110.960401191,0.496610477000047],[110.958104012,0.489213887000062],[110.948455785,0.475576390000072],[110.942466962,0.461829839000075],[110.94039976,0.425540389000048],[110.947412198,0.400684913000021],[110.958654435,0.397933667000075],[110.956345986,0.38841271900003],[110.959023361,0.372555061000071],[110.950366152,0.359316187000047],[110.931969171,0.351909245000058],[110.933600654,0.349756794000029],[110.931191595,0.347434355000075],[110.931129446,0.341718919000073],[110.923241735,0.339748992000068],[110.922791314,0.335752496000055],[110.926386386,0.334063915000058],[110.926824731,0.327250400000025],[110.923211881,0.317558192000035],[110.913274702,0.309197859000051],[110.910346795,0.303273515000058],[110.912246103,0.293429026000069],[110.909763618,0.278482653000026],[110.912509939,0.264130477000037],[110.908380526,0.263525197000035],[110.908621689,0.251074334000066],[110.890978252,0.239414109000052],[110.888186888,0.233370464000075],[110.887889831,0.230667477000054],[110.894537737,0.224001949000069],[110.906531521,0.228972787000032],[110.910945694,0.222135644000048],[110.906170345,0.211963406000052],[110.903918033,0.211420554000028],[110.903541749,0.20508178700004],[110.898683276,0.203402352000069],[110.902980144,0.193280712000046],[110.901991621,0.189141567000036],[110.905142617,0.188163346000067],[110.903166372,0.179834947000074],[110.900390913,0.177849398000035],[110.901418827,0.167823865000059],[110.894636486,0.167295188000026],[110.890486253,0.16428288700007],[110.884638798,0.150772509000035],[110.878530625,0.148041324000076],[110.870770442,0.119421641000031],[110.843198076,0.108360083000036],[110.843006238,0.096082355000021],[110.819434077,0.092575537000073],[110.81151761,0.093184679000046],[110.804224663,0.099931984000023],[110.797332986,0.099479579000047],[110.789270392,0.093398078000064],[110.788354894,0.089603882000063],[110.785692576,0.091294571000049],[110.784608574,0.088088446000029],[110.766442443,0.088470980000068],[110.76428568,0.085917127000073],[110.767279408,0.079227844000059],[110.762673761,0.074280111000064],[110.752701428,0.05362711600003],[110.752969903,0.049179509000055],[110.749316259,0.045412369000076],[110.742023913,0.022550765000062],[110.724817002,-0.003784155999938],[110.730428042,-0.00917678299993],[110.725404134,-0.012140320999947],[110.727036047,-0.015190392999955],[110.724870857,-0.021021407999967],[110.725949247,-0.024968254999976],[110.728784631,-0.025788042999977],[110.729728215,-0.031634805999943],[110.722280531,-0.032211545999928],[110.721808705,-0.040942098999949],[110.719062163,-0.040862925999932],[110.719618201,-0.043859813999973],[110.714646684,-0.049518988999978],[110.714439543,-0.08287779099993],[110.724284305,-0.106376791999935],[110.73962818,-0.129088906999925],[110.740697951,-0.136724282999978],[110.746481027,-0.145435803999931],[110.747064841,-0.162020953999956],[110.742945819,-0.165015859999926],[110.736245506,-0.163543757999946],[110.709626371,-0.169458678999945],[110.693731572,-0.166080227999942],[110.690828629,-0.168031385999939],[110.688116044,-0.163272462999942],[110.671658512,-0.15802324699996],[110.663723009,-0.150765890999935],[110.657506667,-0.150944350999964],[110.651855447,-0.145887995999942],[110.645817565,-0.146244914999954],[110.63826412,-0.142169938999928],[110.617534261,-0.144965528999933],[110.597006232,-0.157367861999944],[110.599862055,-0.166503423999927],[110.612045299,-0.171530476999976],[110.61103428,-0.181386181999926],[110.623126681,-0.192742898999938],[110.623142242,-0.198992080999972],[110.629912942,-0.202971691999949],[110.609304258,-0.229619021999952],[110.598305633,-0.237355097999966],[110.596854639,-0.24233333899997],[110.58395972,-0.248500795999973],[110.565993299,-0.252717737999944],[110.560050293,-0.258959860999937],[110.56105707,-0.273010532999933],[110.569714813,-0.282372581999937],[110.569611788,-0.286075656999969],[110.564163751,-0.299063728999954],[110.56438951,-0.311679903999959],[110.553114987,-0.326091081999948],[110.554097514,-0.32931833799995],[110.558420863,-0.330487735999952],[110.555127045,-0.337725252999974],[110.55563136,-0.342277703999969],[110.570449987,-0.346455935999927],[110.568111662,-0.34771716399996],[110.557529568,-0.345548168999926],[110.538034807,-0.350926570999945],[110.535137678,-0.344318533999967],[110.530178779,-0.343162423999956],[110.529699676,-0.338141393999933],[110.52180209,-0.333889814999964],[110.518926266,-0.328742287999944],[110.509674812,-0.324383947999934],[110.489949078,-0.331812939999963],[110.474497304,-0.324194238999951],[110.470217472,-0.324194014999932],[110.450243723,-0.335835558999975],[110.441321149,-0.335569546999977],[110.422636989,-0.364722400999938],[110.43171083,-0.380071765999958],[110.428971461,-0.384303561999957],[110.407362712,-0.390219165999952],[110.39809961,-0.385795058999975],[110.387371448,-0.387556002999929],[110.383086917,-0.38153850599997],[110.377807762,-0.384457372999975],[110.376217493,-0.388609993999978],[110.381189153,-0.396984692999979],[110.378350983,-0.401581234999981],[110.367964557,-0.39694216099997],[110.351270577,-0.395915168999977],[110.343444782,-0.402014512999926],[110.340909146,-0.400884216999941],[110.336094913,-0.403161587999932],[110.335934635,-0.405430555999942],[110.332318303,-0.405091689999949],[110.325514665,-0.411269715999936],[110.320648323,-0.410543877999942],[110.314110212,-0.423381820999964],[110.315841795,-0.427269042999967],[110.312784525,-0.42820956099996],[110.312931745,-0.433356959999969],[110.310519228,-0.433186056999944],[110.311573562,-0.437933009999938],[110.305948315,-0.443383146999963],[110.307110037,-0.447150720999957],[110.302554404,-0.452373683999951],[110.291079865,-0.444361081999944],[110.285453036,-0.443120874999977],[110.282772849,-0.439064905999942],[110.277821317,-0.442536811999958],[110.277899192,-0.437669640999957],[110.272138099,-0.440069968999978],[110.270488114,-0.438522202999934],[110.268682396,-0.441379233999953],[110.258787442,-0.445555265999928],[110.256047239,-0.442196921999937],[110.253161005,-0.443467249999969],[110.252323849,-0.439033265999967],[110.248735692,-0.441269358999932],[110.242420786,-0.435595749999948],[110.239910755,-0.437729858999944],[110.233241817,-0.436367858999972],[110.229706302,-0.427630655999963],[110.225953755,-0.429521640999951],[110.22022577,-0.428385265999964],[110.21988013,-0.421764530999951],[110.216051364,-0.423182749999967],[110.214132974,-0.419601436999926],[110.208000395,-0.420743561999927],[110.208534958,-0.423326171999975],[110.205002005,-0.421601936999934],[110.198009115,-0.424740178999969],[110.196997094,-0.416640349999966]]]}},{"type":"Feature","properties":{"kode_kk":"61.05","kode_prov":"61","kab_kota":"SINTANG","provinsi":"Kalimantan Barat","fid":"61.05","nama":"Kabupaten Sintang","label":"Kabupaten Sintang, Provinsi Kalimantan Barat, 61.05"},"geometry":{"type":"Polygon","coordinates":[[[111.221873108,-0.476147861999948],[111.21458041,-0.486078075999956],[111.209129431,-0.499580734999938],[111.2022423,-0.49594048199998],[111.20332341,-0.510702194999965],[111.194941789,-0.505408701999954],[111.185922334,-0.509568362999971],[111.185222222,-0.515277777999927],[111.184341985,-0.51262617499998],[111.177731575,-0.511161381999955],[111.173958955,-0.518121638999958],[111.161920534,-0.517217513999924],[111.155837487,-0.51125355299996],[111.149874527,-0.513709251999956],[111.149326571,-0.511756490999971],[111.139796291,-0.510712130999934],[111.139697259,-0.51274624399997],[111.130321894,-0.515092921999951],[111.125617976,-0.507346906999942],[111.11296713,-0.500941866999938],[111.103757705,-0.506357677999972],[111.097560727,-0.505717632999961],[111.09211702,-0.500026301999981],[111.088784774,-0.48562702299995],[111.080748544,-0.47477831499998],[111.072320226,-0.453672537999978],[111.06036409,-0.450319380999929],[111.044941642,-0.439016340999956],[111.043740272,-0.434381851999945],[111.036332007,-0.430754889999946],[111.036331949,-0.418362645999935],[111.024119487,-0.403807530999927],[111.019842697,-0.393829996999955],[111.0,-0.377964061999933],[110.998337951,-0.37279220299996],[111.022037458,-0.369097287999978],[111.023834757,-0.352070479999952],[111.034169979,-0.346291974999929],[111.046738385,-0.321662397999944],[111.050856076,-0.318171806999942],[111.052768227,-0.293584374999966],[111.046621533,-0.286337393999929],[111.03807094,-0.290675151999949],[111.031787573,-0.280152148999946],[111.035267479,-0.274935873999937],[111.049129298,-0.266052901999956],[111.062992789,-0.26890655699998],[111.073704845,-0.26668516999996],[111.081895829,-0.260974730999976],[111.087250531,-0.250823652999941],[111.089768126,-0.230522226999938],[111.083461747,-0.19594729399995],[111.091965657,-0.175645347999932],[111.088495359,-0.143925018999937],[111.108973362,-0.13440706199998],[111.122836079,-0.132819824999956],[111.128191255,-0.126158032999967],[111.135434819,-0.105539022999949],[111.135116168,-0.08047978999997],[111.141098459,-0.052565171999959],[111.144230212,0.009813759000053],[111.143545199,0.019462318000024],[111.135030073,0.04342807200004],[111.132254619,0.070546385000057],[111.122627053,0.085075613000072],[111.147999966,0.100851372000022],[111.157383483,0.10215418100006],[111.1651162,0.098245754000061],[111.179640219,0.077632093000034],[111.192218611,0.073503893000066],[111.201803069,0.074749026000063],[111.213513322,0.061636957000076],[111.222784721,0.069063264000022],[111.235028334,0.117365489000065],[111.24240083,0.126038895000022],[111.273084641,0.132951736000052],[111.282294426,0.132856907000075],[111.287734633,0.125428383000042],[111.293671471,0.128162265000071],[111.296580971,0.134303012000032],[111.292029946,0.156013959000063],[111.267040739,0.167455476000043],[111.272714231,0.190240007000057],[111.270741775,0.205171840000048],[111.265387911,0.216159411000035],[111.265177863,0.22884067800004],[111.26641129,0.232512976000066],[111.272560589,0.231796],[111.270354647,0.235251833000063],[111.273435961,0.244298422000043],[111.269376318,0.249333165000053],[111.270361433,0.24370228600003],[111.268605143,0.241240112000071],[111.266972046,0.250951364000059],[111.260954332,0.246956139000019],[111.262963195,0.25132689000003],[111.259582715,0.26107638600007],[111.263163287,0.261499181000033],[111.258736157,0.266589701000044],[111.261275597,0.268594564000068],[111.254746621,0.272464699000068],[111.255024678,0.275301152000054],[111.259239512,0.278316431000064],[111.256018671,0.289565024000069],[111.259514033,0.294770710000023],[111.252675748,0.296584101000064],[111.249008368,0.294148999000072],[111.246705483,0.297714099000075],[111.237163398,0.301668745000029],[111.237035797,0.305437448000021],[111.231369071,0.306731834000061],[111.235597394,0.324960295000039],[111.230147014,0.32364603000002],[111.23187562,0.33040634300005],[111.228059017,0.328036343000065],[111.228077656,0.331576751000057],[111.222967987,0.333444440000051],[111.226605065,0.335832322000044],[111.221488359,0.341052708000063],[111.223115599,0.342819658000053],[111.220541896,0.350975772000027],[111.214727796,0.363224389000038],[111.208004472,0.368435079000051],[111.212343995,0.373571126000058],[111.217469911,0.369772578000038],[111.219458814,0.375516505000064],[111.226153821,0.375866998000049],[111.221090943,0.386402959000065],[111.222104697,0.391954390000024],[111.21823786,0.394194060000075],[111.215043604,0.400578997000025],[111.221277697,0.404747408000048],[111.219217742,0.408301093000034],[111.22028782,0.412069020000047],[111.224757385,0.412634498000045],[111.224267771,0.420893260000071],[111.232802679,0.427210971000022],[111.235470271,0.439286029000073],[111.243091007,0.44177748200002],[111.247311485,0.45050506900003],[111.261028778,0.453379615000074],[111.294375087,0.500000005000061],[111.295386031,0.511537781000072],[111.284922113,0.521821786000032],[111.287054824,0.530396988000064],[111.281629712,0.53631785500005],[111.28984383,0.545273071000054],[111.271504055,0.577634726000042],[111.247669324,0.583630312000025],[111.212192595,0.598306932000071],[111.198666593,0.626099491000048],[111.196761901,0.640474758000039],[111.202098097,0.67861672600003],[111.199112212,0.685155150000071],[111.187237727,0.692992528000048],[111.170784671,0.700707855000076],[111.147350186,0.707225428000072],[111.119343132,0.720068124000022],[111.063445065,0.722805653000023],[111.050679698,0.719930761000057],[111.02972173,0.728556111000046],[111.01568547,0.738820016000034],[111.004689852,0.738791669000022],[110.997008179,0.746079073000033],[110.994573805,0.736836828000037],[110.974706379,0.742239725000047],[110.975120681,0.73932441300002],[110.968991784,0.736776208000038],[110.967874109,0.724440350000066],[110.9510778,0.727016667000044],[110.944345274,0.725441881000052],[110.940581822,0.721902079000074],[110.933470512,0.721155578000037],[110.9299583,0.716413889000023],[110.9036306,0.712772222000069],[110.89749216,0.716057615000068],[110.89181605,0.723495013000047],[110.880710094,0.727846778000071],[110.874169344,0.72948823400003],[110.865161622,0.726849044000062],[110.857724491,0.727668724000068],[110.855033719,0.732559818000027],[110.857229929,0.735647270000072],[110.850964645,0.744012016000056],[110.869384893,0.747763661000022],[110.869273421,0.754779170000063],[110.846509077,0.755401532000064],[110.843215372,0.762367254000026],[110.838370071,0.765924979000033],[110.839403277,0.770785249000028],[110.827871525,0.776160244000039],[110.823480814,0.774501501000032],[110.817187508,0.78132152400002],[110.820113608,0.784946951000052],[110.813070482,0.788288129000023],[110.813694395,0.789709090000031],[110.801605563,0.791283727000064],[110.796752795,0.79438329200002],[110.792009825,0.792208090000031],[110.7880639,0.808],[110.780358076,0.817439977000049],[110.77278375,0.833159443000056],[110.765159027,0.83404215500002],[110.758987347,0.840774672000066],[110.7597444,0.850783333000038],[110.766318364,0.86107350900005],[110.775335579,0.863563554000052],[110.776886707,0.872040846000061],[110.787129736,0.876394743000048],[110.795156759,0.897038911000038],[110.80321541,0.900604747000045],[110.81002062,0.899929279000048],[110.811792086,0.903472626000053],[110.814410361,0.902911550000056],[110.816309574,0.905370240000025],[110.817852488,0.914197358000024],[110.812445707,0.917681307000066],[110.8141086,0.922964006000029],[110.80621916,0.938025182000047],[110.809297174,0.949997058000065],[110.81364217,0.949160437000046],[110.816201258,0.945024055000033],[110.81994801,0.947318855000049],[110.823225677,0.954034984000032],[110.831500983,0.951059317000045],[110.84707963,0.954515803000049],[110.85501151,0.950555178000059],[110.861184883,0.951304521000054],[110.859208215,0.953546330000052],[110.862681445,0.965385414000025],[110.869247821,0.965483693000067],[110.874932434,0.970266999000046],[110.876571713,0.97501445100005],[110.885620573,0.978106400000058],[110.889969758,0.983381515000076],[110.891674395,1.00870513300003],[110.89999558,1.01471073700003],[110.906893947,1.02922461500003],[110.918575519,1.03113108500003],[110.937454427,1.02601018600006],[110.958545335,1.02676556500006],[110.96987806,1.03003274400004],[110.977981718,1.02754202900007],[110.994996764,1.02868852000006],[111.002462507,1.03348730200003],[111.034306725,1.03561576400006],[111.041717742,1.04069727300003],[111.054501778,1.04255205400005],[111.068456691,1.04937590900005],[111.079774687,1.05114348000006],[111.092033536,1.04780728100008],[111.100477491,1.05060374800007],[111.106108699,1.04796308700003],[111.112705303,1.05251881100003],[111.138317821,1.05046771600007],[111.153555686,1.05290273100007],[111.165109809,1.06048934500006],[111.181781056,1.06005813300004],[111.196900151,1.06454103800007],[111.231543622,1.08615368900007],[111.244654933,1.07873413200002],[111.25206551,1.06295709600005],[111.2658524,1.06810891500004],[111.272985374,1.06787529100006],[111.288214138,1.05548103300004],[111.298683895,1.05404525000006],[111.309492174,1.04664932700007],[111.321778895,1.04298256100003],[111.335610878,1.04286955900005],[111.346840069,1.03841243200003],[111.352342417,1.03952869300002],[111.378828873,1.02209336200002],[111.385093547,1.01501709800004],[111.397935795,1.01404714200004],[111.413432932,1.00757726300003],[111.444277309,1.01353215200004],[111.45718735,1.02357044600006],[111.46439347,1.03691809300005],[111.488663899,1.03527601300004],[111.493704581,1.02734820800003],[111.496987494,1.02754456500003],[111.498634755,1.02352234400007],[111.505587735,1.02101249500004],[111.508163462,1.01238616700005],[111.514725336,1.00390395500006],[111.515689764,0.974633059000041],[111.519454484,0.961843705000035],[111.522668469,0.956024644000024],[111.528984127,0.954374135000023],[111.536783725,0.936915095000074],[111.551629397,0.924898425000038],[111.560993856,0.921187710000027],[111.573351638,0.920624818000022],[111.607785086,0.934334119000027],[111.617145493,0.931045897000047],[111.625928871,0.923203315000023],[111.625962972,0.91257328100005],[111.633876826,0.889086357000053],[111.636686096,0.871622596000066],[111.643623256,0.860695796000073],[111.656294155,0.85405329300005],[111.664664079,0.845983897000053],[111.672210496,0.831970214000023],[111.67650877,0.815418917000045],[111.700127987,0.802841196000031],[111.726910992,0.783151992000057],[111.745375194,0.757835316000069],[111.747474393,0.747217807000027],[111.743394748,0.737987387000032],[111.732080492,0.734807792000026],[111.717867272,0.706988682000031],[111.715978457,0.696558168000024],[111.716722097,0.672277798000039],[111.712307104,0.664166210000076],[111.689356996,0.638141996000058],[111.687363947,0.627572107000049],[111.714862998,0.588566998000033],[111.720621606,0.570576695000057],[111.72258,0.533416],[111.717845999,0.519580996000059],[111.720764997,0.508999992000042],[111.724467992,0.459345995000035],[111.706430803,0.446066883000071],[111.701362991,0.436429385000054],[111.698172291,0.409634698000048],[111.686020793,0.377457195000034],[111.661360298,0.361229893000029],[111.649970117,0.359780757000067],[111.649559378,0.358120477000057],[111.647992046,0.360332414000027],[111.644777258,0.359255829000062],[111.650826476,0.333114838000029],[111.655370857,0.334265403000074],[111.663619769,0.342217369000025],[111.667887145,0.342075016000024],[111.668680788,0.338440091000052],[111.676227287,0.332812287000024],[111.681267942,0.321078230000069],[111.685642885,0.300116827000068],[111.67714179,0.302657625000052],[111.666475182,0.301339142000074],[111.667435155,0.291442571000061],[111.673233394,0.278632752000021],[111.679717425,0.269977463000032],[111.69197165,0.262303701000064],[111.729329187,0.246926434000045],[111.743992616,0.244219797000028],[111.755165664,0.238911754000071],[111.766678635,0.238274127000068],[111.770717837,0.236451080000052],[111.771258744,0.232365332000029],[111.777641952,0.231706275000022],[111.782255251,0.235327836000067],[111.792881418,0.230949345000056],[111.794829888,0.235067234000041],[111.798830071,0.236422105000031],[111.801910908,0.233888279000041],[111.806915408,0.23531104500006],[111.813898045,0.23054042800004],[111.817306733,0.23461812000005],[111.820125565,0.234511429000065],[111.840934475,0.22805560300003],[111.853507547,0.206592865000061],[111.859410335,0.188898119000044],[111.867047235,0.183098170000051],[111.876041914,0.180311459000052],[111.898215802,0.175692219000041],[111.915021972,0.177665081000043],[111.926569048,0.18308392900002],[111.944653197,0.167931954000039],[111.955240422,0.167246594000062],[111.968759333,0.162791345000073],[111.9848893,0.176057383000057],[111.989562363,0.19137622300002],[111.996106597,0.191220091000048],[112.006004222,0.19507664300005],[112.02689623,0.187435685000025],[112.058691224,0.179766360000031],[112.061620054,0.173443210000073],[112.054691995,0.165401910000071],[112.054179648,0.161801721000074],[112.059220075,0.15600312700002],[112.055679798,0.154139878000024],[112.056892543,0.14872140500006],[112.048688365,0.134375180000063],[112.063423768,0.125202153000032],[112.080306673,0.118706650000036],[112.093826116,0.11873997500004],[112.100501564,0.104173979000052],[112.108964126,0.099415879000048],[112.108005499,0.096413728000073],[112.111252488,0.089495587000044],[112.115976614,0.088082429000053],[112.122790864,0.091568463000044],[112.129146651,0.087604640000052],[112.129762061,0.082964455000024],[112.134245536,0.080015300000071],[112.133932391,0.068479597000021],[112.136089022,0.066848273000062],[112.139831803,0.066595453000048],[112.148435881,0.076761944000054],[112.144167444,0.083275981000043],[112.14504898,0.088904351000053],[112.161294407,0.085632773000043],[112.16362653,0.086928822000061],[112.171194474,0.082356023000045],[112.170803536,0.087961353000026],[112.175648936,0.093607902000031],[112.19096712,0.090140120000058],[112.194689686,0.10304926200007],[112.202797694,0.09907481800002],[112.207253924,0.104281785000069],[112.215676681,0.106802777000041],[112.217548349,0.114809489000038],[112.226026273,0.111133136000035],[112.23448154,0.112051776000044],[112.250620461,0.107208977000028],[112.26531136,0.110625070000026],[112.281146565,0.086582854000028],[112.290631255,0.082597916000054],[112.29794098,0.083207931000061],[112.301364457,0.094694945000072],[112.305947136,0.096970343000066],[112.307787495,0.101150481000047],[112.319656689,0.101119813000025],[112.336043254,0.105947659000037],[112.342592656,0.104310523000038],[112.349072748,0.095377806000045],[112.379233949,0.098952454000028],[112.393382466,0.094776116000048],[112.394992004,0.112133651000022],[112.402701615,0.122163959000034],[112.402821293,0.129426020000039],[112.399009799,0.134658180000031],[112.400226527,0.141507589000071],[112.395456206,0.144952338000053],[112.395715282,0.147008093000068],[112.436730736,0.127985973000023],[112.446887027,0.127985973000023],[112.447628362,0.125910235000049],[112.461268927,0.123241428000028],[112.50561662,0.104828462000057],[112.513659865,0.124791639000023],[112.513371517,0.133366753000075],[112.50709755,0.150524516000075],[112.504887989,0.164236226000071],[112.511561416,0.183595567000054],[112.519096277,0.183767454000019],[112.523349033,0.187193752000042],[112.53574388,0.177655771000047],[112.540497724,0.178253598000026],[112.549682668,0.181850970000028],[112.553212046,0.188358697000069],[112.557992017,0.189692888000025],[112.569355796,0.204412069000057],[112.600448107,0.180974728000024],[112.613973587,0.17778121300006],[112.624485388,0.182143253000049],[112.639359228,0.169128643000022],[112.647486111,0.167406111000048],[112.64538749,0.182259259000034],[112.629710129,0.201714277000065],[112.62856978,0.206806270000072],[112.637203217,0.215687408000065],[112.646101862,0.215418451000062],[112.655991277,0.233602396000038],[112.671682298,0.241696297000033],[112.682131818,0.237192829000037],[112.700384968,0.234814591000031],[112.713554861,0.23688413800005],[112.752972285,0.233543175000023],[112.806462568,0.190332163000051],[112.816170769,0.180433605000076],[112.824069688,0.162047439000048],[112.83098031,0.163770549000049],[112.8622836,0.15719880100005],[112.923221102,0.152295793000064],[112.941727974,0.14573329500007],[112.948204625,0.146566626000038],[112.963302315,0.15060190500003],[112.964230542,0.160148],[112.971450271,0.16466848500005],[112.975488756,0.175861520000069],[112.973736551,0.188425991000031],[112.969887771,0.193129129000056],[112.971832982,0.198776646000056],[112.966450269,0.204066626000042],[112.96552741,0.214362115000029],[112.973950265,0.218399972000043],[112.974569362,0.225843015000066],[112.983565747,0.229451253000036],[112.984366934,0.235316625000053],[112.997278028,0.250531172000024],[112.997349301,0.253357462000054],[113.008294353,0.255394122000041],[113.013327983,0.25217217900007],[113.015561452,0.253714006000052],[113.017045496,0.262239316000034],[113.023114498,0.267899399000044],[113.029718494,0.266968188000021],[113.037874566,0.271341773000074],[113.046483521,0.271472999000025],[113.05014359,0.275309512000035],[113.050981801,0.285500262000028],[113.054714167,0.291667778000033],[113.059796614,0.282822583000041],[113.072047739,0.279007225000043],[113.075373472,0.273480671000073],[113.074990631,0.268468277000068],[113.08554457,0.266480252000065],[113.092278078,0.261248943000055],[113.10280264,0.262385193000057],[113.100400726,0.256081796000046],[113.104904516,0.247291348000033],[113.098676561,0.238599142000055],[113.100491799,0.230733339000039],[113.102054258,0.228100923000056],[113.115616721,0.222122225000021],[113.122741868,0.211941655000032],[113.131276623,0.209047941000051],[113.13630287,0.211970177000069],[113.135601533,0.220970666000028],[113.148949907,0.234327080000071],[113.159623876,0.236914076000062],[113.166964693,0.235490857000059],[113.179249325,0.243131299000027],[113.194754928,0.242457142000035],[113.234887552,0.229900004000058],[113.261791667,0.23005],[113.27366666,0.225666670000066],[113.273665403,0.219025989000045],[113.29428352,0.207066603000044],[113.298065565,0.201318282000045],[113.298533599,0.194066630000066],[113.302092179,0.191581979000034],[113.301140395,0.185890309000058],[113.309434403,0.17381771700002],[113.315049931,0.170048651000059],[113.32533333,0.169333330000029],[113.361243824,0.151819545000023],[113.367411387,0.152576213000032],[113.373763726,0.142589472000054],[113.383072653,0.144534920000069],[113.39169697,0.140628677000052],[113.40030586,0.134375454000065],[113.39999193,0.127399962000027],[113.414346266,0.115312402000029],[113.411719341,0.108307269000022],[113.412959136,0.104168534000053],[113.403833321,0.095872706000023],[113.403990365,0.089681348000056],[113.393268911,0.083300665000024],[113.401661666,0.07371230900003],[113.405200718,0.064221988000043],[113.401466773,0.051272312000037],[113.40251899,0.046082311000021],[113.394736963,0.045294412000032],[113.395770641,0.03434651200007],[113.417308883,0.018656023000062],[113.417841882,0.012983388000066],[113.426522156,0.012374246000036],[113.432752165,0.009212429000058],[113.426030223,-0.009845180999946],[113.4295506,-0.025459291999937],[113.424096875,-0.033882583999969],[113.41758667,-0.037280453999927],[113.415676904,-0.047781086999976],[113.423271647,-0.051927773999978],[113.431370922,-0.050020693999954],[113.441877367,-0.054266128999927],[113.443200973,-0.064017921999948],[113.43504894,-0.076952671999948],[113.423406237,-0.085711467999943],[113.419906843,-0.091664879999939],[113.418200718,-0.101702478999925],[113.422482162,-0.110469126999931],[113.415701491,-0.113871954999979],[113.400710173,-0.110524766999959],[113.400037303,-0.117462400999955],[113.393971204,-0.126468834999969],[113.385280211,-0.131897527999968],[113.35647996,-0.136380840999948],[113.354466936,-0.141135003999977],[113.330212376,-0.151642525999932],[113.330878625,-0.155877965999935],[113.324406491,-0.161303136999948],[113.323689084,-0.168309757999964],[113.313196553,-0.182483115999958],[113.305717965,-0.186408296999957],[113.301426153,-0.197960716999944],[113.290813757,-0.208715880999932],[113.290751891,-0.216601414999957],[113.287493551,-0.223440135999965],[113.292709627,-0.227608475999943],[113.301688618,-0.230130944999928],[113.302537361,-0.237662023999974],[113.297362033,-0.236876801999927],[113.297040806,-0.239410927999927],[113.305443278,-0.254151688999968],[113.28424228,-0.262213302999953],[113.274399687,-0.269319610999958],[113.272258172,-0.274768575999929],[113.266631891,-0.277719797999964],[113.262782988,-0.283447297999942],[113.257445682,-0.281684385999938],[113.259949237,-0.293357542999956],[113.254895075,-0.297224376999964],[113.252182489,-0.304077223999968],[113.243609718,-0.303920105999964],[113.231924722,-0.323960759999977],[113.22049527,-0.333541470999933],[113.221319368,-0.348160868999969],[113.229512345,-0.356103351999934],[113.239083727,-0.377813077999974],[113.255856667,-0.384228610999969],[113.262313711,-0.389398479999954],[113.258179765,-0.39491441499996],[113.257283596,-0.405516710999962],[113.271145448,-0.425687507999953],[113.269218084,-0.427043800999968],[113.264221216,-0.423388948999957],[113.265958223,-0.436257073999968],[113.259533678,-0.436542608999957],[113.257534931,-0.432687881999925],[113.255250648,-0.434258326999952],[113.254917524,-0.441158763999965],[113.260941029,-0.449266707999925],[113.254593917,-0.44997228699998],[113.249585518,-0.447086342999967],[113.246492044,-0.450184441999966],[113.239650766,-0.468456603999925],[113.229580484,-0.475713067999948],[113.225864664,-0.485597301999974],[113.226161334,-0.496600695999973],[113.218164362,-0.506165731999943],[113.192168648,-0.503548322999961],[113.179420342,-0.489512900999955],[113.169451108,-0.48905741699997],[113.167026128,-0.478226315999962],[113.152337069,-0.478401423999969],[113.143274868,-0.472373955999956],[113.130786264,-0.452164487999937],[113.124051931,-0.459380619999934],[113.122019957,-0.466232256999945],[113.115468443,-0.472946557999933],[113.107371481,-0.476709484999958],[113.106002617,-0.480253928999957],[113.098013777,-0.483960622999973],[113.09692532,-0.489481557999966],[113.089739644,-0.489694326999938],[113.086527798,-0.492393706999962],[113.087060837,-0.494638312999939],[113.080411537,-0.496291099999951],[113.062530282,-0.508700271999942],[113.057450972,-0.508761709999931],[113.054601028,-0.513846096999941],[113.04333333,-0.508333329999971],[113.041224906,-0.498578424999948],[113.037659609,-0.495924141999978],[113.03,-0.5025],[112.998084345,-0.503441669999972],[112.99125414,-0.499903911999979],[112.991010676,-0.492890142999954],[112.986692725,-0.495408962999932],[112.980354153,-0.507681384999955],[112.975680793,-0.511139195999931],[112.966609855,-0.510728681999979],[112.945199692,-0.517621248999944],[112.938126663,-0.515470276999963],[112.934378593,-0.52208879799997],[112.930200714,-0.522032672999956],[112.929255954,-0.524280269999963],[112.923042712,-0.522020526999938],[112.921674879,-0.533520148999969],[112.911639752,-0.540547896999954],[112.901265325,-0.542493542999978],[112.889279389,-0.538567993999948],[112.865840857,-0.547830384999941],[112.835816038,-0.569066287999931],[112.832363237,-0.577597391999973],[112.80292203,-0.580468396999947],[112.787452147,-0.585818884999981],[112.777400168,-0.573840674999929],[112.751931596,-0.573883750999926],[112.74459615,-0.57188714199998],[112.729513347,-0.588056636999966],[112.729113295,-0.593100750999952],[112.732630703,-0.600418684999966],[112.731064789,-0.605842836999955],[112.732718459,-0.616594892999956],[112.730688957,-0.621120098999938],[112.734390415,-0.63075972799993],[112.716686099,-0.627970977999951],[112.703668653,-0.620505937999951],[112.703289851,-0.625147909999953],[112.700291202,-0.62729384599993],[112.702381933,-0.638629992999938],[112.693798071,-0.642584819999968],[112.688066659,-0.654147550999937],[112.688095547,-0.659100108999951],[112.677207496,-0.654604268999947],[112.674124041,-0.657954649999965],[112.666581452,-0.659779532999949],[112.652345518,-0.654515887999935],[112.645685685,-0.657103291999931],[112.644982186,-0.660034708999945],[112.64081277,-0.660033670999951],[112.638179442,-0.65733109699994],[112.626694416,-0.66775695299998],[112.619734385,-0.666761465999969],[112.616373545,-0.66874526099997],[112.608764504,-0.683996104999949],[112.594032223,-0.689950764999935],[112.577596238,-0.681483274999948],[112.567851702,-0.685248066999975],[112.561273283,-0.696165290999943],[112.540362839,-0.693826176999949],[112.532462963,-0.698394428999961],[112.522289548,-0.691791504999969],[112.513335611,-0.700786401999949],[112.509840193,-0.698963134999929],[112.502855236,-0.700162506999959],[112.500950804,-0.688427329999968],[112.496064576,-0.68428907599997],[112.486846634,-0.691581510999924],[112.478677174,-0.690230675999942],[112.470180662,-0.685031333999973],[112.46406231,-0.677720834999946],[112.462751389,-0.66908194399997],[112.450810728,-0.659928660999924],[112.447483212,-0.64987950099993],[112.433222429,-0.645094179999944],[112.41420805,-0.627627716999939],[112.412544293,-0.62116750399997],[112.41420805,-0.610878998999965],[112.4230022,-0.607050711999932],[112.428944194,-0.600351205999971],[112.424665959,-0.586234358999945],[112.433460109,-0.577142134999974],[112.433222429,-0.567571355999974],[112.437620902,-0.563150706999977],[112.437086105,-0.553848266999978],[112.439985275,-0.547647476999941],[112.438085555,-0.540246964999938],[112.424283982,-0.531948089999958],[112.42323988,-0.526416827999981],[112.423960443,-0.516322677999938],[112.434659787,-0.511049876999948],[112.43538475,-0.505746840999961],[112.429878276,-0.497853039999939],[112.417518511,-0.496979926999927],[112.414825447,-0.494267325999942],[112.414285659,-0.483947753999928],[112.426084519,-0.469846724999968],[112.429883957,-0.46174812299995],[112.436384201,-0.443246841999951],[112.437383651,-0.430747985999972],[112.433084488,-0.424247741999977],[112.427686691,-0.423147201999939],[112.422883987,-0.418848037999965],[112.416946731,-0.39981759899996],[112.410486221,-0.391647339999963],[112.40145027,-0.385308369999962],[112.391758515,-0.370160342999952],[112.380348189,-0.368335115999969],[112.370445481,-0.355131385999925],[112.371020025,-0.352038010999934],[112.367103255,-0.354770094999935],[112.363495723,-0.34673543599996],[112.364832756,-0.339155536999954],[112.37050915,-0.336543731999939],[112.373555101,-0.305928335999965],[112.372092289,-0.302154443999939],[112.386065567,-0.295426393999946],[112.38653995,-0.292628080999975],[112.37895027,-0.283188319999965],[112.378631328,-0.268455651999943],[112.373500886,-0.261809680999932],[112.372578446,-0.255827920999934],[112.376381322,-0.253674408999927],[112.37828276,-0.246496030999936],[112.384700112,-0.240035487999933],[112.393018903,-0.222807356999965],[112.392305864,-0.217782480999972],[112.397059458,-0.201511444999937],[112.411816916,-0.186009274999947],[112.407992726,-0.180454785999927],[112.393731942,-0.181411907999973],[112.354102851,-0.191303686999959],[112.330199704,-0.20178478899993],[112.321391449,-0.208578462999981],[112.312538292,-0.20958787099994],[112.288804131,-0.218698064999955],[112.248455076,-0.241780842999958],[112.22812152,-0.24345068699995],[112.206433463,-0.258767853999927],[112.199011514,-0.267234092999956],[112.182816927,-0.272171770999933],[112.174651265,-0.27867069499996],[112.17442758,-0.293440970999939],[112.150962632,-0.308974912999929],[112.143402352,-0.304667807999977],[112.137285233,-0.303497313999969],[112.134511323,-0.305673940999952],[112.132387161,-0.303947448999963],[112.13094457,-0.298111480999978],[112.121815065,-0.292081278999945],[112.120910824,-0.283273982999958],[112.113493027,-0.27743500899993],[112.107183456,-0.262348174999943],[112.087083816,-0.256446837999931],[112.082487106,-0.257247924999945],[112.046636582,-0.235747337999953],[112.042122912,-0.214125847999981],[112.037987284,-0.209962376999954],[112.037083735,-0.204003640999929],[112.027769859,-0.212908139999968],[112.027549298,-0.217859112999975],[112.03161729,-0.217945355999973],[112.030910272,-0.219899788999953],[112.024385453,-0.220247268999969],[112.013928342,-0.212044640999977],[112.01144959,-0.214170588999934],[112.007908058,-0.211013802999958],[112.001179093,-0.211556995999956],[111.997310442,-0.20790741299993],[111.993885451,-0.211503926999967],[111.987898893,-0.211538233999931],[111.976914068,-0.217893206999975],[111.974201485,-0.216564752999943],[111.97463928,-0.212646677999942],[111.966032129,-0.208649947999959],[111.962103801,-0.201311664999935],[111.955594805,-0.199610262999954],[111.955122816,-0.195273841999949],[111.939476437,-0.190389841999945],[111.939043837,-0.187240695999947],[111.933809831,-0.189095428999963],[111.931729163,-0.186401022999974],[111.91044177,-0.192483334999963],[111.906403727,-0.204852603999939],[111.902859912,-0.203264069999932],[111.895167219,-0.20832271699993],[111.892718515,-0.20655884599995],[111.893752102,-0.21064654099996],[111.892848055,-0.213094722999926],[111.892469737,-0.213382876999958],[111.890977727,-0.20999085099993],[111.881497512,-0.205027270999949],[111.881699517,-0.201827153999943],[111.877274875,-0.204482105999944],[111.87872355,-0.201176551999936],[111.876010042,-0.194607426999937],[111.871247464,-0.192006875999937],[111.861003766,-0.193466111999953],[111.860121866,-0.190051183999969],[111.858150747,-0.192793438999956],[111.862947378,-0.20194689899995],[111.855809616,-0.208008297999925],[111.845835275,-0.206256114999974],[111.843903404,-0.207771476999937],[111.840466181,-0.205040799999949],[111.830828922,-0.206143830999963],[111.830340436,-0.208445023999957],[111.823674058,-0.208637610999972],[111.820113663,-0.213562420999949],[111.814558742,-0.215887057999964],[111.808849043,-0.208376618999978],[111.811419172,-0.200994044999959],[111.806752167,-0.201961112999925],[111.800787639,-0.199320984999929],[111.797181655,-0.191179372999954],[111.792621238,-0.189884813999925],[111.785089468,-0.18009802399996],[111.780939003,-0.17820409899997],[111.765136543,-0.176916294999955],[111.762030206,-0.179548827999952],[111.76859487,-0.186108996999963],[111.764517556,-0.187850624999953],[111.76100976,-0.18644031499997],[111.760075822,-0.188680577999946],[111.757120531,-0.187053026999934],[111.751581146,-0.190548454999941],[111.746196893,-0.185729232999961],[111.749030447,-0.180017207999924],[111.743947919,-0.17868470999997],[111.741053115,-0.180636884999956],[111.739600061,-0.174675629999967],[111.732676981,-0.173726125999963],[111.731507973,-0.175325613999973],[111.73406999,-0.178124964999938],[111.728655897,-0.178187377999961],[111.724658378,-0.174981651999929],[111.728833973,-0.171973502999947],[111.727393373,-0.153567790999944],[111.731518787,-0.149609630999976],[111.727364663,-0.148173622999934],[111.715119714,-0.153215526999929],[111.71048666,-0.147470029999965],[111.7111117,-0.142124808999938],[111.703766194,-0.128573015999962],[111.702291885,-0.127544002999969],[111.698779433,-0.130852961999949],[111.693321845,-0.129195534999951],[111.685153261,-0.131396457999926],[111.684996266,-0.141851343999974],[111.67879111,-0.143245041999933],[111.671072423,-0.156824348999976],[111.661897217,-0.164634914999965],[111.651621265,-0.164766062999945],[111.639428295,-0.168570622999937],[111.637122801,-0.17508264199995],[111.630748231,-0.180322882999974],[111.61755424,-0.178990880999947],[111.590674599,-0.203144626999972],[111.582343924,-0.205207221999956],[111.572979556,-0.20410235099996],[111.569770342,-0.208876467999971],[111.565849821,-0.202606],[111.56574333,-0.208927502999927],[111.551457951,-0.211923431999935],[111.551569538,-0.215226652999945],[111.547399109,-0.216037454999935],[111.549383698,-0.219341853999936],[111.546897962,-0.226539783999954],[111.543526914,-0.22642865399996],[111.542816623,-0.230510357999947],[111.540494155,-0.231337697999948],[111.541497884,-0.234847746999947],[111.531836398,-0.234234909999941],[111.528714433,-0.227904724999973],[111.516690373,-0.228601845999947],[111.516441248,-0.234260207999966],[111.507651765,-0.233915816999968],[111.507832145,-0.231072216999962],[111.503510474,-0.230800448999958],[111.503566556,-0.233630809999966],[111.498059467,-0.233617163999952],[111.498047056,-0.245814927999959],[111.489008106,-0.245084365999958],[111.488206447,-0.257013746999974],[111.480458205,-0.256902615999934],[111.479236149,-0.272754179999936],[111.479206543,-0.292945419999967],[111.49302665,-0.293227719999948],[111.49273603,-0.298869957999955],[111.49542664,-0.302632219999964],[111.495023873,-0.321991064999963],[111.482621376,-0.323654934999979],[111.476029378,-0.32917387699996],[111.469138606,-0.338614670999959],[111.469340628,-0.344731506999949],[111.46730609,-0.346996924999928],[111.436259864,-0.357541907999973],[111.433383362,-0.365739297999937],[111.430817354,-0.366272581999965],[111.420427944,-0.359160422999935],[111.414616043,-0.361238214999958],[111.39159498,-0.34969198999994],[111.381210105,-0.352423587999965],[111.374527935,-0.36038287599996],[111.367502199,-0.359050257999968],[111.361409801,-0.366141952999953],[111.362609863,-0.369229154999971],[111.356340224,-0.371648423999943],[111.353466903,-0.376769481999929],[111.356421856,-0.376366552999968],[111.357624727,-0.379041156999961],[111.355332934,-0.383985412999948],[111.353485987,-0.38207826799993],[111.3495135,-0.38772475199994],[111.343586755,-0.390788679999957],[111.337762918,-0.38753885899996],[111.317564825,-0.398825307999971],[111.307198362,-0.408070183999939],[111.312509339,-0.41408275699996],[111.299879857,-0.419256922999978],[111.297311779,-0.423019851999925],[111.283214441,-0.425910403999978],[111.268909698,-0.434848926999962],[111.264758372,-0.433106386999953],[111.260670438,-0.435373243999948],[111.249232554,-0.44960053799997],[111.239501331,-0.455294760999948],[111.241554498,-0.468618358999947],[111.233903663,-0.474672595999948],[111.232437916,-0.473026009999955],[111.221873108,-0.476147861999948]]]}},{"type":"Feature","properties":{"kode_kk":"61.09","kode_prov":"61","kab_kota":"SEKADAU","provinsi":"Kalimantan Barat","fid":"61.09","nama":"Kabupaten Sekadau","label":"Kabupaten Sekadau, Provinsi Kalimantan Barat, 61.09"},"geometry":{"type":"Polygon","coordinates":[[[110.740938649,-0.623238672999946],[110.713821951,-0.622219944999927],[110.712455424,-0.619598138999947],[110.703977165,-0.62050925099993],[110.693258597,-0.615185946999929],[110.690428349,-0.617939089999936],[110.674689925,-0.616782111999953],[110.663688678,-0.608177874999967],[110.656554898,-0.59856827599998],[110.653418401,-0.598712831999933],[110.647729149,-0.589611433999949],[110.634813495,-0.587340428999937],[110.631221748,-0.577658736999979],[110.631694878,-0.570590296999967],[110.628058841,-0.569579456999975],[110.628265773,-0.565969672999927],[110.6168907,-0.565420465999978],[110.620289538,-0.559078542999941],[110.626803574,-0.557999379999956],[110.633499339,-0.550339380999958],[110.629663871,-0.54032740699995],[110.622528356,-0.531152495999947],[110.6149306,-0.509933843999931],[110.615303008,-0.499998330999972],[110.61779725,-0.499999998999954],[110.616997605,-0.496015636999971],[110.620549589,-0.486744041999941],[110.613941401,-0.472716742999978],[110.618120626,-0.46120001099996],[110.617982815,-0.443534539999973],[110.61524015,-0.43810581799994],[110.611840912,-0.437726899999973],[110.613554681,-0.430239416999939],[110.598895943,-0.405869304999953],[110.600146818,-0.400491476999946],[110.597551914,-0.395344823999949],[110.588831899,-0.394874656999946],[110.58205711,-0.387634153999954],[110.574970974,-0.38999175899994],[110.567142045,-0.375341780999975],[110.562296744,-0.371237147999977],[110.565044108,-0.366063892999932],[110.561413658,-0.356248677999929],[110.566191288,-0.354721422999944],[110.570449987,-0.346455935999927],[110.55563136,-0.342277703999969],[110.555127045,-0.337725252999974],[110.558420863,-0.330487735999952],[110.554097514,-0.32931833799995],[110.553114987,-0.326091081999948],[110.56438951,-0.311679903999959],[110.564163751,-0.299063728999954],[110.569714813,-0.282372581999937],[110.56105707,-0.273010532999933],[110.560050293,-0.258959860999937],[110.565993299,-0.252717737999944],[110.58395972,-0.248500795999973],[110.596854639,-0.24233333899997],[110.598305633,-0.237355097999966],[110.609304258,-0.229619021999952],[110.629912942,-0.202971691999949],[110.623142242,-0.198992080999972],[110.623126681,-0.192742898999938],[110.61103428,-0.181386181999926],[110.612045299,-0.171530476999976],[110.59748165,-0.163591526999937],[110.597006232,-0.157367861999944],[110.617534261,-0.144965528999933],[110.63826412,-0.142169938999928],[110.645817565,-0.146244914999954],[110.651855447,-0.145887995999942],[110.656049248,-0.150408972999969],[110.65917229,-0.149427443999969],[110.668136909,-0.15345468199996],[110.671658512,-0.15802324699996],[110.688116044,-0.163272462999942],[110.690828629,-0.168031385999939],[110.693731572,-0.166080227999942],[110.709626371,-0.169458678999945],[110.736245506,-0.163543757999946],[110.742945819,-0.165015859999926],[110.747312653,-0.16162141999996],[110.746481027,-0.145435803999931],[110.740697951,-0.136724282999978],[110.73962818,-0.129088906999925],[110.724284305,-0.106376791999935],[110.714439543,-0.08287779099993],[110.714646684,-0.049518988999978],[110.719618201,-0.043859813999973],[110.719062163,-0.040862925999932],[110.721808705,-0.040942098999949],[110.722280531,-0.032211545999928],[110.729728215,-0.031634805999943],[110.728784631,-0.025788042999977],[110.725949247,-0.024968254999976],[110.724870857,-0.021021407999967],[110.727036047,-0.015190392999955],[110.725404134,-0.012140320999947],[110.730428042,-0.00917678299993],[110.724817002,-0.003784155999938],[110.742023913,0.022550765000062],[110.749316259,0.045412369000076],[110.752969903,0.049179509000055],[110.752701428,0.05362711600003],[110.762673761,0.074280111000064],[110.767279408,0.079227844000059],[110.76428568,0.085917127000073],[110.766442443,0.088470980000068],[110.784608574,0.088088446000029],[110.785692576,0.091294571000049],[110.788354894,0.089603882000063],[110.789270392,0.093398078000064],[110.797332986,0.099479579000047],[110.804224663,0.099931984000023],[110.81151761,0.093184679000046],[110.819434077,0.092575537000073],[110.843006238,0.096082355000021],[110.843198076,0.108360083000036],[110.870770442,0.119421641000031],[110.878530625,0.148041324000076],[110.884638798,0.150772509000035],[110.890486253,0.16428288700007],[110.894636486,0.167295188000026],[110.901418827,0.167823865000059],[110.900390913,0.177849398000035],[110.903166372,0.179834947000074],[110.905142617,0.188163346000067],[110.901991621,0.189141567000036],[110.902980144,0.193280712000046],[110.898683276,0.203402352000069],[110.903541749,0.20508178700004],[110.903918033,0.211420554000028],[110.906170345,0.211963406000052],[110.910945694,0.222135644000048],[110.906531521,0.228972787000032],[110.894537737,0.224001949000069],[110.887889831,0.230667477000054],[110.88877542,0.235706659000073],[110.895585734,0.243392442000072],[110.908621689,0.251074334000066],[110.908380526,0.263525197000035],[110.912509939,0.264130477000037],[110.909763618,0.278482653000026],[110.912246103,0.293429026000069],[110.910346795,0.303273515000058],[110.913274702,0.309197859000051],[110.923211881,0.317558192000035],[110.926824731,0.327250400000025],[110.926386386,0.334063915000058],[110.922791314,0.335752496000055],[110.923241735,0.339748992000068],[110.931129446,0.341718919000073],[110.931191595,0.347434355000075],[110.933600654,0.349756794000029],[110.931969171,0.351909245000058],[110.950366152,0.359316187000047],[110.959023361,0.372555061000071],[110.956345986,0.38841271900003],[110.958654435,0.397933667000075],[110.947412198,0.400684913000021],[110.94039976,0.425540389000048],[110.942466962,0.461829839000075],[110.948455785,0.475576390000072],[110.958104012,0.489213887000062],[110.960401191,0.496610477000047],[110.957874195,0.50400703300005],[110.962238848,0.517413348000048],[110.978549152,0.530357431000027],[110.999940514,0.557964222000066],[110.994039412,0.570770698000047],[110.994361027,0.57849138000006],[110.988838842,0.598390405000032],[110.998010883,0.614343359000031],[111.002864984,0.636234400000035],[111.01058212,0.648300617000075],[111.013062408,0.659449566000035],[111.012425493,0.668694952000067],[111.008206491,0.678540274000056],[111.004325685,0.677225944000043],[111.002118757,0.682746653000038],[110.992588535,0.686315033000028],[110.989389123,0.690234580000038],[110.991694372,0.700254470000061],[110.989245296,0.702652],[110.988986892,0.709426165000025],[110.992918885,0.714899789000071],[110.998165304,0.716539617000024],[111.000906109,0.72395375900004],[110.997122765,0.729735848000075],[110.997164681,0.735374485000023],[111.001042828,0.735890932000075],[111.00410541,0.732979060000048],[111.010037191,0.734962942000038],[111.01161892,0.739302767000027],[111.01568547,0.738820016000034],[111.02972173,0.728556111000046],[111.050679698,0.719930761000057],[111.063445065,0.722805653000023],[111.119343132,0.720068124000022],[111.147350186,0.707225428000072],[111.170784671,0.700707855000076],[111.199112212,0.685155150000071],[111.202098097,0.67861672600003],[111.196761901,0.640474758000039],[111.198666593,0.626099491000048],[111.212192595,0.598306932000071],[111.247669324,0.583630312000025],[111.271504055,0.577634726000042],[111.28984383,0.545273071000054],[111.281629712,0.53631785500005],[111.287054824,0.530396988000064],[111.284922113,0.521821786000032],[111.295386031,0.511537781000072],[111.294375087,0.500000005000061],[111.261028778,0.453379615000074],[111.247311485,0.45050506900003],[111.243091007,0.44177748200002],[111.235470271,0.439286029000073],[111.232802679,0.427210971000022],[111.224267771,0.420893260000071],[111.224757385,0.412634498000045],[111.22028782,0.412069020000047],[111.219217742,0.408301093000034],[111.221277697,0.404747408000048],[111.215043604,0.400578997000025],[111.21823786,0.394194060000075],[111.222104697,0.391954390000024],[111.221090943,0.386402959000065],[111.226153821,0.375866998000049],[111.219458814,0.375516505000064],[111.217469911,0.369772578000038],[111.212343995,0.373571126000058],[111.208004472,0.368435079000051],[111.214727796,0.363224389000038],[111.220541896,0.350975772000027],[111.223115599,0.342819658000053],[111.221488359,0.341052708000063],[111.226605065,0.335832322000044],[111.222967987,0.333444440000051],[111.228077656,0.331576751000057],[111.228059017,0.328036343000065],[111.23187562,0.33040634300005],[111.230147014,0.32364603000002],[111.235597394,0.324960295000039],[111.231369071,0.306731834000061],[111.237035797,0.305437448000021],[111.237163398,0.301668745000029],[111.246705483,0.297714099000075],[111.249008368,0.294148999000072],[111.252675748,0.296584101000064],[111.259514033,0.294770710000023],[111.256018671,0.289565024000069],[111.259239512,0.278316431000064],[111.255024678,0.275301152000054],[111.254746621,0.272464699000068],[111.261275597,0.268594564000068],[111.258736157,0.266589701000044],[111.263163287,0.261499181000033],[111.259582715,0.26107638600007],[111.262963195,0.25132689000003],[111.260954332,0.246956139000019],[111.266972046,0.250951364000059],[111.268605143,0.241240112000071],[111.270361433,0.24370228600003],[111.269376318,0.249333165000053],[111.273435961,0.244298422000043],[111.270354647,0.235251833000063],[111.272560589,0.231796],[111.26641129,0.232512976000066],[111.265177863,0.22884067800004],[111.265387911,0.216159411000035],[111.270741775,0.205171840000048],[111.272714231,0.190240007000057],[111.267040739,0.167455476000043],[111.292029946,0.156013959000063],[111.296580971,0.134303012000032],[111.293671471,0.128162265000071],[111.287734633,0.125428383000042],[111.282294426,0.132856907000075],[111.273084641,0.132951736000052],[111.24240083,0.126038895000022],[111.235028334,0.117365489000065],[111.222784721,0.069063264000022],[111.213513322,0.061636957000076],[111.201803069,0.074749026000063],[111.192218611,0.073503893000066],[111.179640219,0.077632093000034],[111.1651162,0.098245754000061],[111.157383483,0.10215418100006],[111.147999966,0.100851372000022],[111.122627053,0.085075613000072],[111.132254619,0.070546385000057],[111.135030073,0.04342807200004],[111.143545199,0.019462318000024],[111.144230212,0.009813759000053],[111.141098459,-0.052565171999959],[111.135116168,-0.08047978999997],[111.135434819,-0.105539022999949],[111.128191255,-0.126158032999967],[111.122836079,-0.132819824999956],[111.108973362,-0.13440706199998],[111.088495359,-0.143925018999937],[111.091965657,-0.175645347999932],[111.083461747,-0.19594729399995],[111.089768126,-0.230522226999938],[111.087250531,-0.250823652999941],[111.081895829,-0.260974730999976],[111.073704845,-0.26668516999996],[111.062992789,-0.26890655699998],[111.049129298,-0.266052901999956],[111.035267479,-0.274935873999937],[111.031787573,-0.280152148999946],[111.03807094,-0.290675151999949],[111.046621533,-0.286337393999929],[111.052768227,-0.293584374999966],[111.050856076,-0.318171806999942],[111.046738385,-0.321662397999944],[111.034169979,-0.346291974999929],[111.023834757,-0.352070479999952],[111.022037458,-0.369097287999978],[110.998337951,-0.37279220299996],[111.0,-0.377964061999933],[111.019842697,-0.393829996999955],[111.024119487,-0.403807530999927],[111.036331949,-0.418362645999935],[111.036332007,-0.430754889999946],[111.043740272,-0.434381851999945],[111.044941642,-0.439016340999956],[111.06036409,-0.450319380999929],[111.072320226,-0.453672537999978],[111.080748544,-0.47477831499998],[111.088784774,-0.48562702299995],[111.09211702,-0.500026301999981],[111.095057118,-0.503971281999952],[111.089854579,-0.50226086899994],[111.077767278,-0.505834707999952],[111.071928711,-0.501302077999981],[111.059377789,-0.512376101999962],[111.045182074,-0.508413499999961],[111.042281498,-0.509960608999961],[111.026438351,-0.506287487999941],[111.0231898,-0.507536028999937],[111.012540361,-0.50190863399996],[111.007658399,-0.506036184999971],[111.00097936,-0.495062970999925],[110.99001374,-0.493958149999969],[110.966076716,-0.481519453999965],[110.963147214,-0.48526327999997],[110.963717829,-0.497184261999962],[110.958732448,-0.509464713999932],[110.965864969,-0.520656302999953],[110.961645762,-0.521233267999946],[110.955150138,-0.532177525999941],[110.947081957,-0.533967095999969],[110.941133255,-0.54835294399993],[110.936548519,-0.549608428999932],[110.927690416,-0.557603231999963],[110.931804508,-0.562135525999963],[110.940792814,-0.582956084999978],[110.949668561,-0.594916974999933],[110.948720467,-0.598262747999968],[110.959550961,-0.603039390999925],[110.960145746,-0.607326753999928],[110.954724283,-0.610788878999927],[110.955005984,-0.613967487999957],[110.95735116,-0.611723667999968],[110.962616521,-0.611908453999945],[110.964388428,-0.614964734999944],[110.961912236,-0.618067488999941],[110.965413309,-0.619056925999928],[110.96995778,-0.626032585999951],[110.965923729,-0.628664674999925],[110.96589886,-0.635930921999943],[110.960248572,-0.643027823999944],[110.934659689,-0.650172491999967],[110.93178329,-0.670026096999948],[110.934775776,-0.676023570999973],[110.92906838,-0.677033078999955],[110.92494973,-0.671134180999957],[110.913333226,-0.664710712999977],[110.910118725,-0.665326652999966],[110.908012825,-0.66981814199994],[110.908490119,-0.675565801999937],[110.903291485,-0.673652748999928],[110.89632313,-0.680583800999955],[110.893383804,-0.676044093999963],[110.885419521,-0.674353425999925],[110.882605853,-0.67058091399997],[110.878909608,-0.675107448999938],[110.871333683,-0.673246137999968],[110.870271182,-0.66366856999997],[110.865531931,-0.652352380999957],[110.867284183,-0.645504813999935],[110.863928398,-0.64289883899994],[110.863619613,-0.635455002999947],[110.856182867,-0.630717736999941],[110.852440712,-0.61926079999995],[110.841343065,-0.608020601999954],[110.82394469,-0.599851446999935],[110.809995316,-0.597838963999948],[110.801046969,-0.600065641999947],[110.771562546,-0.611294720999979],[110.763791249,-0.621260866999933],[110.740938649,-0.623238672999946]]]}},{"type":"Feature","properties":{"kode_kk":"61.01","kode_prov":"61","kab_kota":"SAMBAS","provinsi":"Kalimantan Barat","fid":"61.01","nama":"Kabupaten Sambas","label":"Kabupaten Sambas, Provinsi Kalimantan Barat, 61.01"},"geometry":{"type":"MultiPolygon","coordinates":[[[[109.019468607,0.999133971000049],[108.99382061,0.996455195000067],[108.978479828,0.997399629000029],[108.975738796,1.02010177900007],[108.966766587,1.04447205800005],[108.9571361,1.06202024500004],[108.950065305,1.06721660200003],[108.938755187,1.09424529500006],[108.931640106,1.09741783800007],[108.931594032,1.10571600200007],[108.922312868,1.12126565900007],[108.903133054,1.16616486500004],[108.906313104,1.17370842300005],[108.926446009,1.17566927000007],[108.947417048,1.16476423600005],[108.956091692,1.16596949400002],[108.964853914,1.16955237200006],[108.971011326,1.17622816500005],[108.967117331,1.18307417300002],[108.968539059,1.18505055300005],[108.971423203,1.18051106500008],[108.978964733,1.18469433400003],[108.965599316,1.19959115000006],[108.965174109,1.19740336100006],[108.962366662,1.19844286800003],[108.959668354,1.20562408200004],[108.964644401,1.21536113300004],[108.963766559,1.21774196300004],[108.974608176,1.22921516800005],[108.977796654,1.23632380800007],[108.976307651,1.23809985700007],[108.986582005,1.25299314200004],[108.990408178,1.26852626300007],[108.986555236,1.27148274300004],[108.989511716,1.27611376900006],[109.010666195,1.29599678400007],[109.034948595,1.32756033400005],[109.042587196,1.35587362000007],[109.043800015,1.37510242000008],[109.036972568,1.41525102700007],[109.036854911,1.45724329100005],[109.041488801,1.48500062800002],[109.053914777,1.51710253800007],[109.067922272,1.53377430000006],[109.119910123,1.58028564800003],[109.154176059,1.60041901700004],[109.19530528,1.61841776800003],[109.220163319,1.63248659200002],[109.237388952,1.64540647800004],[109.255024665,1.66412904500004],[109.262493272,1.67675356400002],[109.27034112,1.71527075300003],[109.281807009,1.72160598600004],[109.286419323,1.73211633200003],[109.285192678,1.73963819200003],[109.288519794,1.74486872900007],[109.289025324,1.75212002800004],[109.296481448,1.75978420400003],[109.300508059,1.76795732700003],[109.287884348,1.77299242200007],[109.287698517,1.77688806400005],[109.326809681,1.81838671400004],[109.337291142,1.83317901800007],[109.338923555,1.86370918800003],[109.337898997,1.85790178700006],[109.334559365,1.85747641400008],[109.342817883,1.87098020400003],[109.343435158,1.87583201500007],[109.322172028,1.92654587100003],[109.332899981,1.93389767000002],[109.337254073,1.94315504000002],[109.348792919,1.94543520000002],[109.39410667,1.94589550200004],[109.428924731,1.95045943100007],[109.435138078,1.95286978000007],[109.447238327,1.96448226800004],[109.451521746,1.96902233800006],[109.452331001,1.97419846100007],[109.476493877,1.98237916400006],[109.535832368,1.98962920900004],[109.568603671,1.98811061100002],[109.584900234,1.99005268300004],[109.590262393,1.99333006900002],[109.597645736,2.00468989600006],[109.596726923,2.00844610900003],[109.603605705,2.02541582500004],[109.624514902,2.05701446900002],[109.62547394,2.06497576300006],[109.631912063,2.06964051600005],[109.635268129,2.07556302700004],[109.644918611,2.08145944400007],[109.644084718,2.07445227800002],[109.640622901,2.07110918800004],[109.630254266,2.04594879300004],[109.630194761,2.03651893800003],[109.638208081,2.02771087100007],[109.629695818,2.01417791100005],[109.630562293,2.00450443900007],[109.626516613,1.99654222300006],[109.627253115,1.99074509700006],[109.623877451,1.99197975700002],[109.620420344,1.98311463300007],[109.60694653,1.97978226000004],[109.600618966,1.97389329300006],[109.598157627,1.97490629900005],[109.597624951,1.97878963500006],[109.576424633,1.97783572000003],[109.560244169,1.97121994500003],[109.55789332,1.96633420500007],[109.553260583,1.96593344100006],[109.554733414,1.96205148600006],[109.551714866,1.95622998700003],[109.560666475,1.95505693800004],[109.566996687,1.94574005400005],[109.561993403,1.94068240500008],[109.564433886,1.93661128900004],[109.557350887,1.93368017000006],[109.556235154,1.92875497500006],[109.552532869,1.93014018900004],[109.547788179,1.92696657000005],[109.544882458,1.92862731000002],[109.538051384,1.92714164200004],[109.538830874,1.91182912700003],[109.54610431,1.90388408100006],[109.547605433,1.89541578900003],[109.544380817,1.89149415500003],[109.549553638,1.87728374600005],[109.558286624,1.87206375600005],[109.552231503,1.86281865500007],[109.551572945,1.85908309700005],[109.554738895,1.85562248600007],[109.553340722,1.85355208500005],[109.561321555,1.84858286000002],[109.563717879,1.84326046700005],[109.57317247,1.84265845800007],[109.576240156,1.84674423500007],[109.57942521,1.83680546900007],[109.582409839,1.83546419900006],[109.581624922,1.83071070200003],[109.586468315,1.81264419300004],[109.579223076,1.80503563500002],[109.586328423,1.79189955300006],[109.600488002,1.79797449200004],[109.602375514,1.79585489900006],[109.612474504,1.79625786500003],[109.622821556,1.80328393500002],[109.629971176,1.80007913300005],[109.635398295,1.80536120400006],[109.641729624,1.79761780000007],[109.649233644,1.79598258400006],[109.660372753,1.79814117600006],[109.674519608,1.78746021700005],[109.682959294,1.78617542800004],[109.685485059,1.78213850300006],[109.683538863,1.77549787900006],[109.685124968,1.76841556100004],[109.67834293,1.74911594400004],[109.671693452,1.74231009300007],[109.667698303,1.73313794600006],[109.667306782,1.71230499000006],[109.669871059,1.69926728500008],[109.660885238,1.69324670700007],[109.664306335,1.68293898200005],[109.660212096,1.67754968200006],[109.66022012,1.67386494700003],[109.667007954,1.65255836600005],[109.657796511,1.63662292300006],[109.661994665,1.61741948400004],[109.66591442,1.61401638500007],[109.688525084,1.60981206900004],[109.694858615,1.59782538400003],[109.693329902,1.59516753400004],[109.696848554,1.58815800300005],[109.701016045,1.58493903500005],[109.707042502,1.58637499500003],[109.708335347,1.58128340200005],[109.712406198,1.57947294700006],[109.716731103,1.56831093700004],[109.719814872,1.56844867600006],[109.721767905,1.56276156700005],[109.72840426,1.56129328600002],[109.729208579,1.55871041100005],[109.732294844,1.55828847000004],[109.733461873,1.55319382700003],[109.746665088,1.54368189700006],[109.750763336,1.53515211500007],[109.752005878,1.53667181200007],[109.753498422,1.52698962800002],[109.743311645,1.51247428700003],[109.737705803,1.49815176200002],[109.73034877,1.49478996100004],[109.718988865,1.47580218000007],[109.713029702,1.47297520500007],[109.703937899,1.47492969600006],[109.700425747,1.46598631400002],[109.695709994,1.46287746100006],[109.684016348,1.46067888800007],[109.678823694,1.45478532000004],[109.678277222,1.44747168000004],[109.653246582,1.43464412700007],[109.639648222,1.44229068500005],[109.630875504,1.43938851200005],[109.622898075,1.43244702000004],[109.609769383,1.43088275100007],[109.608980513,1.42408447400004],[109.603909376,1.41639038100004],[109.607006481,1.40857008500006],[109.602851299,1.40629560700006],[109.602107659,1.39948043800007],[109.607953673,1.38880136900002],[109.604835604,1.39060747500002],[109.595235685,1.38535684200002],[109.586616479,1.38533063700004],[109.576926059,1.38049284000004],[109.576374556,1.37630402500002],[109.582100971,1.37307836700006],[109.594393287,1.36933065000005],[109.601022292,1.37277800300006],[109.615808493,1.36273494300002],[109.611046773,1.35419931600006],[109.612492065,1.34192775700006],[109.606795282,1.32843593100006],[109.611518417,1.32145167900006],[109.620880161,1.32224756200003],[109.625396466,1.31971461500007],[109.621497587,1.30116989600003],[109.623370113,1.29292243000003],[109.618277813,1.29071416500005],[109.620649252,1.24144425800006],[109.617917147,1.24147068800005],[109.61792176,1.23255653600006],[109.606301136,1.23281965900003],[109.606157064,1.22408495200006],[109.603090427,1.22419246500004],[109.60309154,1.22135864400002],[109.597978639,1.22109258900002],[109.597591109,1.21553444900007],[109.591135194,1.21526372200003],[109.590147907,1.19919627700006],[109.582949147,1.19836933500005],[109.579238693,1.19197473600002],[109.561474205,1.18868905500005],[109.561621385,1.15889604800003],[109.555097167,1.15171475000005],[109.55674724,1.14202744600004],[109.553873484,1.14027871700006],[109.553359742,1.13105579200004],[109.546030078,1.13176969500006],[109.542035846,1.12101265400003],[109.53687542,1.12008008700008],[109.5326362,1.11403978500005],[109.533399266,1.11067730700006],[109.529446187,1.10633385000006],[109.528709295,1.09964992400006],[109.521592677,1.08581401400005],[109.523168163,1.06718303900004],[109.512157112,1.04691773300004],[109.509549788,1.03612048300005],[109.503624553,1.02992901000005],[109.503195898,1.02342354700005],[109.497000609,1.01827793500007],[109.491521189,1.01987036300005],[109.478629074,1.01427854300005],[109.454308393,1.02888647800006],[109.445006065,1.02947600500005],[109.440865665,1.03482711700002],[109.443180285,1.04119441500006],[109.441822111,1.04313599300002],[109.424730261,1.04491696100007],[109.422352305,1.04171638500003],[109.416799972,1.04160041700004],[109.411033333,1.03474888900007],[109.405999121,1.02698199400004],[109.406108738,1.02150028600005],[109.400121894,1.01864675400003],[109.396141606,1.01952114300002],[109.394431351,1.01601138500007],[109.393265502,1.01764945300005],[109.389157865,1.01654502200006],[109.390786276,1.01277857300005],[109.387068685,1.00477399300007],[109.378038631,0.998063913000067],[109.371257167,0.999241746000052],[109.331373139,1.02361141700004],[109.32375625,1.02089380600006],[109.313388152,1.02692765000006],[109.241654623,1.01847200300006],[109.232495366,1.00256808900002],[109.222977,1.00020300000006],[109.216122056,0.979807060000041],[109.217613503,0.976251709000053],[109.205733271,0.966332593000061],[109.19027476,0.958748668000055],[109.179021692,0.959243317000073],[109.172605,0.966007298000022],[109.175786952,0.973283518000073],[109.173317549,0.97876793000006],[109.170987788,0.976370709000037],[109.164146578,0.97636695500006],[109.167082603,0.973580435000031],[109.162691011,0.971405463000053],[109.159708414,0.976972631000024],[109.150273845,0.978741663000051],[109.148968252,0.987425710000025],[109.146464213,0.986893017000057],[109.144500351,0.989661907000027],[109.150872326,0.992319319000046],[109.146880612,0.999794388000055],[109.146653384,1.00889152900004],[109.141571936,1.01123287100006],[109.134255008,1.01075575100003],[109.129173455,1.01801845900007],[109.119184802,1.01019303300006],[109.108050666,1.01141009500003],[109.107461979,1.00435445400007],[109.095272968,1.00441000800004],[109.097605005,0.992937365000046],[109.093106648,0.990443052000046],[109.087947895,0.991912729000035],[109.083290858,1.00099775700005],[109.068115723,1.00523739400006],[109.05995244,1.00374393300007],[109.057571393,1.00665171800006],[109.047342111,1.00805888600007],[109.024768194,1.00475705400004],[109.019468607,0.999133971000049]]],[[[108.966225225,1.19724239200002],[108.966103873,1.19769924900004],[108.966398926,1.19762072700007],[108.966225225,1.19724239200002]]],[[[108.981989074,1.27000795400005],[108.981882474,1.26843750900002],[108.981111648,1.26749203000003],[108.980365092,1.26847058400006],[108.981989074,1.27000795400005]]]]}},{"type":"Feature","properties":{"kode_kk":"61.72","kode_prov":"61","kab_kota":"KOTA SINGKAWANG","provinsi":"Kalimantan Barat","fid":"61.72","nama":"Kota Singkawang","label":"Kota Singkawang, Provinsi Kalimantan Barat, 61.72"},"geometry":{"type":"Polygon","coordinates":[[[108.993357222,0.745615],[108.983723333,0.762089722000042],[108.974415556,0.76401],[108.954611847,0.758195683000054],[108.967463333,0.771682500000054],[108.9525675,0.774285],[108.939888889,0.78452777800004],[108.918111111,0.795444444000054],[108.890555556,0.817666667000026],[108.880333606,0.839103417000047],[108.873807141,0.840155520000053],[108.89145013,0.858019110000043],[108.89083607,0.865501936000044],[108.893225046,0.87060998000004],[108.898656814,0.865913034000073],[108.913160451,0.863450986000032],[108.936340947,0.88360947700005],[108.953632071,0.906357893000063],[108.968469949,0.936777285000062],[108.974816848,0.956682656000055],[108.978847687,0.981797799000049],[108.978479828,0.997399629000029],[108.99382061,0.996455195000067],[109.019468607,0.999133971000049],[109.024768194,1.00475705400004],[109.047342111,1.00805888600007],[109.057571393,1.00665171800006],[109.05995244,1.00374393300007],[109.068115723,1.00523739400006],[109.083290858,1.00099775700005],[109.087947895,0.991912729000035],[109.092274205,0.990367696000021],[109.097605005,0.992937365000046],[109.09509174,1.00423331300004],[109.107461979,1.00435445400007],[109.108050666,1.01141009500003],[109.119184802,1.01019303300006],[109.129173455,1.01801845900007],[109.134255008,1.01075575100003],[109.14527901,1.01007805200004],[109.146880612,0.999794388000055],[109.150872326,0.992319319000046],[109.144500351,0.989661907000027],[109.146464213,0.986893017000057],[109.148968252,0.987425710000025],[109.150273845,0.978741663000051],[109.159708414,0.976972631000024],[109.162691011,0.971405463000053],[109.167082603,0.973580435000031],[109.164146578,0.97636695500006],[109.170987788,0.976370709000037],[109.172687408,0.97882190100006],[109.175714461,0.974170614000059],[109.172262494,0.966839933000074],[109.175851194,0.962432116000059],[109.169727508,0.960074152000061],[109.169164924,0.955013438000037],[109.16204914,0.948816355000019],[109.165578911,0.945757256000036],[109.162497316,0.945080075000021],[109.163994982,0.939783797000075],[109.158557304,0.942317238000044],[109.156759791,0.938150601000075],[109.1620134,0.938671185000032],[109.162225343,0.935523298000021],[109.157568468,0.934225035000054],[109.157705379,0.932292730000029],[109.161946267,0.931661526000028],[109.162486074,0.921682954000062],[109.168079104,0.914831719000063],[109.173513001,0.91270916700006],[109.174462387,0.90700169400003],[109.162036754,0.894082084000047],[109.1538085,0.891629174000059],[109.153163649,0.887772085000051],[109.147991738,0.887639],[109.145310235,0.88148525500003],[109.137491362,0.882165755000074],[109.134708531,0.879258459000027],[109.11270152,0.870968259000051],[109.112714086,0.859919264000041],[109.095850435,0.850473713000042],[109.094025309,0.843361237000067],[109.076720393,0.840190266000036],[109.061218638,0.842322280000076],[109.056437867,0.840485319000038],[109.056001253,0.837643267000033],[109.050651808,0.836507423000057],[109.050725765,0.825882576000026],[109.054938217,0.815518779000058],[109.053291488,0.806844496000053],[109.04951817,0.80185799800006],[109.053476057,0.794021641000029],[109.051466769,0.788275800000065],[109.065028342,0.783394676000057],[109.076511191,0.782932072000051],[109.070947022,0.755280372000072],[109.052094579,0.756262666000055],[109.047986111,0.758439167000063],[109.051060489,0.752509893000024],[109.051136111,0.745154167000067],[109.0251875,0.748723611000059],[109.011176389,0.745544167000048],[108.993357222,0.745615]]]}},{"type":"Feature","properties":{"kode_kk":"61.10","kode_prov":"61","kab_kota":"MELAWI","provinsi":"Kalimantan Barat","fid":"61.10","nama":"Kabupaten Melawi","label":"Kabupaten Melawi, Provinsi Kalimantan Barat, 61.10"},"geometry":{"type":"Polygon","coordinates":[[[111.38116525,-1.28483943799995],[111.384040127,-1.28901398699998],[111.382365822,-1.29235938799997],[111.383857615,-1.29636383299993],[111.37154784,-1.29032826499997],[111.364765208,-1.30956541599994],[111.348088795,-1.31354658899994],[111.341484722,-1.32033027799997],[111.341145733,-1.31266108299997],[111.33596258,-1.30680794899996],[111.320902738,-1.30446408199992],[111.315884063,-1.30115659399996],[111.318712375,-1.28600683699995],[111.313432747,-1.28775491399995],[111.308841201,-1.27600228299997],[111.310029844,-1.27176524399994],[111.317580466,-1.26605899399993],[111.31469486,-1.26183550399998],[111.316005323,-1.25742787399997],[111.309230134,-1.25576144899998],[111.300209816,-1.25886792799997],[111.291886241,-1.25669007899995],[111.27073584,-1.25797713699995],[111.267339686,-1.25268972999993],[111.255387219,-1.24972524199995],[111.258548948,-1.24014056199997],[111.255689253,-1.23591820299993],[111.256738368,-1.22794209599994],[111.261654272,-1.22615611099997],[111.262421694,-1.21495881399994],[111.257151974,-1.20983071399996],[111.254419354,-1.20032336199995],[111.246150579,-1.19679346099997],[111.246613557,-1.19351889199993],[111.232528707,-1.18983035699995],[111.235054257,-1.18819282099997],[111.234391286,-1.18220320399996],[111.238463957,-1.18039526199993],[111.239076434,-1.17383193799998],[111.248151706,-1.16705015299993],[111.245239869,-1.16147879799996],[111.248807046,-1.15456164899996],[111.250208027,-1.14391745999995],[111.256067561,-1.13761233799994],[111.258503371,-1.12814442099994],[111.253489187,-1.11860803599996],[111.256116452,-1.11146249199993],[111.260475441,-1.10864675499994],[111.262050995,-1.09813582299995],[111.255300989,-1.08873858599998],[111.248754252,-1.08602674699995],[111.249081849,-1.07881676899996],[111.246842253,-1.07222466499996],[111.241556618,-1.06888334499996],[111.238902162,-1.06300930599997],[111.239404258,-1.05643765599996],[111.232967247,-1.05496528099997],[111.227572333,-1.05760987599996],[111.220865086,-1.05448631899998],[111.216024081,-1.05706014499998],[111.216927164,-1.04741415199993],[111.213719895,-1.04259776799995],[111.207278358,-1.04128820799997],[111.204015636,-1.03780084999994],[111.205271043,-1.03406651899996],[111.200734992,-1.02860734299998],[111.201167678,-1.02132233499998],[111.192880435,-1.01756708899995],[111.182443042,-1.01802115699996],[111.176433149,-1.01043808099996],[111.155261333,-1.01288755299993],[111.144673969,-1.00724679799993],[111.142711338,-1.00341160299996],[111.147029403,-0.992710515999931],[111.143710447,-0.985157157999936],[111.146268783,-0.971383944999957],[111.150613142,-0.964934383999946],[111.145490254,-0.961375650999969],[111.128702562,-0.960278228999925],[111.122202343,-0.963357261999931],[111.114086757,-0.951891727999964],[111.116198182,-0.942871962999959],[111.120969806,-0.939910708999946],[111.121876585,-0.930965198999957],[111.13068012,-0.930361653999967],[111.135736699,-0.924633890999928],[111.141533365,-0.92187030599996],[111.147045578,-0.923055252999973],[111.167020618,-0.91127708199997],[111.165384293,-0.90610664299993],[111.168013597,-0.902068959999951],[111.164565858,-0.897393403999956],[111.166754661,-0.887272184999972],[111.160536882,-0.883623730999943],[111.161247208,-0.880055334999952],[111.157295101,-0.876800910999975],[111.151734882,-0.865019350999944],[111.155923912,-0.852049782999927],[111.160495967,-0.849413575999961],[111.16130434,-0.845851628999981],[111.172148109,-0.848340667999935],[111.176086892,-0.831604372999948],[111.181509245,-0.829944969999929],[111.183816061,-0.824457786999972],[111.187259291,-0.822614433999945],[111.198583878,-0.835760377999975],[111.198207209,-0.83935826499993],[111.2058109,-0.842001712999945],[111.206165752,-0.852065028999959],[111.213330524,-0.853662400999951],[111.214939401,-0.856396038999947],[111.218222253,-0.842793364999977],[111.215140921,-0.841502543999979],[111.21044813,-0.831509873999948],[111.21495384,-0.823254154999972],[111.212214182,-0.818888099999924],[111.208038635,-0.819025408999948],[111.205548309,-0.814650248999953],[111.207229456,-0.809227176999968],[111.205771635,-0.794776762999959],[111.209155346,-0.788062071999946],[111.207279832,-0.782271721999962],[111.215588638,-0.771117002999972],[111.223703354,-0.754087811999966],[111.237545323,-0.743846145999953],[111.243779212,-0.735329322999974],[111.240699654,-0.73254316799995],[111.238352762,-0.73472639299996],[111.236241069,-0.732852200999957],[111.242677318,-0.718164416999969],[111.239655952,-0.707054592999953],[111.241429136,-0.692684828999973],[111.225991307,-0.669277702999977],[111.215946624,-0.658477544999926],[111.21446235,-0.647332294999956],[111.216250033,-0.635789540999951],[111.229699113,-0.63160707399993],[111.234490578,-0.632755857999939],[111.240553721,-0.623360113999979],[111.234751334,-0.614479563999964],[111.23661297,-0.603543922999961],[111.234144329,-0.599363056999948],[111.239066444,-0.598237780999966],[111.23967233,-0.591598099999942],[111.237872297,-0.587370208999971],[111.232436371,-0.583607462999964],[111.235015164,-0.579459594999946],[111.232963923,-0.575492624999924],[111.227333027,-0.571659260999979],[111.227677624,-0.566796339999939],[111.22241289,-0.561949196999933],[111.220634756,-0.543093670999951],[111.21317625,-0.530985931999965],[111.197693144,-0.522496155999931],[111.192071997,-0.513800272999958],[111.192847712,-0.509821773999931],[111.186447061,-0.511942587999954],[111.185222222,-0.515277777999927],[111.18569407,-0.509809660999963],[111.196220108,-0.505385682999929],[111.20332341,-0.510702194999965],[111.2022423,-0.49594048199998],[111.209129431,-0.499580734999938],[111.21458041,-0.486078075999956],[111.221873108,-0.476147861999948],[111.232437916,-0.473026009999955],[111.233903663,-0.474672595999948],[111.241554498,-0.468618358999947],[111.239501331,-0.455294760999948],[111.249232554,-0.44960053799997],[111.260670438,-0.435373243999948],[111.264758372,-0.433106386999953],[111.268909698,-0.434848926999962],[111.283214441,-0.425910403999978],[111.297311779,-0.423019851999925],[111.299879857,-0.419256922999978],[111.312509339,-0.41408275699996],[111.307198362,-0.408070183999939],[111.317564825,-0.398825307999971],[111.337762918,-0.38753885899996],[111.343586755,-0.390788679999957],[111.3495135,-0.38772475199994],[111.353485987,-0.38207826799993],[111.355332934,-0.383985412999948],[111.357624727,-0.379041156999961],[111.356421856,-0.376366552999968],[111.353466903,-0.376769481999929],[111.356340224,-0.371648423999943],[111.362609863,-0.369229154999971],[111.361409801,-0.366141952999953],[111.367502199,-0.359050257999968],[111.374527935,-0.36038287599996],[111.381210105,-0.352423587999965],[111.39159498,-0.34969198999994],[111.414616043,-0.361238214999958],[111.420427944,-0.359160422999935],[111.430817354,-0.366272581999965],[111.433383362,-0.365739297999937],[111.436259864,-0.357541907999973],[111.46730609,-0.346996924999928],[111.469340628,-0.344731506999949],[111.469138606,-0.338614670999959],[111.476029378,-0.32917387699996],[111.482621376,-0.323654934999979],[111.495023873,-0.321991064999963],[111.49542664,-0.302632219999964],[111.49273603,-0.298869957999955],[111.49302665,-0.293227719999948],[111.479206543,-0.292945419999967],[111.479236149,-0.272754179999936],[111.480458205,-0.256902615999934],[111.488206447,-0.257013746999974],[111.489008106,-0.245084365999958],[111.498047056,-0.245814927999959],[111.498059467,-0.233617163999952],[111.503566556,-0.233630809999966],[111.503510474,-0.230800448999958],[111.507832145,-0.231072216999962],[111.507651765,-0.233915816999968],[111.516441248,-0.234260207999966],[111.516690373,-0.228601845999947],[111.528714433,-0.227904724999973],[111.531836398,-0.234234909999941],[111.541497884,-0.234847746999947],[111.540494155,-0.231337697999948],[111.542816623,-0.230510357999947],[111.543526914,-0.22642865399996],[111.546897962,-0.226539783999954],[111.549383698,-0.219341853999936],[111.547399109,-0.216037454999935],[111.551569538,-0.215226652999945],[111.551457951,-0.211923431999935],[111.56574333,-0.208927502999927],[111.565849821,-0.202606],[111.569770342,-0.208876467999971],[111.572979556,-0.20410235099996],[111.582343924,-0.205207221999956],[111.590674599,-0.203144626999972],[111.61755424,-0.178990880999947],[111.630748231,-0.180322882999974],[111.637122801,-0.17508264199995],[111.639428295,-0.168570622999937],[111.651621265,-0.164766062999945],[111.661897217,-0.164634914999965],[111.671072423,-0.156824348999976],[111.67879111,-0.143245041999933],[111.684996266,-0.141851343999974],[111.685153261,-0.131396457999926],[111.693321845,-0.129195534999951],[111.698779433,-0.130852961999949],[111.702291885,-0.127544002999969],[111.703766194,-0.128573015999962],[111.7111117,-0.142124808999938],[111.71048666,-0.147470029999965],[111.715119714,-0.153215526999929],[111.727364663,-0.148173622999934],[111.731518787,-0.149609630999976],[111.727393373,-0.153567790999944],[111.728833973,-0.171973502999947],[111.724658378,-0.174981651999929],[111.728655897,-0.178187377999961],[111.73406999,-0.178124964999938],[111.731507973,-0.175325613999973],[111.732676981,-0.173726125999963],[111.739600061,-0.174675629999967],[111.741053115,-0.180636884999956],[111.743947919,-0.17868470999997],[111.749030447,-0.180017207999924],[111.746196893,-0.185729232999961],[111.751581146,-0.190548454999941],[111.757120531,-0.187053026999934],[111.760075822,-0.188680577999946],[111.76100976,-0.18644031499997],[111.764517556,-0.187850624999953],[111.76859487,-0.186108996999963],[111.762030206,-0.179548827999952],[111.765136543,-0.176916294999955],[111.780939003,-0.17820409899997],[111.785089468,-0.18009802399996],[111.792621238,-0.189884813999925],[111.797181655,-0.191179372999954],[111.800787639,-0.199320984999929],[111.806752167,-0.201961112999925],[111.811419172,-0.200994044999959],[111.808849043,-0.208376618999978],[111.814558742,-0.215887057999964],[111.820113663,-0.213562420999949],[111.823674058,-0.208637610999972],[111.830340436,-0.208445023999957],[111.830828922,-0.206143830999963],[111.840466181,-0.205040799999949],[111.843903404,-0.207771476999937],[111.845835275,-0.206256114999974],[111.855809616,-0.208008297999925],[111.862947378,-0.20194689899995],[111.858150747,-0.192793438999956],[111.860121866,-0.190051183999969],[111.861003766,-0.193466111999953],[111.871247464,-0.192006875999937],[111.876010042,-0.194607426999937],[111.87872355,-0.201176551999936],[111.877274875,-0.204482105999944],[111.881699517,-0.201827153999943],[111.881497512,-0.205027270999949],[111.890977727,-0.20999085099993],[111.892469737,-0.213382876999958],[111.892718515,-0.20655884599995],[111.895167219,-0.20832271699993],[111.902859912,-0.203264069999932],[111.906403727,-0.204852603999939],[111.91044177,-0.192483334999963],[111.931729163,-0.186401022999974],[111.933809831,-0.189095428999963],[111.939043837,-0.187240695999947],[111.939476437,-0.190389841999945],[111.955122816,-0.195273841999949],[111.955594805,-0.199610262999954],[111.962103801,-0.201311664999935],[111.966032129,-0.208649947999959],[111.97463928,-0.212646677999942],[111.974201485,-0.216564752999943],[111.976914068,-0.217893206999975],[111.987898893,-0.211538233999931],[111.993885451,-0.211503926999967],[111.997310442,-0.20790741299993],[112.001179093,-0.211556995999956],[112.007908058,-0.211013802999958],[112.01144959,-0.214170588999934],[112.013928342,-0.212044640999977],[112.024385453,-0.220247268999969],[112.030910272,-0.219899788999953],[112.03161729,-0.217945355999973],[112.027549298,-0.217859112999975],[112.027769859,-0.212908139999968],[112.037083735,-0.204003640999929],[112.037987284,-0.209962376999954],[112.042122912,-0.214125847999981],[112.046636582,-0.235747337999953],[112.082487106,-0.257247924999945],[112.087083816,-0.256446837999931],[112.107183456,-0.262348174999943],[112.113493027,-0.27743500899993],[112.120910824,-0.283273982999958],[112.121815065,-0.292081278999945],[112.13094457,-0.298111480999978],[112.132387161,-0.303947448999963],[112.134511323,-0.305673940999952],[112.137285233,-0.303497313999969],[112.143402352,-0.304667807999977],[112.150962632,-0.308974912999929],[112.17442758,-0.293440970999939],[112.174651265,-0.27867069499996],[112.182816927,-0.272171770999933],[112.199011514,-0.267234092999956],[112.206433463,-0.258767853999927],[112.22812152,-0.24345068699995],[112.248455076,-0.241780842999958],[112.288804131,-0.218698064999955],[112.312538292,-0.20958787099994],[112.321391449,-0.208578462999981],[112.330199704,-0.20178478899993],[112.354102851,-0.191303686999959],[112.393731942,-0.181411907999973],[112.407992726,-0.180454785999927],[112.410627185,-0.182261623999977],[112.411816916,-0.186009274999947],[112.397059458,-0.201511444999937],[112.392305864,-0.217782480999972],[112.393018903,-0.222807356999965],[112.384700112,-0.240035487999933],[112.37828276,-0.246496030999936],[112.376381322,-0.253674408999927],[112.372578446,-0.255827920999934],[112.373500886,-0.261809680999932],[112.378631328,-0.268455651999943],[112.37895027,-0.283188319999965],[112.38653995,-0.292628080999975],[112.386065567,-0.295426393999946],[112.372092289,-0.302154443999939],[112.373555101,-0.305928335999965],[112.37050915,-0.336543731999939],[112.364832756,-0.339155536999954],[112.363495723,-0.34673543599996],[112.367103255,-0.354770094999935],[112.371020025,-0.352038010999934],[112.370445481,-0.355131385999925],[112.380348189,-0.368335115999969],[112.391758515,-0.370160342999952],[112.40145027,-0.385308369999962],[112.410486221,-0.391647339999963],[112.416946731,-0.39981759899996],[112.422883987,-0.418848037999965],[112.427686691,-0.423147201999939],[112.433084488,-0.424247741999977],[112.437383651,-0.430747985999972],[112.436384201,-0.443246841999951],[112.429883957,-0.46174812299995],[112.426084519,-0.469846724999968],[112.414285659,-0.483947753999928],[112.413742371,-0.489383331999932],[112.417518511,-0.496979926999927],[112.429878276,-0.497853039999939],[112.43538475,-0.505746840999961],[112.434659787,-0.511049876999948],[112.423960443,-0.516322677999938],[112.42323988,-0.526416827999981],[112.424283982,-0.531948089999958],[112.438085555,-0.540246964999938],[112.439985275,-0.547647476999941],[112.437086105,-0.553848266999978],[112.437620902,-0.563150706999977],[112.433222429,-0.567571355999974],[112.433460109,-0.577142134999974],[112.424665959,-0.586234358999945],[112.428944194,-0.600351205999971],[112.4230022,-0.607050711999932],[112.41420805,-0.610878998999965],[112.412544293,-0.62116750399997],[112.415871809,-0.630977453999947],[112.433222429,-0.645094179999944],[112.447483212,-0.64987950099993],[112.450810728,-0.659928660999924],[112.462751389,-0.66908194399997],[112.451819331,-0.673622747999957],[112.44256778,-0.671608148999951],[112.434281891,-0.673622405999936],[112.428285027,-0.682643850999966],[112.410620467,-0.689049198999953],[112.403053781,-0.699185702999955],[112.402209706,-0.704073406999953],[112.393048523,-0.707054263999964],[112.385681087,-0.713637411999969],[112.381115508,-0.71001756499993],[112.374191276,-0.710088947999964],[112.356417379,-0.71500829799993],[112.348658046,-0.703558294999937],[112.33790053,-0.711423230999969],[112.326939124,-0.71302540399995],[112.325269399,-0.718053122999947],[112.315116239,-0.723339095999961],[112.30895036,-0.719683319999945],[112.30485943,-0.710429123999972],[112.300204014,-0.706705564999936],[112.299813422,-0.698999055999934],[112.29446178,-0.697110982999959],[112.289761295,-0.682272090999959],[112.286727739,-0.680996440999934],[112.284092503,-0.675037252999971],[112.284375308,-0.66738668499994],[112.281215384,-0.665502151999931],[112.27280987,-0.646697684999936],[112.259990699,-0.631756550999967],[112.25063168,-0.627614015999939],[112.244467602,-0.630558644999951],[112.242096358,-0.624091344999954],[112.23838804,-0.622170495999967],[112.232763445,-0.612947992999977],[112.228918666,-0.61552434999993],[112.212342598,-0.613362374999951],[112.208261822,-0.61770489099996],[112.207860441,-0.628977997999925],[112.20531822,-0.631763859999978],[112.200417647,-0.634597692999932],[112.191100207,-0.634299229999954],[112.181779076,-0.637885118999975],[112.176052908,-0.643615850999936],[112.173197445,-0.66118784799994],[112.175929066,-0.670261969999956],[112.174424167,-0.684175745999937],[112.168038883,-0.686969233999946],[112.164817103,-0.685677856999973],[112.16344155,-0.689767887999949],[112.167290175,-0.692315314999973],[112.17024809,-0.700618774999953],[112.169165162,-0.705860963999953],[112.177487629,-0.718302757999936],[112.175416666,-0.725569443999973],[112.165152456,-0.727264283999943],[112.158191129,-0.725462385999947],[112.146848089,-0.730551582999965],[112.126675743,-0.71897010899994],[112.125426064,-0.71440507799997],[112.118088495,-0.71435736799998],[112.113861033,-0.708278405999977],[112.10715921,-0.71154844199998],[112.102287335,-0.709845677999965],[112.09710232,-0.704410094999957],[112.097814248,-0.698450738999952],[112.094155996,-0.697175031999961],[112.090245667,-0.700167413999964],[112.085173427,-0.699663280999971],[112.082695146,-0.708161919999952],[112.078811866,-0.711502682999935],[112.077875582,-0.719120467999971],[112.072376583,-0.720489156999975],[112.07201852,-0.729986686999951],[112.07506538,-0.732044941999959],[112.074266067,-0.734043226999972],[112.070696876,-0.739843163999979],[112.05642011,-0.747725127999956],[112.054040649,-0.751591751999968],[112.056161062,-0.762732478999965],[112.054877296,-0.770577488999947],[112.045859566,-0.769912628999975],[112.027401343,-0.779342570999972],[112.022604716,-0.791086457999938],[112.002184167,-0.794983563999949],[111.991050937,-0.800023008999972],[111.984390727,-0.799355709999929],[111.976755532,-0.813258201999929],[111.96430592,-0.811265761999948],[111.958233536,-0.796912852999981],[111.95174371,-0.792600058999938],[111.941620045,-0.791597668999941],[111.939196848,-0.794863555999939],[111.92818146,-0.791493069999945],[111.923440805,-0.792732095999952],[111.91937846,-0.798689579999973],[111.921776886,-0.803097799999932],[111.92210281,-0.813604941999927],[111.916609567,-0.822393624999961],[111.919513937,-0.83663693099993],[111.917250572,-0.841093956999941],[111.915134968,-0.843900764999944],[111.908123122,-0.845563030999926],[111.902169465,-0.84022542799994],[111.886934303,-0.841700819999971],[111.883700334,-0.850526586999933],[111.885522443,-0.858163600999944],[111.873003077,-0.871547947999943],[111.862079062,-0.875671603999933],[111.858466621,-0.88103532699995],[111.852775083,-0.882680559999926],[111.843095967,-0.891890650999926],[111.838179092,-0.906449616999964],[111.83364621,-0.905166389999977],[111.821345159,-0.907798691999972],[111.816444444,-0.904805555999928],[111.8049402,-0.903622528999961],[111.797006357,-0.912982429999943],[111.785929397,-0.907825196999966],[111.765829829,-0.912396968999929],[111.760752719,-0.911069828999928],[111.758516463,-0.913429900999972],[111.748131376,-0.911564167999927],[111.740903761,-0.918226200999925],[111.736941989,-0.931798825999977],[111.731088009,-0.934313260999943],[111.723906355,-0.942618240999934],[111.719323535,-0.942544445999943],[111.716987823,-0.939976110999964],[111.708323705,-0.942672307999942],[111.705254201,-0.941066171999978],[111.705550936,-0.948099250999974],[111.701639114,-0.952969504999942],[111.675940378,-0.957759150999948],[111.665196321,-0.965946248999956],[111.655596277,-0.969334405999973],[111.639566552,-0.967992180999943],[111.636610072,-0.979790341999944],[111.628311603,-0.984780114999978],[111.625086342,-0.991061055999978],[111.625227602,-1.01118383999994],[111.621361301,-1.02156230399993],[111.616126487,-1.02605353699994],[111.617284264,-1.02965872299995],[111.624165014,-1.02881264099994],[111.624649527,-1.03695812299998],[111.620936796,-1.03877333799994],[111.616665267,-1.04780497899998],[111.616149695,-1.05626526199995],[111.606455486,-1.06395627499995],[111.603725884,-1.06185861599994],[111.603627895,-1.05784749899993],[111.589518122,-1.05874961299997],[111.584672253,-1.06524325099997],[111.577783713,-1.05817625199995],[111.571252093,-1.05810486799993],[111.570048958,-1.06879523899994],[111.56477746,-1.07588404999996],[111.565212426,-1.08294391099997],[111.561614681,-1.08625612099996],[111.558245364,-1.10127527899994],[111.544309227,-1.09852130799993],[111.54336014,-1.11539375399997],[111.551290995,-1.11837678999996],[111.5545898,-1.12741276899993],[111.559661384,-1.12712818599994],[111.561173777,-1.12984906899993],[111.555876345,-1.14472024599996],[111.557089743,-1.15270775099998],[111.559657269,-1.15741764399996],[111.569682907,-1.15688431499996],[111.571574579,-1.16477222799995],[111.576488296,-1.16613720799995],[111.577594677,-1.16921607299997],[111.554655292,-1.20241727599995],[111.549390735,-1.20726542799997],[111.53589504,-1.20092827999997],[111.532893647,-1.20495224599995],[111.525669604,-1.20282342099995],[111.524870105,-1.20699223699995],[111.512369872,-1.21674251199994],[111.494033403,-1.22098993099996],[111.486564722,-1.23115106999995],[111.471317679,-1.23210603299998],[111.449300135,-1.24256932799995],[111.447875321,-1.24514689199998],[111.444883724,-1.24327712799993],[111.428207775,-1.25263648899994],[111.426034845,-1.26481596599996],[111.423508364,-1.26738960499995],[111.413344793,-1.25944920399996],[111.408514546,-1.26222208999997],[111.407094211,-1.26584513999995],[111.405575217,-1.26293606099995],[111.400097981,-1.26290437599994],[111.40225238,-1.25253199399998],[111.390980661,-1.25277337499995],[111.387007989,-1.27349897699997],[111.381230924,-1.27863493699994],[111.38116525,-1.28483943799995]]]}}]}