{"type": "FeatureCollection", "features": [{"type": "Feature", "geometry": {"type": "Point", "coordinates": [109.60485, 0.87959]}, "properties": {"kab_kota": "BENGKAYANG", "kecamatan": "Bengkayang", "desa": "Setia Budi", "tanggal": "2026-08-09", "timestamp": "2026-08-09T15:24:00+07:00", "satelit": "NASA-MODIS", "confidence": "High"}}, {"type": "Feature", "geometry": {"type": "Point", "coordinates": [109.94074, 1.37693]}, "properties": {"kab_kota": "BENGKAYANG", "kecamatan": "Jagoi Babang", "desa": "Sekida", "tanggal": "2026-08-14", "timestamp": "2026-08-14T15:20:00+07:00", "satelit": "NASA-MODIS", "confidence": "High"}}, {"type": "Feature", "geometry": {"type": "Point", "coordinates": [109.59502, 0.9794]}, "properties": {"kab_kota": "BENGKAYANG", "kecamatan": "Ledo", "desa": "Rodaya", "tanggal": "2026-08-09", "timestamp": "2026-08-09T15:26:00+07:00", "satelit": "NASA-MODIS", "confidence": "High"}}, {"type": "Feature", "geometry": {"type": "Point", "coordinates": [109.60531, 0.9809]}, "properties": {"kab_kota": "BENGKAYANG", "kecamatan": "Ledo", "desa": "Rodaya", "tanggal": "2026-08-09", "timestamp": "2026-08-09T15:26:00+07:00", "satelit": "NASA-MODIS", "confidence": "High"}}, {"type": "Feature", "geometry": {"type": "Point", "coordinates": [109.37749, 1.03439]}, "properties": {"kab_kota": "BENGKAYANG", "kecamatan": "Lumar", "desa": "Seren Selimbau", "tanggal": "2026-08-14", "timestamp": "2026-08-14T15:20:00+07:00", "satelit": "NASA-MODIS", "confidence": "High"}}, {"type": "Feature", "geometry": {"type": "Point", "coordinates": [109.4315, 0.93984]}, "properties": {"kab_kota": "BENGKAYANG", "kecamatan": "Lumar", "desa": "Seren Selimbau", "tanggal": "2026-08-22", "timestamp": "2026-08-22T15:28:00+07:00", "satelit": "NASA-MODIS", "confidence": "High"}}, {"type": "Feature", "geometry": {"type": "Point", "coordinates": [109.04179, 0.80017]}, "properties": {"kab_kota": "BENGKAYANG", "kecamatan": "Monterado", "desa": "Rantau", "tanggal": "2026-08-14", "timestamp": "2026-08-14T15:20:00+07:00", "satelit": "NASA-MODIS", "confidence": "High"}}, {"type": "Feature", "geometry": {"type": "Point", "coordinates": [109.35689, 0.82447]}, "properties": {"kab_kota": "BENGKAYANG", "kecamatan": "Sungai Betung", "desa": "Suka Maju", "tanggal": "2026-08-09", "timestamp": "2026-08-09T15:24:00+07:00", "satelit": "NASA-MODIS", "confidence": "High"}}, {"type": "Feature", "geometry": {"type": "Point", "coordinates": [109.36678, 0.82591]}, "properties": {"kab_kota": "BENGKAYANG", "kecamatan": "Sungai Betung", "desa": "Suka Maju", "tanggal": "2026-08-09", "timestamp": "2026-08-09T15:24:00+07:00", "satelit": "NASA-MODIS", "confidence": "High"}}, {"type": "Feature", "geometry": {"type": "Point", "coordinates": [108.90473, 0.7766]}, "properties": {"kab_kota": "BENGKAYANG", "kecamatan": "Sungai Raya Kepulauan", "desa": "Karimunting", "tanggal": "2026-08-24", "timestamp": "2026-08-24T20:18:00+07:00", "satelit": "NASA-MODIS", "confidence": "High"}}, {"type": "Feature", "geometry": {"type": "Point", "coordinates": [108.91398, 0.77786]}, "properties": {"kab_kota": "BENGKAYANG", "kecamatan": "Sungai Raya Kepulauan", "desa": "Karimunting", "tanggal": "2026-08-24", "timestamp": "2026-08-24T20:18:00+07:00", "satelit": "NASA-MODIS", "confidence": "High"}}, {"type": "Feature", "geometry": {"type": "Point", "coordinates": [108.91035, 0.77942]}, "properties": {"kab_kota": "BENGKAYANG", "kecamatan": "Sungai Raya Kepulauan", "desa": "Karimunting", "tanggal": "2026-08-25", "timestamp": "2026-08-25T08:39:00+07:00", "satelit": "NASA-MODIS", "confidence": "High"}}, {"type": "Feature", "geometry": {"type": "Point", "coordinates": [109.72274, 0.87368]}, "properties": {"kab_kota": "BENGKAYANG", "kecamatan": "Suti Semarang", "desa": "Kiung", "tanggal": "2026-08-06", "timestamp": "2026-08-06T15:09:00+07:00", "satelit": "NASA-MODIS", "confidence": "High"}}, {"type": "Feature", "geometry": {"type": "Point", "coordinates": [109.61501, 0.88107]}, "properties": {"kab_kota": "BENGKAYANG", "kecamatan": "Suti Semarang", "desa": "Nangka", "tanggal": "2026-08-09", "timestamp": "2026-08-09T15:24:00+07:00", "satelit": "NASA-MODIS", "confidence": "High"}}, {"type": "Feature", "geometry": {"type": "Point", "coordinates": [109.80486, 0.87617]}, "properties": {"kab_kota": "BENGKAYANG", "kecamatan": "Suti Semarang", "desa": "Tapen", "tanggal": "2026-08-01", "timestamp": "2026-08-01T15:18:00+07:00", "satelit": "NASA-MODIS", "confidence": "High"}}, {"type": "Feature", "geometry": {"type": "Point", "coordinates": [109.49324, 0.78861]}, "properties": {"kab_kota": "BENGKAYANG", "kecamatan": "Teriak", "desa": "Dharma Bhakti", "tanggal": "2026-08-24", "timestamp": "2026-08-24T15:07:00+07:00", "satelit": "NASA-MODIS", "confidence": "High"}}, {"type": "Feature", "geometry": {"type": "Point", "coordinates": [109.60411, 0.79541]}, "properties": {"kab_kota": "BENGKAYANG", "kecamatan": "Teriak", "desa": "Puteng", "tanggal": "2026-08-19", "timestamp": "2026-08-19T15:13:00+07:00", "satelit": "NASA-MODIS", "confidence": "High"}}, {"type": "Feature", "geometry": {"type": "Point", "coordinates": [109.67734, 0.75376]}, "properties": {"kab_kota": "BENGKAYANG", "kecamatan": "Teriak", "desa": "Sumber Karya", "tanggal": "2026-08-09", "timestamp": "2026-08-09T15:24:00+07:00", "satelit": "NASA-MODIS", "confidence": "High"}}, {"type": "Feature", "geometry": {"type": "Point", "coordinates": [109.61565, 0.79216]}, "properties": {"kab_kota": "BENGKAYANG", "kecamatan": "Teriak", "desa": "Telidik", "tanggal": "2026-08-22", "timestamp": "2026-08-22T15:28:00+07:00", "satelit": "NASA-MODIS", "confidence": "High"}}, {"type": "Feature", "geometry": {"type": "Point", "coordinates": [109.60604, 0.75836]}, "properties": {"kab_kota": "BENGKAYANG", "kecamatan": "Teriak", "desa": "Tubajur", "tanggal": "2026-08-19", "timestamp": "2026-08-19T15:13:00+07:00", "satelit": "NASA-MODIS", "confidence": "High"}}, {"type": "Feature", "geometry": {"type": "Point", "coordinates": [109.58678, 0.76831]}, "properties": {"kab_kota": "BENGKAYANG", "kecamatan": "Teriak", "desa": "Tubajur", "tanggal": "2026-08-22", "timestamp": "2026-08-22T15:28:00+07:00", "satelit": "NASA-MODIS", "confidence": "High"}}, {"type": "Feature", "geometry": {"type": "Point", "coordinates": [109.59734, 0.76987]}, "properties": {"kab_kota": "BENGKAYANG", "kecamatan": "Teriak", "desa": "Tubajur", "tanggal": "2026-08-22", "timestamp": "2026-08-22T15:28:00+07:00", "satelit": "NASA-MODIS", "confidence": "High"}}, {"type": "Feature", "geometry": {"type": "Point", "coordinates": [109.48181, 0.88892]}, "properties": {"kab_kota": "BENGKAYANG", "kecamatan": "Lumar", "desa": "Magmagan Karya", "tanggal": "2026-08-22", "timestamp": "2026-08-22T15:28:00+07:00", "satelit": "NASA-MODIS", "confidence": "Low"}}, {"type": "Feature", "geometry": {"type": "Point", "coordinates": [108.98187, 0.57837]}, "properties": {"kab_kota": "BENGKAYANG", "kecamatan": "Sungai Raya", "desa": "Sungai Jaga A", "tanggal": "2026-08-17", "timestamp": "2026-08-17T08:22:00+07:00", "satelit": "NASA-MODIS", "confidence": "Low"}}, {"type": "Feature", "geometry": {"type": "Point", "coordinates": [108.90389, 0.78602]}, "properties": {"kab_kota": "BENGKAYANG", "kecamatan": "Sungai Raya Kepulauan", "desa": "Karimunting", "tanggal": "2026-08-25", "timestamp": "2026-08-25T03:25:00+07:00", "satelit": "NASA-MODIS", "confidence": "Low"}}, {"type": "Feature", "geometry": {"type": "Point", "coordinates": [109.71482, 0.86337]}, "properties": {"kab_kota": "BENGKAYANG", "kecamatan": "Suti Semarang", "desa": "Kiung", "tanggal": "2026-08-06", "timestamp": "2026-08-06T15:09:00+07:00", "satelit": "NASA-MODIS", "confidence": "Low"}}, {"type": "Feature", "geometry": {"type": "Point", "coordinates": [109.81361, 0.87745]}, "properties": {"kab_kota": "BENGKAYANG", "kecamatan": "Suti Semarang", "desa": "Suti Semarang", "tanggal": "2026-08-01", "timestamp": "2026-08-01T15:18:00+07:00", "satelit": "NASA-MODIS", "confidence": "Low"}}, {"type": "Feature", "geometry": {"type": "Point", "coordinates": [109.47047, 0.78597]}, "properties": {"kab_kota": "BENGKAYANG", "kecamatan": "Bengkayang", "desa": "Bhakti Mulya", "tanggal": "2026-08-22", "timestamp": "2026-08-22T15:28:00+07:00", "satelit": "NASA-MODIS", "confidence": "Medium"}}, {"type": "Feature", "geometry": {"type": "Point", "coordinates": [109.4591, 0.87399]}, "properties": {"kab_kota": "BENGKAYANG", "kecamatan": "Bengkayang", "desa": "Kelurahan Sabalo", "tanggal": "2026-08-21", "timestamp": "2026-08-21T14:52:00+07:00", "satelit": "NASA-MODIS", "confidence": "Medium"}}, {"type": "Feature", "geometry": {"type": "Point", "coordinates": [109.47778, 0.87687]}, "properties": {"kab_kota": "BENGKAYANG", "kecamatan": "Bengkayang", "desa": "Kelurahan Sabalo", "tanggal": "2026-08-21", "timestamp": "2026-08-21T14:52:00+07:00", "satelit": "NASA-MODIS", "confidence": "Medium"}}, {"type": "Feature", "geometry": {"type": "Point", "coordinates": [109.55558, 0.8777]}, "properties": {"kab_kota": "BENGKAYANG", "kecamatan": "Bengkayang", "desa": "Setia Budi", "tanggal": "2026-08-06", "timestamp": "2026-08-06T15:09:00+07:00", "satelit": "NASA-MODIS", "confidence": "Medium"}}, {"type": "Feature", "geometry": {"type": "Point", "coordinates": [109.55421, 0.87221]}, "properties": {"kab_kota": "BENGKAYANG", "kecamatan": "Bengkayang", "desa": "Setia Budi", "tanggal": "2026-08-09", "timestamp": "2026-08-09T15:24:00+07:00", "satelit": "NASA-MODIS", "confidence": "Medium"}}, {"type": "Feature", "geometry": {"type": "Point", "coordinates": [109.56687, 0.86363]}, "properties": {"kab_kota": "BENGKAYANG", "kecamatan": "Bengkayang", "desa": "Setia Budi", "tanggal": "2026-08-21", "timestamp": "2026-08-21T14:52:00+07:00", "satelit": "NASA-MODIS", "confidence": "Medium"}}, {"type": "Feature", "geometry": {"type": "Point", "coordinates": [109.43464, 0.79998]}, "properties": {"kab_kota": "BENGKAYANG", "kecamatan": "Bengkayang", "desa": "Tirta Kencana", "tanggal": "2026-08-24", "timestamp": "2026-08-24T15:07:00+07:00", "satelit": "NASA-MODIS", "confidence": "Medium"}}, {"type": "Feature", "geometry": {"type": "Point", "coordinates": [109.14603, 0.6599]}, "properties": {"kab_kota": "BENGKAYANG", "kecamatan": "Capkala", "desa": "Aris", "tanggal": "2026-08-06", "timestamp": "2026-08-06T15:09:00+07:00", "satelit": "NASA-MODIS", "confidence": "Medium"}}, {"type": "Feature", "geometry": {"type": "Point", "coordinates": [109.92991, 1.35537]}, "properties": {"kab_kota": "BENGKAYANG", "kecamatan": "Jagoi Babang", "desa": "Jagoi", "tanggal": "2026-08-19", "timestamp": "2026-08-19T20:23:00+07:00", "satelit": "NASA-MODIS", "confidence": "Medium"}}, {"type": "Feature", "geometry": {"type": "Point", "coordinates": [109.93176, 1.37562]}, "properties": {"kab_kota": "BENGKAYANG", "kecamatan": "Jagoi Babang", "desa": "Sekida", "tanggal": "2026-08-14", "timestamp": "2026-08-14T15:20:00+07:00", "satelit": "NASA-MODIS", "confidence": "Medium"}}, {"type": "Feature", "geometry": {"type": "Point", "coordinates": [109.68596, 1.00237]}, "properties": {"kab_kota": "BENGKAYANG", "kecamatan": "Ledo", "desa": "Dayung", "tanggal": "2026-08-09", "timestamp": "2026-08-09T15:26:00+07:00", "satelit": "NASA-MODIS", "confidence": "Medium"}}, {"type": "Feature", "geometry": {"type": "Point", "coordinates": [109.69623, 1.00387]}, "properties": {"kab_kota": "BENGKAYANG", "kecamatan": "Ledo", "desa": "Dayung", "tanggal": "2026-08-09", "timestamp": "2026-08-09T15:26:00+07:00", "satelit": "NASA-MODIS", "confidence": "Medium"}}, {"type": "Feature", "geometry": {"type": "Point", "coordinates": [109.62526, 1.00989]}, "properties": {"kab_kota": "BENGKAYANG", "kecamatan": "Ledo", "desa": "Dayung", "tanggal": "2026-08-20", "timestamp": "2026-08-20T15:52:00+07:00", "satelit": "NASA-MODIS", "confidence": "Medium"}}, {"type": "Feature", "geometry": {"type": "Point", "coordinates": [109.51774, 1.03235]}, "properties": {"kab_kota": "BENGKAYANG", "kecamatan": "Ledo", "desa": "Lesabela", "tanggal": "2026-08-09", "timestamp": "2026-08-09T15:26:00+07:00", "satelit": "NASA-MODIS", "confidence": "Medium"}}, {"type": "Feature", "geometry": {"type": "Point", "coordinates": [109.52835, 1.03388]}, "properties": {"kab_kota": "BENGKAYANG", "kecamatan": "Ledo", "desa": "Lesabela", "tanggal": "2026-08-09", "timestamp": "2026-08-09T15:26:00+07:00", "satelit": "NASA-MODIS", "confidence": "Medium"}}, {"type": "Feature", "geometry": {"type": "Point", "coordinates": [109.58793, 1.04106]}, "properties": {"kab_kota": "BENGKAYANG", "kecamatan": "Ledo", "desa": "Lesabela", "tanggal": "2026-08-29", "timestamp": "2026-08-29T15:01:00+07:00", "satelit": "NASA-MODIS", "confidence": "Medium"}}, {"type": "Feature", "geometry": {"type": "Point", "coordinates": [109.54807, 1.0199]}, "properties": {"kab_kota": "BENGKAYANG", "kecamatan": "Ledo", "desa": "Lesabela", "tanggal": "2026-08-30", "timestamp": "2026-08-30T15:39:00+07:00", "satelit": "NASA-MODIS", "confidence": "Medium"}}, {"type": "Feature", "geometry": {"type": "Point", "coordinates": [109.68489, 0.93374]}, "properties": {"kab_kota": "BENGKAYANG", "kecamatan": "Ledo", "desa": "Lomba Karya", "tanggal": "2026-08-14", "timestamp": "2026-08-14T15:20:00+07:00", "satelit": "NASA-MODIS", "confidence": "Medium"}}, {"type": "Feature", "geometry": {"type": "Point", "coordinates": [109.59341, 0.97556]}, "properties": {"kab_kota": "BENGKAYANG", "kecamatan": "Ledo", "desa": "Rodaya", "tanggal": "2026-08-21", "timestamp": "2026-08-21T14:52:00+07:00", "satelit": "NASA-MODIS", "confidence": "Medium"}}, {"type": "Feature", "geometry": {"type": "Point", "coordinates": [109.58487, 0.98594]}, "properties": {"kab_kota": "BENGKAYANG", "kecamatan": "Ledo", "desa": "Rodaya", "tanggal": "2026-08-21", "timestamp": "2026-08-21T14:52:00+07:00", "satelit": "NASA-MODIS", "confidence": "Medium"}}, {"type": "Feature", "geometry": {"type": "Point", "coordinates": [109.60573, 0.98917]}, "properties": {"kab_kota": "BENGKAYANG", "kecamatan": "Ledo", "desa": "Rodaya", "tanggal": "2026-08-21", "timestamp": "2026-08-21T14:52:00+07:00", "satelit": "NASA-MODIS", "confidence": "Medium"}}, {"type": "Feature", "geometry": {"type": "Point", "coordinates": [109.55907, 1.09063]}, "properties": {"kab_kota": "BENGKAYANG", "kecamatan": "Ledo", "desa": "Semangat", "tanggal": "2026-08-06", "timestamp": "2026-08-06T15:09:00+07:00", "satelit": "NASA-MODIS", "confidence": "Medium"}}, {"type": "Feature", "geometry": {"type": "Point", "coordinates": [109.54326, 1.07448]}, "properties": {"kab_kota": "BENGKAYANG", "kecamatan": "Ledo", "desa": "Semangat", "tanggal": "2026-08-09", "timestamp": "2026-08-09T15:26:00+07:00", "satelit": "NASA-MODIS", "confidence": "Medium"}}, {"type": "Feature", "geometry": {"type": "Point", "coordinates": [109.5521, 1.0854]}, "properties": {"kab_kota": "BENGKAYANG", "kecamatan": "Ledo", "desa": "Semangat", "tanggal": "2026-08-09", "timestamp": "2026-08-09T15:26:00+07:00", "satelit": "NASA-MODIS", "confidence": "Medium"}}, {"type": "Feature", "geometry": {"type": "Point", "coordinates": [109.53038, 1.09181]}, "properties": {"kab_kota": "BENGKAYANG", "kecamatan": "Ledo", "desa": "Semangat", "tanggal": "2026-08-09", "timestamp": "2026-08-09T15:26:00+07:00", "satelit": "NASA-MODIS", "confidence": "Medium"}}, {"type": "Feature", "geometry": {"type": "Point", "coordinates": [109.55567, 1.07089]}, "properties": {"kab_kota": "BENGKAYANG", "kecamatan": "Ledo", "desa": "Semangat", "tanggal": "2026-08-22", "timestamp": "2026-08-22T15:28:00+07:00", "satelit": "NASA-MODIS", "confidence": "Medium"}}, {"type": "Feature", "geometry": {"type": "Point", "coordinates": [109.54938, 1.04488]}, "properties": {"kab_kota": "BENGKAYANG", "kecamatan": "Ledo", "desa": "Serangkat", "tanggal": "2026-08-21", "timestamp": "2026-08-21T14:52:00+07:00", "satelit": "NASA-MODIS", "confidence": "Medium"}}, {"type": "Feature", "geometry": {"type": "Point", "coordinates": [109.55365, 1.04856]}, "properties": {"kab_kota": "BENGKAYANG", "kecamatan": "Ledo", "desa": "Serangkat", "tanggal": "2026-08-21", "timestamp": "2026-08-21T14:52:00+07:00", "satelit": "NASA-MODIS", "confidence": "Medium"}}, {"type": "Feature", "geometry": {"type": "Point", "coordinates": [109.67967, 0.90796]}, "properties": {"kab_kota": "BENGKAYANG", "kecamatan": "Ledo", "desa": "Sidai", "tanggal": "2026-08-08", "timestamp": "2026-08-08T14:48:00+07:00", "satelit": "NASA-MODIS", "confidence": "Medium"}}, {"type": "Feature", "geometry": {"type": "Point", "coordinates": [109.66351, 0.90923]}, "properties": {"kab_kota": "BENGKAYANG", "kecamatan": "Ledo", "desa": "Sidai", "tanggal": "2026-08-08", "timestamp": "2026-08-08T14:48:00+07:00", "satelit": "NASA-MODIS", "confidence": "Medium"}}, {"type": "Feature", "geometry": {"type": "Point", "coordinates": [109.63375, 0.88986]}, "properties": {"kab_kota": "BENGKAYANG", "kecamatan": "Ledo", "desa": "Sidai", "tanggal": "2026-08-12", "timestamp": "2026-08-12T08:22:00+07:00", "satelit": "NASA-MODIS", "confidence": "Medium"}}, {"type": "Feature", "geometry": {"type": "Point", "coordinates": [109.60815, 0.90715]}, "properties": {"kab_kota": "BENGKAYANG", "kecamatan": "Ledo", "desa": "Sidai", "tanggal": "2026-08-22", "timestamp": "2026-08-22T15:28:00+07:00", "satelit": "NASA-MODIS", "confidence": "Medium"}}, {"type": "Feature", "geometry": {"type": "Point", "coordinates": [109.36875, 1.0331]}, "properties": {"kab_kota": "BENGKAYANG", "kecamatan": "Lumar", "desa": "Seren Selimbau", "tanggal": "2026-08-14", "timestamp": "2026-08-14T15:20:00+07:00", "satelit": "NASA-MODIS", "confidence": "Medium"}}, {"type": "Feature", "geometry": {"type": "Point", "coordinates": [109.4977, 0.93645]}, "properties": {"kab_kota": "BENGKAYANG", "kecamatan": "Lumar", "desa": "Tiga Berkat", "tanggal": "2026-08-09", "timestamp": "2026-08-09T15:26:00+07:00", "satelit": "NASA-MODIS", "confidence": "Medium"}}, {"type": "Feature", "geometry": {"type": "Point", "coordinates": [109.44208, 0.94141]}, "properties": {"kab_kota": "BENGKAYANG", "kecamatan": "Lumar", "desa": "Tiga Berkat", "tanggal": "2026-08-22", "timestamp": "2026-08-22T15:28:00+07:00", "satelit": "NASA-MODIS", "confidence": "Medium"}}, {"type": "Feature", "geometry": {"type": "Point", "coordinates": [109.09063, 0.81767]}, "properties": {"kab_kota": "BENGKAYANG", "kecamatan": "Monterado", "desa": "Sendoreng", "tanggal": "2026-08-06", "timestamp": "2026-08-06T15:09:00+07:00", "satelit": "NASA-MODIS", "confidence": "Medium"}}, {"type": "Feature", "geometry": {"type": "Point", "coordinates": [109.29532, 0.82849]}, "properties": {"kab_kota": "BENGKAYANG", "kecamatan": "Samalantan", "desa": "Babane", "tanggal": "2026-08-14", "timestamp": "2026-08-14T15:20:00+07:00", "satelit": "NASA-MODIS", "confidence": "Medium"}}, {"type": "Feature", "geometry": {"type": "Point", "coordinates": [109.28976, 0.80795]}, "properties": {"kab_kota": "BENGKAYANG", "kecamatan": "Samalantan", "desa": "Babane", "tanggal": "2026-08-22", "timestamp": "2026-08-22T15:28:00+07:00", "satelit": "NASA-MODIS", "confidence": "Medium"}}, {"type": "Feature", "geometry": {"type": "Point", "coordinates": [109.29077, 0.78048]}, "properties": {"kab_kota": "BENGKAYANG", "kecamatan": "Samalantan", "desa": "Pasti Jaya", "tanggal": "2026-08-01", "timestamp": "2026-08-01T15:18:00+07:00", "satelit": "NASA-MODIS", "confidence": "Medium"}}, {"type": "Feature", "geometry": {"type": "Point", "coordinates": [109.29988, 0.80944]}, "properties": {"kab_kota": "BENGKAYANG", "kecamatan": "Samalantan", "desa": "Pasti Jaya", "tanggal": "2026-08-22", "timestamp": "2026-08-22T15:28:00+07:00", "satelit": "NASA-MODIS", "confidence": "Medium"}}, {"type": "Feature", "geometry": {"type": "Point", "coordinates": [109.28404, 0.76183]}, "properties": {"kab_kota": "BENGKAYANG", "kecamatan": "Samalantan", "desa": "Tumiang", "tanggal": "2026-08-14", "timestamp": "2026-08-14T15:20:00+07:00", "satelit": "NASA-MODIS", "confidence": "Medium"}}, {"type": "Feature", "geometry": {"type": "Point", "coordinates": [109.68895, 1.18748]}, "properties": {"kab_kota": "BENGKAYANG", "kecamatan": "Sanggau Ledo", "desa": "Sango", "tanggal": "2026-08-09", "timestamp": "2026-08-09T15:26:00+07:00", "satelit": "NASA-MODIS", "confidence": "Medium"}}, {"type": "Feature", "geometry": {"type": "Point", "coordinates": [109.6993, 1.189]}, "properties": {"kab_kota": "BENGKAYANG", "kecamatan": "Sanggau Ledo", "desa": "Sango", "tanggal": "2026-08-09", "timestamp": "2026-08-09T15:26:00+07:00", "satelit": "NASA-MODIS", "confidence": "Medium"}}, {"type": "Feature", "geometry": {"type": "Point", "coordinates": [109.71999, 1.19203]}, "properties": {"kab_kota": "BENGKAYANG", "kecamatan": "Sanggau Ledo", "desa": "Sango", "tanggal": "2026-08-09", "timestamp": "2026-08-09T15:26:00+07:00", "satelit": "NASA-MODIS", "confidence": "Medium"}}, {"type": "Feature", "geometry": {"type": "Point", "coordinates": [109.72005, 1.18213]}, "properties": {"kab_kota": "BENGKAYANG", "kecamatan": "Sanggau Ledo", "desa": "Sango", "tanggal": "2026-08-24", "timestamp": "2026-08-24T15:07:00+07:00", "satelit": "NASA-MODIS", "confidence": "Medium"}}, {"type": "Feature", "geometry": {"type": "Point", "coordinates": [109.8653, 1.22624]}, "properties": {"kab_kota": "BENGKAYANG", "kecamatan": "Seluas", "desa": "Bengkawan", "tanggal": "2026-08-14", "timestamp": "2026-08-14T15:20:00+07:00", "satelit": "NASA-MODIS", "confidence": "Medium"}}, {"type": "Feature", "geometry": {"type": "Point", "coordinates": [109.71629, 1.25072]}, "properties": {"kab_kota": "BENGKAYANG", "kecamatan": "Seluas", "desa": "Kalon", "tanggal": "2026-08-01", "timestamp": "2026-08-01T15:18:00+07:00", "satelit": "NASA-MODIS", "confidence": "Medium"}}, {"type": "Feature", "geometry": {"type": "Point", "coordinates": [109.64171, 1.30613]}, "properties": {"kab_kota": "BENGKAYANG", "kecamatan": "Seluas", "desa": "Kalon", "tanggal": "2026-08-14", "timestamp": "2026-08-14T15:20:00+07:00", "satelit": "NASA-MODIS", "confidence": "Medium"}}, {"type": "Feature", "geometry": {"type": "Point", "coordinates": [109.81553, 1.19624]}, "properties": {"kab_kota": "BENGKAYANG", "kecamatan": "Seluas", "desa": "Mayak", "tanggal": "2026-08-09", "timestamp": "2026-08-09T15:26:00+07:00", "satelit": "NASA-MODIS", "confidence": "Medium"}}, {"type": "Feature", "geometry": {"type": "Point", "coordinates": [109.80448, 1.21302]}, "properties": {"kab_kota": "BENGKAYANG", "kecamatan": "Seluas", "desa": "Mayak", "tanggal": "2026-08-11", "timestamp": "2026-08-11T15:05:00+07:00", "satelit": "NASA-MODIS", "confidence": "Medium"}}, {"type": "Feature", "geometry": {"type": "Point", "coordinates": [109.74219, 1.25352]}, "properties": {"kab_kota": "BENGKAYANG", "kecamatan": "Seluas", "desa": "Mayak", "tanggal": "2026-08-11", "timestamp": "2026-08-11T15:05:00+07:00", "satelit": "NASA-MODIS", "confidence": "Medium"}}, {"type": "Feature", "geometry": {"type": "Point", "coordinates": [109.81916, 1.15323]}, "properties": {"kab_kota": "BENGKAYANG", "kecamatan": "Seluas", "desa": "Sahan", "tanggal": "2026-08-11", "timestamp": "2026-08-11T15:05:00+07:00", "satelit": "NASA-MODIS", "confidence": "Medium"}}, {"type": "Feature", "geometry": {"type": "Point", "coordinates": [109.82391, 1.11804]}, "properties": {"kab_kota": "BENGKAYANG", "kecamatan": "Seluas", "desa": "Sahan", "tanggal": "2026-08-14", "timestamp": "2026-08-14T15:20:00+07:00", "satelit": "NASA-MODIS", "confidence": "Medium"}}, {"type": "Feature", "geometry": {"type": "Point", "coordinates": [109.83279, 1.11935]}, "properties": {"kab_kota": "BENGKAYANG", "kecamatan": "Seluas", "desa": "Sahan", "tanggal": "2026-08-14", "timestamp": "2026-08-14T15:20:00+07:00", "satelit": "NASA-MODIS", "confidence": "Medium"}}, {"type": "Feature", "geometry": {"type": "Point", "coordinates": [109.798, 1.13998]}, "properties": {"kab_kota": "BENGKAYANG", "kecamatan": "Seluas", "desa": "Sahan", "tanggal": "2026-08-24", "timestamp": "2026-08-24T15:07:00+07:00", "satelit": "NASA-MODIS", "confidence": "Medium"}}, {"type": "Feature", "geometry": {"type": "Point", "coordinates": [109.7966, 1.14955]}, "properties": {"kab_kota": "BENGKAYANG", "kecamatan": "Seluas", "desa": "Sahan", "tanggal": "2026-08-24", "timestamp": "2026-08-24T15:07:00+07:00", "satelit": "NASA-MODIS", "confidence": "Medium"}}, {"type": "Feature", "geometry": {"type": "Point", "coordinates": [109.78915, 1.23149]}, "properties": {"kab_kota": "BENGKAYANG", "kecamatan": "Seluas", "desa": "Setangau Jaya", "tanggal": "2026-08-09", "timestamp": "2026-08-09T15:26:00+07:00", "satelit": "NASA-MODIS", "confidence": "Medium"}}, {"type": "Feature", "geometry": {"type": "Point", "coordinates": [109.95886, 1.18393]}, "properties": {"kab_kota": "BENGKAYANG", "kecamatan": "Siding", "desa": "Tangguh", "tanggal": "2026-08-11", "timestamp": "2026-08-11T15:05:00+07:00", "satelit": "NASA-MODIS", "confidence": "Medium"}}, {"type": "Feature", "geometry": {"type": "Point", "coordinates": [109.36768, 0.7753]}, "properties": {"kab_kota": "BENGKAYANG", "kecamatan": "Sungai Betung", "desa": "Suka Maju", "tanggal": "2026-08-06", "timestamp": "2026-08-06T15:09:00+07:00", "satelit": "NASA-MODIS", "confidence": "Medium"}}, {"type": "Feature", "geometry": {"type": "Point", "coordinates": [109.37695, 0.77668]}, "properties": {"kab_kota": "BENGKAYANG", "kecamatan": "Sungai Betung", "desa": "Suka Maju", "tanggal": "2026-08-06", "timestamp": "2026-08-06T15:09:00+07:00", "satelit": "NASA-MODIS", "confidence": "Medium"}}, {"type": "Feature", "geometry": {"type": "Point", "coordinates": [109.36471, 0.79343]}, "properties": {"kab_kota": "BENGKAYANG", "kecamatan": "Sungai Betung", "desa": "Suka Maju", "tanggal": "2026-08-06", "timestamp": "2026-08-06T15:09:00+07:00", "satelit": "NASA-MODIS", "confidence": "Medium"}}, {"type": "Feature", "geometry": {"type": "Point", "coordinates": [108.96543, 0.53645]}, "properties": {"kab_kota": "BENGKAYANG", "kecamatan": "Sungai Raya", "desa": "Sungai Duri", "tanggal": "2026-08-09", "timestamp": "2026-08-09T15:24:00+07:00", "satelit": "NASA-MODIS", "confidence": "Medium"}}, {"type": "Feature", "geometry": {"type": "Point", "coordinates": [108.96691, 0.55315]}, "properties": {"kab_kota": "BENGKAYANG", "kecamatan": "Sungai Raya", "desa": "Sungai Duri", "tanggal": "2026-08-11", "timestamp": "2026-08-11T15:05:00+07:00", "satelit": "NASA-MODIS", "confidence": "Medium"}}, {"type": "Feature", "geometry": {"type": "Point", "coordinates": [108.97333, 0.55306]}, "properties": {"kab_kota": "BENGKAYANG", "kecamatan": "Sungai Raya", "desa": "Sungai Duri", "tanggal": "2026-08-12", "timestamp": "2026-08-12T03:21:00+07:00", "satelit": "NASA-MODIS", "confidence": "Medium"}}, {"type": "Feature", "geometry": {"type": "Point", "coordinates": [108.99599, 0.58553]}, "properties": {"kab_kota": "BENGKAYANG", "kecamatan": "Sungai Raya", "desa": "Sungai Duri", "tanggal": "2026-08-12", "timestamp": "2026-08-12T03:21:00+07:00", "satelit": "NASA-MODIS", "confidence": "Medium"}}, {"type": "Feature", "geometry": {"type": "Point", "coordinates": [108.9726, 0.5503]}, "properties": {"kab_kota": "BENGKAYANG", "kecamatan": "Sungai Raya", "desa": "Sungai Duri", "tanggal": "2026-08-12", "timestamp": "2026-08-12T08:24:00+07:00", "satelit": "NASA-MODIS", "confidence": "Medium"}}, {"type": "Feature", "geometry": {"type": "Point", "coordinates": [108.99445, 0.57457]}, "properties": {"kab_kota": "BENGKAYANG", "kecamatan": "Sungai Raya", "desa": "Sungai Duri", "tanggal": "2026-08-12", "timestamp": "2026-08-12T08:24:00+07:00", "satelit": "NASA-MODIS", "confidence": "Medium"}}, {"type": "Feature", "geometry": {"type": "Point", "coordinates": [108.99571, 0.57898]}, "properties": {"kab_kota": "BENGKAYANG", "kecamatan": "Sungai Raya", "desa": "Sungai Duri", "tanggal": "2026-08-12", "timestamp": "2026-08-12T20:42:00+07:00", "satelit": "NASA-MODIS", "confidence": "Medium"}}, {"type": "Feature", "geometry": {"type": "Point", "coordinates": [108.99882, 0.57331]}, "properties": {"kab_kota": "BENGKAYANG", "kecamatan": "Sungai Raya", "desa": "Sungai Duri", "tanggal": "2026-08-14", "timestamp": "2026-08-14T15:20:00+07:00", "satelit": "NASA-MODIS", "confidence": "Medium"}}, {"type": "Feature", "geometry": {"type": "Point", "coordinates": [108.98064, 0.56935]}, "properties": {"kab_kota": "BENGKAYANG", "kecamatan": "Sungai Raya", "desa": "Sungai Duri", "tanggal": "2026-08-17", "timestamp": "2026-08-17T08:22:00+07:00", "satelit": "NASA-MODIS", "confidence": "Medium"}}, {"type": "Feature", "geometry": {"type": "Point", "coordinates": [108.97446, 0.57728]}, "properties": {"kab_kota": "BENGKAYANG", "kecamatan": "Sungai Raya", "desa": "Sungai Jaga A", "tanggal": "2026-08-07", "timestamp": "2026-08-07T08:24:00+07:00", "satelit": "NASA-MODIS", "confidence": "Medium"}}, {"type": "Feature", "geometry": {"type": "Point", "coordinates": [108.98933, 0.58379]}, "properties": {"kab_kota": "BENGKAYANG", "kecamatan": "Sungai Raya", "desa": "Sungai Jaga A", "tanggal": "2026-08-12", "timestamp": "2026-08-12T20:42:00+07:00", "satelit": "NASA-MODIS", "confidence": "Medium"}}, {"type": "Feature", "geometry": {"type": "Point", "coordinates": [108.97884, 0.60615]}, "properties": {"kab_kota": "BENGKAYANG", "kecamatan": "Sungai Raya", "desa": "Sungai Jaga A", "tanggal": "2026-08-31", "timestamp": "2026-08-31T19:59:00+07:00", "satelit": "NASA-MODIS", "confidence": "Medium"}}, {"type": "Feature", "geometry": {"type": "Point", "coordinates": [108.89686, 0.77044]}, "properties": {"kab_kota": "BENGKAYANG", "kecamatan": "Sungai Raya Kepulauan", "desa": "Karimunting", "tanggal": "2026-08-24", "timestamp": "2026-08-24T15:07:00+07:00", "satelit": "NASA-MODIS", "confidence": "Medium"}}, {"type": "Feature", "geometry": {"type": "Point", "coordinates": [108.90903, 0.77228]}, "properties": {"kab_kota": "BENGKAYANG", "kecamatan": "Sungai Raya Kepulauan", "desa": "Karimunting", "tanggal": "2026-08-24", "timestamp": "2026-08-24T15:07:00+07:00", "satelit": "NASA-MODIS", "confidence": "Medium"}}, {"type": "Feature", "geometry": {"type": "Point", "coordinates": [108.91272, 0.78469]}, "properties": {"kab_kota": "BENGKAYANG", "kecamatan": "Sungai Raya Kepulauan", "desa": "Karimunting", "tanggal": "2026-08-25", "timestamp": "2026-08-25T03:25:00+07:00", "satelit": "NASA-MODIS", "confidence": "Medium"}}, {"type": "Feature", "geometry": {"type": "Point", "coordinates": [108.909, 0.76949]}, "properties": {"kab_kota": "BENGKAYANG", "kecamatan": "Sungai Raya Kepulauan", "desa": "Karimunting", "tanggal": "2026-08-25", "timestamp": "2026-08-25T08:39:00+07:00", "satelit": "NASA-MODIS", "confidence": "Medium"}}, {"type": "Feature", "geometry": {"type": "Point", "coordinates": [108.90907, 0.77365]}, "properties": {"kab_kota": "BENGKAYANG", "kecamatan": "Sungai Raya Kepulauan", "desa": "Karimunting", "tanggal": "2026-08-27", "timestamp": "2026-08-27T08:20:00+07:00", "satelit": "NASA-MODIS", "confidence": "Medium"}}, {"type": "Feature", "geometry": {"type": "Point", "coordinates": [108.92195, 0.71856]}, "properties": {"kab_kota": "BENGKAYANG", "kecamatan": "Sungai Raya Kepulauan", "desa": "Sungai Keran", "tanggal": "2026-08-06", "timestamp": "2026-08-06T15:09:00+07:00", "satelit": "NASA-MODIS", "confidence": "Medium"}}, {"type": "Feature", "geometry": {"type": "Point", "coordinates": [108.91204, 0.71709]}, "properties": {"kab_kota": "BENGKAYANG", "kecamatan": "Sungai Raya Kepulauan", "desa": "Sungai Raya", "tanggal": "2026-08-06", "timestamp": "2026-08-06T15:09:00+07:00", "satelit": "NASA-MODIS", "confidence": "Medium"}}, {"type": "Feature", "geometry": {"type": "Point", "coordinates": [109.00396, 0.76668]}, "properties": {"kab_kota": "BENGKAYANG", "kecamatan": "Sungai Raya Kepulauan", "desa": "Sungai Raya", "tanggal": "2026-08-07", "timestamp": "2026-08-07T08:24:00+07:00", "satelit": "NASA-MODIS", "confidence": "Medium"}}, {"type": "Feature", "geometry": {"type": "Point", "coordinates": [109.66, 0.85866]}, "properties": {"kab_kota": "BENGKAYANG", "kecamatan": "Suti Semarang", "desa": "Nangka", "tanggal": "2026-08-09", "timestamp": "2026-08-09T15:24:00+07:00", "satelit": "NASA-MODIS", "confidence": "Medium"}}, {"type": "Feature", "geometry": {"type": "Point", "coordinates": [109.65862, 0.86811]}, "properties": {"kab_kota": "BENGKAYANG", "kecamatan": "Suti Semarang", "desa": "Nangka", "tanggal": "2026-08-09", "timestamp": "2026-08-09T15:24:00+07:00", "satelit": "NASA-MODIS", "confidence": "Medium"}}, {"type": "Feature", "geometry": {"type": "Point", "coordinates": [109.64259, 0.8886]}, "properties": {"kab_kota": "BENGKAYANG", "kecamatan": "Suti Semarang", "desa": "Nangka", "tanggal": "2026-08-12", "timestamp": "2026-08-12T08:22:00+07:00", "satelit": "NASA-MODIS", "confidence": "Medium"}}, {"type": "Feature", "geometry": {"type": "Point", "coordinates": [109.81878, 0.87437]}, "properties": {"kab_kota": "BENGKAYANG", "kecamatan": "Suti Semarang", "desa": "Suti Semarang", "tanggal": "2026-08-04", "timestamp": "2026-08-04T15:33:00+07:00", "satelit": "NASA-MODIS", "confidence": "Medium"}}, {"type": "Feature", "geometry": {"type": "Point", "coordinates": [109.63238, 0.82919]}, "properties": {"kab_kota": "BENGKAYANG", "kecamatan": "Teriak", "desa": "Ampar Benteng", "tanggal": "2026-08-24", "timestamp": "2026-08-24T15:07:00+07:00", "satelit": "NASA-MODIS", "confidence": "Medium"}}, {"type": "Feature", "geometry": {"type": "Point", "coordinates": [109.56794, 0.79004]}, "properties": {"kab_kota": "BENGKAYANG", "kecamatan": "Teriak", "desa": "Bana", "tanggal": "2026-08-19", "timestamp": "2026-08-19T15:13:00+07:00", "satelit": "NASA-MODIS", "confidence": "Medium"}}, {"type": "Feature", "geometry": {"type": "Point", "coordinates": [109.49519, 0.73537]}, "properties": {"kab_kota": "BENGKAYANG", "kecamatan": "Teriak", "desa": "Lulang", "tanggal": "2026-08-22", "timestamp": "2026-08-22T15:28:00+07:00", "satelit": "NASA-MODIS", "confidence": "Medium"}}, {"type": "Feature", "geometry": {"type": "Point", "coordinates": [109.56354, 0.80912]}, "properties": {"kab_kota": "BENGKAYANG", "kecamatan": "Teriak", "desa": "Malo Jelayan", "tanggal": "2026-08-22", "timestamp": "2026-08-22T15:28:00+07:00", "satelit": "NASA-MODIS", "confidence": "Medium"}}, {"type": "Feature", "geometry": {"type": "Point", "coordinates": [109.56023, 0.78862]}, "properties": {"kab_kota": "BENGKAYANG", "kecamatan": "Teriak", "desa": "Malo Jelayan", "tanggal": "2026-08-24", "timestamp": "2026-08-24T15:07:00+07:00", "satelit": "NASA-MODIS", "confidence": "Medium"}}, {"type": "Feature", "geometry": {"type": "Point", "coordinates": [109.55879, 0.79838]}, "properties": {"kab_kota": "BENGKAYANG", "kecamatan": "Teriak", "desa": "Malo Jelayan", "tanggal": "2026-08-24", "timestamp": "2026-08-24T15:07:00+07:00", "satelit": "NASA-MODIS", "confidence": "Medium"}}, {"type": "Feature", "geometry": {"type": "Point", "coordinates": [109.57117, 0.79025]}, "properties": {"kab_kota": "BENGKAYANG", "kecamatan": "Teriak", "desa": "Puteng", "tanggal": "2026-08-24", "timestamp": "2026-08-24T15:07:00+07:00", "satelit": "NASA-MODIS", "confidence": "Medium"}}, {"type": "Feature", "geometry": {"type": "Point", "coordinates": [109.54811, 0.7154]}, "properties": {"kab_kota": "BENGKAYANG", "kecamatan": "Teriak", "desa": "Setia Jaya", "tanggal": "2026-08-09", "timestamp": "2026-08-09T15:24:00+07:00", "satelit": "NASA-MODIS", "confidence": "Medium"}}, {"type": "Feature", "geometry": {"type": "Point", "coordinates": [109.65897, 0.7725]}, "properties": {"kab_kota": "BENGKAYANG", "kecamatan": "Teriak", "desa": "Sumber Karya", "tanggal": "2026-08-06", "timestamp": "2026-08-06T15:09:00+07:00", "satelit": "NASA-MODIS", "confidence": "Medium"}}, {"type": "Feature", "geometry": {"type": "Point", "coordinates": [109.66817, 0.77385]}, "properties": {"kab_kota": "BENGKAYANG", "kecamatan": "Teriak", "desa": "Sumber Karya", "tanggal": "2026-08-06", "timestamp": "2026-08-06T15:09:00+07:00", "satelit": "NASA-MODIS", "confidence": "Medium"}}, {"type": "Feature", "geometry": {"type": "Point", "coordinates": [109.68759, 0.75529]}, "properties": {"kab_kota": "BENGKAYANG", "kecamatan": "Teriak", "desa": "Sumber Karya", "tanggal": "2026-08-09", "timestamp": "2026-08-09T15:24:00+07:00", "satelit": "NASA-MODIS", "confidence": "Medium"}}, {"type": "Feature", "geometry": {"type": "Point", "coordinates": [109.68742, 0.78894]}, "properties": {"kab_kota": "BENGKAYANG", "kecamatan": "Teriak", "desa": "Sumber Karya", "tanggal": "2026-08-09", "timestamp": "2026-08-09T15:24:00+07:00", "satelit": "NASA-MODIS", "confidence": "Medium"}}, {"type": "Feature", "geometry": {"type": "Point", "coordinates": [109.68304, 0.78463]}, "properties": {"kab_kota": "BENGKAYANG", "kecamatan": "Teriak", "desa": "Sumber Karya", "tanggal": "2026-08-14", "timestamp": "2026-08-14T15:20:00+07:00", "satelit": "NASA-MODIS", "confidence": "Medium"}}, {"type": "Feature", "geometry": {"type": "Point", "coordinates": [109.69188, 0.78593]}, "properties": {"kab_kota": "BENGKAYANG", "kecamatan": "Teriak", "desa": "Sumber Karya", "tanggal": "2026-08-14", "timestamp": "2026-08-14T15:20:00+07:00", "satelit": "NASA-MODIS", "confidence": "Medium"}}, {"type": "Feature", "geometry": {"type": "Point", "coordinates": [109.66649, 0.78539]}, "properties": {"kab_kota": "BENGKAYANG", "kecamatan": "Teriak", "desa": "Sumber Karya", "tanggal": "2026-08-19", "timestamp": "2026-08-19T15:13:00+07:00", "satelit": "NASA-MODIS", "confidence": "Medium"}}, {"type": "Feature", "geometry": {"type": "Point", "coordinates": [109.61201, 0.8455]}, "properties": {"kab_kota": "BENGKAYANG", "kecamatan": "Teriak", "desa": "Tanjung", "tanggal": "2026-08-22", "timestamp": "2026-08-22T15:28:00+07:00", "satelit": "NASA-MODIS", "confidence": "Medium"}}, {"type": "Feature", "geometry": {"type": "Point", "coordinates": [109.61279, 0.76574]}, "properties": {"kab_kota": "BENGKAYANG", "kecamatan": "Teriak", "desa": "Tubajur", "tanggal": "2026-08-06", "timestamp": "2026-08-06T15:09:00+07:00", "satelit": "NASA-MODIS", "confidence": "Medium"}}, {"type": "Feature", "geometry": {"type": "Point", "coordinates": [109.61499, 0.75968]}, "properties": {"kab_kota": "BENGKAYANG", "kecamatan": "Teriak", "desa": "Tubajur", "tanggal": "2026-08-19", "timestamp": "2026-08-19T15:13:00+07:00", "satelit": "NASA-MODIS", "confidence": "Medium"}}, {"type": "Feature", "geometry": {"type": "Point", "coordinates": [109.69194, 1.03232]}, "properties": {"kab_kota": "BENGKAYANG", "kecamatan": "Tujuh Belas", "desa": "Kamuh", "tanggal": "2026-08-09", "timestamp": "2026-08-09T15:26:00+07:00", "satelit": "NASA-MODIS", "confidence": "Medium"}}, {"type": "Feature", "geometry": {"type": "Point", "coordinates": [109.56289, 0.90751]}, "properties": {"kab_kota": "BENGKAYANG", "kecamatan": "Bengkayang", "desa": "Setia Budi", "tanggal": "2026-08-08", "timestamp": "2026-08-08T12:33:00+07:00", "satelit": "NASA-NOAA20", "confidence": "High"}}, {"type": "Feature", "geometry": {"type": "Point", "coordinates": [109.56707, 0.88791]}, "properties": {"kab_kota": "BENGKAYANG", "kecamatan": "Bengkayang", "desa": "Setia Budi", "tanggal": "2026-08-09", "timestamp": "2026-08-09T13:57:00+07:00", "satelit": "NASA-NOAA20", "confidence": "High"}}, {"type": "Feature", "geometry": {"type": "Point", "coordinates": [109.63951, 1.00881]}, "properties": {"kab_kota": "BENGKAYANG", "kecamatan": "Ledo", "desa": "Dayung", "tanggal": "2026-08-20", "timestamp": "2026-08-20T13:50:00+07:00", "satelit": "NASA-NOAA20", "confidence": "High"}}, {"type": "Feature", "geometry": {"type": "Point", "coordinates": [109.63486, 1.04101]}, "properties": {"kab_kota": "BENGKAYANG", "kecamatan": "Ledo", "desa": "Jesape", "tanggal": "2026-08-20", "timestamp": "2026-08-20T13:50:00+07:00", "satelit": "NASA-NOAA20", "confidence": "High"}}, {"type": "Feature", "geometry": {"type": "Point", "coordinates": [109.57636, 1.02305]}, "properties": {"kab_kota": "BENGKAYANG", "kecamatan": "Ledo", "desa": "Lesabela", "tanggal": "2026-08-31", "timestamp": "2026-08-31T13:44:00+07:00", "satelit": "NASA-NOAA20", "confidence": "High"}}, {"type": "Feature", "geometry": {"type": "Point", "coordinates": [109.54654, 1.08549]}, "properties": {"kab_kota": "BENGKAYANG", "kecamatan": "Ledo", "desa": "Semangat", "tanggal": "2026-08-09", "timestamp": "2026-08-09T13:57:00+07:00", "satelit": "NASA-NOAA20", "confidence": "High"}}, {"type": "Feature", "geometry": {"type": "Point", "coordinates": [109.55168, 1.06259]}, "properties": {"kab_kota": "BENGKAYANG", "kecamatan": "Ledo", "desa": "Semangat", "tanggal": "2026-08-20", "timestamp": "2026-08-20T13:50:00+07:00", "satelit": "NASA-NOAA20", "confidence": "High"}}, {"type": "Feature", "geometry": {"type": "Point", "coordinates": [109.57303, 1.16207]}, "properties": {"kab_kota": "BENGKAYANG", "kecamatan": "Ledo", "desa": "Suka Damai", "tanggal": "2026-08-24", "timestamp": "2026-08-24T12:33:00+07:00", "satelit": "NASA-NOAA20", "confidence": "High"}}, {"type": "Feature", "geometry": {"type": "Point", "coordinates": [109.71489, 1.10822]}, "properties": {"kab_kota": "BENGKAYANG", "kecamatan": "Sanggau Ledo", "desa": "Lembang", "tanggal": "2026-08-08", "timestamp": "2026-08-08T12:33:00+07:00", "satelit": "NASA-NOAA20", "confidence": "High"}}, {"type": "Feature", "geometry": {"type": "Point", "coordinates": [109.72634, 1.15887]}, "properties": {"kab_kota": "BENGKAYANG", "kecamatan": "Sanggau Ledo", "desa": "Sango", "tanggal": "2026-08-24", "timestamp": "2026-08-24T12:33:00+07:00", "satelit": "NASA-NOAA20", "confidence": "High"}}, {"type": "Feature", "geometry": {"type": "Point", "coordinates": [109.87829, 1.08402]}, "properties": {"kab_kota": "BENGKAYANG", "kecamatan": "Seluas", "desa": "Bengkawan", "tanggal": "2026-08-09", "timestamp": "2026-08-09T12:16:00+07:00", "satelit": "NASA-NOAA20", "confidence": "High"}}, {"type": "Feature", "geometry": {"type": "Point", "coordinates": [109.84795, 1.17786]}, "properties": {"kab_kota": "BENGKAYANG", "kecamatan": "Seluas", "desa": "Bengkawan", "tanggal": "2026-08-09", "timestamp": "2026-08-09T12:16:00+07:00", "satelit": "NASA-NOAA20", "confidence": "High"}}, {"type": "Feature", "geometry": {"type": "Point", "coordinates": [109.76394, 1.18664]}, "properties": {"kab_kota": "BENGKAYANG", "kecamatan": "Seluas", "desa": "Mayak", "tanggal": "2026-08-30", "timestamp": "2026-08-30T12:23:00+07:00", "satelit": "NASA-NOAA20", "confidence": "High"}}, {"type": "Feature", "geometry": {"type": "Point", "coordinates": [109.84192, 1.21028]}, "properties": {"kab_kota": "BENGKAYANG", "kecamatan": "Seluas", "desa": "Mayak", "tanggal": "2026-08-30", "timestamp": "2026-08-30T14:01:00+07:00", "satelit": "NASA-NOAA20", "confidence": "High"}}, {"type": "Feature", "geometry": {"type": "Point", "coordinates": [109.83102, 1.11692]}, "properties": {"kab_kota": "BENGKAYANG", "kecamatan": "Seluas", "desa": "Sahan", "tanggal": "2026-08-09", "timestamp": "2026-08-09T12:16:00+07:00", "satelit": "NASA-NOAA20", "confidence": "High"}}, {"type": "Feature", "geometry": {"type": "Point", "coordinates": [109.82957, 1.11983]}, "properties": {"kab_kota": "BENGKAYANG", "kecamatan": "Seluas", "desa": "Sahan", "tanggal": "2026-08-09", "timestamp": "2026-08-09T12:16:00+07:00", "satelit": "NASA-NOAA20", "confidence": "High"}}, {"type": "Feature", "geometry": {"type": "Point", "coordinates": [109.85632, 1.07834]}, "properties": {"kab_kota": "BENGKAYANG", "kecamatan": "Seluas", "desa": "Sahan", "tanggal": "2026-08-09", "timestamp": "2026-08-09T13:57:00+07:00", "satelit": "NASA-NOAA20", "confidence": "High"}}, {"type": "Feature", "geometry": {"type": "Point", "coordinates": [109.84641, 1.08319]}, "properties": {"kab_kota": "BENGKAYANG", "kecamatan": "Seluas", "desa": "Sahan", "tanggal": "2026-08-09", "timestamp": "2026-08-09T13:57:00+07:00", "satelit": "NASA-NOAA20", "confidence": "High"}}, {"type": "Feature", "geometry": {"type": "Point", "coordinates": [109.86658, 1.26947]}, "properties": {"kab_kota": "BENGKAYANG", "kecamatan": "Seluas", "desa": "Seluas", "tanggal": "2026-08-19", "timestamp": "2026-08-19T12:27:00+07:00", "satelit": "NASA-NOAA20", "confidence": "High"}}, {"type": "Feature", "geometry": {"type": "Point", "coordinates": [109.95219, 1.20308]}, "properties": {"kab_kota": "BENGKAYANG", "kecamatan": "Siding", "desa": "Hli Buie", "tanggal": "2026-08-09", "timestamp": "2026-08-09T13:57:00+07:00", "satelit": "NASA-NOAA20", "confidence": "High"}}, {"type": "Feature", "geometry": {"type": "Point", "coordinates": [109.92387, 1.20752]}, "properties": {"kab_kota": "BENGKAYANG", "kecamatan": "Siding", "desa": "Hli Buie", "tanggal": "2026-08-21", "timestamp": "2026-08-21T13:29:00+07:00", "satelit": "NASA-NOAA20", "confidence": "High"}}, {"type": "Feature", "geometry": {"type": "Point", "coordinates": [109.93066, 1.2237]}, "properties": {"kab_kota": "BENGKAYANG", "kecamatan": "Siding", "desa": "Hli Buie", "tanggal": "2026-08-24", "timestamp": "2026-08-24T12:33:00+07:00", "satelit": "NASA-NOAA20", "confidence": "High"}}, {"type": "Feature", "geometry": {"type": "Point", "coordinates": [110.06126, 1.18047]}, "properties": {"kab_kota": "BENGKAYANG", "kecamatan": "Siding", "desa": "Tangguh", "tanggal": "2026-08-09", "timestamp": "2026-08-09T13:57:00+07:00", "satelit": "NASA-NOAA20", "confidence": "High"}}, {"type": "Feature", "geometry": {"type": "Point", "coordinates": [109.39783, 0.75155]}, "properties": {"kab_kota": "BENGKAYANG", "kecamatan": "Sungai Betung", "desa": "Karya Bhakti", "tanggal": "2026-08-08", "timestamp": "2026-08-08T12:33:00+07:00", "satelit": "NASA-NOAA20", "confidence": "High"}}, {"type": "Feature", "geometry": {"type": "Point", "coordinates": [109.40508, 0.75271]}, "properties": {"kab_kota": "BENGKAYANG", "kecamatan": "Sungai Betung", "desa": "Karya Bhakti", "tanggal": "2026-08-08", "timestamp": "2026-08-08T12:33:00+07:00", "satelit": "NASA-NOAA20", "confidence": "High"}}, {"type": "Feature", "geometry": {"type": "Point", "coordinates": [109.40153, 0.74296]}, "properties": {"kab_kota": "BENGKAYANG", "kecamatan": "Sungai Betung", "desa": "Karya Bhakti", "tanggal": "2026-08-09", "timestamp": "2026-08-09T13:57:00+07:00", "satelit": "NASA-NOAA20", "confidence": "High"}}, {"type": "Feature", "geometry": {"type": "Point", "coordinates": [109.34946, 0.81716]}, "properties": {"kab_kota": "BENGKAYANG", "kecamatan": "Sungai Betung", "desa": "Suka Maju", "tanggal": "2026-08-20", "timestamp": "2026-08-20T13:50:00+07:00", "satelit": "NASA-NOAA20", "confidence": "High"}}, {"type": "Feature", "geometry": {"type": "Point", "coordinates": [108.96278, 0.5371]}, "properties": {"kab_kota": "BENGKAYANG", "kecamatan": "Sungai Raya", "desa": "Sungai Duri", "tanggal": "2026-08-08", "timestamp": "2026-08-08T12:33:00+07:00", "satelit": "NASA-NOAA20", "confidence": "High"}}, {"type": "Feature", "geometry": {"type": "Point", "coordinates": [108.96267, 0.53945]}, "properties": {"kab_kota": "BENGKAYANG", "kecamatan": "Sungai Raya", "desa": "Sungai Duri", "tanggal": "2026-08-08", "timestamp": "2026-08-08T12:33:00+07:00", "satelit": "NASA-NOAA20", "confidence": "High"}}, {"type": "Feature", "geometry": {"type": "Point", "coordinates": [108.97021, 0.55334]}, "properties": {"kab_kota": "BENGKAYANG", "kecamatan": "Sungai Raya", "desa": "Sungai Duri", "tanggal": "2026-08-11", "timestamp": "2026-08-11T00:34:00+07:00", "satelit": "NASA-NOAA20", "confidence": "High"}}, {"type": "Feature", "geometry": {"type": "Point", "coordinates": [108.97099, 0.55406]}, "properties": {"kab_kota": "BENGKAYANG", "kecamatan": "Sungai Raya", "desa": "Sungai Duri", "tanggal": "2026-08-11", "timestamp": "2026-08-11T00:34:00+07:00", "satelit": "NASA-NOAA20", "confidence": "High"}}, {"type": "Feature", "geometry": {"type": "Point", "coordinates": [109.77026, 0.94049]}, "properties": {"kab_kota": "BENGKAYANG", "kecamatan": "Suti Semarang", "desa": "Cempaka Putih", "tanggal": "2026-08-08", "timestamp": "2026-08-08T12:33:00+07:00", "satelit": "NASA-NOAA20", "confidence": "High"}}, {"type": "Feature", "geometry": {"type": "Point", "coordinates": [109.73809, 0.88265]}, "properties": {"kab_kota": "BENGKAYANG", "kecamatan": "Suti Semarang", "desa": "Muhi Bersatu", "tanggal": "2026-08-20", "timestamp": "2026-08-20T13:50:00+07:00", "satelit": "NASA-NOAA20", "confidence": "High"}}, {"type": "Feature", "geometry": {"type": "Point", "coordinates": [109.64542, 0.87487]}, "properties": {"kab_kota": "BENGKAYANG", "kecamatan": "Suti Semarang", "desa": "Nangka", "tanggal": "2026-08-09", "timestamp": "2026-08-09T13:57:00+07:00", "satelit": "NASA-NOAA20", "confidence": "High"}}, {"type": "Feature", "geometry": {"type": "Point", "coordinates": [109.79675, 0.9283]}, "properties": {"kab_kota": "BENGKAYANG", "kecamatan": "Suti Semarang", "desa": "Tapen", "tanggal": "2026-08-08", "timestamp": "2026-08-08T12:33:00+07:00", "satelit": "NASA-NOAA20", "confidence": "High"}}, {"type": "Feature", "geometry": {"type": "Point", "coordinates": [109.65483, 0.78537]}, "properties": {"kab_kota": "BENGKAYANG", "kecamatan": "Teriak", "desa": "Sumber Karya", "tanggal": "2026-08-20", "timestamp": "2026-08-20T13:50:00+07:00", "satelit": "NASA-NOAA20", "confidence": "High"}}, {"type": "Feature", "geometry": {"type": "Point", "coordinates": [109.64181, 0.80045]}, "properties": {"kab_kota": "BENGKAYANG", "kecamatan": "Teriak", "desa": "Telidik", "tanggal": "2026-08-20", "timestamp": "2026-08-20T13:50:00+07:00", "satelit": "NASA-NOAA20", "confidence": "High"}}, {"type": "Feature", "geometry": {"type": "Point", "coordinates": [109.77193, 1.01558]}, "properties": {"kab_kota": "BENGKAYANG", "kecamatan": "Tujuh Belas", "desa": "Pisak", "tanggal": "2026-08-08", "timestamp": "2026-08-08T12:33:00+07:00", "satelit": "NASA-NOAA20", "confidence": "High"}}, {"type": "Feature", "geometry": {"type": "Point", "coordinates": [109.8159, 1.04632]}, "properties": {"kab_kota": "BENGKAYANG", "kecamatan": "Tujuh Belas", "desa": "Pisak", "tanggal": "2026-08-09", "timestamp": "2026-08-09T13:57:00+07:00", "satelit": "NASA-NOAA20", "confidence": "High"}}, {"type": "Feature", "geometry": {"type": "Point", "coordinates": [109.93163, 1.38302]}, "properties": {"kab_kota": "BENGKAYANG", "kecamatan": "Jagoi Babang", "desa": "Sekida", "tanggal": "2026-08-20", "timestamp": "2026-08-20T13:50:00+07:00", "satelit": "NASA-NOAA20", "confidence": "Low"}}, {"type": "Feature", "geometry": {"type": "Point", "coordinates": [109.59603, 1.0067]}, "properties": {"kab_kota": "BENGKAYANG", "kecamatan": "Ledo", "desa": "Lesabela", "tanggal": "2026-08-10", "timestamp": "2026-08-10T13:35:00+07:00", "satelit": "NASA-NOAA20", "confidence": "Low"}}, {"type": "Feature", "geometry": {"type": "Point", "coordinates": [109.57578, 1.02808]}, "properties": {"kab_kota": "BENGKAYANG", "kecamatan": "Ledo", "desa": "Lesabela", "tanggal": "2026-08-31", "timestamp": "2026-08-31T13:44:00+07:00", "satelit": "NASA-NOAA20", "confidence": "Low"}}, {"type": "Feature", "geometry": {"type": "Point", "coordinates": [109.55717, 0.9401]}, "properties": {"kab_kota": "BENGKAYANG", "kecamatan": "Lumar", "desa": "Lamolda", "tanggal": "2026-08-06", "timestamp": "2026-08-06T13:12:00+07:00", "satelit": "NASA-NOAA20", "confidence": "Low"}}, {"type": "Feature", "geometry": {"type": "Point", "coordinates": [109.75076, 1.14026]}, "properties": {"kab_kota": "BENGKAYANG", "kecamatan": "Sanggau Ledo", "desa": "Sango", "tanggal": "2026-08-07", "timestamp": "2026-08-07T12:53:00+07:00", "satelit": "NASA-NOAA20", "confidence": "Low"}}, {"type": "Feature", "geometry": {"type": "Point", "coordinates": [109.81618, 1.08098]}, "properties": {"kab_kota": "BENGKAYANG", "kecamatan": "Seluas", "desa": "Sahan", "tanggal": "2026-08-09", "timestamp": "2026-08-09T12:16:00+07:00", "satelit": "NASA-NOAA20", "confidence": "Low"}}, {"type": "Feature", "geometry": {"type": "Point", "coordinates": [109.86403, 1.27139]}, "properties": {"kab_kota": "BENGKAYANG", "kecamatan": "Seluas", "desa": "Seluas", "tanggal": "2026-08-31", "timestamp": "2026-08-31T13:44:00+07:00", "satelit": "NASA-NOAA20", "confidence": "Low"}}, {"type": "Feature", "geometry": {"type": "Point", "coordinates": [109.96227, 1.27508]}, "properties": {"kab_kota": "BENGKAYANG", "kecamatan": "Siding", "desa": "Siding", "tanggal": "2026-08-12", "timestamp": "2026-08-12T12:59:00+07:00", "satelit": "NASA-NOAA20", "confidence": "Low"}}, {"type": "Feature", "geometry": {"type": "Point", "coordinates": [109.9242, 1.13677]}, "properties": {"kab_kota": "BENGKAYANG", "kecamatan": "Siding", "desa": "Tamong", "tanggal": "2026-08-08", "timestamp": "2026-08-08T12:33:00+07:00", "satelit": "NASA-NOAA20", "confidence": "Low"}}, {"type": "Feature", "geometry": {"type": "Point", "coordinates": [109.92617, 1.13777]}, "properties": {"kab_kota": "BENGKAYANG", "kecamatan": "Siding", "desa": "Tamong", "tanggal": "2026-08-08", "timestamp": "2026-08-08T12:33:00+07:00", "satelit": "NASA-NOAA20", "confidence": "Low"}}, {"type": "Feature", "geometry": {"type": "Point", "coordinates": [109.93566, 1.13863]}, "properties": {"kab_kota": "BENGKAYANG", "kecamatan": "Siding", "desa": "Tamong", "tanggal": "2026-08-08", "timestamp": "2026-08-08T12:33:00+07:00", "satelit": "NASA-NOAA20", "confidence": "Low"}}, {"type": "Feature", "geometry": {"type": "Point", "coordinates": [110.01722, 1.06833]}, "properties": {"kab_kota": "BENGKAYANG", "kecamatan": "Siding", "desa": "Tawang", "tanggal": "2026-08-03", "timestamp": "2026-08-03T12:27:00+07:00", "satelit": "NASA-NOAA20", "confidence": "Low"}}, {"type": "Feature", "geometry": {"type": "Point", "coordinates": [108.97527, 0.577]}, "properties": {"kab_kota": "BENGKAYANG", "kecamatan": "Sungai Raya", "desa": "Sungai Jaga A", "tanggal": "2026-08-07", "timestamp": "2026-08-07T12:53:00+07:00", "satelit": "NASA-NOAA20", "confidence": "Low"}}, {"type": "Feature", "geometry": {"type": "Point", "coordinates": [108.97211, 0.57896]}, "properties": {"kab_kota": "BENGKAYANG", "kecamatan": "Sungai Raya", "desa": "Sungai Jaga A", "tanggal": "2026-08-11", "timestamp": "2026-08-11T13:18:00+07:00", "satelit": "NASA-NOAA20", "confidence": "Low"}}, {"type": "Feature", "geometry": {"type": "Point", "coordinates": [109.69559, 0.86623]}, "properties": {"kab_kota": "BENGKAYANG", "kecamatan": "Suti Semarang", "desa": "Kiung", "tanggal": "2026-08-06", "timestamp": "2026-08-06T13:12:00+07:00", "satelit": "NASA-NOAA20", "confidence": "Low"}}, {"type": "Feature", "geometry": {"type": "Point", "coordinates": [109.72473, 0.87767]}, "properties": {"kab_kota": "BENGKAYANG", "kecamatan": "Suti Semarang", "desa": "Kiung", "tanggal": "2026-08-06", "timestamp": "2026-08-06T13:12:00+07:00", "satelit": "NASA-NOAA20", "confidence": "Low"}}, {"type": "Feature", "geometry": {"type": "Point", "coordinates": [109.74342, 0.87169]}, "properties": {"kab_kota": "BENGKAYANG", "kecamatan": "Suti Semarang", "desa": "Muhi Bersatu", "tanggal": "2026-08-02", "timestamp": "2026-08-02T12:46:00+07:00", "satelit": "NASA-NOAA20", "confidence": "Low"}}, {"type": "Feature", "geometry": {"type": "Point", "coordinates": [109.73452, 0.90623]}, "properties": {"kab_kota": "BENGKAYANG", "kecamatan": "Suti Semarang", "desa": "Suka Maju", "tanggal": "2026-08-06", "timestamp": "2026-08-06T13:12:00+07:00", "satelit": "NASA-NOAA20", "confidence": "Low"}}, {"type": "Feature", "geometry": {"type": "Point", "coordinates": [109.73895, 0.92382]}, "properties": {"kab_kota": "BENGKAYANG", "kecamatan": "Suti Semarang", "desa": "Suka Maju", "tanggal": "2026-08-06", "timestamp": "2026-08-06T13:12:00+07:00", "satelit": "NASA-NOAA20", "confidence": "Low"}}, {"type": "Feature", "geometry": {"type": "Point", "coordinates": [109.8093, 0.90067]}, "properties": {"kab_kota": "BENGKAYANG", "kecamatan": "Suti Semarang", "desa": "Tapen", "tanggal": "2026-08-06", "timestamp": "2026-08-06T13:12:00+07:00", "satelit": "NASA-NOAA20", "confidence": "Low"}}, {"type": "Feature", "geometry": {"type": "Point", "coordinates": [109.68011, 0.74844]}, "properties": {"kab_kota": "BENGKAYANG", "kecamatan": "Teriak", "desa": "Sumber Karya", "tanggal": "2026-08-09", "timestamp": "2026-08-09T13:57:00+07:00", "satelit": "NASA-NOAA20", "confidence": "Low"}}, {"type": "Feature", "geometry": {"type": "Point", "coordinates": [109.67869, 0.79437]}, "properties": {"kab_kota": "BENGKAYANG", "kecamatan": "Teriak", "desa": "Sumber Karya", "tanggal": "2026-08-10", "timestamp": "2026-08-10T13:35:00+07:00", "satelit": "NASA-NOAA20", "confidence": "Low"}}, {"type": "Feature", "geometry": {"type": "Point", "coordinates": [109.78384, 1.02843]}, "properties": {"kab_kota": "BENGKAYANG", "kecamatan": "Tujuh Belas", "desa": "Pisak", "tanggal": "2026-08-08", "timestamp": "2026-08-08T12:33:00+07:00", "satelit": "NASA-NOAA20", "confidence": "Low"}}, {"type": "Feature", "geometry": {"type": "Point", "coordinates": [109.47937, 0.79765]}, "properties": {"kab_kota": "BENGKAYANG", "kecamatan": "Bengkayang", "desa": "Bhakti Mulya", "tanggal": "2026-08-20", "timestamp": "2026-08-20T13:50:00+07:00", "satelit": "NASA-NOAA20", "confidence": "Medium"}}, {"type": "Feature", "geometry": {"type": "Point", "coordinates": [109.48141, 0.7978]}, "properties": {"kab_kota": "BENGKAYANG", "kecamatan": "Bengkayang", "desa": "Bhakti Mulya", "tanggal": "2026-08-20", "timestamp": "2026-08-20T13:50:00+07:00", "satelit": "NASA-NOAA20", "confidence": "Medium"}}, {"type": "Feature", "geometry": {"type": "Point", "coordinates": [109.48329, 0.86601]}, "properties": {"kab_kota": "BENGKAYANG", "kecamatan": "Bengkayang", "desa": "Kelurahan Sabalo", "tanggal": "2026-08-21", "timestamp": "2026-08-21T13:29:00+07:00", "satelit": "NASA-NOAA20", "confidence": "Medium"}}, {"type": "Feature", "geometry": {"type": "Point", "coordinates": [109.52605, 0.87397]}, "properties": {"kab_kota": "BENGKAYANG", "kecamatan": "Bengkayang", "desa": "Kelurahan Sabalo", "tanggal": "2026-08-27", "timestamp": "2026-08-27T13:18:00+07:00", "satelit": "NASA-NOAA20", "confidence": "Medium"}}, {"type": "Feature", "geometry": {"type": "Point", "coordinates": [109.56268, 0.88007]}, "properties": {"kab_kota": "BENGKAYANG", "kecamatan": "Bengkayang", "desa": "Setia Budi", "tanggal": "2026-08-06", "timestamp": "2026-08-06T13:12:00+07:00", "satelit": "NASA-NOAA20", "confidence": "Medium"}}, {"type": "Feature", "geometry": {"type": "Point", "coordinates": [109.5597, 0.89991]}, "properties": {"kab_kota": "BENGKAYANG", "kecamatan": "Bengkayang", "desa": "Setia Budi", "tanggal": "2026-08-06", "timestamp": "2026-08-06T13:12:00+07:00", "satelit": "NASA-NOAA20", "confidence": "Medium"}}, {"type": "Feature", "geometry": {"type": "Point", "coordinates": [109.56313, 0.88101]}, "properties": {"kab_kota": "BENGKAYANG", "kecamatan": "Bengkayang", "desa": "Setia Budi", "tanggal": "2026-08-09", "timestamp": "2026-08-09T13:57:00+07:00", "satelit": "NASA-NOAA20", "confidence": "Medium"}}, {"type": "Feature", "geometry": {"type": "Point", "coordinates": [109.56234, 0.88717]}, "properties": {"kab_kota": "BENGKAYANG", "kecamatan": "Bengkayang", "desa": "Setia Budi", "tanggal": "2026-08-09", "timestamp": "2026-08-09T13:57:00+07:00", "satelit": "NASA-NOAA20", "confidence": "Medium"}}, {"type": "Feature", "geometry": {"type": "Point", "coordinates": [109.58853, 0.87392]}, "properties": {"kab_kota": "BENGKAYANG", "kecamatan": "Bengkayang", "desa": "Setia Budi", "tanggal": "2026-08-21", "timestamp": "2026-08-21T13:29:00+07:00", "satelit": "NASA-NOAA20", "confidence": "Medium"}}, {"type": "Feature", "geometry": {"type": "Point", "coordinates": [109.53761, 0.88458]}, "properties": {"kab_kota": "BENGKAYANG", "kecamatan": "Bengkayang", "desa": "Setia Budi", "tanggal": "2026-08-22", "timestamp": "2026-08-22T13:12:00+07:00", "satelit": "NASA-NOAA20", "confidence": "Medium"}}, {"type": "Feature", "geometry": {"type": "Point", "coordinates": [109.01128, 0.61123]}, "properties": {"kab_kota": "BENGKAYANG", "kecamatan": "Capkala", "desa": "Setanduk", "tanggal": "2026-08-30", "timestamp": "2026-08-30T01:21:00+07:00", "satelit": "NASA-NOAA20", "confidence": "Medium"}}, {"type": "Feature", "geometry": {"type": "Point", "coordinates": [109.82382, 1.34678]}, "properties": {"kab_kota": "BENGKAYANG", "kecamatan": "Jagoi Babang", "desa": "Gersik", "tanggal": "2026-08-21", "timestamp": "2026-08-21T13:31:00+07:00", "satelit": "NASA-NOAA20", "confidence": "Medium"}}, {"type": "Feature", "geometry": {"type": "Point", "coordinates": [109.83136, 1.31939]}, "properties": {"kab_kota": "BENGKAYANG", "kecamatan": "Jagoi Babang", "desa": "Gersik", "tanggal": "2026-08-26", "timestamp": "2026-08-26T13:37:00+07:00", "satelit": "NASA-NOAA20", "confidence": "Medium"}}, {"type": "Feature", "geometry": {"type": "Point", "coordinates": [109.92902, 1.3532]}, "properties": {"kab_kota": "BENGKAYANG", "kecamatan": "Jagoi Babang", "desa": "Jagoi", "tanggal": "2026-08-06", "timestamp": "2026-08-06T13:12:00+07:00", "satelit": "NASA-NOAA20", "confidence": "Medium"}}, {"type": "Feature", "geometry": {"type": "Point", "coordinates": [109.92702, 1.35246]}, "properties": {"kab_kota": "BENGKAYANG", "kecamatan": "Jagoi Babang", "desa": "Jagoi", "tanggal": "2026-08-08", "timestamp": "2026-08-08T12:33:00+07:00", "satelit": "NASA-NOAA20", "confidence": "Medium"}}, {"type": "Feature", "geometry": {"type": "Point", "coordinates": [109.92801, 1.3529]}, "properties": {"kab_kota": "BENGKAYANG", "kecamatan": "Jagoi Babang", "desa": "Jagoi", "tanggal": "2026-08-08", "timestamp": "2026-08-08T12:33:00+07:00", "satelit": "NASA-NOAA20", "confidence": "Medium"}}, {"type": "Feature", "geometry": {"type": "Point", "coordinates": [109.94532, 1.33988]}, "properties": {"kab_kota": "BENGKAYANG", "kecamatan": "Jagoi Babang", "desa": "Jagoi", "tanggal": "2026-08-21", "timestamp": "2026-08-21T13:31:00+07:00", "satelit": "NASA-NOAA20", "confidence": "Medium"}}, {"type": "Feature", "geometry": {"type": "Point", "coordinates": [109.9488, 1.3404]}, "properties": {"kab_kota": "BENGKAYANG", "kecamatan": "Jagoi Babang", "desa": "Jagoi", "tanggal": "2026-08-21", "timestamp": "2026-08-21T13:31:00+07:00", "satelit": "NASA-NOAA20", "confidence": "Medium"}}, {"type": "Feature", "geometry": {"type": "Point", "coordinates": [109.90935, 1.32977]}, "properties": {"kab_kota": "BENGKAYANG", "kecamatan": "Jagoi Babang", "desa": "Jagoi", "tanggal": "2026-08-30", "timestamp": "2026-08-30T01:19:00+07:00", "satelit": "NASA-NOAA20", "confidence": "Medium"}}, {"type": "Feature", "geometry": {"type": "Point", "coordinates": [109.92847, 1.3767]}, "properties": {"kab_kota": "BENGKAYANG", "kecamatan": "Jagoi Babang", "desa": "Sekida", "tanggal": "2026-08-20", "timestamp": "2026-08-20T13:50:00+07:00", "satelit": "NASA-NOAA20", "confidence": "Medium"}}, {"type": "Feature", "geometry": {"type": "Point", "coordinates": [109.92654, 1.38084]}, "properties": {"kab_kota": "BENGKAYANG", "kecamatan": "Jagoi Babang", "desa": "Sekida", "tanggal": "2026-08-20", "timestamp": "2026-08-20T13:50:00+07:00", "satelit": "NASA-NOAA20", "confidence": "Medium"}}, {"type": "Feature", "geometry": {"type": "Point", "coordinates": [109.9305, 1.38146]}, "properties": {"kab_kota": "BENGKAYANG", "kecamatan": "Jagoi Babang", "desa": "Sekida", "tanggal": "2026-08-20", "timestamp": "2026-08-20T13:50:00+07:00", "satelit": "NASA-NOAA20", "confidence": "Medium"}}, {"type": "Feature", "geometry": {"type": "Point", "coordinates": [109.93445, 1.38207]}, "properties": {"kab_kota": "BENGKAYANG", "kecamatan": "Jagoi Babang", "desa": "Sekida", "tanggal": "2026-08-20", "timestamp": "2026-08-20T13:50:00+07:00", "satelit": "NASA-NOAA20", "confidence": "Medium"}}, {"type": "Feature", "geometry": {"type": "Point", "coordinates": [109.92767, 1.38244]}, "properties": {"kab_kota": "BENGKAYANG", "kecamatan": "Jagoi Babang", "desa": "Sekida", "tanggal": "2026-08-20", "timestamp": "2026-08-20T13:50:00+07:00", "satelit": "NASA-NOAA20", "confidence": "Medium"}}, {"type": "Feature", "geometry": {"type": "Point", "coordinates": [109.96005, 1.3906]}, "properties": {"kab_kota": "BENGKAYANG", "kecamatan": "Jagoi Babang", "desa": "Sekida", "tanggal": "2026-08-30", "timestamp": "2026-08-30T14:01:00+07:00", "satelit": "NASA-NOAA20", "confidence": "Medium"}}, {"type": "Feature", "geometry": {"type": "Point", "coordinates": [109.79971, 1.38654]}, "properties": {"kab_kota": "BENGKAYANG", "kecamatan": "Jagoi Babang", "desa": "Semunying Jaya", "tanggal": "2026-08-22", "timestamp": "2026-08-22T00:30:00+07:00", "satelit": "NASA-NOAA20", "confidence": "Medium"}}, {"type": "Feature", "geometry": {"type": "Point", "coordinates": [109.80022, 1.39214]}, "properties": {"kab_kota": "BENGKAYANG", "kecamatan": "Jagoi Babang", "desa": "Semunying Jaya", "tanggal": "2026-08-22", "timestamp": "2026-08-22T00:30:00+07:00", "satelit": "NASA-NOAA20", "confidence": "Medium"}}, {"type": "Feature", "geometry": {"type": "Point", "coordinates": [109.79549, 1.37186]}, "properties": {"kab_kota": "BENGKAYANG", "kecamatan": "Jagoi Babang", "desa": "Semunying Jaya", "tanggal": "2026-08-22", "timestamp": "2026-08-22T13:12:00+07:00", "satelit": "NASA-NOAA20", "confidence": "Medium"}}, {"type": "Feature", "geometry": {"type": "Point", "coordinates": [109.79499, 1.37517]}, "properties": {"kab_kota": "BENGKAYANG", "kecamatan": "Jagoi Babang", "desa": "Semunying Jaya", "tanggal": "2026-08-22", "timestamp": "2026-08-22T13:12:00+07:00", "satelit": "NASA-NOAA20", "confidence": "Medium"}}, {"type": "Feature", "geometry": {"type": "Point", "coordinates": [109.61556, 1.43508]}, "properties": {"kab_kota": "BENGKAYANG", "kecamatan": "Jagoi Babang", "desa": "Sinar Baru", "tanggal": "2026-08-20", "timestamp": "2026-08-20T01:09:00+07:00", "satelit": "NASA-NOAA20", "confidence": "Medium"}}, {"type": "Feature", "geometry": {"type": "Point", "coordinates": [109.66212, 0.96702]}, "properties": {"kab_kota": "BENGKAYANG", "kecamatan": "Ledo", "desa": "Dayung", "tanggal": "2026-08-02", "timestamp": "2026-08-02T12:46:00+07:00", "satelit": "NASA-NOAA20", "confidence": "Medium"}}, {"type": "Feature", "geometry": {"type": "Point", "coordinates": [109.67153, 0.97447]}, "properties": {"kab_kota": "BENGKAYANG", "kecamatan": "Ledo", "desa": "Dayung", "tanggal": "2026-08-06", "timestamp": "2026-08-06T13:12:00+07:00", "satelit": "NASA-NOAA20", "confidence": "Medium"}}, {"type": "Feature", "geometry": {"type": "Point", "coordinates": [109.65004, 1.00401]}, "properties": {"kab_kota": "BENGKAYANG", "kecamatan": "Ledo", "desa": "Dayung", "tanggal": "2026-08-07", "timestamp": "2026-08-07T12:53:00+07:00", "satelit": "NASA-NOAA20", "confidence": "Medium"}}, {"type": "Feature", "geometry": {"type": "Point", "coordinates": [109.66432, 0.96192]}, "properties": {"kab_kota": "BENGKAYANG", "kecamatan": "Ledo", "desa": "Dayung", "tanggal": "2026-08-19", "timestamp": "2026-08-19T12:27:00+07:00", "satelit": "NASA-NOAA20", "confidence": "Medium"}}, {"type": "Feature", "geometry": {"type": "Point", "coordinates": [109.6656, 0.96499]}, "properties": {"kab_kota": "BENGKAYANG", "kecamatan": "Ledo", "desa": "Dayung", "tanggal": "2026-08-19", "timestamp": "2026-08-19T12:27:00+07:00", "satelit": "NASA-NOAA20", "confidence": "Medium"}}, {"type": "Feature", "geometry": {"type": "Point", "coordinates": [109.63575, 1.00822]}, "properties": {"kab_kota": "BENGKAYANG", "kecamatan": "Ledo", "desa": "Dayung", "tanggal": "2026-08-20", "timestamp": "2026-08-20T13:50:00+07:00", "satelit": "NASA-NOAA20", "confidence": "Medium"}}, {"type": "Feature", "geometry": {"type": "Point", "coordinates": [109.65846, 1.00531]}, "properties": {"kab_kota": "BENGKAYANG", "kecamatan": "Ledo", "desa": "Dayung", "tanggal": "2026-08-21", "timestamp": "2026-08-21T13:29:00+07:00", "satelit": "NASA-NOAA20", "confidence": "Medium"}}, {"type": "Feature", "geometry": {"type": "Point", "coordinates": [109.64748, 0.98956]}, "properties": {"kab_kota": "BENGKAYANG", "kecamatan": "Ledo", "desa": "Dayung", "tanggal": "2026-08-22", "timestamp": "2026-08-22T13:12:00+07:00", "satelit": "NASA-NOAA20", "confidence": "Medium"}}, {"type": "Feature", "geometry": {"type": "Point", "coordinates": [109.63116, 1.04046]}, "properties": {"kab_kota": "BENGKAYANG", "kecamatan": "Ledo", "desa": "Jesape", "tanggal": "2026-08-20", "timestamp": "2026-08-20T13:50:00+07:00", "satelit": "NASA-NOAA20", "confidence": "Medium"}}, {"type": "Feature", "geometry": {"type": "Point", "coordinates": [109.60047, 1.00738]}, "properties": {"kab_kota": "BENGKAYANG", "kecamatan": "Ledo", "desa": "Lesabela", "tanggal": "2026-08-10", "timestamp": "2026-08-10T13:35:00+07:00", "satelit": "NASA-NOAA20", "confidence": "Medium"}}, {"type": "Feature", "geometry": {"type": "Point", "coordinates": [109.55814, 1.03238]}, "properties": {"kab_kota": "BENGKAYANG", "kecamatan": "Ledo", "desa": "Lesabela", "tanggal": "2026-08-11", "timestamp": "2026-08-11T13:18:00+07:00", "satelit": "NASA-NOAA20", "confidence": "Medium"}}, {"type": "Feature", "geometry": {"type": "Point", "coordinates": [109.56181, 1.03295]}, "properties": {"kab_kota": "BENGKAYANG", "kecamatan": "Ledo", "desa": "Lesabela", "tanggal": "2026-08-11", "timestamp": "2026-08-11T13:18:00+07:00", "satelit": "NASA-NOAA20", "confidence": "Medium"}}, {"type": "Feature", "geometry": {"type": "Point", "coordinates": [109.56131, 1.03635]}, "properties": {"kab_kota": "BENGKAYANG", "kecamatan": "Ledo", "desa": "Lesabela", "tanggal": "2026-08-11", "timestamp": "2026-08-11T13:18:00+07:00", "satelit": "NASA-NOAA20", "confidence": "Medium"}}, {"type": "Feature", "geometry": {"type": "Point", "coordinates": [109.57262, 1.02594]}, "properties": {"kab_kota": "BENGKAYANG", "kecamatan": "Ledo", "desa": "Lesabela", "tanggal": "2026-08-20", "timestamp": "2026-08-20T13:50:00+07:00", "satelit": "NASA-NOAA20", "confidence": "Medium"}}, {"type": "Feature", "geometry": {"type": "Point", "coordinates": [109.57253, 1.02682]}, "properties": {"kab_kota": "BENGKAYANG", "kecamatan": "Ledo", "desa": "Lesabela", "tanggal": "2026-08-20", "timestamp": "2026-08-20T13:50:00+07:00", "satelit": "NASA-NOAA20", "confidence": "Medium"}}, {"type": "Feature", "geometry": {"type": "Point", "coordinates": [109.54286, 1.03109]}, "properties": {"kab_kota": "BENGKAYANG", "kecamatan": "Ledo", "desa": "Lesabela", "tanggal": "2026-08-22", "timestamp": "2026-08-22T13:12:00+07:00", "satelit": "NASA-NOAA20", "confidence": "Medium"}}, {"type": "Feature", "geometry": {"type": "Point", "coordinates": [109.57293, 1.02764]}, "properties": {"kab_kota": "BENGKAYANG", "kecamatan": "Ledo", "desa": "Lesabela", "tanggal": "2026-08-31", "timestamp": "2026-08-31T13:44:00+07:00", "satelit": "NASA-NOAA20", "confidence": "Medium"}}, {"type": "Feature", "geometry": {"type": "Point", "coordinates": [109.70714, 0.94752]}, "properties": {"kab_kota": "BENGKAYANG", "kecamatan": "Ledo", "desa": "Lomba Karya", "tanggal": "2026-08-02", "timestamp": "2026-08-02T12:46:00+07:00", "satelit": "NASA-NOAA20", "confidence": "Medium"}}, {"type": "Feature", "geometry": {"type": "Point", "coordinates": [109.7021, 0.91144]}, "properties": {"kab_kota": "BENGKAYANG", "kecamatan": "Ledo", "desa": "Lomba Karya", "tanggal": "2026-08-06", "timestamp": "2026-08-06T13:12:00+07:00", "satelit": "NASA-NOAA20", "confidence": "Medium"}}, {"type": "Feature", "geometry": {"type": "Point", "coordinates": [109.70356, 0.97078]}, "properties": {"kab_kota": "BENGKAYANG", "kecamatan": "Ledo", "desa": "Lomba Karya", "tanggal": "2026-08-21", "timestamp": "2026-08-21T13:29:00+07:00", "satelit": "NASA-NOAA20", "confidence": "Medium"}}, {"type": "Feature", "geometry": {"type": "Point", "coordinates": [109.61811, 0.97045]}, "properties": {"kab_kota": "BENGKAYANG", "kecamatan": "Ledo", "desa": "Rodaya", "tanggal": "2026-08-16", "timestamp": "2026-08-16T13:25:00+07:00", "satelit": "NASA-NOAA20", "confidence": "Medium"}}, {"type": "Feature", "geometry": {"type": "Point", "coordinates": [109.60229, 0.9967]}, "properties": {"kab_kota": "BENGKAYANG", "kecamatan": "Ledo", "desa": "Rodaya", "tanggal": "2026-08-21", "timestamp": "2026-08-21T13:29:00+07:00", "satelit": "NASA-NOAA20", "confidence": "Medium"}}, {"type": "Feature", "geometry": {"type": "Point", "coordinates": [109.60238, 0.91994]}, "properties": {"kab_kota": "BENGKAYANG", "kecamatan": "Ledo", "desa": "Seles", "tanggal": "2026-08-06", "timestamp": "2026-08-06T13:12:00+07:00", "satelit": "NASA-NOAA20", "confidence": "Medium"}}, {"type": "Feature", "geometry": {"type": "Point", "coordinates": [109.60875, 0.92429]}, "properties": {"kab_kota": "BENGKAYANG", "kecamatan": "Ledo", "desa": "Seles", "tanggal": "2026-08-06", "timestamp": "2026-08-06T13:12:00+07:00", "satelit": "NASA-NOAA20", "confidence": "Medium"}}, {"type": "Feature", "geometry": {"type": "Point", "coordinates": [109.64423, 0.9181]}, "properties": {"kab_kota": "BENGKAYANG", "kecamatan": "Ledo", "desa": "Seles", "tanggal": "2026-08-20", "timestamp": "2026-08-20T13:50:00+07:00", "satelit": "NASA-NOAA20", "confidence": "Medium"}}, {"type": "Feature", "geometry": {"type": "Point", "coordinates": [109.64516, 0.91973]}, "properties": {"kab_kota": "BENGKAYANG", "kecamatan": "Ledo", "desa": "Seles", "tanggal": "2026-08-20", "timestamp": "2026-08-20T13:50:00+07:00", "satelit": "NASA-NOAA20", "confidence": "Medium"}}, {"type": "Feature", "geometry": {"type": "Point", "coordinates": [109.5378, 1.07784]}, "properties": {"kab_kota": "BENGKAYANG", "kecamatan": "Ledo", "desa": "Semangat", "tanggal": "2026-08-09", "timestamp": "2026-08-09T13:57:00+07:00", "satelit": "NASA-NOAA20", "confidence": "Medium"}}, {"type": "Feature", "geometry": {"type": "Point", "coordinates": [109.54256, 1.07857]}, "properties": {"kab_kota": "BENGKAYANG", "kecamatan": "Ledo", "desa": "Semangat", "tanggal": "2026-08-09", "timestamp": "2026-08-09T13:57:00+07:00", "satelit": "NASA-NOAA20", "confidence": "Medium"}}, {"type": "Feature", "geometry": {"type": "Point", "coordinates": [109.54732, 1.07931]}, "properties": {"kab_kota": "BENGKAYANG", "kecamatan": "Ledo", "desa": "Semangat", "tanggal": "2026-08-09", "timestamp": "2026-08-09T13:57:00+07:00", "satelit": "NASA-NOAA20", "confidence": "Medium"}}, {"type": "Feature", "geometry": {"type": "Point", "coordinates": [109.54184, 1.08476]}, "properties": {"kab_kota": "BENGKAYANG", "kecamatan": "Ledo", "desa": "Semangat", "tanggal": "2026-08-09", "timestamp": "2026-08-09T13:57:00+07:00", "satelit": "NASA-NOAA20", "confidence": "Medium"}}, {"type": "Feature", "geometry": {"type": "Point", "coordinates": [109.55553, 1.06318]}, "properties": {"kab_kota": "BENGKAYANG", "kecamatan": "Ledo", "desa": "Semangat", "tanggal": "2026-08-20", "timestamp": "2026-08-20T13:50:00+07:00", "satelit": "NASA-NOAA20", "confidence": "Medium"}}, {"type": "Feature", "geometry": {"type": "Point", "coordinates": [109.54816, 1.06287]}, "properties": {"kab_kota": "BENGKAYANG", "kecamatan": "Ledo", "desa": "Semangat", "tanggal": "2026-08-22", "timestamp": "2026-08-22T13:12:00+07:00", "satelit": "NASA-NOAA20", "confidence": "Medium"}}, {"type": "Feature", "geometry": {"type": "Point", "coordinates": [109.55158, 1.06339]}, "properties": {"kab_kota": "BENGKAYANG", "kecamatan": "Ledo", "desa": "Semangat", "tanggal": "2026-08-22", "timestamp": "2026-08-22T13:12:00+07:00", "satelit": "NASA-NOAA20", "confidence": "Medium"}}, {"type": "Feature", "geometry": {"type": "Point", "coordinates": [109.54304, 1.06187]}, "properties": {"kab_kota": "BENGKAYANG", "kecamatan": "Ledo", "desa": "Serangkat", "tanggal": "2026-08-08", "timestamp": "2026-08-08T12:33:00+07:00", "satelit": "NASA-NOAA20", "confidence": "Medium"}}, {"type": "Feature", "geometry": {"type": "Point", "coordinates": [109.54395, 1.06383]}, "properties": {"kab_kota": "BENGKAYANG", "kecamatan": "Ledo", "desa": "Serangkat", "tanggal": "2026-08-08", "timestamp": "2026-08-08T12:33:00+07:00", "satelit": "NASA-NOAA20", "confidence": "Medium"}}, {"type": "Feature", "geometry": {"type": "Point", "coordinates": [109.53665, 1.04619]}, "properties": {"kab_kota": "BENGKAYANG", "kecamatan": "Ledo", "desa": "Serangkat", "tanggal": "2026-08-09", "timestamp": "2026-08-09T13:57:00+07:00", "satelit": "NASA-NOAA20", "confidence": "Medium"}}, {"type": "Feature", "geometry": {"type": "Point", "coordinates": [109.54991, 1.05095]}, "properties": {"kab_kota": "BENGKAYANG", "kecamatan": "Ledo", "desa": "Serangkat", "tanggal": "2026-08-20", "timestamp": "2026-08-20T13:50:00+07:00", "satelit": "NASA-NOAA20", "confidence": "Medium"}}, {"type": "Feature", "geometry": {"type": "Point", "coordinates": [109.53436, 1.03698]}, "properties": {"kab_kota": "BENGKAYANG", "kecamatan": "Ledo", "desa": "Serangkat", "tanggal": "2026-08-21", "timestamp": "2026-08-21T13:29:00+07:00", "satelit": "NASA-NOAA20", "confidence": "Medium"}}, {"type": "Feature", "geometry": {"type": "Point", "coordinates": [109.54865, 1.05956]}, "properties": {"kab_kota": "BENGKAYANG", "kecamatan": "Ledo", "desa": "Serangkat", "tanggal": "2026-08-22", "timestamp": "2026-08-22T13:12:00+07:00", "satelit": "NASA-NOAA20", "confidence": "Medium"}}, {"type": "Feature", "geometry": {"type": "Point", "coordinates": [109.55208, 1.06008]}, "properties": {"kab_kota": "BENGKAYANG", "kecamatan": "Ledo", "desa": "Serangkat", "tanggal": "2026-08-22", "timestamp": "2026-08-22T13:12:00+07:00", "satelit": "NASA-NOAA20", "confidence": "Medium"}}, {"type": "Feature", "geometry": {"type": "Point", "coordinates": [109.54523, 1.04566]}, "properties": {"kab_kota": "BENGKAYANG", "kecamatan": "Ledo", "desa": "Serangkat", "tanggal": "2026-08-30", "timestamp": "2026-08-30T14:01:00+07:00", "satelit": "NASA-NOAA20", "confidence": "Medium"}}, {"type": "Feature", "geometry": {"type": "Point", "coordinates": [109.69083, 0.91838]}, "properties": {"kab_kota": "BENGKAYANG", "kecamatan": "Ledo", "desa": "Sidai", "tanggal": "2026-08-02", "timestamp": "2026-08-02T12:46:00+07:00", "satelit": "NASA-NOAA20", "confidence": "Medium"}}, {"type": "Feature", "geometry": {"type": "Point", "coordinates": [109.68963, 0.92089]}, "properties": {"kab_kota": "BENGKAYANG", "kecamatan": "Ledo", "desa": "Sidai", "tanggal": "2026-08-02", "timestamp": "2026-08-02T12:46:00+07:00", "satelit": "NASA-NOAA20", "confidence": "Medium"}}, {"type": "Feature", "geometry": {"type": "Point", "coordinates": [109.67566, 0.90207]}, "properties": {"kab_kota": "BENGKAYANG", "kecamatan": "Ledo", "desa": "Sidai", "tanggal": "2026-08-03", "timestamp": "2026-08-03T12:27:00+07:00", "satelit": "NASA-NOAA20", "confidence": "Medium"}}, {"type": "Feature", "geometry": {"type": "Point", "coordinates": [109.67764, 0.90543]}, "properties": {"kab_kota": "BENGKAYANG", "kecamatan": "Ledo", "desa": "Sidai", "tanggal": "2026-08-03", "timestamp": "2026-08-03T12:27:00+07:00", "satelit": "NASA-NOAA20", "confidence": "Medium"}}, {"type": "Feature", "geometry": {"type": "Point", "coordinates": [109.67902, 0.90116]}, "properties": {"kab_kota": "BENGKAYANG", "kecamatan": "Ledo", "desa": "Sidai", "tanggal": "2026-08-06", "timestamp": "2026-08-06T13:12:00+07:00", "satelit": "NASA-NOAA20", "confidence": "Medium"}}, {"type": "Feature", "geometry": {"type": "Point", "coordinates": [109.67454, 0.93093]}, "properties": {"kab_kota": "BENGKAYANG", "kecamatan": "Ledo", "desa": "Sidai", "tanggal": "2026-08-06", "timestamp": "2026-08-06T13:12:00+07:00", "satelit": "NASA-NOAA20", "confidence": "Medium"}}, {"type": "Feature", "geometry": {"type": "Point", "coordinates": [109.64606, 0.91416]}, "properties": {"kab_kota": "BENGKAYANG", "kecamatan": "Ledo", "desa": "Sidai", "tanggal": "2026-08-20", "timestamp": "2026-08-20T13:50:00+07:00", "satelit": "NASA-NOAA20", "confidence": "Medium"}}, {"type": "Feature", "geometry": {"type": "Point", "coordinates": [109.58907, 1.12598]}, "properties": {"kab_kota": "BENGKAYANG", "kecamatan": "Ledo", "desa": "Suka Jaya", "tanggal": "2026-08-24", "timestamp": "2026-08-24T12:33:00+07:00", "satelit": "NASA-NOAA20", "confidence": "Medium"}}, {"type": "Feature", "geometry": {"type": "Point", "coordinates": [109.32829, 0.95174]}, "properties": {"kab_kota": "BENGKAYANG", "kecamatan": "Lembah Bawang", "desa": "Lembah Bawang", "tanggal": "2026-08-10", "timestamp": "2026-08-10T13:35:00+07:00", "satelit": "NASA-NOAA20", "confidence": "Medium"}}, {"type": "Feature", "geometry": {"type": "Point", "coordinates": [109.49574, 0.9718]}, "properties": {"kab_kota": "BENGKAYANG", "kecamatan": "Lumar", "desa": "Belimbing", "tanggal": "2026-08-06", "timestamp": "2026-08-06T13:12:00+07:00", "satelit": "NASA-NOAA20", "confidence": "Medium"}}, {"type": "Feature", "geometry": {"type": "Point", "coordinates": [109.47131, 1.01336]}, "properties": {"kab_kota": "BENGKAYANG", "kecamatan": "Lumar", "desa": "Belimbing", "tanggal": "2026-08-21", "timestamp": "2026-08-21T13:29:00+07:00", "satelit": "NASA-NOAA20", "confidence": "Medium"}}, {"type": "Feature", "geometry": {"type": "Point", "coordinates": [109.49977, 0.99073]}, "properties": {"kab_kota": "BENGKAYANG", "kecamatan": "Lumar", "desa": "Belimbing", "tanggal": "2026-08-22", "timestamp": "2026-08-22T13:12:00+07:00", "satelit": "NASA-NOAA20", "confidence": "Medium"}}, {"type": "Feature", "geometry": {"type": "Point", "coordinates": [109.5418, 0.94826]}, "properties": {"kab_kota": "BENGKAYANG", "kecamatan": "Lumar", "desa": "Lamolda", "tanggal": "2026-08-02", "timestamp": "2026-08-02T12:46:00+07:00", "satelit": "NASA-NOAA20", "confidence": "Medium"}}, {"type": "Feature", "geometry": {"type": "Point", "coordinates": [109.5195, 0.95374]}, "properties": {"kab_kota": "BENGKAYANG", "kecamatan": "Lumar", "desa": "Lamolda", "tanggal": "2026-08-02", "timestamp": "2026-08-02T12:46:00+07:00", "satelit": "NASA-NOAA20", "confidence": "Medium"}}, {"type": "Feature", "geometry": {"type": "Point", "coordinates": [109.52296, 0.95875]}, "properties": {"kab_kota": "BENGKAYANG", "kecamatan": "Lumar", "desa": "Lamolda", "tanggal": "2026-08-02", "timestamp": "2026-08-02T12:46:00+07:00", "satelit": "NASA-NOAA20", "confidence": "Medium"}}, {"type": "Feature", "geometry": {"type": "Point", "coordinates": [109.56453, 0.93784]}, "properties": {"kab_kota": "BENGKAYANG", "kecamatan": "Lumar", "desa": "Lamolda", "tanggal": "2026-08-06", "timestamp": "2026-08-06T13:12:00+07:00", "satelit": "NASA-NOAA20", "confidence": "Medium"}}, {"type": "Feature", "geometry": {"type": "Point", "coordinates": [109.53063, 0.95297]}, "properties": {"kab_kota": "BENGKAYANG", "kecamatan": "Lumar", "desa": "Lamolda", "tanggal": "2026-08-06", "timestamp": "2026-08-06T13:12:00+07:00", "satelit": "NASA-NOAA20", "confidence": "Medium"}}, {"type": "Feature", "geometry": {"type": "Point", "coordinates": [109.52964, 0.95667]}, "properties": {"kab_kota": "BENGKAYANG", "kecamatan": "Lumar", "desa": "Lamolda", "tanggal": "2026-08-06", "timestamp": "2026-08-06T13:12:00+07:00", "satelit": "NASA-NOAA20", "confidence": "Medium"}}, {"type": "Feature", "geometry": {"type": "Point", "coordinates": [109.5365, 0.95772]}, "properties": {"kab_kota": "BENGKAYANG", "kecamatan": "Lumar", "desa": "Lamolda", "tanggal": "2026-08-06", "timestamp": "2026-08-06T13:12:00+07:00", "satelit": "NASA-NOAA20", "confidence": "Medium"}}, {"type": "Feature", "geometry": {"type": "Point", "coordinates": [109.52134, 0.95867]}, "properties": {"kab_kota": "BENGKAYANG", "kecamatan": "Lumar", "desa": "Lamolda", "tanggal": "2026-08-10", "timestamp": "2026-08-10T13:35:00+07:00", "satelit": "NASA-NOAA20", "confidence": "Medium"}}, {"type": "Feature", "geometry": {"type": "Point", "coordinates": [109.52573, 0.95934]}, "properties": {"kab_kota": "BENGKAYANG", "kecamatan": "Lumar", "desa": "Lamolda", "tanggal": "2026-08-10", "timestamp": "2026-08-10T13:35:00+07:00", "satelit": "NASA-NOAA20", "confidence": "Medium"}}, {"type": "Feature", "geometry": {"type": "Point", "coordinates": [109.53518, 0.9905]}, "properties": {"kab_kota": "BENGKAYANG", "kecamatan": "Lumar", "desa": "Lamolda", "tanggal": "2026-08-21", "timestamp": "2026-08-21T13:29:00+07:00", "satelit": "NASA-NOAA20", "confidence": "Medium"}}, {"type": "Feature", "geometry": {"type": "Point", "coordinates": [109.55254, 0.99036]}, "properties": {"kab_kota": "BENGKAYANG", "kecamatan": "Lumar", "desa": "Lamolda", "tanggal": "2026-08-24", "timestamp": "2026-08-24T12:33:00+07:00", "satelit": "NASA-NOAA20", "confidence": "Medium"}}, {"type": "Feature", "geometry": {"type": "Point", "coordinates": [109.4754, 0.91445]}, "properties": {"kab_kota": "BENGKAYANG", "kecamatan": "Lumar", "desa": "Magmagan Karya", "tanggal": "2026-08-01", "timestamp": "2026-08-01T13:03:00+07:00", "satelit": "NASA-NOAA20", "confidence": "Medium"}}, {"type": "Feature", "geometry": {"type": "Point", "coordinates": [109.42924, 0.90506]}, "properties": {"kab_kota": "BENGKAYANG", "kecamatan": "Lumar", "desa": "Tiga Berkat", "tanggal": "2026-08-21", "timestamp": "2026-08-21T13:29:00+07:00", "satelit": "NASA-NOAA20", "confidence": "Medium"}}, {"type": "Feature", "geometry": {"type": "Point", "coordinates": [109.15541, 0.70665]}, "properties": {"kab_kota": "BENGKAYANG", "kecamatan": "Monterado", "desa": "Jahandung", "tanggal": "2026-08-24", "timestamp": "2026-08-24T01:34:00+07:00", "satelit": "NASA-NOAA20", "confidence": "Medium"}}, {"type": "Feature", "geometry": {"type": "Point", "coordinates": [109.15187, 0.7072]}, "properties": {"kab_kota": "BENGKAYANG", "kecamatan": "Monterado", "desa": "Jahandung", "tanggal": "2026-08-24", "timestamp": "2026-08-24T01:34:00+07:00", "satelit": "NASA-NOAA20", "confidence": "Medium"}}, {"type": "Feature", "geometry": {"type": "Point", "coordinates": [109.15601, 0.71066]}, "properties": {"kab_kota": "BENGKAYANG", "kecamatan": "Monterado", "desa": "Jahandung", "tanggal": "2026-08-24", "timestamp": "2026-08-24T01:34:00+07:00", "satelit": "NASA-NOAA20", "confidence": "Medium"}}, {"type": "Feature", "geometry": {"type": "Point", "coordinates": [109.15248, 0.71121]}, "properties": {"kab_kota": "BENGKAYANG", "kecamatan": "Monterado", "desa": "Jahandung", "tanggal": "2026-08-24", "timestamp": "2026-08-24T01:34:00+07:00", "satelit": "NASA-NOAA20", "confidence": "Medium"}}, {"type": "Feature", "geometry": {"type": "Point", "coordinates": [109.28308, 0.83734]}, "properties": {"kab_kota": "BENGKAYANG", "kecamatan": "Samalantan", "desa": "Babane", "tanggal": "2026-08-09", "timestamp": "2026-08-09T13:57:00+07:00", "satelit": "NASA-NOAA20", "confidence": "Medium"}}, {"type": "Feature", "geometry": {"type": "Point", "coordinates": [109.30637, 0.83148]}, "properties": {"kab_kota": "BENGKAYANG", "kecamatan": "Samalantan", "desa": "Babane", "tanggal": "2026-08-10", "timestamp": "2026-08-10T13:35:00+07:00", "satelit": "NASA-NOAA20", "confidence": "Medium"}}, {"type": "Feature", "geometry": {"type": "Point", "coordinates": [109.31024, 0.83207]}, "properties": {"kab_kota": "BENGKAYANG", "kecamatan": "Samalantan", "desa": "Babane", "tanggal": "2026-08-10", "timestamp": "2026-08-10T13:35:00+07:00", "satelit": "NASA-NOAA20", "confidence": "Medium"}}, {"type": "Feature", "geometry": {"type": "Point", "coordinates": [109.29832, 0.83894]}, "properties": {"kab_kota": "BENGKAYANG", "kecamatan": "Samalantan", "desa": "Babane", "tanggal": "2026-08-11", "timestamp": "2026-08-11T13:18:00+07:00", "satelit": "NASA-NOAA20", "confidence": "Medium"}}, {"type": "Feature", "geometry": {"type": "Point", "coordinates": [109.27785, 0.81479]}, "properties": {"kab_kota": "BENGKAYANG", "kecamatan": "Samalantan", "desa": "Babane", "tanggal": "2026-08-15", "timestamp": "2026-08-15T13:44:00+07:00", "satelit": "NASA-NOAA20", "confidence": "Medium"}}, {"type": "Feature", "geometry": {"type": "Point", "coordinates": [109.27556, 0.81808]}, "properties": {"kab_kota": "BENGKAYANG", "kecamatan": "Samalantan", "desa": "Babane", "tanggal": "2026-08-21", "timestamp": "2026-08-21T13:29:00+07:00", "satelit": "NASA-NOAA20", "confidence": "Medium"}}, {"type": "Feature", "geometry": {"type": "Point", "coordinates": [109.25571, 0.82817]}, "properties": {"kab_kota": "BENGKAYANG", "kecamatan": "Samalantan", "desa": "Bukit Serayan", "tanggal": "2026-08-10", "timestamp": "2026-08-10T13:35:00+07:00", "satelit": "NASA-NOAA20", "confidence": "Medium"}}, {"type": "Feature", "geometry": {"type": "Point", "coordinates": [109.22729, 0.80868]}, "properties": {"kab_kota": "BENGKAYANG", "kecamatan": "Samalantan", "desa": "Bukit Serayan", "tanggal": "2026-08-18", "timestamp": "2026-08-18T12:46:00+07:00", "satelit": "NASA-NOAA20", "confidence": "Medium"}}, {"type": "Feature", "geometry": {"type": "Point", "coordinates": [109.21766, 0.81172]}, "properties": {"kab_kota": "BENGKAYANG", "kecamatan": "Samalantan", "desa": "Bukit Serayan", "tanggal": "2026-08-18", "timestamp": "2026-08-18T12:46:00+07:00", "satelit": "NASA-NOAA20", "confidence": "Medium"}}, {"type": "Feature", "geometry": {"type": "Point", "coordinates": [109.22654, 0.81314]}, "properties": {"kab_kota": "BENGKAYANG", "kecamatan": "Samalantan", "desa": "Bukit Serayan", "tanggal": "2026-08-18", "timestamp": "2026-08-18T12:46:00+07:00", "satelit": "NASA-NOAA20", "confidence": "Medium"}}, {"type": "Feature", "geometry": {"type": "Point", "coordinates": [109.22137, 0.81689]}, "properties": {"kab_kota": "BENGKAYANG", "kecamatan": "Samalantan", "desa": "Bukit Serayan", "tanggal": "2026-08-18", "timestamp": "2026-08-18T12:46:00+07:00", "satelit": "NASA-NOAA20", "confidence": "Medium"}}, {"type": "Feature", "geometry": {"type": "Point", "coordinates": [109.24361, 0.81174]}, "properties": {"kab_kota": "BENGKAYANG", "kecamatan": "Samalantan", "desa": "Bukit Serayan", "tanggal": "2026-08-31", "timestamp": "2026-08-31T13:44:00+07:00", "satelit": "NASA-NOAA20", "confidence": "Medium"}}, {"type": "Feature", "geometry": {"type": "Point", "coordinates": [109.32569, 0.78711]}, "properties": {"kab_kota": "BENGKAYANG", "kecamatan": "Samalantan", "desa": "Pasti Jaya", "tanggal": "2026-08-15", "timestamp": "2026-08-15T13:44:00+07:00", "satelit": "NASA-NOAA20", "confidence": "Medium"}}, {"type": "Feature", "geometry": {"type": "Point", "coordinates": [109.31331, 0.83026]}, "properties": {"kab_kota": "BENGKAYANG", "kecamatan": "Samalantan", "desa": "Pasti Jaya", "tanggal": "2026-08-15", "timestamp": "2026-08-15T13:44:00+07:00", "satelit": "NASA-NOAA20", "confidence": "Medium"}}, {"type": "Feature", "geometry": {"type": "Point", "coordinates": [109.67098, 1.11759]}, "properties": {"kab_kota": "BENGKAYANG", "kecamatan": "Sanggau Ledo", "desa": "Bange", "tanggal": "2026-08-08", "timestamp": "2026-08-08T12:33:00+07:00", "satelit": "NASA-NOAA20", "confidence": "Medium"}}, {"type": "Feature", "geometry": {"type": "Point", "coordinates": [109.69389, 1.07739]}, "properties": {"kab_kota": "BENGKAYANG", "kecamatan": "Sanggau Ledo", "desa": "Bange", "tanggal": "2026-08-21", "timestamp": "2026-08-21T13:29:00+07:00", "satelit": "NASA-NOAA20", "confidence": "Medium"}}, {"type": "Feature", "geometry": {"type": "Point", "coordinates": [109.68077, 1.11523]}, "properties": {"kab_kota": "BENGKAYANG", "kecamatan": "Sanggau Ledo", "desa": "Gua", "tanggal": "2026-08-06", "timestamp": "2026-08-06T13:12:00+07:00", "satelit": "NASA-NOAA20", "confidence": "Medium"}}, {"type": "Feature", "geometry": {"type": "Point", "coordinates": [109.66576, 1.14204]}, "properties": {"kab_kota": "BENGKAYANG", "kecamatan": "Sanggau Ledo", "desa": "Gua", "tanggal": "2026-08-09", "timestamp": "2026-08-09T13:57:00+07:00", "satelit": "NASA-NOAA20", "confidence": "Medium"}}, {"type": "Feature", "geometry": {"type": "Point", "coordinates": [109.71342, 1.11035]}, "properties": {"kab_kota": "BENGKAYANG", "kecamatan": "Sanggau Ledo", "desa": "Lembang", "tanggal": "2026-08-08", "timestamp": "2026-08-08T12:33:00+07:00", "satelit": "NASA-NOAA20", "confidence": "Medium"}}, {"type": "Feature", "geometry": {"type": "Point", "coordinates": [109.71682, 1.11087]}, "properties": {"kab_kota": "BENGKAYANG", "kecamatan": "Sanggau Ledo", "desa": "Lembang", "tanggal": "2026-08-08", "timestamp": "2026-08-08T12:33:00+07:00", "satelit": "NASA-NOAA20", "confidence": "Medium"}}, {"type": "Feature", "geometry": {"type": "Point", "coordinates": [109.72296, 1.1643]}, "properties": {"kab_kota": "BENGKAYANG", "kecamatan": "Sanggau Ledo", "desa": "Sango", "tanggal": "2026-08-08", "timestamp": "2026-08-08T12:33:00+07:00", "satelit": "NASA-NOAA20", "confidence": "Medium"}}, {"type": "Feature", "geometry": {"type": "Point", "coordinates": [109.7402, 1.16651]}, "properties": {"kab_kota": "BENGKAYANG", "kecamatan": "Sanggau Ledo", "desa": "Sango", "tanggal": "2026-08-09", "timestamp": "2026-08-09T13:57:00+07:00", "satelit": "NASA-NOAA20", "confidence": "Medium"}}, {"type": "Feature", "geometry": {"type": "Point", "coordinates": [109.75701, 1.13967]}, "properties": {"kab_kota": "BENGKAYANG", "kecamatan": "Sanggau Ledo", "desa": "Sango", "tanggal": "2026-08-10", "timestamp": "2026-08-10T13:35:00+07:00", "satelit": "NASA-NOAA20", "confidence": "Medium"}}, {"type": "Feature", "geometry": {"type": "Point", "coordinates": [109.69363, 1.20524]}, "properties": {"kab_kota": "BENGKAYANG", "kecamatan": "Sanggau Ledo", "desa": "Sango", "tanggal": "2026-08-19", "timestamp": "2026-08-19T12:27:00+07:00", "satelit": "NASA-NOAA20", "confidence": "Medium"}}, {"type": "Feature", "geometry": {"type": "Point", "coordinates": [109.77056, 1.12714]}, "properties": {"kab_kota": "BENGKAYANG", "kecamatan": "Sanggau Ledo", "desa": "Sango", "tanggal": "2026-08-22", "timestamp": "2026-08-22T13:12:00+07:00", "satelit": "NASA-NOAA20", "confidence": "Medium"}}, {"type": "Feature", "geometry": {"type": "Point", "coordinates": [109.73131, 1.19584]}, "properties": {"kab_kota": "BENGKAYANG", "kecamatan": "Sanggau Ledo", "desa": "Sango", "tanggal": "2026-08-22", "timestamp": "2026-08-22T13:12:00+07:00", "satelit": "NASA-NOAA20", "confidence": "Medium"}}, {"type": "Feature", "geometry": {"type": "Point", "coordinates": [109.70609, 1.19941]}, "properties": {"kab_kota": "BENGKAYANG", "kecamatan": "Sanggau Ledo", "desa": "Sango", "tanggal": "2026-08-24", "timestamp": "2026-08-24T12:33:00+07:00", "satelit": "NASA-NOAA20", "confidence": "Medium"}}, {"type": "Feature", "geometry": {"type": "Point", "coordinates": [109.72122, 1.20531]}, "properties": {"kab_kota": "BENGKAYANG", "kecamatan": "Sanggau Ledo", "desa": "Sango", "tanggal": "2026-08-24", "timestamp": "2026-08-24T12:33:00+07:00", "satelit": "NASA-NOAA20", "confidence": "Medium"}}, {"type": "Feature", "geometry": {"type": "Point", "coordinates": [109.72176, 1.20732]}, "properties": {"kab_kota": "BENGKAYANG", "kecamatan": "Sanggau Ledo", "desa": "Sango", "tanggal": "2026-08-24", "timestamp": "2026-08-24T12:33:00+07:00", "satelit": "NASA-NOAA20", "confidence": "Medium"}}, {"type": "Feature", "geometry": {"type": "Point", "coordinates": [109.68814, 1.18776]}, "properties": {"kab_kota": "BENGKAYANG", "kecamatan": "Sanggau Ledo", "desa": "Sango", "tanggal": "2026-08-30", "timestamp": "2026-08-30T12:23:00+07:00", "satelit": "NASA-NOAA20", "confidence": "Medium"}}, {"type": "Feature", "geometry": {"type": "Point", "coordinates": [109.8682, 1.08541]}, "properties": {"kab_kota": "BENGKAYANG", "kecamatan": "Seluas", "desa": "Bengkawan", "tanggal": "2026-08-08", "timestamp": "2026-08-08T12:33:00+07:00", "satelit": "NASA-NOAA20", "confidence": "Medium"}}, {"type": "Feature", "geometry": {"type": "Point", "coordinates": [109.87156, 1.08594]}, "properties": {"kab_kota": "BENGKAYANG", "kecamatan": "Seluas", "desa": "Bengkawan", "tanggal": "2026-08-08", "timestamp": "2026-08-08T12:33:00+07:00", "satelit": "NASA-NOAA20", "confidence": "Medium"}}, {"type": "Feature", "geometry": {"type": "Point", "coordinates": [109.86179, 1.10068]}, "properties": {"kab_kota": "BENGKAYANG", "kecamatan": "Seluas", "desa": "Bengkawan", "tanggal": "2026-08-08", "timestamp": "2026-08-08T12:33:00+07:00", "satelit": "NASA-NOAA20", "confidence": "Medium"}}, {"type": "Feature", "geometry": {"type": "Point", "coordinates": [109.87972, 1.08082]}, "properties": {"kab_kota": "BENGKAYANG", "kecamatan": "Seluas", "desa": "Bengkawan", "tanggal": "2026-08-09", "timestamp": "2026-08-09T12:16:00+07:00", "satelit": "NASA-NOAA20", "confidence": "Medium"}}, {"type": "Feature", "geometry": {"type": "Point", "coordinates": [109.87799, 1.08784]}, "properties": {"kab_kota": "BENGKAYANG", "kecamatan": "Seluas", "desa": "Bengkawan", "tanggal": "2026-08-09", "timestamp": "2026-08-09T12:16:00+07:00", "satelit": "NASA-NOAA20", "confidence": "Medium"}}, {"type": "Feature", "geometry": {"type": "Point", "coordinates": [109.84131, 1.16565]}, "properties": {"kab_kota": "BENGKAYANG", "kecamatan": "Seluas", "desa": "Bengkawan", "tanggal": "2026-08-09", "timestamp": "2026-08-09T12:16:00+07:00", "satelit": "NASA-NOAA20", "confidence": "Medium"}}, {"type": "Feature", "geometry": {"type": "Point", "coordinates": [109.84789, 1.16672]}, "properties": {"kab_kota": "BENGKAYANG", "kecamatan": "Seluas", "desa": "Bengkawan", "tanggal": "2026-08-09", "timestamp": "2026-08-09T12:16:00+07:00", "satelit": "NASA-NOAA20", "confidence": "Medium"}}, {"type": "Feature", "geometry": {"type": "Point", "coordinates": [109.84209, 1.16956]}, "properties": {"kab_kota": "BENGKAYANG", "kecamatan": "Seluas", "desa": "Bengkawan", "tanggal": "2026-08-09", "timestamp": "2026-08-09T12:16:00+07:00", "satelit": "NASA-NOAA20", "confidence": "Medium"}}, {"type": "Feature", "geometry": {"type": "Point", "coordinates": [109.84634, 1.18108]}, "properties": {"kab_kota": "BENGKAYANG", "kecamatan": "Seluas", "desa": "Bengkawan", "tanggal": "2026-08-09", "timestamp": "2026-08-09T12:16:00+07:00", "satelit": "NASA-NOAA20", "confidence": "Medium"}}, {"type": "Feature", "geometry": {"type": "Point", "coordinates": [109.85297, 1.18215]}, "properties": {"kab_kota": "BENGKAYANG", "kecamatan": "Seluas", "desa": "Bengkawan", "tanggal": "2026-08-09", "timestamp": "2026-08-09T12:16:00+07:00", "satelit": "NASA-NOAA20", "confidence": "Medium"}}, {"type": "Feature", "geometry": {"type": "Point", "coordinates": [109.84323, 1.21233]}, "properties": {"kab_kota": "BENGKAYANG", "kecamatan": "Seluas", "desa": "Bengkawan", "tanggal": "2026-08-09", "timestamp": "2026-08-09T13:57:00+07:00", "satelit": "NASA-NOAA20", "confidence": "Medium"}}, {"type": "Feature", "geometry": {"type": "Point", "coordinates": [109.88044, 1.07919]}, "properties": {"kab_kota": "BENGKAYANG", "kecamatan": "Seluas", "desa": "Bengkawan", "tanggal": "2026-08-10", "timestamp": "2026-08-10T13:35:00+07:00", "satelit": "NASA-NOAA20", "confidence": "Medium"}}, {"type": "Feature", "geometry": {"type": "Point", "coordinates": [109.90961, 1.1384]}, "properties": {"kab_kota": "BENGKAYANG", "kecamatan": "Seluas", "desa": "Bengkawan", "tanggal": "2026-08-11", "timestamp": "2026-08-11T13:18:00+07:00", "satelit": "NASA-NOAA20", "confidence": "Medium"}}, {"type": "Feature", "geometry": {"type": "Point", "coordinates": [109.85468, 1.13933]}, "properties": {"kab_kota": "BENGKAYANG", "kecamatan": "Seluas", "desa": "Bengkawan", "tanggal": "2026-08-21", "timestamp": "2026-08-21T13:29:00+07:00", "satelit": "NASA-NOAA20", "confidence": "Medium"}}, {"type": "Feature", "geometry": {"type": "Point", "coordinates": [109.87409, 1.18747]}, "properties": {"kab_kota": "BENGKAYANG", "kecamatan": "Seluas", "desa": "Bengkawan", "tanggal": "2026-08-21", "timestamp": "2026-08-21T13:29:00+07:00", "satelit": "NASA-NOAA20", "confidence": "Medium"}}, {"type": "Feature", "geometry": {"type": "Point", "coordinates": [109.87403, 1.18854]}, "properties": {"kab_kota": "BENGKAYANG", "kecamatan": "Seluas", "desa": "Bengkawan", "tanggal": "2026-08-21", "timestamp": "2026-08-21T13:29:00+07:00", "satelit": "NASA-NOAA20", "confidence": "Medium"}}, {"type": "Feature", "geometry": {"type": "Point", "coordinates": [109.87716, 1.19213]}, "properties": {"kab_kota": "BENGKAYANG", "kecamatan": "Seluas", "desa": "Bengkawan", "tanggal": "2026-08-21", "timestamp": "2026-08-21T13:29:00+07:00", "satelit": "NASA-NOAA20", "confidence": "Medium"}}, {"type": "Feature", "geometry": {"type": "Point", "coordinates": [109.8576, 1.22283]}, "properties": {"kab_kota": "BENGKAYANG", "kecamatan": "Seluas", "desa": "Bengkawan", "tanggal": "2026-08-21", "timestamp": "2026-08-21T13:29:00+07:00", "satelit": "NASA-NOAA20", "confidence": "Medium"}}, {"type": "Feature", "geometry": {"type": "Point", "coordinates": [109.91641, 1.14255]}, "properties": {"kab_kota": "BENGKAYANG", "kecamatan": "Seluas", "desa": "Bengkawan", "tanggal": "2026-08-22", "timestamp": "2026-08-22T13:12:00+07:00", "satelit": "NASA-NOAA20", "confidence": "Medium"}}, {"type": "Feature", "geometry": {"type": "Point", "coordinates": [109.91595, 1.14587]}, "properties": {"kab_kota": "BENGKAYANG", "kecamatan": "Seluas", "desa": "Bengkawan", "tanggal": "2026-08-22", "timestamp": "2026-08-22T13:12:00+07:00", "satelit": "NASA-NOAA20", "confidence": "Medium"}}, {"type": "Feature", "geometry": {"type": "Point", "coordinates": [109.8538, 1.16014]}, "properties": {"kab_kota": "BENGKAYANG", "kecamatan": "Seluas", "desa": "Bengkawan", "tanggal": "2026-08-22", "timestamp": "2026-08-22T13:12:00+07:00", "satelit": "NASA-NOAA20", "confidence": "Medium"}}, {"type": "Feature", "geometry": {"type": "Point", "coordinates": [109.90263, 1.16418]}, "properties": {"kab_kota": "BENGKAYANG", "kecamatan": "Seluas", "desa": "Bengkawan", "tanggal": "2026-08-22", "timestamp": "2026-08-22T13:12:00+07:00", "satelit": "NASA-NOAA20", "confidence": "Medium"}}, {"type": "Feature", "geometry": {"type": "Point", "coordinates": [109.84589, 1.21047]}, "properties": {"kab_kota": "BENGKAYANG", "kecamatan": "Seluas", "desa": "Bengkawan", "tanggal": "2026-08-30", "timestamp": "2026-08-30T14:01:00+07:00", "satelit": "NASA-NOAA20", "confidence": "Medium"}}, {"type": "Feature", "geometry": {"type": "Point", "coordinates": [109.72962, 1.25712]}, "properties": {"kab_kota": "BENGKAYANG", "kecamatan": "Seluas", "desa": "Kalon", "tanggal": "2026-08-07", "timestamp": "2026-08-07T12:53:00+07:00", "satelit": "NASA-NOAA20", "confidence": "Medium"}}, {"type": "Feature", "geometry": {"type": "Point", "coordinates": [109.82081, 1.19454]}, "properties": {"kab_kota": "BENGKAYANG", "kecamatan": "Seluas", "desa": "Mayak", "tanggal": "2026-08-07", "timestamp": "2026-08-07T12:53:00+07:00", "satelit": "NASA-NOAA20", "confidence": "Medium"}}, {"type": "Feature", "geometry": {"type": "Point", "coordinates": [109.7552, 1.18611]}, "properties": {"kab_kota": "BENGKAYANG", "kecamatan": "Seluas", "desa": "Mayak", "tanggal": "2026-08-09", "timestamp": "2026-08-09T13:57:00+07:00", "satelit": "NASA-NOAA20", "confidence": "Medium"}}, {"type": "Feature", "geometry": {"type": "Point", "coordinates": [109.83118, 1.22624]}, "properties": {"kab_kota": "BENGKAYANG", "kecamatan": "Seluas", "desa": "Mayak", "tanggal": "2026-08-10", "timestamp": "2026-08-10T13:35:00+07:00", "satelit": "NASA-NOAA20", "confidence": "Medium"}}, {"type": "Feature", "geometry": {"type": "Point", "coordinates": [109.80183, 1.21859]}, "properties": {"kab_kota": "BENGKAYANG", "kecamatan": "Seluas", "desa": "Mayak", "tanggal": "2026-08-21", "timestamp": "2026-08-21T13:29:00+07:00", "satelit": "NASA-NOAA20", "confidence": "Medium"}}, {"type": "Feature", "geometry": {"type": "Point", "coordinates": [109.77476, 1.22703]}, "properties": {"kab_kota": "BENGKAYANG", "kecamatan": "Seluas", "desa": "Mayak", "tanggal": "2026-08-21", "timestamp": "2026-08-21T13:29:00+07:00", "satelit": "NASA-NOAA20", "confidence": "Medium"}}, {"type": "Feature", "geometry": {"type": "Point", "coordinates": [109.77843, 1.22759]}, "properties": {"kab_kota": "BENGKAYANG", "kecamatan": "Seluas", "desa": "Mayak", "tanggal": "2026-08-21", "timestamp": "2026-08-21T13:29:00+07:00", "satelit": "NASA-NOAA20", "confidence": "Medium"}}, {"type": "Feature", "geometry": {"type": "Point", "coordinates": [109.83911, 1.20945]}, "properties": {"kab_kota": "BENGKAYANG", "kecamatan": "Seluas", "desa": "Mayak", "tanggal": "2026-08-30", "timestamp": "2026-08-30T14:01:00+07:00", "satelit": "NASA-NOAA20", "confidence": "Medium"}}, {"type": "Feature", "geometry": {"type": "Point", "coordinates": [109.8213, 1.20952]}, "properties": {"kab_kota": "BENGKAYANG", "kecamatan": "Seluas", "desa": "Mayak", "tanggal": "2026-08-31", "timestamp": "2026-08-31T13:44:00+07:00", "satelit": "NASA-NOAA20", "confidence": "Medium"}}, {"type": "Feature", "geometry": {"type": "Point", "coordinates": [109.78805, 1.10005]}, "properties": {"kab_kota": "BENGKAYANG", "kecamatan": "Seluas", "desa": "Sahan", "tanggal": "2026-08-08", "timestamp": "2026-08-08T12:33:00+07:00", "satelit": "NASA-NOAA20", "confidence": "Medium"}}, {"type": "Feature", "geometry": {"type": "Point", "coordinates": [109.80144, 1.1152]}, "properties": {"kab_kota": "BENGKAYANG", "kecamatan": "Seluas", "desa": "Sahan", "tanggal": "2026-08-09", "timestamp": "2026-08-09T12:16:00+07:00", "satelit": "NASA-NOAA20", "confidence": "Medium"}}, {"type": "Feature", "geometry": {"type": "Point", "coordinates": [109.82392, 1.1158]}, "properties": {"kab_kota": "BENGKAYANG", "kecamatan": "Seluas", "desa": "Sahan", "tanggal": "2026-08-09", "timestamp": "2026-08-09T12:16:00+07:00", "satelit": "NASA-NOAA20", "confidence": "Medium"}}, {"type": "Feature", "geometry": {"type": "Point", "coordinates": [109.82269, 1.1187]}, "properties": {"kab_kota": "BENGKAYANG", "kecamatan": "Seluas", "desa": "Sahan", "tanggal": "2026-08-09", "timestamp": "2026-08-09T12:16:00+07:00", "satelit": "NASA-NOAA20", "confidence": "Medium"}}, {"type": "Feature", "geometry": {"type": "Point", "coordinates": [109.82243, 1.15527]}, "properties": {"kab_kota": "BENGKAYANG", "kecamatan": "Seluas", "desa": "Sahan", "tanggal": "2026-08-09", "timestamp": "2026-08-09T12:16:00+07:00", "satelit": "NASA-NOAA20", "confidence": "Medium"}}, {"type": "Feature", "geometry": {"type": "Point", "coordinates": [109.82307, 1.15903]}, "properties": {"kab_kota": "BENGKAYANG", "kecamatan": "Seluas", "desa": "Sahan", "tanggal": "2026-08-09", "timestamp": "2026-08-09T12:16:00+07:00", "satelit": "NASA-NOAA20", "confidence": "Medium"}}, {"type": "Feature", "geometry": {"type": "Point", "coordinates": [109.84299, 1.08001]}, "properties": {"kab_kota": "BENGKAYANG", "kecamatan": "Seluas", "desa": "Sahan", "tanggal": "2026-08-09", "timestamp": "2026-08-09T13:57:00+07:00", "satelit": "NASA-NOAA20", "confidence": "Medium"}}, {"type": "Feature", "geometry": {"type": "Point", "coordinates": [109.8477, 1.08072]}, "properties": {"kab_kota": "BENGKAYANG", "kecamatan": "Seluas", "desa": "Sahan", "tanggal": "2026-08-09", "timestamp": "2026-08-09T13:57:00+07:00", "satelit": "NASA-NOAA20", "confidence": "Medium"}}, {"type": "Feature", "geometry": {"type": "Point", "coordinates": [109.85707, 1.08214]}, "properties": {"kab_kota": "BENGKAYANG", "kecamatan": "Seluas", "desa": "Sahan", "tanggal": "2026-08-09", "timestamp": "2026-08-09T13:57:00+07:00", "satelit": "NASA-NOAA20", "confidence": "Medium"}}, {"type": "Feature", "geometry": {"type": "Point", "coordinates": [109.84041, 1.10528]}, "properties": {"kab_kota": "BENGKAYANG", "kecamatan": "Seluas", "desa": "Sahan", "tanggal": "2026-08-09", "timestamp": "2026-08-09T13:57:00+07:00", "satelit": "NASA-NOAA20", "confidence": "Medium"}}, {"type": "Feature", "geometry": {"type": "Point", "coordinates": [109.83186, 1.09991]}, "properties": {"kab_kota": "BENGKAYANG", "kecamatan": "Seluas", "desa": "Sahan", "tanggal": "2026-08-10", "timestamp": "2026-08-10T13:35:00+07:00", "satelit": "NASA-NOAA20", "confidence": "Medium"}}, {"type": "Feature", "geometry": {"type": "Point", "coordinates": [109.82689, 1.10383]}, "properties": {"kab_kota": "BENGKAYANG", "kecamatan": "Seluas", "desa": "Sahan", "tanggal": "2026-08-10", "timestamp": "2026-08-10T13:35:00+07:00", "satelit": "NASA-NOAA20", "confidence": "Medium"}}, {"type": "Feature", "geometry": {"type": "Point", "coordinates": [109.83571, 1.10516]}, "properties": {"kab_kota": "BENGKAYANG", "kecamatan": "Seluas", "desa": "Sahan", "tanggal": "2026-08-10", "timestamp": "2026-08-10T13:35:00+07:00", "satelit": "NASA-NOAA20", "confidence": "Medium"}}, {"type": "Feature", "geometry": {"type": "Point", "coordinates": [109.84021, 1.10584]}, "properties": {"kab_kota": "BENGKAYANG", "kecamatan": "Seluas", "desa": "Sahan", "tanggal": "2026-08-10", "timestamp": "2026-08-10T13:35:00+07:00", "satelit": "NASA-NOAA20", "confidence": "Medium"}}, {"type": "Feature", "geometry": {"type": "Point", "coordinates": [109.82641, 1.10842]}, "properties": {"kab_kota": "BENGKAYANG", "kecamatan": "Seluas", "desa": "Sahan", "tanggal": "2026-08-10", "timestamp": "2026-08-10T13:35:00+07:00", "satelit": "NASA-NOAA20", "confidence": "Medium"}}, {"type": "Feature", "geometry": {"type": "Point", "coordinates": [109.83092, 1.1091]}, "properties": {"kab_kota": "BENGKAYANG", "kecamatan": "Seluas", "desa": "Sahan", "tanggal": "2026-08-10", "timestamp": "2026-08-10T13:35:00+07:00", "satelit": "NASA-NOAA20", "confidence": "Medium"}}, {"type": "Feature", "geometry": {"type": "Point", "coordinates": [109.82594, 1.11301]}, "properties": {"kab_kota": "BENGKAYANG", "kecamatan": "Seluas", "desa": "Sahan", "tanggal": "2026-08-10", "timestamp": "2026-08-10T13:35:00+07:00", "satelit": "NASA-NOAA20", "confidence": "Medium"}}, {"type": "Feature", "geometry": {"type": "Point", "coordinates": [109.8305, 1.1137]}, "properties": {"kab_kota": "BENGKAYANG", "kecamatan": "Seluas", "desa": "Sahan", "tanggal": "2026-08-10", "timestamp": "2026-08-10T13:35:00+07:00", "satelit": "NASA-NOAA20", "confidence": "Medium"}}, {"type": "Feature", "geometry": {"type": "Point", "coordinates": [109.83492, 1.11437]}, "properties": {"kab_kota": "BENGKAYANG", "kecamatan": "Seluas", "desa": "Sahan", "tanggal": "2026-08-10", "timestamp": "2026-08-10T13:35:00+07:00", "satelit": "NASA-NOAA20", "confidence": "Medium"}}, {"type": "Feature", "geometry": {"type": "Point", "coordinates": [109.8364, 1.0851]}, "properties": {"kab_kota": "BENGKAYANG", "kecamatan": "Seluas", "desa": "Sahan", "tanggal": "2026-08-11", "timestamp": "2026-08-11T13:18:00+07:00", "satelit": "NASA-NOAA20", "confidence": "Medium"}}, {"type": "Feature", "geometry": {"type": "Point", "coordinates": [109.83662, 1.08571]}, "properties": {"kab_kota": "BENGKAYANG", "kecamatan": "Seluas", "desa": "Sahan", "tanggal": "2026-08-11", "timestamp": "2026-08-11T13:18:00+07:00", "satelit": "NASA-NOAA20", "confidence": "Medium"}}, {"type": "Feature", "geometry": {"type": "Point", "coordinates": [109.82392, 1.0844]}, "properties": {"kab_kota": "BENGKAYANG", "kecamatan": "Seluas", "desa": "Sahan", "tanggal": "2026-08-21", "timestamp": "2026-08-21T13:29:00+07:00", "satelit": "NASA-NOAA20", "confidence": "Medium"}}, {"type": "Feature", "geometry": {"type": "Point", "coordinates": [109.82335, 1.0885]}, "properties": {"kab_kota": "BENGKAYANG", "kecamatan": "Seluas", "desa": "Sahan", "tanggal": "2026-08-21", "timestamp": "2026-08-21T13:29:00+07:00", "satelit": "NASA-NOAA20", "confidence": "Medium"}}, {"type": "Feature", "geometry": {"type": "Point", "coordinates": [109.83933, 1.14117]}, "properties": {"kab_kota": "BENGKAYANG", "kecamatan": "Seluas", "desa": "Sahan", "tanggal": "2026-08-21", "timestamp": "2026-08-21T13:29:00+07:00", "satelit": "NASA-NOAA20", "confidence": "Medium"}}, {"type": "Feature", "geometry": {"type": "Point", "coordinates": [109.81726, 1.16811]}, "properties": {"kab_kota": "BENGKAYANG", "kecamatan": "Seluas", "desa": "Sahan", "tanggal": "2026-08-22", "timestamp": "2026-08-22T13:12:00+07:00", "satelit": "NASA-NOAA20", "confidence": "Medium"}}, {"type": "Feature", "geometry": {"type": "Point", "coordinates": [109.81677, 1.17142]}, "properties": {"kab_kota": "BENGKAYANG", "kecamatan": "Seluas", "desa": "Sahan", "tanggal": "2026-08-22", "timestamp": "2026-08-22T13:12:00+07:00", "satelit": "NASA-NOAA20", "confidence": "Medium"}}, {"type": "Feature", "geometry": {"type": "Point", "coordinates": [109.80097, 1.18256]}, "properties": {"kab_kota": "BENGKAYANG", "kecamatan": "Seluas", "desa": "Sahan", "tanggal": "2026-08-22", "timestamp": "2026-08-22T13:12:00+07:00", "satelit": "NASA-NOAA20", "confidence": "Medium"}}, {"type": "Feature", "geometry": {"type": "Point", "coordinates": [109.83347, 1.14879]}, "properties": {"kab_kota": "BENGKAYANG", "kecamatan": "Seluas", "desa": "Sahan", "tanggal": "2026-08-24", "timestamp": "2026-08-24T12:33:00+07:00", "satelit": "NASA-NOAA20", "confidence": "Medium"}}, {"type": "Feature", "geometry": {"type": "Point", "coordinates": [109.77905, 1.12851]}, "properties": {"kab_kota": "BENGKAYANG", "kecamatan": "Seluas", "desa": "Sahan", "tanggal": "2026-08-26", "timestamp": "2026-08-26T13:37:00+07:00", "satelit": "NASA-NOAA20", "confidence": "Medium"}}, {"type": "Feature", "geometry": {"type": "Point", "coordinates": [109.82668, 1.08725]}, "properties": {"kab_kota": "BENGKAYANG", "kecamatan": "Seluas", "desa": "Sahan", "tanggal": "2026-08-31", "timestamp": "2026-08-31T13:44:00+07:00", "satelit": "NASA-NOAA20", "confidence": "Medium"}}, {"type": "Feature", "geometry": {"type": "Point", "coordinates": [109.85468, 1.28823]}, "properties": {"kab_kota": "BENGKAYANG", "kecamatan": "Seluas", "desa": "Seluas", "tanggal": "2026-08-09", "timestamp": "2026-08-09T13:57:00+07:00", "satelit": "NASA-NOAA20", "confidence": "Medium"}}, {"type": "Feature", "geometry": {"type": "Point", "coordinates": [109.853, 1.29106]}, "properties": {"kab_kota": "BENGKAYANG", "kecamatan": "Seluas", "desa": "Seluas", "tanggal": "2026-08-09", "timestamp": "2026-08-09T13:57:00+07:00", "satelit": "NASA-NOAA20", "confidence": "Medium"}}, {"type": "Feature", "geometry": {"type": "Point", "coordinates": [109.83147, 1.29177]}, "properties": {"kab_kota": "BENGKAYANG", "kecamatan": "Seluas", "desa": "Seluas", "tanggal": "2026-08-10", "timestamp": "2026-08-10T13:35:00+07:00", "satelit": "NASA-NOAA20", "confidence": "Medium"}}, {"type": "Feature", "geometry": {"type": "Point", "coordinates": [109.83215, 1.29223]}, "properties": {"kab_kota": "BENGKAYANG", "kecamatan": "Seluas", "desa": "Seluas", "tanggal": "2026-08-10", "timestamp": "2026-08-10T13:35:00+07:00", "satelit": "NASA-NOAA20", "confidence": "Medium"}}, {"type": "Feature", "geometry": {"type": "Point", "coordinates": [109.84187, 1.23541]}, "properties": {"kab_kota": "BENGKAYANG", "kecamatan": "Seluas", "desa": "Seluas", "tanggal": "2026-08-19", "timestamp": "2026-08-19T12:27:00+07:00", "satelit": "NASA-NOAA20", "confidence": "Medium"}}, {"type": "Feature", "geometry": {"type": "Point", "coordinates": [109.87074, 1.27014]}, "properties": {"kab_kota": "BENGKAYANG", "kecamatan": "Seluas", "desa": "Seluas", "tanggal": "2026-08-19", "timestamp": "2026-08-19T12:27:00+07:00", "satelit": "NASA-NOAA20", "confidence": "Medium"}}, {"type": "Feature", "geometry": {"type": "Point", "coordinates": [109.84954, 1.24421]}, "properties": {"kab_kota": "BENGKAYANG", "kecamatan": "Seluas", "desa": "Seluas", "tanggal": "2026-08-20", "timestamp": "2026-08-20T13:50:00+07:00", "satelit": "NASA-NOAA20", "confidence": "Medium"}}, {"type": "Feature", "geometry": {"type": "Point", "coordinates": [109.86122, 1.24601]}, "properties": {"kab_kota": "BENGKAYANG", "kecamatan": "Seluas", "desa": "Seluas", "tanggal": "2026-08-20", "timestamp": "2026-08-20T13:50:00+07:00", "satelit": "NASA-NOAA20", "confidence": "Medium"}}, {"type": "Feature", "geometry": {"type": "Point", "coordinates": [109.85699, 1.22694]}, "properties": {"kab_kota": "BENGKAYANG", "kecamatan": "Seluas", "desa": "Seluas", "tanggal": "2026-08-21", "timestamp": "2026-08-21T13:29:00+07:00", "satelit": "NASA-NOAA20", "confidence": "Medium"}}, {"type": "Feature", "geometry": {"type": "Point", "coordinates": [109.86278, 1.23613]}, "properties": {"kab_kota": "BENGKAYANG", "kecamatan": "Seluas", "desa": "Seluas", "tanggal": "2026-08-22", "timestamp": "2026-08-22T13:12:00+07:00", "satelit": "NASA-NOAA20", "confidence": "Medium"}}, {"type": "Feature", "geometry": {"type": "Point", "coordinates": [109.86179, 1.24276]}, "properties": {"kab_kota": "BENGKAYANG", "kecamatan": "Seluas", "desa": "Seluas", "tanggal": "2026-08-22", "timestamp": "2026-08-22T13:12:00+07:00", "satelit": "NASA-NOAA20", "confidence": "Medium"}}, {"type": "Feature", "geometry": {"type": "Point", "coordinates": [109.82283, 1.24361]}, "properties": {"kab_kota": "BENGKAYANG", "kecamatan": "Seluas", "desa": "Seluas", "tanggal": "2026-08-22", "timestamp": "2026-08-22T13:12:00+07:00", "satelit": "NASA-NOAA20", "confidence": "Medium"}}, {"type": "Feature", "geometry": {"type": "Point", "coordinates": [109.88434, 1.25921]}, "properties": {"kab_kota": "BENGKAYANG", "kecamatan": "Seluas", "desa": "Seluas", "tanggal": "2026-08-30", "timestamp": "2026-08-30T12:23:00+07:00", "satelit": "NASA-NOAA20", "confidence": "Medium"}}, {"type": "Feature", "geometry": {"type": "Point", "coordinates": [109.86101, 1.27094]}, "properties": {"kab_kota": "BENGKAYANG", "kecamatan": "Seluas", "desa": "Seluas", "tanggal": "2026-08-31", "timestamp": "2026-08-31T13:44:00+07:00", "satelit": "NASA-NOAA20", "confidence": "Medium"}}, {"type": "Feature", "geometry": {"type": "Point", "coordinates": [109.79015, 1.2503]}, "properties": {"kab_kota": "BENGKAYANG", "kecamatan": "Seluas", "desa": "Setangau Jaya", "tanggal": "2026-08-21", "timestamp": "2026-08-21T13:29:00+07:00", "satelit": "NASA-NOAA20", "confidence": "Medium"}}, {"type": "Feature", "geometry": {"type": "Point", "coordinates": [109.9489, 1.20596]}, "properties": {"kab_kota": "BENGKAYANG", "kecamatan": "Siding", "desa": "Hli Buie", "tanggal": "2026-08-09", "timestamp": "2026-08-09T13:57:00+07:00", "satelit": "NASA-NOAA20", "confidence": "Medium"}}, {"type": "Feature", "geometry": {"type": "Point", "coordinates": [109.95389, 1.20675]}, "properties": {"kab_kota": "BENGKAYANG", "kecamatan": "Siding", "desa": "Hli Buie", "tanggal": "2026-08-09", "timestamp": "2026-08-09T13:57:00+07:00", "satelit": "NASA-NOAA20", "confidence": "Medium"}}, {"type": "Feature", "geometry": {"type": "Point", "coordinates": [109.92634, 1.19839]}, "properties": {"kab_kota": "BENGKAYANG", "kecamatan": "Siding", "desa": "Hli Buie", "tanggal": "2026-08-10", "timestamp": "2026-08-10T13:35:00+07:00", "satelit": "NASA-NOAA20", "confidence": "Medium"}}, {"type": "Feature", "geometry": {"type": "Point", "coordinates": [109.92969, 1.19931]}, "properties": {"kab_kota": "BENGKAYANG", "kecamatan": "Siding", "desa": "Hli Buie", "tanggal": "2026-08-10", "timestamp": "2026-08-10T13:35:00+07:00", "satelit": "NASA-NOAA20", "confidence": "Medium"}}, {"type": "Feature", "geometry": {"type": "Point", "coordinates": [109.99369, 1.19718]}, "properties": {"kab_kota": "BENGKAYANG", "kecamatan": "Siding", "desa": "Hli Buie", "tanggal": "2026-08-11", "timestamp": "2026-08-11T13:18:00+07:00", "satelit": "NASA-NOAA20", "confidence": "Medium"}}, {"type": "Feature", "geometry": {"type": "Point", "coordinates": [109.93932, 1.19945]}, "properties": {"kab_kota": "BENGKAYANG", "kecamatan": "Siding", "desa": "Hli Buie", "tanggal": "2026-08-11", "timestamp": "2026-08-11T13:18:00+07:00", "satelit": "NASA-NOAA20", "confidence": "Medium"}}, {"type": "Feature", "geometry": {"type": "Point", "coordinates": [109.93504, 1.20233]}, "properties": {"kab_kota": "BENGKAYANG", "kecamatan": "Siding", "desa": "Hli Buie", "tanggal": "2026-08-11", "timestamp": "2026-08-11T13:18:00+07:00", "satelit": "NASA-NOAA20", "confidence": "Medium"}}, {"type": "Feature", "geometry": {"type": "Point", "coordinates": [109.9388, 1.20291]}, "properties": {"kab_kota": "BENGKAYANG", "kecamatan": "Siding", "desa": "Hli Buie", "tanggal": "2026-08-11", "timestamp": "2026-08-11T13:18:00+07:00", "satelit": "NASA-NOAA20", "confidence": "Medium"}}, {"type": "Feature", "geometry": {"type": "Point", "coordinates": [109.92445, 1.20339]}, "properties": {"kab_kota": "BENGKAYANG", "kecamatan": "Siding", "desa": "Hli Buie", "tanggal": "2026-08-21", "timestamp": "2026-08-21T13:29:00+07:00", "satelit": "NASA-NOAA20", "confidence": "Medium"}}, {"type": "Feature", "geometry": {"type": "Point", "coordinates": [109.92016, 1.20696]}, "properties": {"kab_kota": "BENGKAYANG", "kecamatan": "Siding", "desa": "Hli Buie", "tanggal": "2026-08-21", "timestamp": "2026-08-21T13:29:00+07:00", "satelit": "NASA-NOAA20", "confidence": "Medium"}}, {"type": "Feature", "geometry": {"type": "Point", "coordinates": [109.92331, 1.21165]}, "properties": {"kab_kota": "BENGKAYANG", "kecamatan": "Siding", "desa": "Hli Buie", "tanggal": "2026-08-21", "timestamp": "2026-08-21T13:29:00+07:00", "satelit": "NASA-NOAA20", "confidence": "Medium"}}, {"type": "Feature", "geometry": {"type": "Point", "coordinates": [109.93071, 1.21276]}, "properties": {"kab_kota": "BENGKAYANG", "kecamatan": "Siding", "desa": "Hli Buie", "tanggal": "2026-08-21", "timestamp": "2026-08-21T13:29:00+07:00", "satelit": "NASA-NOAA20", "confidence": "Medium"}}, {"type": "Feature", "geometry": {"type": "Point", "coordinates": [109.93271, 1.19928]}, "properties": {"kab_kota": "BENGKAYANG", "kecamatan": "Siding", "desa": "Hli Buie", "tanggal": "2026-08-22", "timestamp": "2026-08-22T13:12:00+07:00", "satelit": "NASA-NOAA20", "confidence": "Medium"}}, {"type": "Feature", "geometry": {"type": "Point", "coordinates": [109.95267, 1.22604]}, "properties": {"kab_kota": "BENGKAYANG", "kecamatan": "Siding", "desa": "Hli Buie", "tanggal": "2026-08-22", "timestamp": "2026-08-22T13:12:00+07:00", "satelit": "NASA-NOAA20", "confidence": "Medium"}}, {"type": "Feature", "geometry": {"type": "Point", "coordinates": [109.9502, 1.23023]}, "properties": {"kab_kota": "BENGKAYANG", "kecamatan": "Siding", "desa": "Hli Buie", "tanggal": "2026-08-23", "timestamp": "2026-08-23T12:55:00+07:00", "satelit": "NASA-NOAA20", "confidence": "Medium"}}, {"type": "Feature", "geometry": {"type": "Point", "coordinates": [109.9147, 1.2473]}, "properties": {"kab_kota": "BENGKAYANG", "kecamatan": "Siding", "desa": "Siding", "tanggal": "2026-08-09", "timestamp": "2026-08-09T12:16:00+07:00", "satelit": "NASA-NOAA20", "confidence": "Medium"}}, {"type": "Feature", "geometry": {"type": "Point", "coordinates": [110.01234, 1.25764]}, "properties": {"kab_kota": "BENGKAYANG", "kecamatan": "Siding", "desa": "Siding", "tanggal": "2026-08-09", "timestamp": "2026-08-09T13:57:00+07:00", "satelit": "NASA-NOAA20", "confidence": "Medium"}}, {"type": "Feature", "geometry": {"type": "Point", "coordinates": [110.02963, 1.21689]}, "properties": {"kab_kota": "BENGKAYANG", "kecamatan": "Siding", "desa": "Siding", "tanggal": "2026-08-11", "timestamp": "2026-08-11T13:18:00+07:00", "satelit": "NASA-NOAA20", "confidence": "Medium"}}, {"type": "Feature", "geometry": {"type": "Point", "coordinates": [110.02917, 1.22037]}, "properties": {"kab_kota": "BENGKAYANG", "kecamatan": "Siding", "desa": "Siding", "tanggal": "2026-08-11", "timestamp": "2026-08-11T13:18:00+07:00", "satelit": "NASA-NOAA20", "confidence": "Medium"}}, {"type": "Feature", "geometry": {"type": "Point", "coordinates": [109.99809, 1.27457]}, "properties": {"kab_kota": "BENGKAYANG", "kecamatan": "Siding", "desa": "Siding", "tanggal": "2026-08-11", "timestamp": "2026-08-11T13:18:00+07:00", "satelit": "NASA-NOAA20", "confidence": "Medium"}}, {"type": "Feature", "geometry": {"type": "Point", "coordinates": [109.96611, 1.27567]}, "properties": {"kab_kota": "BENGKAYANG", "kecamatan": "Siding", "desa": "Siding", "tanggal": "2026-08-12", "timestamp": "2026-08-12T12:59:00+07:00", "satelit": "NASA-NOAA20", "confidence": "Medium"}}, {"type": "Feature", "geometry": {"type": "Point", "coordinates": [109.93939, 1.28152]}, "properties": {"kab_kota": "BENGKAYANG", "kecamatan": "Siding", "desa": "Siding", "tanggal": "2026-08-20", "timestamp": "2026-08-20T13:50:00+07:00", "satelit": "NASA-NOAA20", "confidence": "Medium"}}, {"type": "Feature", "geometry": {"type": "Point", "coordinates": [109.92765, 1.23341]}, "properties": {"kab_kota": "BENGKAYANG", "kecamatan": "Siding", "desa": "Siding", "tanggal": "2026-08-21", "timestamp": "2026-08-21T13:29:00+07:00", "satelit": "NASA-NOAA20", "confidence": "Medium"}}, {"type": "Feature", "geometry": {"type": "Point", "coordinates": [109.93391, 1.26816]}, "properties": {"kab_kota": "BENGKAYANG", "kecamatan": "Siding", "desa": "Siding", "tanggal": "2026-08-21", "timestamp": "2026-08-21T13:29:00+07:00", "satelit": "NASA-NOAA20", "confidence": "Medium"}}, {"type": "Feature", "geometry": {"type": "Point", "coordinates": [109.91843, 1.29112]}, "properties": {"kab_kota": "BENGKAYANG", "kecamatan": "Siding", "desa": "Siding", "tanggal": "2026-08-21", "timestamp": "2026-08-21T13:29:00+07:00", "satelit": "NASA-NOAA20", "confidence": "Medium"}}, {"type": "Feature", "geometry": {"type": "Point", "coordinates": [109.93599, 1.27028]}, "properties": {"kab_kota": "BENGKAYANG", "kecamatan": "Siding", "desa": "Siding", "tanggal": "2026-08-23", "timestamp": "2026-08-23T12:55:00+07:00", "satelit": "NASA-NOAA20", "confidence": "Medium"}}, {"type": "Feature", "geometry": {"type": "Point", "coordinates": [110.08428, 1.05542]}, "properties": {"kab_kota": "BENGKAYANG", "kecamatan": "Siding", "desa": "Sungkung Iii", "tanggal": "2026-08-01", "timestamp": "2026-08-01T13:05:00+07:00", "satelit": "NASA-NOAA20", "confidence": "Medium"}}, {"type": "Feature", "geometry": {"type": "Point", "coordinates": [109.941, 1.13485]}, "properties": {"kab_kota": "BENGKAYANG", "kecamatan": "Siding", "desa": "Tamong", "tanggal": "2026-08-07", "timestamp": "2026-08-07T12:53:00+07:00", "satelit": "NASA-NOAA20", "confidence": "Medium"}}, {"type": "Feature", "geometry": {"type": "Point", "coordinates": [109.94416, 1.13632]}, "properties": {"kab_kota": "BENGKAYANG", "kecamatan": "Siding", "desa": "Tamong", "tanggal": "2026-08-07", "timestamp": "2026-08-07T12:53:00+07:00", "satelit": "NASA-NOAA20", "confidence": "Medium"}}, {"type": "Feature", "geometry": {"type": "Point", "coordinates": [109.95057, 1.13637]}, "properties": {"kab_kota": "BENGKAYANG", "kecamatan": "Siding", "desa": "Tamong", "tanggal": "2026-08-07", "timestamp": "2026-08-07T12:53:00+07:00", "satelit": "NASA-NOAA20", "confidence": "Medium"}}, {"type": "Feature", "geometry": {"type": "Point", "coordinates": [109.95515, 1.1371]}, "properties": {"kab_kota": "BENGKAYANG", "kecamatan": "Siding", "desa": "Tamong", "tanggal": "2026-08-07", "timestamp": "2026-08-07T12:53:00+07:00", "satelit": "NASA-NOAA20", "confidence": "Medium"}}, {"type": "Feature", "geometry": {"type": "Point", "coordinates": [109.95354, 1.13774]}, "properties": {"kab_kota": "BENGKAYANG", "kecamatan": "Siding", "desa": "Tamong", "tanggal": "2026-08-07", "timestamp": "2026-08-07T12:53:00+07:00", "satelit": "NASA-NOAA20", "confidence": "Medium"}}, {"type": "Feature", "geometry": {"type": "Point", "coordinates": [109.94514, 1.13942]}, "properties": {"kab_kota": "BENGKAYANG", "kecamatan": "Siding", "desa": "Tamong", "tanggal": "2026-08-07", "timestamp": "2026-08-07T12:53:00+07:00", "satelit": "NASA-NOAA20", "confidence": "Medium"}}, {"type": "Feature", "geometry": {"type": "Point", "coordinates": [109.92694, 1.13722]}, "properties": {"kab_kota": "BENGKAYANG", "kecamatan": "Siding", "desa": "Tamong", "tanggal": "2026-08-08", "timestamp": "2026-08-08T12:33:00+07:00", "satelit": "NASA-NOAA20", "confidence": "Medium"}}, {"type": "Feature", "geometry": {"type": "Point", "coordinates": [109.92342, 1.13734]}, "properties": {"kab_kota": "BENGKAYANG", "kecamatan": "Siding", "desa": "Tamong", "tanggal": "2026-08-08", "timestamp": "2026-08-08T12:33:00+07:00", "satelit": "NASA-NOAA20", "confidence": "Medium"}}, {"type": "Feature", "geometry": {"type": "Point", "coordinates": [109.93268, 1.13815]}, "properties": {"kab_kota": "BENGKAYANG", "kecamatan": "Siding", "desa": "Tamong", "tanggal": "2026-08-08", "timestamp": "2026-08-08T12:33:00+07:00", "satelit": "NASA-NOAA20", "confidence": "Medium"}}, {"type": "Feature", "geometry": {"type": "Point", "coordinates": [109.93195, 1.13867]}, "properties": {"kab_kota": "BENGKAYANG", "kecamatan": "Siding", "desa": "Tamong", "tanggal": "2026-08-08", "timestamp": "2026-08-08T12:33:00+07:00", "satelit": "NASA-NOAA20", "confidence": "Medium"}}, {"type": "Feature", "geometry": {"type": "Point", "coordinates": [109.93488, 1.13912]}, "properties": {"kab_kota": "BENGKAYANG", "kecamatan": "Siding", "desa": "Tamong", "tanggal": "2026-08-08", "timestamp": "2026-08-08T12:33:00+07:00", "satelit": "NASA-NOAA20", "confidence": "Medium"}}, {"type": "Feature", "geometry": {"type": "Point", "coordinates": [109.93884, 1.13915]}, "properties": {"kab_kota": "BENGKAYANG", "kecamatan": "Siding", "desa": "Tamong", "tanggal": "2026-08-08", "timestamp": "2026-08-08T12:33:00+07:00", "satelit": "NASA-NOAA20", "confidence": "Medium"}}, {"type": "Feature", "geometry": {"type": "Point", "coordinates": [109.93806, 1.13961]}, "properties": {"kab_kota": "BENGKAYANG", "kecamatan": "Siding", "desa": "Tamong", "tanggal": "2026-08-08", "timestamp": "2026-08-08T12:33:00+07:00", "satelit": "NASA-NOAA20", "confidence": "Medium"}}, {"type": "Feature", "geometry": {"type": "Point", "coordinates": [109.94222, 1.1397]}, "properties": {"kab_kota": "BENGKAYANG", "kecamatan": "Siding", "desa": "Tamong", "tanggal": "2026-08-08", "timestamp": "2026-08-08T12:33:00+07:00", "satelit": "NASA-NOAA20", "confidence": "Medium"}}, {"type": "Feature", "geometry": {"type": "Point", "coordinates": [109.94141, 1.14013]}, "properties": {"kab_kota": "BENGKAYANG", "kecamatan": "Siding", "desa": "Tamong", "tanggal": "2026-08-08", "timestamp": "2026-08-08T12:33:00+07:00", "satelit": "NASA-NOAA20", "confidence": "Medium"}}, {"type": "Feature", "geometry": {"type": "Point", "coordinates": [109.92595, 1.12465]}, "properties": {"kab_kota": "BENGKAYANG", "kecamatan": "Siding", "desa": "Tamong", "tanggal": "2026-08-09", "timestamp": "2026-08-09T12:16:00+07:00", "satelit": "NASA-NOAA20", "confidence": "Medium"}}, {"type": "Feature", "geometry": {"type": "Point", "coordinates": [109.92412, 1.12811]}, "properties": {"kab_kota": "BENGKAYANG", "kecamatan": "Siding", "desa": "Tamong", "tanggal": "2026-08-09", "timestamp": "2026-08-09T12:16:00+07:00", "satelit": "NASA-NOAA20", "confidence": "Medium"}}, {"type": "Feature", "geometry": {"type": "Point", "coordinates": [109.94942, 1.11296]}, "properties": {"kab_kota": "BENGKAYANG", "kecamatan": "Siding", "desa": "Tamong", "tanggal": "2026-08-10", "timestamp": "2026-08-10T13:35:00+07:00", "satelit": "NASA-NOAA20", "confidence": "Medium"}}, {"type": "Feature", "geometry": {"type": "Point", "coordinates": [109.9536, 1.11359]}, "properties": {"kab_kota": "BENGKAYANG", "kecamatan": "Siding", "desa": "Tamong", "tanggal": "2026-08-10", "timestamp": "2026-08-10T13:35:00+07:00", "satelit": "NASA-NOAA20", "confidence": "Medium"}}, {"type": "Feature", "geometry": {"type": "Point", "coordinates": [109.92139, 1.1557]}, "properties": {"kab_kota": "BENGKAYANG", "kecamatan": "Siding", "desa": "Tamong", "tanggal": "2026-08-10", "timestamp": "2026-08-10T13:35:00+07:00", "satelit": "NASA-NOAA20", "confidence": "Medium"}}, {"type": "Feature", "geometry": {"type": "Point", "coordinates": [109.91608, 1.15958]}, "properties": {"kab_kota": "BENGKAYANG", "kecamatan": "Siding", "desa": "Tamong", "tanggal": "2026-08-10", "timestamp": "2026-08-10T13:35:00+07:00", "satelit": "NASA-NOAA20", "confidence": "Medium"}}, {"type": "Feature", "geometry": {"type": "Point", "coordinates": [109.92764, 1.1482]}, "properties": {"kab_kota": "BENGKAYANG", "kecamatan": "Siding", "desa": "Tamong", "tanggal": "2026-08-11", "timestamp": "2026-08-11T13:18:00+07:00", "satelit": "NASA-NOAA20", "confidence": "Medium"}}, {"type": "Feature", "geometry": {"type": "Point", "coordinates": [109.92712, 1.15165]}, "properties": {"kab_kota": "BENGKAYANG", "kecamatan": "Siding", "desa": "Tamong", "tanggal": "2026-08-11", "timestamp": "2026-08-11T13:18:00+07:00", "satelit": "NASA-NOAA20", "confidence": "Medium"}}, {"type": "Feature", "geometry": {"type": "Point", "coordinates": [109.91722, 1.17419]}, "properties": {"kab_kota": "BENGKAYANG", "kecamatan": "Siding", "desa": "Tamong", "tanggal": "2026-08-21", "timestamp": "2026-08-21T13:29:00+07:00", "satelit": "NASA-NOAA20", "confidence": "Medium"}}, {"type": "Feature", "geometry": {"type": "Point", "coordinates": [109.92011, 1.17885]}, "properties": {"kab_kota": "BENGKAYANG", "kecamatan": "Siding", "desa": "Tamong", "tanggal": "2026-08-21", "timestamp": "2026-08-21T13:29:00+07:00", "satelit": "NASA-NOAA20", "confidence": "Medium"}}, {"type": "Feature", "geometry": {"type": "Point", "coordinates": [109.91298, 1.16576]}, "properties": {"kab_kota": "BENGKAYANG", "kecamatan": "Siding", "desa": "Tamong", "tanggal": "2026-08-22", "timestamp": "2026-08-22T13:12:00+07:00", "satelit": "NASA-NOAA20", "confidence": "Medium"}}, {"type": "Feature", "geometry": {"type": "Point", "coordinates": [109.91644, 1.16628]}, "properties": {"kab_kota": "BENGKAYANG", "kecamatan": "Siding", "desa": "Tamong", "tanggal": "2026-08-22", "timestamp": "2026-08-22T13:12:00+07:00", "satelit": "NASA-NOAA20", "confidence": "Medium"}}, {"type": "Feature", "geometry": {"type": "Point", "coordinates": [109.92628, 1.19491]}, "properties": {"kab_kota": "BENGKAYANG", "kecamatan": "Siding", "desa": "Tamong", "tanggal": "2026-08-22", "timestamp": "2026-08-22T13:12:00+07:00", "satelit": "NASA-NOAA20", "confidence": "Medium"}}, {"type": "Feature", "geometry": {"type": "Point", "coordinates": [109.91994, 1.1648]}, "properties": {"kab_kota": "BENGKAYANG", "kecamatan": "Siding", "desa": "Tamong", "tanggal": "2026-08-30", "timestamp": "2026-08-30T12:23:00+07:00", "satelit": "NASA-NOAA20", "confidence": "Medium"}}, {"type": "Feature", "geometry": {"type": "Point", "coordinates": [109.92179, 1.16594]}, "properties": {"kab_kota": "BENGKAYANG", "kecamatan": "Siding", "desa": "Tamong", "tanggal": "2026-08-30", "timestamp": "2026-08-30T12:23:00+07:00", "satelit": "NASA-NOAA20", "confidence": "Medium"}}, {"type": "Feature", "geometry": {"type": "Point", "coordinates": [109.91657, 1.19279]}, "properties": {"kab_kota": "BENGKAYANG", "kecamatan": "Siding", "desa": "Tamong", "tanggal": "2026-08-31", "timestamp": "2026-08-31T13:44:00+07:00", "satelit": "NASA-NOAA20", "confidence": "Medium"}}, {"type": "Feature", "geometry": {"type": "Point", "coordinates": [110.05863, 1.18424]}, "properties": {"kab_kota": "BENGKAYANG", "kecamatan": "Siding", "desa": "Tangguh", "tanggal": "2026-08-09", "timestamp": "2026-08-09T13:57:00+07:00", "satelit": "NASA-NOAA20", "confidence": "Medium"}}, {"type": "Feature", "geometry": {"type": "Point", "coordinates": [110.06351, 1.185]}, "properties": {"kab_kota": "BENGKAYANG", "kecamatan": "Siding", "desa": "Tangguh", "tanggal": "2026-08-09", "timestamp": "2026-08-09T13:57:00+07:00", "satelit": "NASA-NOAA20", "confidence": "Medium"}}, {"type": "Feature", "geometry": {"type": "Point", "coordinates": [109.96801, 1.17701]}, "properties": {"kab_kota": "BENGKAYANG", "kecamatan": "Siding", "desa": "Tangguh", "tanggal": "2026-08-10", "timestamp": "2026-08-10T13:35:00+07:00", "satelit": "NASA-NOAA20", "confidence": "Medium"}}, {"type": "Feature", "geometry": {"type": "Point", "coordinates": [109.95528, 1.19328]}, "properties": {"kab_kota": "BENGKAYANG", "kecamatan": "Siding", "desa": "Tangguh", "tanggal": "2026-08-10", "timestamp": "2026-08-10T13:35:00+07:00", "satelit": "NASA-NOAA20", "confidence": "Medium"}}, {"type": "Feature", "geometry": {"type": "Point", "coordinates": [109.95988, 1.19396]}, "properties": {"kab_kota": "BENGKAYANG", "kecamatan": "Siding", "desa": "Tangguh", "tanggal": "2026-08-10", "timestamp": "2026-08-10T13:35:00+07:00", "satelit": "NASA-NOAA20", "confidence": "Medium"}}, {"type": "Feature", "geometry": {"type": "Point", "coordinates": [109.9585, 1.1944]}, "properties": {"kab_kota": "BENGKAYANG", "kecamatan": "Siding", "desa": "Tangguh", "tanggal": "2026-08-10", "timestamp": "2026-08-10T13:35:00+07:00", "satelit": "NASA-NOAA20", "confidence": "Medium"}}, {"type": "Feature", "geometry": {"type": "Point", "coordinates": [110.00612, 1.1601]}, "properties": {"kab_kota": "BENGKAYANG", "kecamatan": "Siding", "desa": "Tangguh", "tanggal": "2026-08-11", "timestamp": "2026-08-11T13:18:00+07:00", "satelit": "NASA-NOAA20", "confidence": "Medium"}}, {"type": "Feature", "geometry": {"type": "Point", "coordinates": [110.00167, 1.16297]}, "properties": {"kab_kota": "BENGKAYANG", "kecamatan": "Siding", "desa": "Tangguh", "tanggal": "2026-08-11", "timestamp": "2026-08-11T13:18:00+07:00", "satelit": "NASA-NOAA20", "confidence": "Medium"}}, {"type": "Feature", "geometry": {"type": "Point", "coordinates": [110.0862, 1.1687]}, "properties": {"kab_kota": "BENGKAYANG", "kecamatan": "Siding", "desa": "Tangguh", "tanggal": "2026-08-11", "timestamp": "2026-08-11T13:18:00+07:00", "satelit": "NASA-NOAA20", "confidence": "Medium"}}, {"type": "Feature", "geometry": {"type": "Point", "coordinates": [110.04018, 1.17237]}, "properties": {"kab_kota": "BENGKAYANG", "kecamatan": "Siding", "desa": "Tangguh", "tanggal": "2026-08-11", "timestamp": "2026-08-11T13:18:00+07:00", "satelit": "NASA-NOAA20", "confidence": "Medium"}}, {"type": "Feature", "geometry": {"type": "Point", "coordinates": [110.05507, 1.17464]}, "properties": {"kab_kota": "BENGKAYANG", "kecamatan": "Siding", "desa": "Tangguh", "tanggal": "2026-08-11", "timestamp": "2026-08-11T13:18:00+07:00", "satelit": "NASA-NOAA20", "confidence": "Medium"}}, {"type": "Feature", "geometry": {"type": "Point", "coordinates": [110.03967, 1.17584]}, "properties": {"kab_kota": "BENGKAYANG", "kecamatan": "Siding", "desa": "Tangguh", "tanggal": "2026-08-11", "timestamp": "2026-08-11T13:18:00+07:00", "satelit": "NASA-NOAA20", "confidence": "Medium"}}, {"type": "Feature", "geometry": {"type": "Point", "coordinates": [109.93556, 1.19887]}, "properties": {"kab_kota": "BENGKAYANG", "kecamatan": "Siding", "desa": "Tangguh", "tanggal": "2026-08-11", "timestamp": "2026-08-11T13:18:00+07:00", "satelit": "NASA-NOAA20", "confidence": "Medium"}}, {"type": "Feature", "geometry": {"type": "Point", "coordinates": [109.94093, 1.19317]}, "properties": {"kab_kota": "BENGKAYANG", "kecamatan": "Siding", "desa": "Tangguh", "tanggal": "2026-08-21", "timestamp": "2026-08-21T13:29:00+07:00", "satelit": "NASA-NOAA20", "confidence": "Medium"}}, {"type": "Feature", "geometry": {"type": "Point", "coordinates": [109.94081, 1.19474]}, "properties": {"kab_kota": "BENGKAYANG", "kecamatan": "Siding", "desa": "Tangguh", "tanggal": "2026-08-21", "timestamp": "2026-08-21T13:29:00+07:00", "satelit": "NASA-NOAA20", "confidence": "Medium"}}, {"type": "Feature", "geometry": {"type": "Point", "coordinates": [109.99761, 1.16507]}, "properties": {"kab_kota": "BENGKAYANG", "kecamatan": "Siding", "desa": "Tangguh", "tanggal": "2026-08-22", "timestamp": "2026-08-22T13:12:00+07:00", "satelit": "NASA-NOAA20", "confidence": "Medium"}}, {"type": "Feature", "geometry": {"type": "Point", "coordinates": [110.04742, 1.16585]}, "properties": {"kab_kota": "BENGKAYANG", "kecamatan": "Siding", "desa": "Tangguh", "tanggal": "2026-08-22", "timestamp": "2026-08-22T13:12:00+07:00", "satelit": "NASA-NOAA20", "confidence": "Medium"}}, {"type": "Feature", "geometry": {"type": "Point", "coordinates": [110.00464, 1.16614]}, "properties": {"kab_kota": "BENGKAYANG", "kecamatan": "Siding", "desa": "Tangguh", "tanggal": "2026-08-22", "timestamp": "2026-08-22T13:12:00+07:00", "satelit": "NASA-NOAA20", "confidence": "Medium"}}, {"type": "Feature", "geometry": {"type": "Point", "coordinates": [110.04036, 1.17031]}, "properties": {"kab_kota": "BENGKAYANG", "kecamatan": "Siding", "desa": "Tangguh", "tanggal": "2026-08-23", "timestamp": "2026-08-23T12:55:00+07:00", "satelit": "NASA-NOAA20", "confidence": "Medium"}}, {"type": "Feature", "geometry": {"type": "Point", "coordinates": [110.00797, 1.06619]}, "properties": {"kab_kota": "BENGKAYANG", "kecamatan": "Siding", "desa": "Tawang", "tanggal": "2026-08-03", "timestamp": "2026-08-03T12:27:00+07:00", "satelit": "NASA-NOAA20", "confidence": "Medium"}}, {"type": "Feature", "geometry": {"type": "Point", "coordinates": [110.01211, 1.06686]}, "properties": {"kab_kota": "BENGKAYANG", "kecamatan": "Siding", "desa": "Tawang", "tanggal": "2026-08-03", "timestamp": "2026-08-03T12:27:00+07:00", "satelit": "NASA-NOAA20", "confidence": "Medium"}}, {"type": "Feature", "geometry": {"type": "Point", "coordinates": [110.00912, 1.06707]}, "properties": {"kab_kota": "BENGKAYANG", "kecamatan": "Siding", "desa": "Tawang", "tanggal": "2026-08-03", "timestamp": "2026-08-03T12:27:00+07:00", "satelit": "NASA-NOAA20", "confidence": "Medium"}}, {"type": "Feature", "geometry": {"type": "Point", "coordinates": [110.01613, 1.06752]}, "properties": {"kab_kota": "BENGKAYANG", "kecamatan": "Siding", "desa": "Tawang", "tanggal": "2026-08-03", "timestamp": "2026-08-03T12:27:00+07:00", "satelit": "NASA-NOAA20", "confidence": "Medium"}}, {"type": "Feature", "geometry": {"type": "Point", "coordinates": [110.01326, 1.06771]}, "properties": {"kab_kota": "BENGKAYANG", "kecamatan": "Siding", "desa": "Tawang", "tanggal": "2026-08-03", "timestamp": "2026-08-03T12:27:00+07:00", "satelit": "NASA-NOAA20", "confidence": "Medium"}}, {"type": "Feature", "geometry": {"type": "Point", "coordinates": [110.0153, 1.07336]}, "properties": {"kab_kota": "BENGKAYANG", "kecamatan": "Siding", "desa": "Tawang", "tanggal": "2026-08-03", "timestamp": "2026-08-03T12:27:00+07:00", "satelit": "NASA-NOAA20", "confidence": "Medium"}}, {"type": "Feature", "geometry": {"type": "Point", "coordinates": [110.01199, 1.0843]}, "properties": {"kab_kota": "BENGKAYANG", "kecamatan": "Siding", "desa": "Tawang", "tanggal": "2026-08-07", "timestamp": "2026-08-07T12:53:00+07:00", "satelit": "NASA-NOAA20", "confidence": "Medium"}}, {"type": "Feature", "geometry": {"type": "Point", "coordinates": [109.4044, 0.82515]}, "properties": {"kab_kota": "BENGKAYANG", "kecamatan": "Sungai Betung", "desa": "Cipta Karya", "tanggal": "2026-08-09", "timestamp": "2026-08-09T13:57:00+07:00", "satelit": "NASA-NOAA20", "confidence": "Medium"}}, {"type": "Feature", "geometry": {"type": "Point", "coordinates": [109.40135, 0.75211]}, "properties": {"kab_kota": "BENGKAYANG", "kecamatan": "Sungai Betung", "desa": "Karya Bhakti", "tanggal": "2026-08-08", "timestamp": "2026-08-08T12:33:00+07:00", "satelit": "NASA-NOAA20", "confidence": "Medium"}}, {"type": "Feature", "geometry": {"type": "Point", "coordinates": [109.41304, 0.75097]}, "properties": {"kab_kota": "BENGKAYANG", "kecamatan": "Sungai Betung", "desa": "Karya Bhakti", "tanggal": "2026-08-09", "timestamp": "2026-08-09T13:57:00+07:00", "satelit": "NASA-NOAA20", "confidence": "Medium"}}, {"type": "Feature", "geometry": {"type": "Point", "coordinates": [109.40018, 0.76761]}, "properties": {"kab_kota": "BENGKAYANG", "kecamatan": "Sungai Betung", "desa": "Karya Bhakti", "tanggal": "2026-08-09", "timestamp": "2026-08-09T13:57:00+07:00", "satelit": "NASA-NOAA20", "confidence": "Medium"}}, {"type": "Feature", "geometry": {"type": "Point", "coordinates": [109.39838, 0.76829]}, "properties": {"kab_kota": "BENGKAYANG", "kecamatan": "Sungai Betung", "desa": "Karya Bhakti", "tanggal": "2026-08-09", "timestamp": "2026-08-09T13:57:00+07:00", "satelit": "NASA-NOAA20", "confidence": "Medium"}}, {"type": "Feature", "geometry": {"type": "Point", "coordinates": [109.39423, 0.7791]}, "properties": {"kab_kota": "BENGKAYANG", "kecamatan": "Sungai Betung", "desa": "Karya Bhakti", "tanggal": "2026-08-09", "timestamp": "2026-08-09T13:57:00+07:00", "satelit": "NASA-NOAA20", "confidence": "Medium"}}, {"type": "Feature", "geometry": {"type": "Point", "coordinates": [109.40091, 0.76944]}, "properties": {"kab_kota": "BENGKAYANG", "kecamatan": "Sungai Betung", "desa": "Karya Bhakti", "tanggal": "2026-08-10", "timestamp": "2026-08-10T13:35:00+07:00", "satelit": "NASA-NOAA20", "confidence": "Medium"}}, {"type": "Feature", "geometry": {"type": "Point", "coordinates": [109.42499, 0.76688]}, "properties": {"kab_kota": "BENGKAYANG", "kecamatan": "Sungai Betung", "desa": "Karya Bhakti", "tanggal": "2026-08-15", "timestamp": "2026-08-15T13:44:00+07:00", "satelit": "NASA-NOAA20", "confidence": "Medium"}}, {"type": "Feature", "geometry": {"type": "Point", "coordinates": [109.34662, 0.88586]}, "properties": {"kab_kota": "BENGKAYANG", "kecamatan": "Sungai Betung", "desa": "Suka Bangun", "tanggal": "2026-08-09", "timestamp": "2026-08-09T13:57:00+07:00", "satelit": "NASA-NOAA20", "confidence": "Medium"}}, {"type": "Feature", "geometry": {"type": "Point", "coordinates": [109.39785, 0.80045]}, "properties": {"kab_kota": "BENGKAYANG", "kecamatan": "Sungai Betung", "desa": "Suka Maju", "tanggal": "2026-08-10", "timestamp": "2026-08-10T13:35:00+07:00", "satelit": "NASA-NOAA20", "confidence": "Medium"}}, {"type": "Feature", "geometry": {"type": "Point", "coordinates": [108.95892, 0.53651]}, "properties": {"kab_kota": "BENGKAYANG", "kecamatan": "Sungai Raya", "desa": "Sungai Duri", "tanggal": "2026-08-08", "timestamp": "2026-08-08T12:33:00+07:00", "satelit": "NASA-NOAA20", "confidence": "Medium"}}, {"type": "Feature", "geometry": {"type": "Point", "coordinates": [108.95882, 0.53882]}, "properties": {"kab_kota": "BENGKAYANG", "kecamatan": "Sungai Raya", "desa": "Sungai Duri", "tanggal": "2026-08-08", "timestamp": "2026-08-08T12:33:00+07:00", "satelit": "NASA-NOAA20", "confidence": "Medium"}}, {"type": "Feature", "geometry": {"type": "Point", "coordinates": [108.96552, 0.53478]}, "properties": {"kab_kota": "BENGKAYANG", "kecamatan": "Sungai Raya", "desa": "Sungai Duri", "tanggal": "2026-08-09", "timestamp": "2026-08-09T01:13:00+07:00", "satelit": "NASA-NOAA20", "confidence": "Medium"}}, {"type": "Feature", "geometry": {"type": "Point", "coordinates": [108.9621, 0.53532]}, "properties": {"kab_kota": "BENGKAYANG", "kecamatan": "Sungai Raya", "desa": "Sungai Duri", "tanggal": "2026-08-09", "timestamp": "2026-08-09T01:13:00+07:00", "satelit": "NASA-NOAA20", "confidence": "Medium"}}, {"type": "Feature", "geometry": {"type": "Point", "coordinates": [108.96675, 0.54176]}, "properties": {"kab_kota": "BENGKAYANG", "kecamatan": "Sungai Raya", "desa": "Sungai Duri", "tanggal": "2026-08-09", "timestamp": "2026-08-09T01:13:00+07:00", "satelit": "NASA-NOAA20", "confidence": "Medium"}}, {"type": "Feature", "geometry": {"type": "Point", "coordinates": [108.97052, 0.54463]}, "properties": {"kab_kota": "BENGKAYANG", "kecamatan": "Sungai Raya", "desa": "Sungai Duri", "tanggal": "2026-08-09", "timestamp": "2026-08-09T13:57:00+07:00", "satelit": "NASA-NOAA20", "confidence": "Medium"}}, {"type": "Feature", "geometry": {"type": "Point", "coordinates": [108.97166, 0.55089]}, "properties": {"kab_kota": "BENGKAYANG", "kecamatan": "Sungai Raya", "desa": "Sungai Duri", "tanggal": "2026-08-10", "timestamp": "2026-08-10T13:35:00+07:00", "satelit": "NASA-NOAA20", "confidence": "Medium"}}, {"type": "Feature", "geometry": {"type": "Point", "coordinates": [108.97562, 0.5515]}, "properties": {"kab_kota": "BENGKAYANG", "kecamatan": "Sungai Raya", "desa": "Sungai Duri", "tanggal": "2026-08-10", "timestamp": "2026-08-10T13:35:00+07:00", "satelit": "NASA-NOAA20", "confidence": "Medium"}}, {"type": "Feature", "geometry": {"type": "Point", "coordinates": [108.97102, 0.55515]}, "properties": {"kab_kota": "BENGKAYANG", "kecamatan": "Sungai Raya", "desa": "Sungai Duri", "tanggal": "2026-08-10", "timestamp": "2026-08-10T13:35:00+07:00", "satelit": "NASA-NOAA20", "confidence": "Medium"}}, {"type": "Feature", "geometry": {"type": "Point", "coordinates": [108.975, 0.55576]}, "properties": {"kab_kota": "BENGKAYANG", "kecamatan": "Sungai Raya", "desa": "Sungai Duri", "tanggal": "2026-08-10", "timestamp": "2026-08-10T13:35:00+07:00", "satelit": "NASA-NOAA20", "confidence": "Medium"}}, {"type": "Feature", "geometry": {"type": "Point", "coordinates": [108.95612, 0.53315]}, "properties": {"kab_kota": "BENGKAYANG", "kecamatan": "Sungai Raya", "desa": "Sungai Duri", "tanggal": "2026-08-11", "timestamp": "2026-08-11T00:34:00+07:00", "satelit": "NASA-NOAA20", "confidence": "Medium"}}, {"type": "Feature", "geometry": {"type": "Point", "coordinates": [108.97378, 0.55277]}, "properties": {"kab_kota": "BENGKAYANG", "kecamatan": "Sungai Raya", "desa": "Sungai Duri", "tanggal": "2026-08-11", "timestamp": "2026-08-11T00:34:00+07:00", "satelit": "NASA-NOAA20", "confidence": "Medium"}}, {"type": "Feature", "geometry": {"type": "Point", "coordinates": [108.97456, 0.55352]}, "properties": {"kab_kota": "BENGKAYANG", "kecamatan": "Sungai Raya", "desa": "Sungai Duri", "tanggal": "2026-08-11", "timestamp": "2026-08-11T00:34:00+07:00", "satelit": "NASA-NOAA20", "confidence": "Medium"}}, {"type": "Feature", "geometry": {"type": "Point", "coordinates": [108.96747, 0.5546]}, "properties": {"kab_kota": "BENGKAYANG", "kecamatan": "Sungai Raya", "desa": "Sungai Duri", "tanggal": "2026-08-11", "timestamp": "2026-08-11T00:34:00+07:00", "satelit": "NASA-NOAA20", "confidence": "Medium"}}, {"type": "Feature", "geometry": {"type": "Point", "coordinates": [108.97466, 0.55824]}, "properties": {"kab_kota": "BENGKAYANG", "kecamatan": "Sungai Raya", "desa": "Sungai Duri", "tanggal": "2026-08-11", "timestamp": "2026-08-11T00:34:00+07:00", "satelit": "NASA-NOAA20", "confidence": "Medium"}}, {"type": "Feature", "geometry": {"type": "Point", "coordinates": [108.97112, 0.55881]}, "properties": {"kab_kota": "BENGKAYANG", "kecamatan": "Sungai Raya", "desa": "Sungai Duri", "tanggal": "2026-08-11", "timestamp": "2026-08-11T00:34:00+07:00", "satelit": "NASA-NOAA20", "confidence": "Medium"}}, {"type": "Feature", "geometry": {"type": "Point", "coordinates": [108.97192, 0.55953]}, "properties": {"kab_kota": "BENGKAYANG", "kecamatan": "Sungai Raya", "desa": "Sungai Duri", "tanggal": "2026-08-11", "timestamp": "2026-08-11T00:34:00+07:00", "satelit": "NASA-NOAA20", "confidence": "Medium"}}, {"type": "Feature", "geometry": {"type": "Point", "coordinates": [108.95756, 0.53231]}, "properties": {"kab_kota": "BENGKAYANG", "kecamatan": "Sungai Raya", "desa": "Sungai Duri", "tanggal": "2026-08-11", "timestamp": "2026-08-11T13:18:00+07:00", "satelit": "NASA-NOAA20", "confidence": "Medium"}}, {"type": "Feature", "geometry": {"type": "Point", "coordinates": [108.97263, 0.55168]}, "properties": {"kab_kota": "BENGKAYANG", "kecamatan": "Sungai Raya", "desa": "Sungai Duri", "tanggal": "2026-08-11", "timestamp": "2026-08-11T13:18:00+07:00", "satelit": "NASA-NOAA20", "confidence": "Medium"}}, {"type": "Feature", "geometry": {"type": "Point", "coordinates": [108.97614, 0.55222]}, "properties": {"kab_kota": "BENGKAYANG", "kecamatan": "Sungai Raya", "desa": "Sungai Duri", "tanggal": "2026-08-11", "timestamp": "2026-08-11T13:18:00+07:00", "satelit": "NASA-NOAA20", "confidence": "Medium"}}, {"type": "Feature", "geometry": {"type": "Point", "coordinates": [108.97212, 0.55503]}, "properties": {"kab_kota": "BENGKAYANG", "kecamatan": "Sungai Raya", "desa": "Sungai Duri", "tanggal": "2026-08-11", "timestamp": "2026-08-11T13:18:00+07:00", "satelit": "NASA-NOAA20", "confidence": "Medium"}}, {"type": "Feature", "geometry": {"type": "Point", "coordinates": [108.97564, 0.55556]}, "properties": {"kab_kota": "BENGKAYANG", "kecamatan": "Sungai Raya", "desa": "Sungai Duri", "tanggal": "2026-08-11", "timestamp": "2026-08-11T13:18:00+07:00", "satelit": "NASA-NOAA20", "confidence": "Medium"}}, {"type": "Feature", "geometry": {"type": "Point", "coordinates": [108.99723, 0.57937]}, "properties": {"kab_kota": "BENGKAYANG", "kecamatan": "Sungai Raya", "desa": "Sungai Duri", "tanggal": "2026-08-11", "timestamp": "2026-08-11T13:18:00+07:00", "satelit": "NASA-NOAA20", "confidence": "Medium"}}, {"type": "Feature", "geometry": {"type": "Point", "coordinates": [108.97343, 0.5564]}, "properties": {"kab_kota": "BENGKAYANG", "kecamatan": "Sungai Raya", "desa": "Sungai Duri", "tanggal": "2026-08-12", "timestamp": "2026-08-12T01:58:00+07:00", "satelit": "NASA-NOAA20", "confidence": "Medium"}}, {"type": "Feature", "geometry": {"type": "Point", "coordinates": [108.99638, 0.57971]}, "properties": {"kab_kota": "BENGKAYANG", "kecamatan": "Sungai Raya", "desa": "Sungai Duri", "tanggal": "2026-08-14", "timestamp": "2026-08-14T01:19:00+07:00", "satelit": "NASA-NOAA20", "confidence": "Medium"}}, {"type": "Feature", "geometry": {"type": "Point", "coordinates": [108.99514, 0.5866]}, "properties": {"kab_kota": "BENGKAYANG", "kecamatan": "Sungai Raya", "desa": "Sungai Duri", "tanggal": "2026-08-24", "timestamp": "2026-08-24T01:34:00+07:00", "satelit": "NASA-NOAA20", "confidence": "Medium"}}, {"type": "Feature", "geometry": {"type": "Point", "coordinates": [108.9947, 0.58334]}, "properties": {"kab_kota": "BENGKAYANG", "kecamatan": "Sungai Raya", "desa": "Sungai Duri", "tanggal": "2026-08-25", "timestamp": "2026-08-25T01:13:00+07:00", "satelit": "NASA-NOAA20", "confidence": "Medium"}}, {"type": "Feature", "geometry": {"type": "Point", "coordinates": [108.99521, 0.58664]}, "properties": {"kab_kota": "BENGKAYANG", "kecamatan": "Sungai Raya", "desa": "Sungai Duri", "tanggal": "2026-08-25", "timestamp": "2026-08-25T01:13:00+07:00", "satelit": "NASA-NOAA20", "confidence": "Medium"}}, {"type": "Feature", "geometry": {"type": "Point", "coordinates": [108.97132, 0.5816]}, "properties": {"kab_kota": "BENGKAYANG", "kecamatan": "Sungai Raya", "desa": "Sungai Jaga A", "tanggal": "2026-08-01", "timestamp": "2026-08-01T00:24:00+07:00", "satelit": "NASA-NOAA20", "confidence": "Medium"}}, {"type": "Feature", "geometry": {"type": "Point", "coordinates": [108.96918, 0.57911]}, "properties": {"kab_kota": "BENGKAYANG", "kecamatan": "Sungai Raya", "desa": "Sungai Jaga A", "tanggal": "2026-08-06", "timestamp": "2026-08-06T13:12:00+07:00", "satelit": "NASA-NOAA20", "confidence": "Medium"}}, {"type": "Feature", "geometry": {"type": "Point", "coordinates": [108.97263, 0.57963]}, "properties": {"kab_kota": "BENGKAYANG", "kecamatan": "Sungai Raya", "desa": "Sungai Jaga A", "tanggal": "2026-08-06", "timestamp": "2026-08-06T13:12:00+07:00", "satelit": "NASA-NOAA20", "confidence": "Medium"}}, {"type": "Feature", "geometry": {"type": "Point", "coordinates": [108.96971, 0.58215]}, "properties": {"kab_kota": "BENGKAYANG", "kecamatan": "Sungai Raya", "desa": "Sungai Jaga A", "tanggal": "2026-08-07", "timestamp": "2026-08-07T01:51:00+07:00", "satelit": "NASA-NOAA20", "confidence": "Medium"}}, {"type": "Feature", "geometry": {"type": "Point", "coordinates": [108.97097, 0.58052]}, "properties": {"kab_kota": "BENGKAYANG", "kecamatan": "Sungai Raya", "desa": "Sungai Jaga A", "tanggal": "2026-08-07", "timestamp": "2026-08-07T12:53:00+07:00", "satelit": "NASA-NOAA20", "confidence": "Medium"}}, {"type": "Feature", "geometry": {"type": "Point", "coordinates": [108.97464, 0.58109]}, "properties": {"kab_kota": "BENGKAYANG", "kecamatan": "Sungai Raya", "desa": "Sungai Jaga A", "tanggal": "2026-08-07", "timestamp": "2026-08-07T12:53:00+07:00", "satelit": "NASA-NOAA20", "confidence": "Medium"}}, {"type": "Feature", "geometry": {"type": "Point", "coordinates": [108.97125, 0.5791]}, "properties": {"kab_kota": "BENGKAYANG", "kecamatan": "Sungai Raya", "desa": "Sungai Jaga A", "tanggal": "2026-08-08", "timestamp": "2026-08-08T01:34:00+07:00", "satelit": "NASA-NOAA20", "confidence": "Medium"}}, {"type": "Feature", "geometry": {"type": "Point", "coordinates": [108.97188, 0.58306]}, "properties": {"kab_kota": "BENGKAYANG", "kecamatan": "Sungai Raya", "desa": "Sungai Jaga A", "tanggal": "2026-08-08", "timestamp": "2026-08-08T01:34:00+07:00", "satelit": "NASA-NOAA20", "confidence": "Medium"}}, {"type": "Feature", "geometry": {"type": "Point", "coordinates": [108.97208, 0.58164]}, "properties": {"kab_kota": "BENGKAYANG", "kecamatan": "Sungai Raya", "desa": "Sungai Jaga A", "tanggal": "2026-08-08", "timestamp": "2026-08-08T12:33:00+07:00", "satelit": "NASA-NOAA20", "confidence": "Medium"}}, {"type": "Feature", "geometry": {"type": "Point", "coordinates": [108.97243, 0.57807]}, "properties": {"kab_kota": "BENGKAYANG", "kecamatan": "Sungai Raya", "desa": "Sungai Jaga A", "tanggal": "2026-08-09", "timestamp": "2026-08-09T01:13:00+07:00", "satelit": "NASA-NOAA20", "confidence": "Medium"}}, {"type": "Feature", "geometry": {"type": "Point", "coordinates": [108.96899, 0.57862]}, "properties": {"kab_kota": "BENGKAYANG", "kecamatan": "Sungai Raya", "desa": "Sungai Jaga A", "tanggal": "2026-08-09", "timestamp": "2026-08-09T01:13:00+07:00", "satelit": "NASA-NOAA20", "confidence": "Medium"}}, {"type": "Feature", "geometry": {"type": "Point", "coordinates": [108.97294, 0.58138]}, "properties": {"kab_kota": "BENGKAYANG", "kecamatan": "Sungai Raya", "desa": "Sungai Jaga A", "tanggal": "2026-08-09", "timestamp": "2026-08-09T01:13:00+07:00", "satelit": "NASA-NOAA20", "confidence": "Medium"}}, {"type": "Feature", "geometry": {"type": "Point", "coordinates": [108.96951, 0.58192]}, "properties": {"kab_kota": "BENGKAYANG", "kecamatan": "Sungai Raya", "desa": "Sungai Jaga A", "tanggal": "2026-08-09", "timestamp": "2026-08-09T01:13:00+07:00", "satelit": "NASA-NOAA20", "confidence": "Medium"}}, {"type": "Feature", "geometry": {"type": "Point", "coordinates": [108.97002, 0.58522]}, "properties": {"kab_kota": "BENGKAYANG", "kecamatan": "Sungai Raya", "desa": "Sungai Jaga A", "tanggal": "2026-08-09", "timestamp": "2026-08-09T01:13:00+07:00", "satelit": "NASA-NOAA20", "confidence": "Medium"}}, {"type": "Feature", "geometry": {"type": "Point", "coordinates": [108.96931, 0.58172]}, "properties": {"kab_kota": "BENGKAYANG", "kecamatan": "Sungai Raya", "desa": "Sungai Jaga A", "tanggal": "2026-08-10", "timestamp": "2026-08-10T00:56:00+07:00", "satelit": "NASA-NOAA20", "confidence": "Medium"}}, {"type": "Feature", "geometry": {"type": "Point", "coordinates": [108.97192, 0.58196]}, "properties": {"kab_kota": "BENGKAYANG", "kecamatan": "Sungai Raya", "desa": "Sungai Jaga A", "tanggal": "2026-08-11", "timestamp": "2026-08-11T00:34:00+07:00", "satelit": "NASA-NOAA20", "confidence": "Medium"}}, {"type": "Feature", "geometry": {"type": "Point", "coordinates": [108.99277, 0.58029]}, "properties": {"kab_kota": "BENGKAYANG", "kecamatan": "Sungai Raya", "desa": "Sungai Jaga A", "tanggal": "2026-08-14", "timestamp": "2026-08-14T01:19:00+07:00", "satelit": "NASA-NOAA20", "confidence": "Medium"}}, {"type": "Feature", "geometry": {"type": "Point", "coordinates": [108.9933, 0.58367]}, "properties": {"kab_kota": "BENGKAYANG", "kecamatan": "Sungai Raya", "desa": "Sungai Jaga A", "tanggal": "2026-08-14", "timestamp": "2026-08-14T01:19:00+07:00", "satelit": "NASA-NOAA20", "confidence": "Medium"}}, {"type": "Feature", "geometry": {"type": "Point", "coordinates": [108.97115, 0.57952]}, "properties": {"kab_kota": "BENGKAYANG", "kecamatan": "Sungai Raya", "desa": "Sungai Jaga A", "tanggal": "2026-08-16", "timestamp": "2026-08-16T13:25:00+07:00", "satelit": "NASA-NOAA20", "confidence": "Medium"}}, {"type": "Feature", "geometry": {"type": "Point", "coordinates": [108.97687, 0.57661]}, "properties": {"kab_kota": "BENGKAYANG", "kecamatan": "Sungai Raya", "desa": "Sungai Jaga A", "tanggal": "2026-08-19", "timestamp": "2026-08-19T01:28:00+07:00", "satelit": "NASA-NOAA20", "confidence": "Medium"}}, {"type": "Feature", "geometry": {"type": "Point", "coordinates": [108.99243, 0.58505]}, "properties": {"kab_kota": "BENGKAYANG", "kecamatan": "Sungai Raya", "desa": "Sungai Jaga A", "tanggal": "2026-08-23", "timestamp": "2026-08-23T01:51:00+07:00", "satelit": "NASA-NOAA20", "confidence": "Medium"}}, {"type": "Feature", "geometry": {"type": "Point", "coordinates": [108.98277, 0.59459]}, "properties": {"kab_kota": "BENGKAYANG", "kecamatan": "Sungai Raya", "desa": "Sungai Jaga A", "tanggal": "2026-08-29", "timestamp": "2026-08-29T12:40:00+07:00", "satelit": "NASA-NOAA20", "confidence": "Medium"}}, {"type": "Feature", "geometry": {"type": "Point", "coordinates": [108.98257, 0.59378]}, "properties": {"kab_kota": "BENGKAYANG", "kecamatan": "Sungai Raya", "desa": "Sungai Jaga A", "tanggal": "2026-08-30", "timestamp": "2026-08-30T01:21:00+07:00", "satelit": "NASA-NOAA20", "confidence": "Medium"}}, {"type": "Feature", "geometry": {"type": "Point", "coordinates": [108.90218, 0.77485]}, "properties": {"kab_kota": "BENGKAYANG", "kecamatan": "Sungai Raya Kepulauan", "desa": "Karimunting", "tanggal": "2026-08-25", "timestamp": "2026-08-25T01:13:00+07:00", "satelit": "NASA-NOAA20", "confidence": "Medium"}}, {"type": "Feature", "geometry": {"type": "Point", "coordinates": [108.90269, 0.77815]}, "properties": {"kab_kota": "BENGKAYANG", "kecamatan": "Sungai Raya Kepulauan", "desa": "Karimunting", "tanggal": "2026-08-25", "timestamp": "2026-08-25T01:13:00+07:00", "satelit": "NASA-NOAA20", "confidence": "Medium"}}, {"type": "Feature", "geometry": {"type": "Point", "coordinates": [108.90321, 0.78146]}, "properties": {"kab_kota": "BENGKAYANG", "kecamatan": "Sungai Raya Kepulauan", "desa": "Karimunting", "tanggal": "2026-08-25", "timestamp": "2026-08-25T01:13:00+07:00", "satelit": "NASA-NOAA20", "confidence": "Medium"}}, {"type": "Feature", "geometry": {"type": "Point", "coordinates": [108.90784, 0.77569]}, "properties": {"kab_kota": "BENGKAYANG", "kecamatan": "Sungai Raya Kepulauan", "desa": "Karimunting", "tanggal": "2026-08-26", "timestamp": "2026-08-26T00:56:00+07:00", "satelit": "NASA-NOAA20", "confidence": "Medium"}}, {"type": "Feature", "geometry": {"type": "Point", "coordinates": [108.90441, 0.77622]}, "properties": {"kab_kota": "BENGKAYANG", "kecamatan": "Sungai Raya Kepulauan", "desa": "Karimunting", "tanggal": "2026-08-26", "timestamp": "2026-08-26T00:56:00+07:00", "satelit": "NASA-NOAA20", "confidence": "Medium"}}, {"type": "Feature", "geometry": {"type": "Point", "coordinates": [108.90505, 0.7802]}, "properties": {"kab_kota": "BENGKAYANG", "kecamatan": "Sungai Raya Kepulauan", "desa": "Karimunting", "tanggal": "2026-08-26", "timestamp": "2026-08-26T00:56:00+07:00", "satelit": "NASA-NOAA20", "confidence": "Medium"}}, {"type": "Feature", "geometry": {"type": "Point", "coordinates": [108.90914, 0.77137]}, "properties": {"kab_kota": "BENGKAYANG", "kecamatan": "Sungai Raya Kepulauan", "desa": "Karimunting", "tanggal": "2026-08-26", "timestamp": "2026-08-26T13:37:00+07:00", "satelit": "NASA-NOAA20", "confidence": "Medium"}}, {"type": "Feature", "geometry": {"type": "Point", "coordinates": [108.90455, 0.77503]}, "properties": {"kab_kota": "BENGKAYANG", "kecamatan": "Sungai Raya Kepulauan", "desa": "Karimunting", "tanggal": "2026-08-26", "timestamp": "2026-08-26T13:37:00+07:00", "satelit": "NASA-NOAA20", "confidence": "Medium"}}, {"type": "Feature", "geometry": {"type": "Point", "coordinates": [108.90852, 0.77563]}, "properties": {"kab_kota": "BENGKAYANG", "kecamatan": "Sungai Raya Kepulauan", "desa": "Karimunting", "tanggal": "2026-08-26", "timestamp": "2026-08-26T13:37:00+07:00", "satelit": "NASA-NOAA20", "confidence": "Medium"}}, {"type": "Feature", "geometry": {"type": "Point", "coordinates": [108.90788, 0.77989]}, "properties": {"kab_kota": "BENGKAYANG", "kecamatan": "Sungai Raya Kepulauan", "desa": "Karimunting", "tanggal": "2026-08-26", "timestamp": "2026-08-26T13:37:00+07:00", "satelit": "NASA-NOAA20", "confidence": "Medium"}}, {"type": "Feature", "geometry": {"type": "Point", "coordinates": [108.90877, 0.7737]}, "properties": {"kab_kota": "BENGKAYANG", "kecamatan": "Sungai Raya Kepulauan", "desa": "Karimunting", "tanggal": "2026-08-27", "timestamp": "2026-08-27T13:18:00+07:00", "satelit": "NASA-NOAA20", "confidence": "Medium"}}, {"type": "Feature", "geometry": {"type": "Point", "coordinates": [108.90475, 0.77651]}, "properties": {"kab_kota": "BENGKAYANG", "kecamatan": "Sungai Raya Kepulauan", "desa": "Karimunting", "tanggal": "2026-08-27", "timestamp": "2026-08-27T13:18:00+07:00", "satelit": "NASA-NOAA20", "confidence": "Medium"}}, {"type": "Feature", "geometry": {"type": "Point", "coordinates": [108.90826, 0.77704]}, "properties": {"kab_kota": "BENGKAYANG", "kecamatan": "Sungai Raya Kepulauan", "desa": "Karimunting", "tanggal": "2026-08-27", "timestamp": "2026-08-27T13:18:00+07:00", "satelit": "NASA-NOAA20", "confidence": "Medium"}}, {"type": "Feature", "geometry": {"type": "Point", "coordinates": [108.90625, 0.77686]}, "properties": {"kab_kota": "BENGKAYANG", "kecamatan": "Sungai Raya Kepulauan", "desa": "Karimunting", "tanggal": "2026-08-29", "timestamp": "2026-08-29T01:41:00+07:00", "satelit": "NASA-NOAA20", "confidence": "Medium"}}, {"type": "Feature", "geometry": {"type": "Point", "coordinates": [108.90414, 0.77852]}, "properties": {"kab_kota": "BENGKAYANG", "kecamatan": "Sungai Raya Kepulauan", "desa": "Karimunting", "tanggal": "2026-08-30", "timestamp": "2026-08-30T01:21:00+07:00", "satelit": "NASA-NOAA20", "confidence": "Medium"}}, {"type": "Feature", "geometry": {"type": "Point", "coordinates": [108.90569, 0.77789]}, "properties": {"kab_kota": "BENGKAYANG", "kecamatan": "Sungai Raya Kepulauan", "desa": "Karimunting", "tanggal": "2026-08-31", "timestamp": "2026-08-31T01:02:00+07:00", "satelit": "NASA-NOAA20", "confidence": "Medium"}}, {"type": "Feature", "geometry": {"type": "Point", "coordinates": [109.74179, 0.93975]}, "properties": {"kab_kota": "BENGKAYANG", "kecamatan": "Suti Semarang", "desa": "Kelayuk", "tanggal": "2026-08-02", "timestamp": "2026-08-02T12:46:00+07:00", "satelit": "NASA-NOAA20", "confidence": "Medium"}}, {"type": "Feature", "geometry": {"type": "Point", "coordinates": [109.71098, 0.87558]}, "properties": {"kab_kota": "BENGKAYANG", "kecamatan": "Suti Semarang", "desa": "Kiung", "tanggal": "2026-08-06", "timestamp": "2026-08-06T13:12:00+07:00", "satelit": "NASA-NOAA20", "confidence": "Medium"}}, {"type": "Feature", "geometry": {"type": "Point", "coordinates": [109.74749, 0.87232]}, "properties": {"kab_kota": "BENGKAYANG", "kecamatan": "Suti Semarang", "desa": "Muhi Bersatu", "tanggal": "2026-08-02", "timestamp": "2026-08-02T12:46:00+07:00", "satelit": "NASA-NOAA20", "confidence": "Medium"}}, {"type": "Feature", "geometry": {"type": "Point", "coordinates": [109.73923, 0.87154]}, "properties": {"kab_kota": "BENGKAYANG", "kecamatan": "Suti Semarang", "desa": "Muhi Bersatu", "tanggal": "2026-08-05", "timestamp": "2026-08-05T13:29:00+07:00", "satelit": "NASA-NOAA20", "confidence": "Medium"}}, {"type": "Feature", "geometry": {"type": "Point", "coordinates": [109.73539, 0.87219]}, "properties": {"kab_kota": "BENGKAYANG", "kecamatan": "Suti Semarang", "desa": "Muhi Bersatu", "tanggal": "2026-08-07", "timestamp": "2026-08-07T12:53:00+07:00", "satelit": "NASA-NOAA20", "confidence": "Medium"}}, {"type": "Feature", "geometry": {"type": "Point", "coordinates": [109.7469, 0.89811]}, "properties": {"kab_kota": "BENGKAYANG", "kecamatan": "Suti Semarang", "desa": "Muhi Bersatu", "tanggal": "2026-08-21", "timestamp": "2026-08-21T13:29:00+07:00", "satelit": "NASA-NOAA20", "confidence": "Medium"}}, {"type": "Feature", "geometry": {"type": "Point", "coordinates": [109.67873, 0.86249]}, "properties": {"kab_kota": "BENGKAYANG", "kecamatan": "Suti Semarang", "desa": "Nangka", "tanggal": "2026-08-05", "timestamp": "2026-08-05T13:29:00+07:00", "satelit": "NASA-NOAA20", "confidence": "Medium"}}, {"type": "Feature", "geometry": {"type": "Point", "coordinates": [109.67759, 0.87057]}, "properties": {"kab_kota": "BENGKAYANG", "kecamatan": "Suti Semarang", "desa": "Nangka", "tanggal": "2026-08-05", "timestamp": "2026-08-05T13:29:00+07:00", "satelit": "NASA-NOAA20", "confidence": "Medium"}}, {"type": "Feature", "geometry": {"type": "Point", "coordinates": [109.6784, 0.8636]}, "properties": {"kab_kota": "BENGKAYANG", "kecamatan": "Suti Semarang", "desa": "Nangka", "tanggal": "2026-08-06", "timestamp": "2026-08-06T13:12:00+07:00", "satelit": "NASA-NOAA20", "confidence": "Medium"}}, {"type": "Feature", "geometry": {"type": "Point", "coordinates": [109.65115, 0.86734]}, "properties": {"kab_kota": "BENGKAYANG", "kecamatan": "Suti Semarang", "desa": "Nangka", "tanggal": "2026-08-07", "timestamp": "2026-08-07T12:53:00+07:00", "satelit": "NASA-NOAA20", "confidence": "Medium"}}, {"type": "Feature", "geometry": {"type": "Point", "coordinates": [109.64565, 0.8705]}, "properties": {"kab_kota": "BENGKAYANG", "kecamatan": "Suti Semarang", "desa": "Nangka", "tanggal": "2026-08-07", "timestamp": "2026-08-07T12:53:00+07:00", "satelit": "NASA-NOAA20", "confidence": "Medium"}}, {"type": "Feature", "geometry": {"type": "Point", "coordinates": [109.65054, 0.87124]}, "properties": {"kab_kota": "BENGKAYANG", "kecamatan": "Suti Semarang", "desa": "Nangka", "tanggal": "2026-08-07", "timestamp": "2026-08-07T12:53:00+07:00", "satelit": "NASA-NOAA20", "confidence": "Medium"}}, {"type": "Feature", "geometry": {"type": "Point", "coordinates": [109.64824, 0.87145]}, "properties": {"kab_kota": "BENGKAYANG", "kecamatan": "Suti Semarang", "desa": "Nangka", "tanggal": "2026-08-07", "timestamp": "2026-08-07T12:53:00+07:00", "satelit": "NASA-NOAA20", "confidence": "Medium"}}, {"type": "Feature", "geometry": {"type": "Point", "coordinates": [109.65314, 0.87223]}, "properties": {"kab_kota": "BENGKAYANG", "kecamatan": "Suti Semarang", "desa": "Nangka", "tanggal": "2026-08-07", "timestamp": "2026-08-07T12:53:00+07:00", "satelit": "NASA-NOAA20", "confidence": "Medium"}}, {"type": "Feature", "geometry": {"type": "Point", "coordinates": [109.61913, 0.87848]}, "properties": {"kab_kota": "BENGKAYANG", "kecamatan": "Suti Semarang", "desa": "Nangka", "tanggal": "2026-08-07", "timestamp": "2026-08-07T12:53:00+07:00", "satelit": "NASA-NOAA20", "confidence": "Medium"}}, {"type": "Feature", "geometry": {"type": "Point", "coordinates": [109.61689, 0.87849]}, "properties": {"kab_kota": "BENGKAYANG", "kecamatan": "Suti Semarang", "desa": "Nangka", "tanggal": "2026-08-07", "timestamp": "2026-08-07T12:53:00+07:00", "satelit": "NASA-NOAA20", "confidence": "Medium"}}, {"type": "Feature", "geometry": {"type": "Point", "coordinates": [109.64644, 0.87107]}, "properties": {"kab_kota": "BENGKAYANG", "kecamatan": "Suti Semarang", "desa": "Nangka", "tanggal": "2026-08-08", "timestamp": "2026-08-08T12:33:00+07:00", "satelit": "NASA-NOAA20", "confidence": "Medium"}}, {"type": "Feature", "geometry": {"type": "Point", "coordinates": [109.71019, 0.89615]}, "properties": {"kab_kota": "BENGKAYANG", "kecamatan": "Suti Semarang", "desa": "Suka Maju", "tanggal": "2026-08-05", "timestamp": "2026-08-05T13:29:00+07:00", "satelit": "NASA-NOAA20", "confidence": "Medium"}}, {"type": "Feature", "geometry": {"type": "Point", "coordinates": [109.67715, 0.88003]}, "properties": {"kab_kota": "BENGKAYANG", "kecamatan": "Suti Semarang", "desa": "Suka Maju", "tanggal": "2026-08-07", "timestamp": "2026-08-07T12:53:00+07:00", "satelit": "NASA-NOAA20", "confidence": "Medium"}}, {"type": "Feature", "geometry": {"type": "Point", "coordinates": [109.72485, 0.92228]}, "properties": {"kab_kota": "BENGKAYANG", "kecamatan": "Suti Semarang", "desa": "Suka Maju", "tanggal": "2026-08-08", "timestamp": "2026-08-08T12:33:00+07:00", "satelit": "NASA-NOAA20", "confidence": "Medium"}}, {"type": "Feature", "geometry": {"type": "Point", "coordinates": [109.7169, 0.94814]}, "properties": {"kab_kota": "BENGKAYANG", "kecamatan": "Suti Semarang", "desa": "Suka Maju", "tanggal": "2026-08-09", "timestamp": "2026-08-09T13:57:00+07:00", "satelit": "NASA-NOAA20", "confidence": "Medium"}}, {"type": "Feature", "geometry": {"type": "Point", "coordinates": [109.70759, 0.93166]}, "properties": {"kab_kota": "BENGKAYANG", "kecamatan": "Suti Semarang", "desa": "Suka Maju", "tanggal": "2026-08-10", "timestamp": "2026-08-10T13:35:00+07:00", "satelit": "NASA-NOAA20", "confidence": "Medium"}}, {"type": "Feature", "geometry": {"type": "Point", "coordinates": [109.71957, 0.92939]}, "properties": {"kab_kota": "BENGKAYANG", "kecamatan": "Suti Semarang", "desa": "Suka Maju", "tanggal": "2026-08-20", "timestamp": "2026-08-20T13:50:00+07:00", "satelit": "NASA-NOAA20", "confidence": "Medium"}}, {"type": "Feature", "geometry": {"type": "Point", "coordinates": [109.73096, 0.90812]}, "properties": {"kab_kota": "BENGKAYANG", "kecamatan": "Suti Semarang", "desa": "Suka Maju", "tanggal": "2026-08-21", "timestamp": "2026-08-21T13:29:00+07:00", "satelit": "NASA-NOAA20", "confidence": "Medium"}}, {"type": "Feature", "geometry": {"type": "Point", "coordinates": [109.82312, 0.87092]}, "properties": {"kab_kota": "BENGKAYANG", "kecamatan": "Suti Semarang", "desa": "Suti Semarang", "tanggal": "2026-08-02", "timestamp": "2026-08-02T12:46:00+07:00", "satelit": "NASA-NOAA20", "confidence": "Medium"}}, {"type": "Feature", "geometry": {"type": "Point", "coordinates": [109.84583, 0.88762]}, "properties": {"kab_kota": "BENGKAYANG", "kecamatan": "Suti Semarang", "desa": "Suti Semarang", "tanggal": "2026-08-02", "timestamp": "2026-08-02T12:46:00+07:00", "satelit": "NASA-NOAA20", "confidence": "Medium"}}, {"type": "Feature", "geometry": {"type": "Point", "coordinates": [109.841, 0.89125]}, "properties": {"kab_kota": "BENGKAYANG", "kecamatan": "Suti Semarang", "desa": "Suti Semarang", "tanggal": "2026-08-02", "timestamp": "2026-08-02T12:46:00+07:00", "satelit": "NASA-NOAA20", "confidence": "Medium"}}, {"type": "Feature", "geometry": {"type": "Point", "coordinates": [109.84515, 0.8919]}, "properties": {"kab_kota": "BENGKAYANG", "kecamatan": "Suti Semarang", "desa": "Suti Semarang", "tanggal": "2026-08-02", "timestamp": "2026-08-02T12:46:00+07:00", "satelit": "NASA-NOAA20", "confidence": "Medium"}}, {"type": "Feature", "geometry": {"type": "Point", "coordinates": [109.84386, 0.89212]}, "properties": {"kab_kota": "BENGKAYANG", "kecamatan": "Suti Semarang", "desa": "Suti Semarang", "tanggal": "2026-08-04", "timestamp": "2026-08-04T13:50:00+07:00", "satelit": "NASA-NOAA20", "confidence": "Medium"}}, {"type": "Feature", "geometry": {"type": "Point", "coordinates": [109.82349, 0.89248]}, "properties": {"kab_kota": "BENGKAYANG", "kecamatan": "Suti Semarang", "desa": "Suti Semarang", "tanggal": "2026-08-05", "timestamp": "2026-08-05T13:29:00+07:00", "satelit": "NASA-NOAA20", "confidence": "Medium"}}, {"type": "Feature", "geometry": {"type": "Point", "coordinates": [109.82159, 0.86161]}, "properties": {"kab_kota": "BENGKAYANG", "kecamatan": "Suti Semarang", "desa": "Suti Semarang", "tanggal": "2026-08-07", "timestamp": "2026-08-07T12:53:00+07:00", "satelit": "NASA-NOAA20", "confidence": "Medium"}}, {"type": "Feature", "geometry": {"type": "Point", "coordinates": [109.84679, 0.88647]}, "properties": {"kab_kota": "BENGKAYANG", "kecamatan": "Suti Semarang", "desa": "Suti Semarang", "tanggal": "2026-08-10", "timestamp": "2026-08-10T13:35:00+07:00", "satelit": "NASA-NOAA20", "confidence": "Medium"}}, {"type": "Feature", "geometry": {"type": "Point", "coordinates": [109.80888, 0.88188]}, "properties": {"kab_kota": "BENGKAYANG", "kecamatan": "Suti Semarang", "desa": "Tapen", "tanggal": "2026-08-02", "timestamp": "2026-08-02T12:46:00+07:00", "satelit": "NASA-NOAA20", "confidence": "Medium"}}, {"type": "Feature", "geometry": {"type": "Point", "coordinates": [109.79511, 0.90852]}, "properties": {"kab_kota": "BENGKAYANG", "kecamatan": "Suti Semarang", "desa": "Tapen", "tanggal": "2026-08-03", "timestamp": "2026-08-03T12:27:00+07:00", "satelit": "NASA-NOAA20", "confidence": "Medium"}}, {"type": "Feature", "geometry": {"type": "Point", "coordinates": [109.79229, 0.91195]}, "properties": {"kab_kota": "BENGKAYANG", "kecamatan": "Suti Semarang", "desa": "Tapen", "tanggal": "2026-08-03", "timestamp": "2026-08-03T12:27:00+07:00", "satelit": "NASA-NOAA20", "confidence": "Medium"}}, {"type": "Feature", "geometry": {"type": "Point", "coordinates": [109.79664, 0.91266]}, "properties": {"kab_kota": "BENGKAYANG", "kecamatan": "Suti Semarang", "desa": "Tapen", "tanggal": "2026-08-03", "timestamp": "2026-08-03T12:27:00+07:00", "satelit": "NASA-NOAA20", "confidence": "Medium"}}, {"type": "Feature", "geometry": {"type": "Point", "coordinates": [109.79207, 0.8836]}, "properties": {"kab_kota": "BENGKAYANG", "kecamatan": "Suti Semarang", "desa": "Tapen", "tanggal": "2026-08-05", "timestamp": "2026-08-05T13:29:00+07:00", "satelit": "NASA-NOAA20", "confidence": "Medium"}}, {"type": "Feature", "geometry": {"type": "Point", "coordinates": [109.81274, 0.9012]}, "properties": {"kab_kota": "BENGKAYANG", "kecamatan": "Suti Semarang", "desa": "Tapen", "tanggal": "2026-08-06", "timestamp": "2026-08-06T13:12:00+07:00", "satelit": "NASA-NOAA20", "confidence": "Medium"}}, {"type": "Feature", "geometry": {"type": "Point", "coordinates": [109.79848, 0.90241]}, "properties": {"kab_kota": "BENGKAYANG", "kecamatan": "Suti Semarang", "desa": "Tapen", "tanggal": "2026-08-06", "timestamp": "2026-08-06T13:12:00+07:00", "satelit": "NASA-NOAA20", "confidence": "Medium"}}, {"type": "Feature", "geometry": {"type": "Point", "coordinates": [109.79842, 0.92611]}, "properties": {"kab_kota": "BENGKAYANG", "kecamatan": "Suti Semarang", "desa": "Tapen", "tanggal": "2026-08-06", "timestamp": "2026-08-06T13:12:00+07:00", "satelit": "NASA-NOAA20", "confidence": "Medium"}}, {"type": "Feature", "geometry": {"type": "Point", "coordinates": [109.7966, 0.89339]}, "properties": {"kab_kota": "BENGKAYANG", "kecamatan": "Suti Semarang", "desa": "Tapen", "tanggal": "2026-08-07", "timestamp": "2026-08-07T12:53:00+07:00", "satelit": "NASA-NOAA20", "confidence": "Medium"}}, {"type": "Feature", "geometry": {"type": "Point", "coordinates": [109.80148, 0.89413]}, "properties": {"kab_kota": "BENGKAYANG", "kecamatan": "Suti Semarang", "desa": "Tapen", "tanggal": "2026-08-07", "timestamp": "2026-08-07T12:53:00+07:00", "satelit": "NASA-NOAA20", "confidence": "Medium"}}, {"type": "Feature", "geometry": {"type": "Point", "coordinates": [109.79401, 0.89459]}, "properties": {"kab_kota": "BENGKAYANG", "kecamatan": "Suti Semarang", "desa": "Tapen", "tanggal": "2026-08-07", "timestamp": "2026-08-07T12:53:00+07:00", "satelit": "NASA-NOAA20", "confidence": "Medium"}}, {"type": "Feature", "geometry": {"type": "Point", "coordinates": [109.79887, 0.89536]}, "properties": {"kab_kota": "BENGKAYANG", "kecamatan": "Suti Semarang", "desa": "Tapen", "tanggal": "2026-08-07", "timestamp": "2026-08-07T12:53:00+07:00", "satelit": "NASA-NOAA20", "confidence": "Medium"}}, {"type": "Feature", "geometry": {"type": "Point", "coordinates": [109.80371, 0.89613]}, "properties": {"kab_kota": "BENGKAYANG", "kecamatan": "Suti Semarang", "desa": "Tapen", "tanggal": "2026-08-07", "timestamp": "2026-08-07T12:53:00+07:00", "satelit": "NASA-NOAA20", "confidence": "Medium"}}, {"type": "Feature", "geometry": {"type": "Point", "coordinates": [109.80085, 0.89799]}, "properties": {"kab_kota": "BENGKAYANG", "kecamatan": "Suti Semarang", "desa": "Tapen", "tanggal": "2026-08-07", "timestamp": "2026-08-07T12:53:00+07:00", "satelit": "NASA-NOAA20", "confidence": "Medium"}}, {"type": "Feature", "geometry": {"type": "Point", "coordinates": [109.79768, 0.90309]}, "properties": {"kab_kota": "BENGKAYANG", "kecamatan": "Suti Semarang", "desa": "Tapen", "tanggal": "2026-08-07", "timestamp": "2026-08-07T12:53:00+07:00", "satelit": "NASA-NOAA20", "confidence": "Medium"}}, {"type": "Feature", "geometry": {"type": "Point", "coordinates": [109.79964, 0.90572]}, "properties": {"kab_kota": "BENGKAYANG", "kecamatan": "Suti Semarang", "desa": "Tapen", "tanggal": "2026-08-07", "timestamp": "2026-08-07T12:53:00+07:00", "satelit": "NASA-NOAA20", "confidence": "Medium"}}, {"type": "Feature", "geometry": {"type": "Point", "coordinates": [109.79707, 0.90695]}, "properties": {"kab_kota": "BENGKAYANG", "kecamatan": "Suti Semarang", "desa": "Tapen", "tanggal": "2026-08-07", "timestamp": "2026-08-07T12:53:00+07:00", "satelit": "NASA-NOAA20", "confidence": "Medium"}}, {"type": "Feature", "geometry": {"type": "Point", "coordinates": [109.81085, 0.88882]}, "properties": {"kab_kota": "BENGKAYANG", "kecamatan": "Suti Semarang", "desa": "Tapen", "tanggal": "2026-08-08", "timestamp": "2026-08-08T12:33:00+07:00", "satelit": "NASA-NOAA20", "confidence": "Medium"}}, {"type": "Feature", "geometry": {"type": "Point", "coordinates": [109.79231, 0.91532]}, "properties": {"kab_kota": "BENGKAYANG", "kecamatan": "Suti Semarang", "desa": "Tapen", "tanggal": "2026-08-10", "timestamp": "2026-08-10T13:35:00+07:00", "satelit": "NASA-NOAA20", "confidence": "Medium"}}, {"type": "Feature", "geometry": {"type": "Point", "coordinates": [109.65173, 0.82076]}, "properties": {"kab_kota": "BENGKAYANG", "kecamatan": "Teriak", "desa": "Ampar Benteng", "tanggal": "2026-08-21", "timestamp": "2026-08-21T13:29:00+07:00", "satelit": "NASA-NOAA20", "confidence": "Medium"}}, {"type": "Feature", "geometry": {"type": "Point", "coordinates": [109.63564, 0.84404]}, "properties": {"kab_kota": "BENGKAYANG", "kecamatan": "Teriak", "desa": "Ampar Benteng", "tanggal": "2026-08-21", "timestamp": "2026-08-21T13:29:00+07:00", "satelit": "NASA-NOAA20", "confidence": "Medium"}}, {"type": "Feature", "geometry": {"type": "Point", "coordinates": [109.55749, 0.75885]}, "properties": {"kab_kota": "BENGKAYANG", "kecamatan": "Teriak", "desa": "Bana", "tanggal": "2026-08-20", "timestamp": "2026-08-20T13:50:00+07:00", "satelit": "NASA-NOAA20", "confidence": "Medium"}}, {"type": "Feature", "geometry": {"type": "Point", "coordinates": [109.55897, 0.76898]}, "properties": {"kab_kota": "BENGKAYANG", "kecamatan": "Teriak", "desa": "Bana", "tanggal": "2026-08-22", "timestamp": "2026-08-22T13:12:00+07:00", "satelit": "NASA-NOAA20", "confidence": "Medium"}}, {"type": "Feature", "geometry": {"type": "Point", "coordinates": [109.55846, 0.77228]}, "properties": {"kab_kota": "BENGKAYANG", "kecamatan": "Teriak", "desa": "Bana", "tanggal": "2026-08-22", "timestamp": "2026-08-22T13:12:00+07:00", "satelit": "NASA-NOAA20", "confidence": "Medium"}}, {"type": "Feature", "geometry": {"type": "Point", "coordinates": [109.56166, 0.77609]}, "properties": {"kab_kota": "BENGKAYANG", "kecamatan": "Teriak", "desa": "Bana", "tanggal": "2026-08-26", "timestamp": "2026-08-26T13:37:00+07:00", "satelit": "NASA-NOAA20", "confidence": "Medium"}}, {"type": "Feature", "geometry": {"type": "Point", "coordinates": [109.52262, 0.7368]}, "properties": {"kab_kota": "BENGKAYANG", "kecamatan": "Teriak", "desa": "Lulang", "tanggal": "2026-08-09", "timestamp": "2026-08-09T13:57:00+07:00", "satelit": "NASA-NOAA20", "confidence": "Medium"}}, {"type": "Feature", "geometry": {"type": "Point", "coordinates": [109.52735, 0.74416]}, "properties": {"kab_kota": "BENGKAYANG", "kecamatan": "Teriak", "desa": "Lulang", "tanggal": "2026-08-21", "timestamp": "2026-08-21T13:29:00+07:00", "satelit": "NASA-NOAA20", "confidence": "Medium"}}, {"type": "Feature", "geometry": {"type": "Point", "coordinates": [109.52657, 0.80124]}, "properties": {"kab_kota": "BENGKAYANG", "kecamatan": "Teriak", "desa": "Malo Jelayan", "tanggal": "2026-08-21", "timestamp": "2026-08-21T13:29:00+07:00", "satelit": "NASA-NOAA20", "confidence": "Medium"}}, {"type": "Feature", "geometry": {"type": "Point", "coordinates": [109.53003, 0.80178]}, "properties": {"kab_kota": "BENGKAYANG", "kecamatan": "Teriak", "desa": "Malo Jelayan", "tanggal": "2026-08-21", "timestamp": "2026-08-21T13:29:00+07:00", "satelit": "NASA-NOAA20", "confidence": "Medium"}}, {"type": "Feature", "geometry": {"type": "Point", "coordinates": [109.60169, 0.79617]}, "properties": {"kab_kota": "BENGKAYANG", "kecamatan": "Teriak", "desa": "Puteng", "tanggal": "2026-08-10", "timestamp": "2026-08-10T13:35:00+07:00", "satelit": "NASA-NOAA20", "confidence": "Medium"}}, {"type": "Feature", "geometry": {"type": "Point", "coordinates": [109.6141, 0.82369]}, "properties": {"kab_kota": "BENGKAYANG", "kecamatan": "Teriak", "desa": "Puteng", "tanggal": "2026-08-20", "timestamp": "2026-08-20T13:50:00+07:00", "satelit": "NASA-NOAA20", "confidence": "Medium"}}, {"type": "Feature", "geometry": {"type": "Point", "coordinates": [109.60577, 0.79305]}, "properties": {"kab_kota": "BENGKAYANG", "kecamatan": "Teriak", "desa": "Puteng", "tanggal": "2026-08-21", "timestamp": "2026-08-21T13:29:00+07:00", "satelit": "NASA-NOAA20", "confidence": "Medium"}}, {"type": "Feature", "geometry": {"type": "Point", "coordinates": [109.48301, 0.77565]}, "properties": {"kab_kota": "BENGKAYANG", "kecamatan": "Teriak", "desa": "Sebente", "tanggal": "2026-08-20", "timestamp": "2026-08-20T13:50:00+07:00", "satelit": "NASA-NOAA20", "confidence": "Medium"}}, {"type": "Feature", "geometry": {"type": "Point", "coordinates": [109.48587, 0.77593]}, "properties": {"kab_kota": "BENGKAYANG", "kecamatan": "Teriak", "desa": "Sebente", "tanggal": "2026-08-20", "timestamp": "2026-08-20T13:50:00+07:00", "satelit": "NASA-NOAA20", "confidence": "Medium"}}, {"type": "Feature", "geometry": {"type": "Point", "coordinates": [109.52619, 0.81038]}, "properties": {"kab_kota": "BENGKAYANG", "kecamatan": "Teriak", "desa": "Sebetung Menyala", "tanggal": "2026-08-20", "timestamp": "2026-08-20T13:50:00+07:00", "satelit": "NASA-NOAA20", "confidence": "Medium"}}, {"type": "Feature", "geometry": {"type": "Point", "coordinates": [109.5452, 0.72236]}, "properties": {"kab_kota": "BENGKAYANG", "kecamatan": "Teriak", "desa": "Setia Jaya", "tanggal": "2026-08-21", "timestamp": "2026-08-21T13:29:00+07:00", "satelit": "NASA-NOAA20", "confidence": "Medium"}}, {"type": "Feature", "geometry": {"type": "Point", "coordinates": [109.62719, 0.77558]}, "properties": {"kab_kota": "BENGKAYANG", "kecamatan": "Teriak", "desa": "Sumber Karya", "tanggal": "2026-08-07", "timestamp": "2026-08-07T12:53:00+07:00", "satelit": "NASA-NOAA20", "confidence": "Medium"}}, {"type": "Feature", "geometry": {"type": "Point", "coordinates": [109.62955, 0.77597]}, "properties": {"kab_kota": "BENGKAYANG", "kecamatan": "Teriak", "desa": "Sumber Karya", "tanggal": "2026-08-07", "timestamp": "2026-08-07T12:53:00+07:00", "satelit": "NASA-NOAA20", "confidence": "Medium"}}, {"type": "Feature", "geometry": {"type": "Point", "coordinates": [109.70342, 0.78761]}, "properties": {"kab_kota": "BENGKAYANG", "kecamatan": "Teriak", "desa": "Sumber Karya", "tanggal": "2026-08-07", "timestamp": "2026-08-07T12:53:00+07:00", "satelit": "NASA-NOAA20", "confidence": "Medium"}}, {"type": "Feature", "geometry": {"type": "Point", "coordinates": [109.63315, 0.77592]}, "properties": {"kab_kota": "BENGKAYANG", "kecamatan": "Teriak", "desa": "Sumber Karya", "tanggal": "2026-08-08", "timestamp": "2026-08-08T12:33:00+07:00", "satelit": "NASA-NOAA20", "confidence": "Medium"}}, {"type": "Feature", "geometry": {"type": "Point", "coordinates": [109.67526, 0.74769]}, "properties": {"kab_kota": "BENGKAYANG", "kecamatan": "Teriak", "desa": "Sumber Karya", "tanggal": "2026-08-09", "timestamp": "2026-08-09T13:57:00+07:00", "satelit": "NASA-NOAA20", "confidence": "Medium"}}, {"type": "Feature", "geometry": {"type": "Point", "coordinates": [109.68489, 0.74917]}, "properties": {"kab_kota": "BENGKAYANG", "kecamatan": "Teriak", "desa": "Sumber Karya", "tanggal": "2026-08-09", "timestamp": "2026-08-09T13:57:00+07:00", "satelit": "NASA-NOAA20", "confidence": "Medium"}}, {"type": "Feature", "geometry": {"type": "Point", "coordinates": [109.66462, 0.75238]}, "properties": {"kab_kota": "BENGKAYANG", "kecamatan": "Teriak", "desa": "Sumber Karya", "tanggal": "2026-08-09", "timestamp": "2026-08-09T13:57:00+07:00", "satelit": "NASA-NOAA20", "confidence": "Medium"}}, {"type": "Feature", "geometry": {"type": "Point", "coordinates": [109.66944, 0.75312]}, "properties": {"kab_kota": "BENGKAYANG", "kecamatan": "Teriak", "desa": "Sumber Karya", "tanggal": "2026-08-09", "timestamp": "2026-08-09T13:57:00+07:00", "satelit": "NASA-NOAA20", "confidence": "Medium"}}, {"type": "Feature", "geometry": {"type": "Point", "coordinates": [109.65424, 0.74475]}, "properties": {"kab_kota": "BENGKAYANG", "kecamatan": "Teriak", "desa": "Sumber Karya", "tanggal": "2026-08-10", "timestamp": "2026-08-10T13:35:00+07:00", "satelit": "NASA-NOAA20", "confidence": "Medium"}}, {"type": "Feature", "geometry": {"type": "Point", "coordinates": [109.65869, 0.74542]}, "properties": {"kab_kota": "BENGKAYANG", "kecamatan": "Teriak", "desa": "Sumber Karya", "tanggal": "2026-08-10", "timestamp": "2026-08-10T13:35:00+07:00", "satelit": "NASA-NOAA20", "confidence": "Medium"}}, {"type": "Feature", "geometry": {"type": "Point", "coordinates": [109.65803, 0.7499]}, "properties": {"kab_kota": "BENGKAYANG", "kecamatan": "Teriak", "desa": "Sumber Karya", "tanggal": "2026-08-10", "timestamp": "2026-08-10T13:35:00+07:00", "satelit": "NASA-NOAA20", "confidence": "Medium"}}, {"type": "Feature", "geometry": {"type": "Point", "coordinates": [109.61891, 0.7714]}, "properties": {"kab_kota": "BENGKAYANG", "kecamatan": "Teriak", "desa": "Sumber Karya", "tanggal": "2026-08-10", "timestamp": "2026-08-10T13:35:00+07:00", "satelit": "NASA-NOAA20", "confidence": "Medium"}}, {"type": "Feature", "geometry": {"type": "Point", "coordinates": [109.62333, 0.77208]}, "properties": {"kab_kota": "BENGKAYANG", "kecamatan": "Teriak", "desa": "Sumber Karya", "tanggal": "2026-08-10", "timestamp": "2026-08-10T13:35:00+07:00", "satelit": "NASA-NOAA20", "confidence": "Medium"}}, {"type": "Feature", "geometry": {"type": "Point", "coordinates": [109.68317, 0.79506]}, "properties": {"kab_kota": "BENGKAYANG", "kecamatan": "Teriak", "desa": "Sumber Karya", "tanggal": "2026-08-10", "timestamp": "2026-08-10T13:35:00+07:00", "satelit": "NASA-NOAA20", "confidence": "Medium"}}, {"type": "Feature", "geometry": {"type": "Point", "coordinates": [109.67947, 0.75008]}, "properties": {"kab_kota": "BENGKAYANG", "kecamatan": "Teriak", "desa": "Sumber Karya", "tanggal": "2026-08-11", "timestamp": "2026-08-11T13:18:00+07:00", "satelit": "NASA-NOAA20", "confidence": "Medium"}}, {"type": "Feature", "geometry": {"type": "Point", "coordinates": [109.62148, 0.76222]}, "properties": {"kab_kota": "BENGKAYANG", "kecamatan": "Teriak", "desa": "Sumber Karya", "tanggal": "2026-08-11", "timestamp": "2026-08-11T13:18:00+07:00", "satelit": "NASA-NOAA20", "confidence": "Medium"}}, {"type": "Feature", "geometry": {"type": "Point", "coordinates": [109.67426, 0.75376]}, "properties": {"kab_kota": "BENGKAYANG", "kecamatan": "Teriak", "desa": "Sumber Karya", "tanggal": "2026-08-12", "timestamp": "2026-08-12T12:57:00+07:00", "satelit": "NASA-NOAA20", "confidence": "Medium"}}, {"type": "Feature", "geometry": {"type": "Point", "coordinates": [109.67445, 0.7563]}, "properties": {"kab_kota": "BENGKAYANG", "kecamatan": "Teriak", "desa": "Sumber Karya", "tanggal": "2026-08-12", "timestamp": "2026-08-12T12:57:00+07:00", "satelit": "NASA-NOAA20", "confidence": "Medium"}}, {"type": "Feature", "geometry": {"type": "Point", "coordinates": [109.67374, 0.75733]}, "properties": {"kab_kota": "BENGKAYANG", "kecamatan": "Teriak", "desa": "Sumber Karya", "tanggal": "2026-08-12", "timestamp": "2026-08-12T12:57:00+07:00", "satelit": "NASA-NOAA20", "confidence": "Medium"}}, {"type": "Feature", "geometry": {"type": "Point", "coordinates": [109.5942, 0.73615]}, "properties": {"kab_kota": "BENGKAYANG", "kecamatan": "Teriak", "desa": "Sumber Karya", "tanggal": "2026-08-20", "timestamp": "2026-08-20T13:50:00+07:00", "satelit": "NASA-NOAA20", "confidence": "Medium"}}, {"type": "Feature", "geometry": {"type": "Point", "coordinates": [109.59796, 0.73673]}, "properties": {"kab_kota": "BENGKAYANG", "kecamatan": "Teriak", "desa": "Sumber Karya", "tanggal": "2026-08-20", "timestamp": "2026-08-20T13:50:00+07:00", "satelit": "NASA-NOAA20", "confidence": "Medium"}}, {"type": "Feature", "geometry": {"type": "Point", "coordinates": [109.65736, 0.74013]}, "properties": {"kab_kota": "BENGKAYANG", "kecamatan": "Teriak", "desa": "Sumber Karya", "tanggal": "2026-08-20", "timestamp": "2026-08-20T13:50:00+07:00", "satelit": "NASA-NOAA20", "confidence": "Medium"}}, {"type": "Feature", "geometry": {"type": "Point", "coordinates": [109.65555, 0.77978]}, "properties": {"kab_kota": "BENGKAYANG", "kecamatan": "Teriak", "desa": "Sumber Karya", "tanggal": "2026-08-20", "timestamp": "2026-08-20T13:50:00+07:00", "satelit": "NASA-NOAA20", "confidence": "Medium"}}, {"type": "Feature", "geometry": {"type": "Point", "coordinates": [109.61633, 0.74537]}, "properties": {"kab_kota": "BENGKAYANG", "kecamatan": "Teriak", "desa": "Sumber Karya", "tanggal": "2026-08-21", "timestamp": "2026-08-21T13:29:00+07:00", "satelit": "NASA-NOAA20", "confidence": "Medium"}}, {"type": "Feature", "geometry": {"type": "Point", "coordinates": [109.66455, 0.78152]}, "properties": {"kab_kota": "BENGKAYANG", "kecamatan": "Teriak", "desa": "Sumber Karya", "tanggal": "2026-08-21", "timestamp": "2026-08-21T13:29:00+07:00", "satelit": "NASA-NOAA20", "confidence": "Medium"}}, {"type": "Feature", "geometry": {"type": "Point", "coordinates": [109.66803, 0.78205]}, "properties": {"kab_kota": "BENGKAYANG", "kecamatan": "Teriak", "desa": "Sumber Karya", "tanggal": "2026-08-21", "timestamp": "2026-08-21T13:29:00+07:00", "satelit": "NASA-NOAA20", "confidence": "Medium"}}, {"type": "Feature", "geometry": {"type": "Point", "coordinates": [109.66742, 0.78608]}, "properties": {"kab_kota": "BENGKAYANG", "kecamatan": "Teriak", "desa": "Sumber Karya", "tanggal": "2026-08-21", "timestamp": "2026-08-21T13:29:00+07:00", "satelit": "NASA-NOAA20", "confidence": "Medium"}}, {"type": "Feature", "geometry": {"type": "Point", "coordinates": [109.61098, 0.73597]}, "properties": {"kab_kota": "BENGKAYANG", "kecamatan": "Teriak", "desa": "Sumber Karya", "tanggal": "2026-08-22", "timestamp": "2026-08-22T13:12:00+07:00", "satelit": "NASA-NOAA20", "confidence": "Medium"}}, {"type": "Feature", "geometry": {"type": "Point", "coordinates": [109.63946, 0.74743]}, "properties": {"kab_kota": "BENGKAYANG", "kecamatan": "Teriak", "desa": "Sumber Karya", "tanggal": "2026-08-22", "timestamp": "2026-08-22T13:12:00+07:00", "satelit": "NASA-NOAA20", "confidence": "Medium"}}, {"type": "Feature", "geometry": {"type": "Point", "coordinates": [109.64975, 0.749]}, "properties": {"kab_kota": "BENGKAYANG", "kecamatan": "Teriak", "desa": "Sumber Karya", "tanggal": "2026-08-22", "timestamp": "2026-08-22T13:12:00+07:00", "satelit": "NASA-NOAA20", "confidence": "Medium"}}, {"type": "Feature", "geometry": {"type": "Point", "coordinates": [109.64925, 0.7523]}, "properties": {"kab_kota": "BENGKAYANG", "kecamatan": "Teriak", "desa": "Sumber Karya", "tanggal": "2026-08-22", "timestamp": "2026-08-22T13:12:00+07:00", "satelit": "NASA-NOAA20", "confidence": "Medium"}}, {"type": "Feature", "geometry": {"type": "Point", "coordinates": [109.56686, 0.83923]}, "properties": {"kab_kota": "BENGKAYANG", "kecamatan": "Teriak", "desa": "Tanjung", "tanggal": "2026-08-20", "timestamp": "2026-08-20T13:50:00+07:00", "satelit": "NASA-NOAA20", "confidence": "Medium"}}, {"type": "Feature", "geometry": {"type": "Point", "coordinates": [109.63113, 0.80382]}, "properties": {"kab_kota": "BENGKAYANG", "kecamatan": "Teriak", "desa": "Telidik", "tanggal": "2026-08-19", "timestamp": "2026-08-19T12:27:00+07:00", "satelit": "NASA-NOAA20", "confidence": "Medium"}}, {"type": "Feature", "geometry": {"type": "Point", "coordinates": [109.63559, 0.80453]}, "properties": {"kab_kota": "BENGKAYANG", "kecamatan": "Teriak", "desa": "Telidik", "tanggal": "2026-08-19", "timestamp": "2026-08-19T12:27:00+07:00", "satelit": "NASA-NOAA20", "confidence": "Medium"}}, {"type": "Feature", "geometry": {"type": "Point", "coordinates": [109.63528, 0.79372]}, "properties": {"kab_kota": "BENGKAYANG", "kecamatan": "Teriak", "desa": "Telidik", "tanggal": "2026-08-20", "timestamp": "2026-08-20T13:50:00+07:00", "satelit": "NASA-NOAA20", "confidence": "Medium"}}, {"type": "Feature", "geometry": {"type": "Point", "coordinates": [109.64014, 0.79913]}, "properties": {"kab_kota": "BENGKAYANG", "kecamatan": "Teriak", "desa": "Telidik", "tanggal": "2026-08-20", "timestamp": "2026-08-20T13:50:00+07:00", "satelit": "NASA-NOAA20", "confidence": "Medium"}}, {"type": "Feature", "geometry": {"type": "Point", "coordinates": [109.63937, 0.80471]}, "properties": {"kab_kota": "BENGKAYANG", "kecamatan": "Teriak", "desa": "Telidik", "tanggal": "2026-08-20", "timestamp": "2026-08-20T13:50:00+07:00", "satelit": "NASA-NOAA20", "confidence": "Medium"}}, {"type": "Feature", "geometry": {"type": "Point", "coordinates": [109.64303, 0.80526]}, "properties": {"kab_kota": "BENGKAYANG", "kecamatan": "Teriak", "desa": "Telidik", "tanggal": "2026-08-20", "timestamp": "2026-08-20T13:50:00+07:00", "satelit": "NASA-NOAA20", "confidence": "Medium"}}, {"type": "Feature", "geometry": {"type": "Point", "coordinates": [109.645, 0.81696]}, "properties": {"kab_kota": "BENGKAYANG", "kecamatan": "Teriak", "desa": "Telidik", "tanggal": "2026-08-20", "timestamp": "2026-08-20T13:50:00+07:00", "satelit": "NASA-NOAA20", "confidence": "Medium"}}, {"type": "Feature", "geometry": {"type": "Point", "coordinates": [109.64302, 0.81775]}, "properties": {"kab_kota": "BENGKAYANG", "kecamatan": "Teriak", "desa": "Telidik", "tanggal": "2026-08-20", "timestamp": "2026-08-20T13:50:00+07:00", "satelit": "NASA-NOAA20", "confidence": "Medium"}}, {"type": "Feature", "geometry": {"type": "Point", "coordinates": [109.64671, 0.81833]}, "properties": {"kab_kota": "BENGKAYANG", "kecamatan": "Teriak", "desa": "Telidik", "tanggal": "2026-08-20", "timestamp": "2026-08-20T13:50:00+07:00", "satelit": "NASA-NOAA20", "confidence": "Medium"}}, {"type": "Feature", "geometry": {"type": "Point", "coordinates": [109.62614, 0.78935]}, "properties": {"kab_kota": "BENGKAYANG", "kecamatan": "Teriak", "desa": "Telidik", "tanggal": "2026-08-22", "timestamp": "2026-08-22T13:12:00+07:00", "satelit": "NASA-NOAA20", "confidence": "Medium"}}, {"type": "Feature", "geometry": {"type": "Point", "coordinates": [109.56055, 0.73009]}, "properties": {"kab_kota": "BENGKAYANG", "kecamatan": "Teriak", "desa": "Temia Sio", "tanggal": "2026-08-09", "timestamp": "2026-08-09T13:57:00+07:00", "satelit": "NASA-NOAA20", "confidence": "Medium"}}, {"type": "Feature", "geometry": {"type": "Point", "coordinates": [109.56463, 0.73072]}, "properties": {"kab_kota": "BENGKAYANG", "kecamatan": "Teriak", "desa": "Temia Sio", "tanggal": "2026-08-09", "timestamp": "2026-08-09T13:57:00+07:00", "satelit": "NASA-NOAA20", "confidence": "Medium"}}, {"type": "Feature", "geometry": {"type": "Point", "coordinates": [109.54562, 0.74003]}, "properties": {"kab_kota": "BENGKAYANG", "kecamatan": "Teriak", "desa": "Teriak", "tanggal": "2026-08-20", "timestamp": "2026-08-20T13:50:00+07:00", "satelit": "NASA-NOAA20", "confidence": "Medium"}}, {"type": "Feature", "geometry": {"type": "Point", "coordinates": [109.58736, 0.75781]}, "properties": {"kab_kota": "BENGKAYANG", "kecamatan": "Teriak", "desa": "Tubajur", "tanggal": "2026-08-20", "timestamp": "2026-08-20T13:50:00+07:00", "satelit": "NASA-NOAA20", "confidence": "Medium"}}, {"type": "Feature", "geometry": {"type": "Point", "coordinates": [109.78381, 1.04878]}, "properties": {"kab_kota": "BENGKAYANG", "kecamatan": "Tujuh Belas", "desa": "Bengkilu", "tanggal": "2026-08-07", "timestamp": "2026-08-07T12:53:00+07:00", "satelit": "NASA-NOAA20", "confidence": "Medium"}}, {"type": "Feature", "geometry": {"type": "Point", "coordinates": [109.76293, 1.06167]}, "properties": {"kab_kota": "BENGKAYANG", "kecamatan": "Tujuh Belas", "desa": "Bengkilu", "tanggal": "2026-08-10", "timestamp": "2026-08-10T13:35:00+07:00", "satelit": "NASA-NOAA20", "confidence": "Medium"}}, {"type": "Feature", "geometry": {"type": "Point", "coordinates": [109.73752, 1.04245]}, "properties": {"kab_kota": "BENGKAYANG", "kecamatan": "Tujuh Belas", "desa": "Bengkilu", "tanggal": "2026-08-31", "timestamp": "2026-08-31T13:44:00+07:00", "satelit": "NASA-NOAA20", "confidence": "Medium"}}, {"type": "Feature", "geometry": {"type": "Point", "coordinates": [109.68508, 1.0242]}, "properties": {"kab_kota": "BENGKAYANG", "kecamatan": "Tujuh Belas", "desa": "Kamuh", "tanggal": "2026-08-01", "timestamp": "2026-08-01T13:05:00+07:00", "satelit": "NASA-NOAA20", "confidence": "Medium"}}, {"type": "Feature", "geometry": {"type": "Point", "coordinates": [109.71516, 1.01189]}, "properties": {"kab_kota": "BENGKAYANG", "kecamatan": "Tujuh Belas", "desa": "Kamuh", "tanggal": "2026-08-08", "timestamp": "2026-08-08T12:33:00+07:00", "satelit": "NASA-NOAA20", "confidence": "Medium"}}, {"type": "Feature", "geometry": {"type": "Point", "coordinates": [109.71672, 1.0418]}, "properties": {"kab_kota": "BENGKAYANG", "kecamatan": "Tujuh Belas", "desa": "Kamuh", "tanggal": "2026-08-09", "timestamp": "2026-08-09T13:57:00+07:00", "satelit": "NASA-NOAA20", "confidence": "Medium"}}, {"type": "Feature", "geometry": {"type": "Point", "coordinates": [109.71578, 1.04336]}, "properties": {"kab_kota": "BENGKAYANG", "kecamatan": "Tujuh Belas", "desa": "Kamuh", "tanggal": "2026-08-09", "timestamp": "2026-08-09T13:57:00+07:00", "satelit": "NASA-NOAA20", "confidence": "Medium"}}, {"type": "Feature", "geometry": {"type": "Point", "coordinates": [109.69969, 1.01351]}, "properties": {"kab_kota": "BENGKAYANG", "kecamatan": "Tujuh Belas", "desa": "Kamuh", "tanggal": "2026-08-10", "timestamp": "2026-08-10T13:35:00+07:00", "satelit": "NASA-NOAA20", "confidence": "Medium"}}, {"type": "Feature", "geometry": {"type": "Point", "coordinates": [109.71519, 1.02977]}, "properties": {"kab_kota": "BENGKAYANG", "kecamatan": "Tujuh Belas", "desa": "Kamuh", "tanggal": "2026-08-10", "timestamp": "2026-08-10T13:35:00+07:00", "satelit": "NASA-NOAA20", "confidence": "Medium"}}, {"type": "Feature", "geometry": {"type": "Point", "coordinates": [109.67044, 1.0251]}, "properties": {"kab_kota": "BENGKAYANG", "kecamatan": "Tujuh Belas", "desa": "Kamuh", "tanggal": "2026-08-20", "timestamp": "2026-08-20T13:50:00+07:00", "satelit": "NASA-NOAA20", "confidence": "Medium"}}, {"type": "Feature", "geometry": {"type": "Point", "coordinates": [109.67413, 1.02568]}, "properties": {"kab_kota": "BENGKAYANG", "kecamatan": "Tujuh Belas", "desa": "Kamuh", "tanggal": "2026-08-20", "timestamp": "2026-08-20T13:50:00+07:00", "satelit": "NASA-NOAA20", "confidence": "Medium"}}, {"type": "Feature", "geometry": {"type": "Point", "coordinates": [109.67039, 1.02918]}, "properties": {"kab_kota": "BENGKAYANG", "kecamatan": "Tujuh Belas", "desa": "Kamuh", "tanggal": "2026-08-20", "timestamp": "2026-08-20T13:50:00+07:00", "satelit": "NASA-NOAA20", "confidence": "Medium"}}, {"type": "Feature", "geometry": {"type": "Point", "coordinates": [109.77454, 1.03454]}, "properties": {"kab_kota": "BENGKAYANG", "kecamatan": "Tujuh Belas", "desa": "Pisak", "tanggal": "2026-08-06", "timestamp": "2026-08-06T13:12:00+07:00", "satelit": "NASA-NOAA20", "confidence": "Medium"}}, {"type": "Feature", "geometry": {"type": "Point", "coordinates": [109.85036, 1.02567]}, "properties": {"kab_kota": "BENGKAYANG", "kecamatan": "Tujuh Belas", "desa": "Pisak", "tanggal": "2026-08-07", "timestamp": "2026-08-07T12:53:00+07:00", "satelit": "NASA-NOAA20", "confidence": "Medium"}}, {"type": "Feature", "geometry": {"type": "Point", "coordinates": [109.84728, 1.02717]}, "properties": {"kab_kota": "BENGKAYANG", "kecamatan": "Tujuh Belas", "desa": "Pisak", "tanggal": "2026-08-07", "timestamp": "2026-08-07T12:53:00+07:00", "satelit": "NASA-NOAA20", "confidence": "Medium"}}, {"type": "Feature", "geometry": {"type": "Point", "coordinates": [109.77586, 1.03568]}, "properties": {"kab_kota": "BENGKAYANG", "kecamatan": "Tujuh Belas", "desa": "Pisak", "tanggal": "2026-08-07", "timestamp": "2026-08-07T12:53:00+07:00", "satelit": "NASA-NOAA20", "confidence": "Medium"}}, {"type": "Feature", "geometry": {"type": "Point", "coordinates": [109.80763, 1.05644]}, "properties": {"kab_kota": "BENGKAYANG", "kecamatan": "Tujuh Belas", "desa": "Pisak", "tanggal": "2026-08-07", "timestamp": "2026-08-07T12:53:00+07:00", "satelit": "NASA-NOAA20", "confidence": "Medium"}}, {"type": "Feature", "geometry": {"type": "Point", "coordinates": [109.74886, 1.07898]}, "properties": {"kab_kota": "BENGKAYANG", "kecamatan": "Tujuh Belas", "desa": "Pisak", "tanggal": "2026-08-07", "timestamp": "2026-08-07T12:53:00+07:00", "satelit": "NASA-NOAA20", "confidence": "Medium"}}, {"type": "Feature", "geometry": {"type": "Point", "coordinates": [109.84723, 1.03318]}, "properties": {"kab_kota": "BENGKAYANG", "kecamatan": "Tujuh Belas", "desa": "Pisak", "tanggal": "2026-08-08", "timestamp": "2026-08-08T12:33:00+07:00", "satelit": "NASA-NOAA20", "confidence": "Medium"}}, {"type": "Feature", "geometry": {"type": "Point", "coordinates": [109.783, 1.03375]}, "properties": {"kab_kota": "BENGKAYANG", "kecamatan": "Tujuh Belas", "desa": "Pisak", "tanggal": "2026-08-08", "timestamp": "2026-08-08T12:33:00+07:00", "satelit": "NASA-NOAA20", "confidence": "Medium"}}, {"type": "Feature", "geometry": {"type": "Point", "coordinates": [109.78961, 1.05665]}, "properties": {"kab_kota": "BENGKAYANG", "kecamatan": "Tujuh Belas", "desa": "Pisak", "tanggal": "2026-08-08", "timestamp": "2026-08-08T12:33:00+07:00", "satelit": "NASA-NOAA20", "confidence": "Medium"}}, {"type": "Feature", "geometry": {"type": "Point", "coordinates": [109.84582, 1.07645]}, "properties": {"kab_kota": "BENGKAYANG", "kecamatan": "Tujuh Belas", "desa": "Pisak", "tanggal": "2026-08-08", "timestamp": "2026-08-08T12:33:00+07:00", "satelit": "NASA-NOAA20", "confidence": "Medium"}}, {"type": "Feature", "geometry": {"type": "Point", "coordinates": [109.73222, 1.1023]}, "properties": {"kab_kota": "BENGKAYANG", "kecamatan": "Tujuh Belas", "desa": "Pisak", "tanggal": "2026-08-08", "timestamp": "2026-08-08T12:33:00+07:00", "satelit": "NASA-NOAA20", "confidence": "Medium"}}, {"type": "Feature", "geometry": {"type": "Point", "coordinates": [109.83113, 1.02905]}, "properties": {"kab_kota": "BENGKAYANG", "kecamatan": "Tujuh Belas", "desa": "Pisak", "tanggal": "2026-08-09", "timestamp": "2026-08-09T12:16:00+07:00", "satelit": "NASA-NOAA20", "confidence": "Medium"}}, {"type": "Feature", "geometry": {"type": "Point", "coordinates": [109.80894, 1.07977]}, "properties": {"kab_kota": "BENGKAYANG", "kecamatan": "Tujuh Belas", "desa": "Pisak", "tanggal": "2026-08-09", "timestamp": "2026-08-09T12:16:00+07:00", "satelit": "NASA-NOAA20", "confidence": "Medium"}}, {"type": "Feature", "geometry": {"type": "Point", "coordinates": [109.81728, 1.04411]}, "properties": {"kab_kota": "BENGKAYANG", "kecamatan": "Tujuh Belas", "desa": "Pisak", "tanggal": "2026-08-09", "timestamp": "2026-08-09T13:57:00+07:00", "satelit": "NASA-NOAA20", "confidence": "Medium"}}, {"type": "Feature", "geometry": {"type": "Point", "coordinates": [109.76805, 1.01014]}, "properties": {"kab_kota": "BENGKAYANG", "kecamatan": "Tujuh Belas", "desa": "Pisak", "tanggal": "2026-08-10", "timestamp": "2026-08-10T13:35:00+07:00", "satelit": "NASA-NOAA20", "confidence": "Medium"}}, {"type": "Feature", "geometry": {"type": "Point", "coordinates": [109.7861, 1.0129]}, "properties": {"kab_kota": "BENGKAYANG", "kecamatan": "Tujuh Belas", "desa": "Pisak", "tanggal": "2026-08-10", "timestamp": "2026-08-10T13:35:00+07:00", "satelit": "NASA-NOAA20", "confidence": "Medium"}}, {"type": "Feature", "geometry": {"type": "Point", "coordinates": [109.79041, 1.01356]}, "properties": {"kab_kota": "BENGKAYANG", "kecamatan": "Tujuh Belas", "desa": "Pisak", "tanggal": "2026-08-10", "timestamp": "2026-08-10T13:35:00+07:00", "satelit": "NASA-NOAA20", "confidence": "Medium"}}, {"type": "Feature", "geometry": {"type": "Point", "coordinates": [109.7574, 1.02241]}, "properties": {"kab_kota": "BENGKAYANG", "kecamatan": "Tujuh Belas", "desa": "Pisak", "tanggal": "2026-08-10", "timestamp": "2026-08-10T13:35:00+07:00", "satelit": "NASA-NOAA20", "confidence": "Medium"}}, {"type": "Feature", "geometry": {"type": "Point", "coordinates": [109.76186, 1.02309]}, "properties": {"kab_kota": "BENGKAYANG", "kecamatan": "Tujuh Belas", "desa": "Pisak", "tanggal": "2026-08-10", "timestamp": "2026-08-10T13:35:00+07:00", "satelit": "NASA-NOAA20", "confidence": "Medium"}}, {"type": "Feature", "geometry": {"type": "Point", "coordinates": [109.78413, 1.02653]}, "properties": {"kab_kota": "BENGKAYANG", "kecamatan": "Tujuh Belas", "desa": "Pisak", "tanggal": "2026-08-10", "timestamp": "2026-08-10T13:35:00+07:00", "satelit": "NASA-NOAA20", "confidence": "Medium"}}, {"type": "Feature", "geometry": {"type": "Point", "coordinates": [109.79382, 1.05591]}, "properties": {"kab_kota": "BENGKAYANG", "kecamatan": "Tujuh Belas", "desa": "Pisak", "tanggal": "2026-08-10", "timestamp": "2026-08-10T13:35:00+07:00", "satelit": "NASA-NOAA20", "confidence": "Medium"}}, {"type": "Feature", "geometry": {"type": "Point", "coordinates": [109.79092, 1.05655]}, "properties": {"kab_kota": "BENGKAYANG", "kecamatan": "Tujuh Belas", "desa": "Pisak", "tanggal": "2026-08-10", "timestamp": "2026-08-10T13:35:00+07:00", "satelit": "NASA-NOAA20", "confidence": "Medium"}}, {"type": "Feature", "geometry": {"type": "Point", "coordinates": [109.86816, 1.06334]}, "properties": {"kab_kota": "BENGKAYANG", "kecamatan": "Tujuh Belas", "desa": "Pisak", "tanggal": "2026-08-10", "timestamp": "2026-08-10T13:35:00+07:00", "satelit": "NASA-NOAA20", "confidence": "Medium"}}, {"type": "Feature", "geometry": {"type": "Point", "coordinates": [109.76214, 1.10331]}, "properties": {"kab_kota": "BENGKAYANG", "kecamatan": "Tujuh Belas", "desa": "Pisak", "tanggal": "2026-08-10", "timestamp": "2026-08-10T13:35:00+07:00", "satelit": "NASA-NOAA20", "confidence": "Medium"}}, {"type": "Feature", "geometry": {"type": "Point", "coordinates": [109.74669, 1.11488]}, "properties": {"kab_kota": "BENGKAYANG", "kecamatan": "Tujuh Belas", "desa": "Pisak", "tanggal": "2026-08-10", "timestamp": "2026-08-10T13:35:00+07:00", "satelit": "NASA-NOAA20", "confidence": "Medium"}}, {"type": "Feature", "geometry": {"type": "Point", "coordinates": [109.80441, 1.04562]}, "properties": {"kab_kota": "BENGKAYANG", "kecamatan": "Tujuh Belas", "desa": "Pisak", "tanggal": "2026-08-11", "timestamp": "2026-08-11T13:18:00+07:00", "satelit": "NASA-NOAA20", "confidence": "Medium"}}, {"type": "Feature", "geometry": {"type": "Point", "coordinates": [109.80876, 1.03671]}, "properties": {"kab_kota": "BENGKAYANG", "kecamatan": "Tujuh Belas", "desa": "Pisak", "tanggal": "2026-08-21", "timestamp": "2026-08-21T13:29:00+07:00", "satelit": "NASA-NOAA20", "confidence": "Medium"}}, {"type": "Feature", "geometry": {"type": "Point", "coordinates": [109.70518, 1.08079]}, "properties": {"kab_kota": "BENGKAYANG", "kecamatan": "Tujuh Belas", "desa": "Sinar Tebudak", "tanggal": "2026-08-10", "timestamp": "2026-08-10T13:35:00+07:00", "satelit": "NASA-NOAA20", "confidence": "Medium"}}, {"type": "Feature", "geometry": {"type": "Point", "coordinates": [109.66975, 0.92649]}, "properties": {"kab_kota": "BENGKAYANG", "kecamatan": "Ledo", "desa": "Sidai", "tanggal": "2026-08-08", "timestamp": "2026-08-08T13:57:00+07:00", "satelit": "NASA-SNPP", "confidence": "High"}}, {"type": "Feature", "geometry": {"type": "Point", "coordinates": [109.83845, 1.29319]}, "properties": {"kab_kota": "BENGKAYANG", "kecamatan": "Seluas", "desa": "Seluas", "tanggal": "2026-08-18", "timestamp": "2026-08-18T14:07:00+07:00", "satelit": "NASA-SNPP", "confidence": "High"}}, {"type": "Feature", "geometry": {"type": "Point", "coordinates": [109.95531, 1.21125]}, "properties": {"kab_kota": "BENGKAYANG", "kecamatan": "Siding", "desa": "Hli Buie", "tanggal": "2026-08-23", "timestamp": "2026-08-23T12:33:00+07:00", "satelit": "NASA-SNPP", "confidence": "High"}}, {"type": "Feature", "geometry": {"type": "Point", "coordinates": [110.00417, 1.21497]}, "properties": {"kab_kota": "BENGKAYANG", "kecamatan": "Siding", "desa": "Siding", "tanggal": "2026-08-24", "timestamp": "2026-08-24T13:57:00+07:00", "satelit": "NASA-SNPP", "confidence": "High"}}, {"type": "Feature", "geometry": {"type": "Point", "coordinates": [109.94138, 1.13658]}, "properties": {"kab_kota": "BENGKAYANG", "kecamatan": "Siding", "desa": "Tamong", "tanggal": "2026-08-07", "timestamp": "2026-08-07T12:33:00+07:00", "satelit": "NASA-SNPP", "confidence": "High"}}, {"type": "Feature", "geometry": {"type": "Point", "coordinates": [110.0454, 1.16945]}, "properties": {"kab_kota": "BENGKAYANG", "kecamatan": "Siding", "desa": "Tangguh", "tanggal": "2026-08-07", "timestamp": "2026-08-07T12:33:00+07:00", "satelit": "NASA-SNPP", "confidence": "High"}}, {"type": "Feature", "geometry": {"type": "Point", "coordinates": [110.04729, 1.17136]}, "properties": {"kab_kota": "BENGKAYANG", "kecamatan": "Siding", "desa": "Tangguh", "tanggal": "2026-08-07", "timestamp": "2026-08-07T12:33:00+07:00", "satelit": "NASA-SNPP", "confidence": "High"}}, {"type": "Feature", "geometry": {"type": "Point", "coordinates": [108.90543, 0.77404]}, "properties": {"kab_kota": "BENGKAYANG", "kecamatan": "Sungai Raya Kepulauan", "desa": "Karimunting", "tanggal": "2026-08-25", "timestamp": "2026-08-25T00:56:00+07:00", "satelit": "NASA-SNPP", "confidence": "High"}}, {"type": "Feature", "geometry": {"type": "Point", "coordinates": [108.90777, 0.77386]}, "properties": {"kab_kota": "BENGKAYANG", "kecamatan": "Sungai Raya Kepulauan", "desa": "Karimunting", "tanggal": "2026-08-25", "timestamp": "2026-08-25T13:35:00+07:00", "satelit": "NASA-SNPP", "confidence": "High"}}, {"type": "Feature", "geometry": {"type": "Point", "coordinates": [108.90794, 0.77501]}, "properties": {"kab_kota": "BENGKAYANG", "kecamatan": "Sungai Raya Kepulauan", "desa": "Karimunting", "tanggal": "2026-08-26", "timestamp": "2026-08-26T13:18:00+07:00", "satelit": "NASA-SNPP", "confidence": "High"}}, {"type": "Feature", "geometry": {"type": "Point", "coordinates": [108.90744, 0.77835]}, "properties": {"kab_kota": "BENGKAYANG", "kecamatan": "Sungai Raya Kepulauan", "desa": "Karimunting", "tanggal": "2026-08-26", "timestamp": "2026-08-26T13:18:00+07:00", "satelit": "NASA-SNPP", "confidence": "High"}}, {"type": "Feature", "geometry": {"type": "Point", "coordinates": [109.50629, 0.77843]}, "properties": {"kab_kota": "BENGKAYANG", "kecamatan": "Teriak", "desa": "Dharma Bhakti", "tanggal": "2026-08-24", "timestamp": "2026-08-24T13:57:00+07:00", "satelit": "NASA-SNPP", "confidence": "High"}}, {"type": "Feature", "geometry": {"type": "Point", "coordinates": [109.62779, 0.77488]}, "properties": {"kab_kota": "BENGKAYANG", "kecamatan": "Teriak", "desa": "Sumber Karya", "tanggal": "2026-08-07", "timestamp": "2026-08-07T12:33:00+07:00", "satelit": "NASA-SNPP", "confidence": "High"}}, {"type": "Feature", "geometry": {"type": "Point", "coordinates": [109.62402, 0.75537]}, "properties": {"kab_kota": "BENGKAYANG", "kecamatan": "Teriak", "desa": "Sumber Karya", "tanggal": "2026-08-08", "timestamp": "2026-08-08T13:57:00+07:00", "satelit": "NASA-SNPP", "confidence": "High"}}, {"type": "Feature", "geometry": {"type": "Point", "coordinates": [109.62533, 0.75741]}, "properties": {"kab_kota": "BENGKAYANG", "kecamatan": "Teriak", "desa": "Sumber Karya", "tanggal": "2026-08-08", "timestamp": "2026-08-08T13:57:00+07:00", "satelit": "NASA-SNPP", "confidence": "High"}}, {"type": "Feature", "geometry": {"type": "Point", "coordinates": [109.92744, 1.35386]}, "properties": {"kab_kota": "BENGKAYANG", "kecamatan": "Jagoi Babang", "desa": "Jagoi", "tanggal": "2026-08-19", "timestamp": "2026-08-19T13:50:00+07:00", "satelit": "NASA-SNPP", "confidence": "Low"}}, {"type": "Feature", "geometry": {"type": "Point", "coordinates": [109.63737, 1.01493]}, "properties": {"kab_kota": "BENGKAYANG", "kecamatan": "Ledo", "desa": "Dayung", "tanggal": "2026-08-23", "timestamp": "2026-08-23T12:33:00+07:00", "satelit": "NASA-SNPP", "confidence": "Low"}}, {"type": "Feature", "geometry": {"type": "Point", "coordinates": [109.55029, 1.06349]}, "properties": {"kab_kota": "BENGKAYANG", "kecamatan": "Ledo", "desa": "Semangat", "tanggal": "2026-08-20", "timestamp": "2026-08-20T13:29:00+07:00", "satelit": "NASA-SNPP", "confidence": "Low"}}, {"type": "Feature", "geometry": {"type": "Point", "coordinates": [109.53455, 1.05222]}, "properties": {"kab_kota": "BENGKAYANG", "kecamatan": "Ledo", "desa": "Serangkat", "tanggal": "2026-08-09", "timestamp": "2026-08-09T13:35:00+07:00", "satelit": "NASA-SNPP", "confidence": "Low"}}, {"type": "Feature", "geometry": {"type": "Point", "coordinates": [109.54514, 1.06288]}, "properties": {"kab_kota": "BENGKAYANG", "kecamatan": "Ledo", "desa": "Serangkat", "tanggal": "2026-08-23", "timestamp": "2026-08-23T12:33:00+07:00", "satelit": "NASA-SNPP", "confidence": "Low"}}, {"type": "Feature", "geometry": {"type": "Point", "coordinates": [109.29443, 0.8339]}, "properties": {"kab_kota": "BENGKAYANG", "kecamatan": "Samalantan", "desa": "Babane", "tanggal": "2026-08-09", "timestamp": "2026-08-09T13:35:00+07:00", "satelit": "NASA-SNPP", "confidence": "Low"}}, {"type": "Feature", "geometry": {"type": "Point", "coordinates": [109.69033, 1.21009]}, "properties": {"kab_kota": "BENGKAYANG", "kecamatan": "Sanggau Ledo", "desa": "Sango", "tanggal": "2026-08-19", "timestamp": "2026-08-19T13:50:00+07:00", "satelit": "NASA-SNPP", "confidence": "Low"}}, {"type": "Feature", "geometry": {"type": "Point", "coordinates": [109.728, 1.20566]}, "properties": {"kab_kota": "BENGKAYANG", "kecamatan": "Sanggau Ledo", "desa": "Sango", "tanggal": "2026-08-21", "timestamp": "2026-08-21T13:12:00+07:00", "satelit": "NASA-SNPP", "confidence": "Low"}}, {"type": "Feature", "geometry": {"type": "Point", "coordinates": [109.86029, 1.10291]}, "properties": {"kab_kota": "BENGKAYANG", "kecamatan": "Seluas", "desa": "Bengkawan", "tanggal": "2026-08-09", "timestamp": "2026-08-09T13:35:00+07:00", "satelit": "NASA-SNPP", "confidence": "Low"}}, {"type": "Feature", "geometry": {"type": "Point", "coordinates": [109.84293, 1.07861]}, "properties": {"kab_kota": "BENGKAYANG", "kecamatan": "Seluas", "desa": "Sahan", "tanggal": "2026-08-10", "timestamp": "2026-08-10T13:18:00+07:00", "satelit": "NASA-SNPP", "confidence": "Low"}}, {"type": "Feature", "geometry": {"type": "Point", "coordinates": [109.83404, 1.11473]}, "properties": {"kab_kota": "BENGKAYANG", "kecamatan": "Seluas", "desa": "Sahan", "tanggal": "2026-08-10", "timestamp": "2026-08-10T13:18:00+07:00", "satelit": "NASA-SNPP", "confidence": "Low"}}, {"type": "Feature", "geometry": {"type": "Point", "coordinates": [110.02812, 1.27877]}, "properties": {"kab_kota": "BENGKAYANG", "kecamatan": "Siding", "desa": "Siding", "tanggal": "2026-08-10", "timestamp": "2026-08-10T13:18:00+07:00", "satelit": "NASA-SNPP", "confidence": "Low"}}, {"type": "Feature", "geometry": {"type": "Point", "coordinates": [109.97413, 1.12595]}, "properties": {"kab_kota": "BENGKAYANG", "kecamatan": "Siding", "desa": "Tamong", "tanggal": "2026-08-10", "timestamp": "2026-08-10T13:18:00+07:00", "satelit": "NASA-SNPP", "confidence": "Low"}}, {"type": "Feature", "geometry": {"type": "Point", "coordinates": [109.9197, 1.15432]}, "properties": {"kab_kota": "BENGKAYANG", "kecamatan": "Siding", "desa": "Tamong", "tanggal": "2026-08-10", "timestamp": "2026-08-10T13:18:00+07:00", "satelit": "NASA-SNPP", "confidence": "Low"}}, {"type": "Feature", "geometry": {"type": "Point", "coordinates": [109.40746, 0.78815]}, "properties": {"kab_kota": "BENGKAYANG", "kecamatan": "Sungai Betung", "desa": "Karya Bhakti", "tanggal": "2026-08-09", "timestamp": "2026-08-09T13:35:00+07:00", "satelit": "NASA-SNPP", "confidence": "Low"}}, {"type": "Feature", "geometry": {"type": "Point", "coordinates": [108.96616, 0.54102]}, "properties": {"kab_kota": "BENGKAYANG", "kecamatan": "Sungai Raya", "desa": "Sungai Duri", "tanggal": "2026-08-09", "timestamp": "2026-08-09T13:35:00+07:00", "satelit": "NASA-SNPP", "confidence": "Low"}}, {"type": "Feature", "geometry": {"type": "Point", "coordinates": [108.97033, 0.54559]}, "properties": {"kab_kota": "BENGKAYANG", "kecamatan": "Sungai Raya", "desa": "Sungai Duri", "tanggal": "2026-08-09", "timestamp": "2026-08-09T13:35:00+07:00", "satelit": "NASA-SNPP", "confidence": "Low"}}, {"type": "Feature", "geometry": {"type": "Point", "coordinates": [108.97231, 0.58038]}, "properties": {"kab_kota": "BENGKAYANG", "kecamatan": "Sungai Raya", "desa": "Sungai Jaga A", "tanggal": "2026-08-10", "timestamp": "2026-08-10T13:18:00+07:00", "satelit": "NASA-SNPP", "confidence": "Low"}}, {"type": "Feature", "geometry": {"type": "Point", "coordinates": [108.90733, 0.77772]}, "properties": {"kab_kota": "BENGKAYANG", "kecamatan": "Sungai Raya Kepulauan", "desa": "Karimunting", "tanggal": "2026-08-31", "timestamp": "2026-08-31T13:22:00+07:00", "satelit": "NASA-SNPP", "confidence": "Low"}}, {"type": "Feature", "geometry": {"type": "Point", "coordinates": [109.74922, 0.85138]}, "properties": {"kab_kota": "BENGKAYANG", "kecamatan": "Suti Semarang", "desa": "Muhi Bersatu", "tanggal": "2026-08-02", "timestamp": "2026-08-02T12:27:00+07:00", "satelit": "NASA-SNPP", "confidence": "Low"}}, {"type": "Feature", "geometry": {"type": "Point", "coordinates": [109.74655, 0.89768]}, "properties": {"kab_kota": "BENGKAYANG", "kecamatan": "Suti Semarang", "desa": "Muhi Bersatu", "tanggal": "2026-08-21", "timestamp": "2026-08-21T13:12:00+07:00", "satelit": "NASA-SNPP", "confidence": "Low"}}, {"type": "Feature", "geometry": {"type": "Point", "coordinates": [109.74601, 0.90105]}, "properties": {"kab_kota": "BENGKAYANG", "kecamatan": "Suti Semarang", "desa": "Muhi Bersatu", "tanggal": "2026-08-21", "timestamp": "2026-08-21T13:12:00+07:00", "satelit": "NASA-SNPP", "confidence": "Low"}}, {"type": "Feature", "geometry": {"type": "Point", "coordinates": [109.61103, 0.82316]}, "properties": {"kab_kota": "BENGKAYANG", "kecamatan": "Teriak", "desa": "Puteng", "tanggal": "2026-08-20", "timestamp": "2026-08-20T13:29:00+07:00", "satelit": "NASA-SNPP", "confidence": "Low"}}, {"type": "Feature", "geometry": {"type": "Point", "coordinates": [109.61912, 0.7495]}, "properties": {"kab_kota": "BENGKAYANG", "kecamatan": "Teriak", "desa": "Sumber Karya", "tanggal": "2026-08-21", "timestamp": "2026-08-21T13:12:00+07:00", "satelit": "NASA-SNPP", "confidence": "Low"}}, {"type": "Feature", "geometry": {"type": "Point", "coordinates": [109.72601, 1.00968]}, "properties": {"kab_kota": "BENGKAYANG", "kecamatan": "Tujuh Belas", "desa": "Kamuh", "tanggal": "2026-08-10", "timestamp": "2026-08-10T13:18:00+07:00", "satelit": "NASA-SNPP", "confidence": "Low"}}, {"type": "Feature", "geometry": {"type": "Point", "coordinates": [109.69737, 1.01212]}, "properties": {"kab_kota": "BENGKAYANG", "kecamatan": "Tujuh Belas", "desa": "Kamuh", "tanggal": "2026-08-10", "timestamp": "2026-08-10T13:18:00+07:00", "satelit": "NASA-SNPP", "confidence": "Low"}}, {"type": "Feature", "geometry": {"type": "Point", "coordinates": [109.71954, 1.02912]}, "properties": {"kab_kota": "BENGKAYANG", "kecamatan": "Tujuh Belas", "desa": "Kamuh", "tanggal": "2026-08-10", "timestamp": "2026-08-10T13:18:00+07:00", "satelit": "NASA-SNPP", "confidence": "Low"}}, {"type": "Feature", "geometry": {"type": "Point", "coordinates": [109.70522, 1.03034]}, "properties": {"kab_kota": "BENGKAYANG", "kecamatan": "Tujuh Belas", "desa": "Kamuh", "tanggal": "2026-08-10", "timestamp": "2026-08-10T13:18:00+07:00", "satelit": "NASA-SNPP", "confidence": "Low"}}, {"type": "Feature", "geometry": {"type": "Point", "coordinates": [109.78573, 1.01198]}, "properties": {"kab_kota": "BENGKAYANG", "kecamatan": "Tujuh Belas", "desa": "Pisak", "tanggal": "2026-08-10", "timestamp": "2026-08-10T13:18:00+07:00", "satelit": "NASA-SNPP", "confidence": "Low"}}, {"type": "Feature", "geometry": {"type": "Point", "coordinates": [109.76933, 1.07417]}, "properties": {"kab_kota": "BENGKAYANG", "kecamatan": "Tujuh Belas", "desa": "Pisak", "tanggal": "2026-08-10", "timestamp": "2026-08-10T13:18:00+07:00", "satelit": "NASA-SNPP", "confidence": "Low"}}, {"type": "Feature", "geometry": {"type": "Point", "coordinates": [109.48085, 0.79967]}, "properties": {"kab_kota": "BENGKAYANG", "kecamatan": "Bengkayang", "desa": "Bhakti Mulya", "tanggal": "2026-08-20", "timestamp": "2026-08-20T13:29:00+07:00", "satelit": "NASA-SNPP", "confidence": "Medium"}}, {"type": "Feature", "geometry": {"type": "Point", "coordinates": [109.47347, 0.79596]}, "properties": {"kab_kota": "BENGKAYANG", "kecamatan": "Bengkayang", "desa": "Bhakti Mulya", "tanggal": "2026-08-24", "timestamp": "2026-08-24T13:57:00+07:00", "satelit": "NASA-SNPP", "confidence": "Medium"}}, {"type": "Feature", "geometry": {"type": "Point", "coordinates": [109.4901, 0.80463]}, "properties": {"kab_kota": "BENGKAYANG", "kecamatan": "Bengkayang", "desa": "Bhakti Mulya", "tanggal": "2026-08-31", "timestamp": "2026-08-31T13:22:00+07:00", "satelit": "NASA-SNPP", "confidence": "Medium"}}, {"type": "Feature", "geometry": {"type": "Point", "coordinates": [109.45779, 0.8123]}, "properties": {"kab_kota": "BENGKAYANG", "kecamatan": "Bengkayang", "desa": "Kelurahan Bumi Emas", "tanggal": "2026-08-22", "timestamp": "2026-08-22T12:53:00+07:00", "satelit": "NASA-SNPP", "confidence": "Medium"}}, {"type": "Feature", "geometry": {"type": "Point", "coordinates": [109.56242, 0.88022]}, "properties": {"kab_kota": "BENGKAYANG", "kecamatan": "Bengkayang", "desa": "Setia Budi", "tanggal": "2026-08-06", "timestamp": "2026-08-06T12:53:00+07:00", "satelit": "NASA-SNPP", "confidence": "Medium"}}, {"type": "Feature", "geometry": {"type": "Point", "coordinates": [109.55911, 0.90219]}, "properties": {"kab_kota": "BENGKAYANG", "kecamatan": "Bengkayang", "desa": "Setia Budi", "tanggal": "2026-08-06", "timestamp": "2026-08-06T12:53:00+07:00", "satelit": "NASA-SNPP", "confidence": "Medium"}}, {"type": "Feature", "geometry": {"type": "Point", "coordinates": [109.55907, 0.87382]}, "properties": {"kab_kota": "BENGKAYANG", "kecamatan": "Bengkayang", "desa": "Setia Budi", "tanggal": "2026-08-09", "timestamp": "2026-08-09T13:35:00+07:00", "satelit": "NASA-SNPP", "confidence": "Medium"}}, {"type": "Feature", "geometry": {"type": "Point", "coordinates": [109.56136, 0.88239]}, "properties": {"kab_kota": "BENGKAYANG", "kecamatan": "Bengkayang", "desa": "Setia Budi", "tanggal": "2026-08-09", "timestamp": "2026-08-09T13:35:00+07:00", "satelit": "NASA-SNPP", "confidence": "Medium"}}, {"type": "Feature", "geometry": {"type": "Point", "coordinates": [109.56367, 0.89097]}, "properties": {"kab_kota": "BENGKAYANG", "kecamatan": "Bengkayang", "desa": "Setia Budi", "tanggal": "2026-08-09", "timestamp": "2026-08-09T13:35:00+07:00", "satelit": "NASA-SNPP", "confidence": "Medium"}}, {"type": "Feature", "geometry": {"type": "Point", "coordinates": [109.53202, 0.86869]}, "properties": {"kab_kota": "BENGKAYANG", "kecamatan": "Bengkayang", "desa": "Setia Budi", "tanggal": "2026-08-10", "timestamp": "2026-08-10T13:18:00+07:00", "satelit": "NASA-SNPP", "confidence": "Medium"}}, {"type": "Feature", "geometry": {"type": "Point", "coordinates": [109.42749, 0.76846]}, "properties": {"kab_kota": "BENGKAYANG", "kecamatan": "Bengkayang", "desa": "Tirta Kencana", "tanggal": "2026-08-15", "timestamp": "2026-08-15T13:22:00+07:00", "satelit": "NASA-SNPP", "confidence": "Medium"}}, {"type": "Feature", "geometry": {"type": "Point", "coordinates": [109.45739, 0.78496]}, "properties": {"kab_kota": "BENGKAYANG", "kecamatan": "Bengkayang", "desa": "Tirta Kencana", "tanggal": "2026-08-22", "timestamp": "2026-08-22T12:53:00+07:00", "satelit": "NASA-SNPP", "confidence": "Medium"}}, {"type": "Feature", "geometry": {"type": "Point", "coordinates": [109.43768, 0.79546]}, "properties": {"kab_kota": "BENGKAYANG", "kecamatan": "Bengkayang", "desa": "Tirta Kencana", "tanggal": "2026-08-22", "timestamp": "2026-08-22T12:53:00+07:00", "satelit": "NASA-SNPP", "confidence": "Medium"}}, {"type": "Feature", "geometry": {"type": "Point", "coordinates": [109.05412, 0.63154]}, "properties": {"kab_kota": "BENGKAYANG", "kecamatan": "Capkala", "desa": "Setanduk", "tanggal": "2026-08-19", "timestamp": "2026-08-19T13:50:00+07:00", "satelit": "NASA-SNPP", "confidence": "Medium"}}, {"type": "Feature", "geometry": {"type": "Point", "coordinates": [109.84954, 1.29142]}, "properties": {"kab_kota": "BENGKAYANG", "kecamatan": "Jagoi Babang", "desa": "Gersik", "tanggal": "2026-08-09", "timestamp": "2026-08-09T13:35:00+07:00", "satelit": "NASA-SNPP", "confidence": "Medium"}}, {"type": "Feature", "geometry": {"type": "Point", "coordinates": [109.92709, 1.35471]}, "properties": {"kab_kota": "BENGKAYANG", "kecamatan": "Jagoi Babang", "desa": "Jagoi", "tanggal": "2026-08-10", "timestamp": "2026-08-10T13:18:00+07:00", "satelit": "NASA-SNPP", "confidence": "Medium"}}, {"type": "Feature", "geometry": {"type": "Point", "coordinates": [109.94562, 1.34346]}, "properties": {"kab_kota": "BENGKAYANG", "kecamatan": "Jagoi Babang", "desa": "Jagoi", "tanggal": "2026-08-21", "timestamp": "2026-08-21T13:12:00+07:00", "satelit": "NASA-SNPP", "confidence": "Medium"}}, {"type": "Feature", "geometry": {"type": "Point", "coordinates": [109.80338, 1.38741]}, "properties": {"kab_kota": "BENGKAYANG", "kecamatan": "Jagoi Babang", "desa": "Kumba", "tanggal": "2026-08-22", "timestamp": "2026-08-22T12:53:00+07:00", "satelit": "NASA-SNPP", "confidence": "Medium"}}, {"type": "Feature", "geometry": {"type": "Point", "coordinates": [109.87575, 1.37552]}, "properties": {"kab_kota": "BENGKAYANG", "kecamatan": "Jagoi Babang", "desa": "Sekida", "tanggal": "2026-08-18", "timestamp": "2026-08-18T14:07:00+07:00", "satelit": "NASA-SNPP", "confidence": "Medium"}}, {"type": "Feature", "geometry": {"type": "Point", "coordinates": [109.92441, 1.35339]}, "properties": {"kab_kota": "BENGKAYANG", "kecamatan": "Jagoi Babang", "desa": "Sekida", "tanggal": "2026-08-19", "timestamp": "2026-08-19T13:50:00+07:00", "satelit": "NASA-SNPP", "confidence": "Medium"}}, {"type": "Feature", "geometry": {"type": "Point", "coordinates": [109.92712, 1.37833]}, "properties": {"kab_kota": "BENGKAYANG", "kecamatan": "Jagoi Babang", "desa": "Sekida", "tanggal": "2026-08-22", "timestamp": "2026-08-22T12:53:00+07:00", "satelit": "NASA-SNPP", "confidence": "Medium"}}, {"type": "Feature", "geometry": {"type": "Point", "coordinates": [109.68672, 1.37261]}, "properties": {"kab_kota": "BENGKAYANG", "kecamatan": "Jagoi Babang", "desa": "Sinar Baru", "tanggal": "2026-08-10", "timestamp": "2026-08-10T13:18:00+07:00", "satelit": "NASA-SNPP", "confidence": "Medium"}}, {"type": "Feature", "geometry": {"type": "Point", "coordinates": [109.63782, 1.01073]}, "properties": {"kab_kota": "BENGKAYANG", "kecamatan": "Ledo", "desa": "Dayung", "tanggal": "2026-08-08", "timestamp": "2026-08-08T13:57:00+07:00", "satelit": "NASA-SNPP", "confidence": "Medium"}}, {"type": "Feature", "geometry": {"type": "Point", "coordinates": [109.63889, 1.00629]}, "properties": {"kab_kota": "BENGKAYANG", "kecamatan": "Ledo", "desa": "Dayung", "tanggal": "2026-08-09", "timestamp": "2026-08-09T13:35:00+07:00", "satelit": "NASA-SNPP", "confidence": "Medium"}}, {"type": "Feature", "geometry": {"type": "Point", "coordinates": [109.63063, 1.01332]}, "properties": {"kab_kota": "BENGKAYANG", "kecamatan": "Ledo", "desa": "Dayung", "tanggal": "2026-08-09", "timestamp": "2026-08-09T13:35:00+07:00", "satelit": "NASA-SNPP", "confidence": "Medium"}}, {"type": "Feature", "geometry": {"type": "Point", "coordinates": [109.67883, 0.97278]}, "properties": {"kab_kota": "BENGKAYANG", "kecamatan": "Ledo", "desa": "Dayung", "tanggal": "2026-08-10", "timestamp": "2026-08-10T13:18:00+07:00", "satelit": "NASA-SNPP", "confidence": "Medium"}}, {"type": "Feature", "geometry": {"type": "Point", "coordinates": [109.66363, 1.00218]}, "properties": {"kab_kota": "BENGKAYANG", "kecamatan": "Ledo", "desa": "Dayung", "tanggal": "2026-08-11", "timestamp": "2026-08-11T12:57:00+07:00", "satelit": "NASA-SNPP", "confidence": "Medium"}}, {"type": "Feature", "geometry": {"type": "Point", "coordinates": [109.66087, 1.00457]}, "properties": {"kab_kota": "BENGKAYANG", "kecamatan": "Ledo", "desa": "Dayung", "tanggal": "2026-08-12", "timestamp": "2026-08-12T12:40:00+07:00", "satelit": "NASA-SNPP", "confidence": "Medium"}}, {"type": "Feature", "geometry": {"type": "Point", "coordinates": [109.63756, 1.00546]}, "properties": {"kab_kota": "BENGKAYANG", "kecamatan": "Ledo", "desa": "Dayung", "tanggal": "2026-08-20", "timestamp": "2026-08-20T13:29:00+07:00", "satelit": "NASA-SNPP", "confidence": "Medium"}}, {"type": "Feature", "geometry": {"type": "Point", "coordinates": [109.64092, 1.00681]}, "properties": {"kab_kota": "BENGKAYANG", "kecamatan": "Ledo", "desa": "Dayung", "tanggal": "2026-08-20", "timestamp": "2026-08-20T13:29:00+07:00", "satelit": "NASA-SNPP", "confidence": "Medium"}}, {"type": "Feature", "geometry": {"type": "Point", "coordinates": [109.62842, 1.00785]}, "properties": {"kab_kota": "BENGKAYANG", "kecamatan": "Ledo", "desa": "Dayung", "tanggal": "2026-08-20", "timestamp": "2026-08-20T13:29:00+07:00", "satelit": "NASA-SNPP", "confidence": "Medium"}}, {"type": "Feature", "geometry": {"type": "Point", "coordinates": [109.63701, 1.00913]}, "properties": {"kab_kota": "BENGKAYANG", "kecamatan": "Ledo", "desa": "Dayung", "tanggal": "2026-08-20", "timestamp": "2026-08-20T13:29:00+07:00", "satelit": "NASA-SNPP", "confidence": "Medium"}}, {"type": "Feature", "geometry": {"type": "Point", "coordinates": [109.63181, 1.00915]}, "properties": {"kab_kota": "BENGKAYANG", "kecamatan": "Ledo", "desa": "Dayung", "tanggal": "2026-08-20", "timestamp": "2026-08-20T13:29:00+07:00", "satelit": "NASA-SNPP", "confidence": "Medium"}}, {"type": "Feature", "geometry": {"type": "Point", "coordinates": [109.63609, 1.00981]}, "properties": {"kab_kota": "BENGKAYANG", "kecamatan": "Ledo", "desa": "Dayung", "tanggal": "2026-08-20", "timestamp": "2026-08-20T13:29:00+07:00", "satelit": "NASA-SNPP", "confidence": "Medium"}}, {"type": "Feature", "geometry": {"type": "Point", "coordinates": [109.63292, 1.01423]}, "properties": {"kab_kota": "BENGKAYANG", "kecamatan": "Ledo", "desa": "Dayung", "tanggal": "2026-08-23", "timestamp": "2026-08-23T12:33:00+07:00", "satelit": "NASA-SNPP", "confidence": "Medium"}}, {"type": "Feature", "geometry": {"type": "Point", "coordinates": [109.63401, 1.01528]}, "properties": {"kab_kota": "BENGKAYANG", "kecamatan": "Ledo", "desa": "Dayung", "tanggal": "2026-08-23", "timestamp": "2026-08-23T12:33:00+07:00", "satelit": "NASA-SNPP", "confidence": "Medium"}}, {"type": "Feature", "geometry": {"type": "Point", "coordinates": [109.63841, 1.016]}, "properties": {"kab_kota": "BENGKAYANG", "kecamatan": "Ledo", "desa": "Dayung", "tanggal": "2026-08-23", "timestamp": "2026-08-23T12:33:00+07:00", "satelit": "NASA-SNPP", "confidence": "Medium"}}, {"type": "Feature", "geometry": {"type": "Point", "coordinates": [109.63206, 1.0422]}, "properties": {"kab_kota": "BENGKAYANG", "kecamatan": "Ledo", "desa": "Jesape", "tanggal": "2026-08-20", "timestamp": "2026-08-20T13:29:00+07:00", "satelit": "NASA-SNPP", "confidence": "Medium"}}, {"type": "Feature", "geometry": {"type": "Point", "coordinates": [109.57345, 1.02583]}, "properties": {"kab_kota": "BENGKAYANG", "kecamatan": "Ledo", "desa": "Lesabela", "tanggal": "2026-08-20", "timestamp": "2026-08-20T13:29:00+07:00", "satelit": "NASA-SNPP", "confidence": "Medium"}}, {"type": "Feature", "geometry": {"type": "Point", "coordinates": [109.57294, 1.0295]}, "properties": {"kab_kota": "BENGKAYANG", "kecamatan": "Ledo", "desa": "Lesabela", "tanggal": "2026-08-20", "timestamp": "2026-08-20T13:29:00+07:00", "satelit": "NASA-SNPP", "confidence": "Medium"}}, {"type": "Feature", "geometry": {"type": "Point", "coordinates": [109.5732, 1.04233]}, "properties": {"kab_kota": "BENGKAYANG", "kecamatan": "Ledo", "desa": "Lesabela", "tanggal": "2026-08-21", "timestamp": "2026-08-21T13:12:00+07:00", "satelit": "NASA-SNPP", "confidence": "Medium"}}, {"type": "Feature", "geometry": {"type": "Point", "coordinates": [109.53992, 1.03145]}, "properties": {"kab_kota": "BENGKAYANG", "kecamatan": "Ledo", "desa": "Lesabela", "tanggal": "2026-08-22", "timestamp": "2026-08-22T12:53:00+07:00", "satelit": "NASA-SNPP", "confidence": "Medium"}}, {"type": "Feature", "geometry": {"type": "Point", "coordinates": [109.5825, 1.02993]}, "properties": {"kab_kota": "BENGKAYANG", "kecamatan": "Ledo", "desa": "Lesabela", "tanggal": "2026-08-29", "timestamp": "2026-08-29T14:01:00+07:00", "satelit": "NASA-SNPP", "confidence": "Medium"}}, {"type": "Feature", "geometry": {"type": "Point", "coordinates": [109.70298, 0.91089]}, "properties": {"kab_kota": "BENGKAYANG", "kecamatan": "Ledo", "desa": "Lomba Karya", "tanggal": "2026-08-06", "timestamp": "2026-08-06T12:53:00+07:00", "satelit": "NASA-SNPP", "confidence": "Medium"}}, {"type": "Feature", "geometry": {"type": "Point", "coordinates": [109.70811, 0.93369]}, "properties": {"kab_kota": "BENGKAYANG", "kecamatan": "Ledo", "desa": "Lomba Karya", "tanggal": "2026-08-09", "timestamp": "2026-08-09T13:35:00+07:00", "satelit": "NASA-SNPP", "confidence": "Medium"}}, {"type": "Feature", "geometry": {"type": "Point", "coordinates": [109.65762, 0.92292]}, "properties": {"kab_kota": "BENGKAYANG", "kecamatan": "Ledo", "desa": "Lomba Karya", "tanggal": "2026-08-20", "timestamp": "2026-08-20T13:29:00+07:00", "satelit": "NASA-SNPP", "confidence": "Medium"}}, {"type": "Feature", "geometry": {"type": "Point", "coordinates": [109.65742, 0.92664]}, "properties": {"kab_kota": "BENGKAYANG", "kecamatan": "Ledo", "desa": "Lomba Karya", "tanggal": "2026-08-21", "timestamp": "2026-08-21T13:12:00+07:00", "satelit": "NASA-SNPP", "confidence": "Medium"}}, {"type": "Feature", "geometry": {"type": "Point", "coordinates": [109.70135, 0.97493]}, "properties": {"kab_kota": "BENGKAYANG", "kecamatan": "Ledo", "desa": "Lomba Karya", "tanggal": "2026-08-21", "timestamp": "2026-08-21T13:12:00+07:00", "satelit": "NASA-SNPP", "confidence": "Medium"}}, {"type": "Feature", "geometry": {"type": "Point", "coordinates": [109.59016, 0.98215]}, "properties": {"kab_kota": "BENGKAYANG", "kecamatan": "Ledo", "desa": "Rodaya", "tanggal": "2026-08-21", "timestamp": "2026-08-21T13:12:00+07:00", "satelit": "NASA-SNPP", "confidence": "Medium"}}, {"type": "Feature", "geometry": {"type": "Point", "coordinates": [109.60246, 0.99789]}, "properties": {"kab_kota": "BENGKAYANG", "kecamatan": "Ledo", "desa": "Rodaya", "tanggal": "2026-08-21", "timestamp": "2026-08-21T13:12:00+07:00", "satelit": "NASA-SNPP", "confidence": "Medium"}}, {"type": "Feature", "geometry": {"type": "Point", "coordinates": [109.60097, 0.98444]}, "properties": {"kab_kota": "BENGKAYANG", "kecamatan": "Ledo", "desa": "Rodaya", "tanggal": "2026-08-23", "timestamp": "2026-08-23T12:33:00+07:00", "satelit": "NASA-SNPP", "confidence": "Medium"}}, {"type": "Feature", "geometry": {"type": "Point", "coordinates": [109.60198, 0.98524]}, "properties": {"kab_kota": "BENGKAYANG", "kecamatan": "Ledo", "desa": "Rodaya", "tanggal": "2026-08-23", "timestamp": "2026-08-23T12:33:00+07:00", "satelit": "NASA-SNPP", "confidence": "Medium"}}, {"type": "Feature", "geometry": {"type": "Point", "coordinates": [109.57088, 0.91544]}, "properties": {"kab_kota": "BENGKAYANG", "kecamatan": "Ledo", "desa": "Seles", "tanggal": "2026-08-10", "timestamp": "2026-08-10T13:18:00+07:00", "satelit": "NASA-SNPP", "confidence": "Medium"}}, {"type": "Feature", "geometry": {"type": "Point", "coordinates": [109.64299, 0.93201]}, "properties": {"kab_kota": "BENGKAYANG", "kecamatan": "Ledo", "desa": "Seles", "tanggal": "2026-08-14", "timestamp": "2026-08-14T13:42:00+07:00", "satelit": "NASA-SNPP", "confidence": "Medium"}}, {"type": "Feature", "geometry": {"type": "Point", "coordinates": [109.64326, 0.93341]}, "properties": {"kab_kota": "BENGKAYANG", "kecamatan": "Ledo", "desa": "Seles", "tanggal": "2026-08-14", "timestamp": "2026-08-14T13:42:00+07:00", "satelit": "NASA-SNPP", "confidence": "Medium"}}, {"type": "Feature", "geometry": {"type": "Point", "coordinates": [109.64529, 0.91731]}, "properties": {"kab_kota": "BENGKAYANG", "kecamatan": "Ledo", "desa": "Seles", "tanggal": "2026-08-20", "timestamp": "2026-08-20T13:29:00+07:00", "satelit": "NASA-SNPP", "confidence": "Medium"}}, {"type": "Feature", "geometry": {"type": "Point", "coordinates": [109.57137, 1.07455]}, "properties": {"kab_kota": "BENGKAYANG", "kecamatan": "Ledo", "desa": "Semangat", "tanggal": "2026-08-10", "timestamp": "2026-08-10T13:18:00+07:00", "satelit": "NASA-SNPP", "confidence": "Medium"}}, {"type": "Feature", "geometry": {"type": "Point", "coordinates": [109.57022, 1.07721]}, "properties": {"kab_kota": "BENGKAYANG", "kecamatan": "Ledo", "desa": "Semangat", "tanggal": "2026-08-10", "timestamp": "2026-08-10T13:18:00+07:00", "satelit": "NASA-SNPP", "confidence": "Medium"}}, {"type": "Feature", "geometry": {"type": "Point", "coordinates": [109.57917, 1.07401]}, "properties": {"kab_kota": "BENGKAYANG", "kecamatan": "Ledo", "desa": "Semangat", "tanggal": "2026-08-15", "timestamp": "2026-08-15T13:22:00+07:00", "satelit": "NASA-SNPP", "confidence": "Medium"}}, {"type": "Feature", "geometry": {"type": "Point", "coordinates": [109.57866, 1.07743]}, "properties": {"kab_kota": "BENGKAYANG", "kecamatan": "Ledo", "desa": "Semangat", "tanggal": "2026-08-15", "timestamp": "2026-08-15T13:22:00+07:00", "satelit": "NASA-SNPP", "confidence": "Medium"}}, {"type": "Feature", "geometry": {"type": "Point", "coordinates": [109.55517, 1.06049]}, "properties": {"kab_kota": "BENGKAYANG", "kecamatan": "Ledo", "desa": "Semangat", "tanggal": "2026-08-20", "timestamp": "2026-08-20T13:29:00+07:00", "satelit": "NASA-SNPP", "confidence": "Medium"}}, {"type": "Feature", "geometry": {"type": "Point", "coordinates": [109.55457, 1.06414]}, "properties": {"kab_kota": "BENGKAYANG", "kecamatan": "Ledo", "desa": "Semangat", "tanggal": "2026-08-20", "timestamp": "2026-08-20T13:29:00+07:00", "satelit": "NASA-SNPP", "confidence": "Medium"}}, {"type": "Feature", "geometry": {"type": "Point", "coordinates": [109.54941, 1.06356]}, "properties": {"kab_kota": "BENGKAYANG", "kecamatan": "Ledo", "desa": "Semangat", "tanggal": "2026-08-23", "timestamp": "2026-08-23T12:33:00+07:00", "satelit": "NASA-SNPP", "confidence": "Medium"}}, {"type": "Feature", "geometry": {"type": "Point", "coordinates": [109.53536, 1.04823]}, "properties": {"kab_kota": "BENGKAYANG", "kecamatan": "Ledo", "desa": "Serangkat", "tanggal": "2026-08-09", "timestamp": "2026-08-09T13:35:00+07:00", "satelit": "NASA-SNPP", "confidence": "Medium"}}, {"type": "Feature", "geometry": {"type": "Point", "coordinates": [109.53197, 1.03986]}, "properties": {"kab_kota": "BENGKAYANG", "kecamatan": "Ledo", "desa": "Serangkat", "tanggal": "2026-08-12", "timestamp": "2026-08-12T12:40:00+07:00", "satelit": "NASA-SNPP", "confidence": "Medium"}}, {"type": "Feature", "geometry": {"type": "Point", "coordinates": [109.50277, 1.00689]}, "properties": {"kab_kota": "BENGKAYANG", "kecamatan": "Ledo", "desa": "Serangkat", "tanggal": "2026-08-15", "timestamp": "2026-08-15T13:22:00+07:00", "satelit": "NASA-SNPP", "confidence": "Medium"}}, {"type": "Feature", "geometry": {"type": "Point", "coordinates": [109.55085, 1.05983]}, "properties": {"kab_kota": "BENGKAYANG", "kecamatan": "Ledo", "desa": "Serangkat", "tanggal": "2026-08-20", "timestamp": "2026-08-20T13:29:00+07:00", "satelit": "NASA-SNPP", "confidence": "Medium"}}, {"type": "Feature", "geometry": {"type": "Point", "coordinates": [109.6894, 0.91986]}, "properties": {"kab_kota": "BENGKAYANG", "kecamatan": "Ledo", "desa": "Sidai", "tanggal": "2026-08-02", "timestamp": "2026-08-02T12:27:00+07:00", "satelit": "NASA-SNPP", "confidence": "Medium"}}, {"type": "Feature", "geometry": {"type": "Point", "coordinates": [109.68535, 0.92252]}, "properties": {"kab_kota": "BENGKAYANG", "kecamatan": "Ledo", "desa": "Sidai", "tanggal": "2026-08-02", "timestamp": "2026-08-02T12:27:00+07:00", "satelit": "NASA-SNPP", "confidence": "Medium"}}, {"type": "Feature", "geometry": {"type": "Point", "coordinates": [109.66554, 0.9023]}, "properties": {"kab_kota": "BENGKAYANG", "kecamatan": "Ledo", "desa": "Sidai", "tanggal": "2026-08-09", "timestamp": "2026-08-09T13:35:00+07:00", "satelit": "NASA-SNPP", "confidence": "Medium"}}, {"type": "Feature", "geometry": {"type": "Point", "coordinates": [109.67551, 0.9008]}, "properties": {"kab_kota": "BENGKAYANG", "kecamatan": "Ledo", "desa": "Sidai", "tanggal": "2026-08-10", "timestamp": "2026-08-10T13:18:00+07:00", "satelit": "NASA-SNPP", "confidence": "Medium"}}, {"type": "Feature", "geometry": {"type": "Point", "coordinates": [109.67597, 0.92129]}, "properties": {"kab_kota": "BENGKAYANG", "kecamatan": "Ledo", "desa": "Sidai", "tanggal": "2026-08-10", "timestamp": "2026-08-10T13:18:00+07:00", "satelit": "NASA-SNPP", "confidence": "Medium"}}, {"type": "Feature", "geometry": {"type": "Point", "coordinates": [109.58564, 1.12225]}, "properties": {"kab_kota": "BENGKAYANG", "kecamatan": "Ledo", "desa": "Suka Damai", "tanggal": "2026-08-09", "timestamp": "2026-08-09T13:35:00+07:00", "satelit": "NASA-SNPP", "confidence": "Medium"}}, {"type": "Feature", "geometry": {"type": "Point", "coordinates": [109.57419, 1.16003]}, "properties": {"kab_kota": "BENGKAYANG", "kecamatan": "Ledo", "desa": "Suka Damai", "tanggal": "2026-08-24", "timestamp": "2026-08-24T13:57:00+07:00", "satelit": "NASA-SNPP", "confidence": "Medium"}}, {"type": "Feature", "geometry": {"type": "Point", "coordinates": [109.20897, 0.85673]}, "properties": {"kab_kota": "BENGKAYANG", "kecamatan": "Lembah Bawang", "desa": "Godang Damar", "tanggal": "2026-08-10", "timestamp": "2026-08-10T13:18:00+07:00", "satelit": "NASA-SNPP", "confidence": "Medium"}}, {"type": "Feature", "geometry": {"type": "Point", "coordinates": [109.22621, 0.86934]}, "properties": {"kab_kota": "BENGKAYANG", "kecamatan": "Lembah Bawang", "desa": "Godang Damar", "tanggal": "2026-08-31", "timestamp": "2026-08-31T13:22:00+07:00", "satelit": "NASA-SNPP", "confidence": "Medium"}}, {"type": "Feature", "geometry": {"type": "Point", "coordinates": [109.27635, 0.86712]}, "properties": {"kab_kota": "BENGKAYANG", "kecamatan": "Lembah Bawang", "desa": "Papan Uduk", "tanggal": "2026-08-15", "timestamp": "2026-08-15T13:22:00+07:00", "satelit": "NASA-SNPP", "confidence": "Medium"}}, {"type": "Feature", "geometry": {"type": "Point", "coordinates": [109.27893, 0.87445]}, "properties": {"kab_kota": "BENGKAYANG", "kecamatan": "Lembah Bawang", "desa": "Papan Uduk", "tanggal": "2026-08-15", "timestamp": "2026-08-15T13:22:00+07:00", "satelit": "NASA-SNPP", "confidence": "Medium"}}, {"type": "Feature", "geometry": {"type": "Point", "coordinates": [109.31496, 0.90355]}, "properties": {"kab_kota": "BENGKAYANG", "kecamatan": "Lembah Bawang", "desa": "Saka Taru", "tanggal": "2026-08-10", "timestamp": "2026-08-10T13:18:00+07:00", "satelit": "NASA-SNPP", "confidence": "Medium"}}, {"type": "Feature", "geometry": {"type": "Point", "coordinates": [109.50491, 0.95493]}, "properties": {"kab_kota": "BENGKAYANG", "kecamatan": "Lumar", "desa": "Belimbing", "tanggal": "2026-08-02", "timestamp": "2026-08-02T12:27:00+07:00", "satelit": "NASA-SNPP", "confidence": "Medium"}}, {"type": "Feature", "geometry": {"type": "Point", "coordinates": [109.50174, 0.94308]}, "properties": {"kab_kota": "BENGKAYANG", "kecamatan": "Lumar", "desa": "Belimbing", "tanggal": "2026-08-09", "timestamp": "2026-08-09T13:35:00+07:00", "satelit": "NASA-SNPP", "confidence": "Medium"}}, {"type": "Feature", "geometry": {"type": "Point", "coordinates": [109.50414, 0.94485]}, "properties": {"kab_kota": "BENGKAYANG", "kecamatan": "Lumar", "desa": "Belimbing", "tanggal": "2026-08-09", "timestamp": "2026-08-09T13:35:00+07:00", "satelit": "NASA-SNPP", "confidence": "Medium"}}, {"type": "Feature", "geometry": {"type": "Point", "coordinates": [109.50323, 0.94252]}, "properties": {"kab_kota": "BENGKAYANG", "kecamatan": "Lumar", "desa": "Belimbing", "tanggal": "2026-08-10", "timestamp": "2026-08-10T13:18:00+07:00", "satelit": "NASA-SNPP", "confidence": "Medium"}}, {"type": "Feature", "geometry": {"type": "Point", "coordinates": [109.50552, 0.94617]}, "properties": {"kab_kota": "BENGKAYANG", "kecamatan": "Lumar", "desa": "Belimbing", "tanggal": "2026-08-19", "timestamp": "2026-08-19T13:50:00+07:00", "satelit": "NASA-SNPP", "confidence": "Medium"}}, {"type": "Feature", "geometry": {"type": "Point", "coordinates": [109.47411, 1.00739]}, "properties": {"kab_kota": "BENGKAYANG", "kecamatan": "Lumar", "desa": "Belimbing", "tanggal": "2026-08-22", "timestamp": "2026-08-22T12:53:00+07:00", "satelit": "NASA-SNPP", "confidence": "Medium"}}, {"type": "Feature", "geometry": {"type": "Point", "coordinates": [109.47179, 1.00784]}, "properties": {"kab_kota": "BENGKAYANG", "kecamatan": "Lumar", "desa": "Belimbing", "tanggal": "2026-08-22", "timestamp": "2026-08-22T12:53:00+07:00", "satelit": "NASA-SNPP", "confidence": "Medium"}}, {"type": "Feature", "geometry": {"type": "Point", "coordinates": [109.5416, 0.949]}, "properties": {"kab_kota": "BENGKAYANG", "kecamatan": "Lumar", "desa": "Lamolda", "tanggal": "2026-08-01", "timestamp": "2026-08-01T12:46:00+07:00", "satelit": "NASA-SNPP", "confidence": "Medium"}}, {"type": "Feature", "geometry": {"type": "Point", "coordinates": [109.52195, 0.95791]}, "properties": {"kab_kota": "BENGKAYANG", "kecamatan": "Lumar", "desa": "Lamolda", "tanggal": "2026-08-02", "timestamp": "2026-08-02T14:07:00+07:00", "satelit": "NASA-SNPP", "confidence": "Medium"}}, {"type": "Feature", "geometry": {"type": "Point", "coordinates": [109.51956, 0.95929]}, "properties": {"kab_kota": "BENGKAYANG", "kecamatan": "Lumar", "desa": "Lamolda", "tanggal": "2026-08-02", "timestamp": "2026-08-02T14:07:00+07:00", "satelit": "NASA-SNPP", "confidence": "Medium"}}, {"type": "Feature", "geometry": {"type": "Point", "coordinates": [109.53088, 0.95177]}, "properties": {"kab_kota": "BENGKAYANG", "kecamatan": "Lumar", "desa": "Lamolda", "tanggal": "2026-08-06", "timestamp": "2026-08-06T12:53:00+07:00", "satelit": "NASA-SNPP", "confidence": "Medium"}}, {"type": "Feature", "geometry": {"type": "Point", "coordinates": [109.53442, 0.95683]}, "properties": {"kab_kota": "BENGKAYANG", "kecamatan": "Lumar", "desa": "Lamolda", "tanggal": "2026-08-06", "timestamp": "2026-08-06T12:53:00+07:00", "satelit": "NASA-SNPP", "confidence": "Medium"}}, {"type": "Feature", "geometry": {"type": "Point", "coordinates": [109.53384, 0.96123]}, "properties": {"kab_kota": "BENGKAYANG", "kecamatan": "Lumar", "desa": "Lamolda", "tanggal": "2026-08-06", "timestamp": "2026-08-06T12:53:00+07:00", "satelit": "NASA-SNPP", "confidence": "Medium"}}, {"type": "Feature", "geometry": {"type": "Point", "coordinates": [109.55939, 0.98601]}, "properties": {"kab_kota": "BENGKAYANG", "kecamatan": "Lumar", "desa": "Lamolda", "tanggal": "2026-08-09", "timestamp": "2026-08-09T13:35:00+07:00", "satelit": "NASA-SNPP", "confidence": "Medium"}}, {"type": "Feature", "geometry": {"type": "Point", "coordinates": [109.52539, 0.95952]}, "properties": {"kab_kota": "BENGKAYANG", "kecamatan": "Lumar", "desa": "Lamolda", "tanggal": "2026-08-10", "timestamp": "2026-08-10T13:18:00+07:00", "satelit": "NASA-SNPP", "confidence": "Medium"}}, {"type": "Feature", "geometry": {"type": "Point", "coordinates": [109.52476, 0.96196]}, "properties": {"kab_kota": "BENGKAYANG", "kecamatan": "Lumar", "desa": "Lamolda", "tanggal": "2026-08-10", "timestamp": "2026-08-10T13:18:00+07:00", "satelit": "NASA-SNPP", "confidence": "Medium"}}, {"type": "Feature", "geometry": {"type": "Point", "coordinates": [109.50754, 1.00064]}, "properties": {"kab_kota": "BENGKAYANG", "kecamatan": "Lumar", "desa": "Lamolda", "tanggal": "2026-08-15", "timestamp": "2026-08-15T13:22:00+07:00", "satelit": "NASA-SNPP", "confidence": "Medium"}}, {"type": "Feature", "geometry": {"type": "Point", "coordinates": [109.42912, 0.89211]}, "properties": {"kab_kota": "BENGKAYANG", "kecamatan": "Lumar", "desa": "Magmagan Karya", "tanggal": "2026-08-07", "timestamp": "2026-08-07T12:33:00+07:00", "satelit": "NASA-SNPP", "confidence": "Medium"}}, {"type": "Feature", "geometry": {"type": "Point", "coordinates": [109.43634, 1.0124]}, "properties": {"kab_kota": "BENGKAYANG", "kecamatan": "Lumar", "desa": "Seren Selimbau", "tanggal": "2026-08-09", "timestamp": "2026-08-09T13:35:00+07:00", "satelit": "NASA-SNPP", "confidence": "Medium"}}, {"type": "Feature", "geometry": {"type": "Point", "coordinates": [109.42717, 0.9128]}, "properties": {"kab_kota": "BENGKAYANG", "kecamatan": "Lumar", "desa": "Tiga Berkat", "tanggal": "2026-08-17", "timestamp": "2026-08-17T12:46:00+07:00", "satelit": "NASA-SNPP", "confidence": "Medium"}}, {"type": "Feature", "geometry": {"type": "Point", "coordinates": [109.50034, 0.93534]}, "properties": {"kab_kota": "BENGKAYANG", "kecamatan": "Lumar", "desa": "Tiga Berkat", "tanggal": "2026-08-22", "timestamp": "2026-08-22T12:53:00+07:00", "satelit": "NASA-SNPP", "confidence": "Medium"}}, {"type": "Feature", "geometry": {"type": "Point", "coordinates": [109.15589, 0.70831]}, "properties": {"kab_kota": "BENGKAYANG", "kecamatan": "Monterado", "desa": "Jahandung", "tanggal": "2026-08-24", "timestamp": "2026-08-24T01:13:00+07:00", "satelit": "NASA-SNPP", "confidence": "Medium"}}, {"type": "Feature", "geometry": {"type": "Point", "coordinates": [109.15231, 0.70888]}, "properties": {"kab_kota": "BENGKAYANG", "kecamatan": "Monterado", "desa": "Jahandung", "tanggal": "2026-08-24", "timestamp": "2026-08-24T01:13:00+07:00", "satelit": "NASA-SNPP", "confidence": "Medium"}}, {"type": "Feature", "geometry": {"type": "Point", "coordinates": [109.19204, 0.73046]}, "properties": {"kab_kota": "BENGKAYANG", "kecamatan": "Monterado", "desa": "Nek Ginap", "tanggal": "2026-08-01", "timestamp": "2026-08-01T12:46:00+07:00", "satelit": "NASA-SNPP", "confidence": "Medium"}}, {"type": "Feature", "geometry": {"type": "Point", "coordinates": [109.29787, 0.8295]}, "properties": {"kab_kota": "BENGKAYANG", "kecamatan": "Samalantan", "desa": "Babane", "tanggal": "2026-08-10", "timestamp": "2026-08-10T13:18:00+07:00", "satelit": "NASA-SNPP", "confidence": "Medium"}}, {"type": "Feature", "geometry": {"type": "Point", "coordinates": [109.30773, 0.83441]}, "properties": {"kab_kota": "BENGKAYANG", "kecamatan": "Samalantan", "desa": "Babane", "tanggal": "2026-08-10", "timestamp": "2026-08-10T13:18:00+07:00", "satelit": "NASA-SNPP", "confidence": "Medium"}}, {"type": "Feature", "geometry": {"type": "Point", "coordinates": [109.30328, 0.84053]}, "properties": {"kab_kota": "BENGKAYANG", "kecamatan": "Samalantan", "desa": "Babane", "tanggal": "2026-08-10", "timestamp": "2026-08-10T13:18:00+07:00", "satelit": "NASA-SNPP", "confidence": "Medium"}}, {"type": "Feature", "geometry": {"type": "Point", "coordinates": [109.29932, 0.84053]}, "properties": {"kab_kota": "BENGKAYANG", "kecamatan": "Samalantan", "desa": "Babane", "tanggal": "2026-08-11", "timestamp": "2026-08-11T12:57:00+07:00", "satelit": "NASA-SNPP", "confidence": "Medium"}}, {"type": "Feature", "geometry": {"type": "Point", "coordinates": [109.30282, 0.84108]}, "properties": {"kab_kota": "BENGKAYANG", "kecamatan": "Samalantan", "desa": "Babane", "tanggal": "2026-08-11", "timestamp": "2026-08-11T12:57:00+07:00", "satelit": "NASA-SNPP", "confidence": "Medium"}}, {"type": "Feature", "geometry": {"type": "Point", "coordinates": [109.29994, 0.84003]}, "properties": {"kab_kota": "BENGKAYANG", "kecamatan": "Samalantan", "desa": "Babane", "tanggal": "2026-08-12", "timestamp": "2026-08-12T12:40:00+07:00", "satelit": "NASA-SNPP", "confidence": "Medium"}}, {"type": "Feature", "geometry": {"type": "Point", "coordinates": [109.27579, 0.82198]}, "properties": {"kab_kota": "BENGKAYANG", "kecamatan": "Samalantan", "desa": "Babane", "tanggal": "2026-08-15", "timestamp": "2026-08-15T13:22:00+07:00", "satelit": "NASA-SNPP", "confidence": "Medium"}}, {"type": "Feature", "geometry": {"type": "Point", "coordinates": [109.26996, 0.81197]}, "properties": {"kab_kota": "BENGKAYANG", "kecamatan": "Samalantan", "desa": "Babane", "tanggal": "2026-08-19", "timestamp": "2026-08-19T13:50:00+07:00", "satelit": "NASA-SNPP", "confidence": "Medium"}}, {"type": "Feature", "geometry": {"type": "Point", "coordinates": [109.2616, 0.82893]}, "properties": {"kab_kota": "BENGKAYANG", "kecamatan": "Samalantan", "desa": "Bukit Serayan", "tanggal": "2026-08-20", "timestamp": "2026-08-20T13:29:00+07:00", "satelit": "NASA-SNPP", "confidence": "Medium"}}, {"type": "Feature", "geometry": {"type": "Point", "coordinates": [109.2427, 0.81193]}, "properties": {"kab_kota": "BENGKAYANG", "kecamatan": "Samalantan", "desa": "Bukit Serayan", "tanggal": "2026-08-31", "timestamp": "2026-08-31T13:22:00+07:00", "satelit": "NASA-SNPP", "confidence": "Medium"}}, {"type": "Feature", "geometry": {"type": "Point", "coordinates": [109.2422, 0.81531]}, "properties": {"kab_kota": "BENGKAYANG", "kecamatan": "Samalantan", "desa": "Bukit Serayan", "tanggal": "2026-08-31", "timestamp": "2026-08-31T13:22:00+07:00", "satelit": "NASA-SNPP", "confidence": "Medium"}}, {"type": "Feature", "geometry": {"type": "Point", "coordinates": [109.31516, 0.82894]}, "properties": {"kab_kota": "BENGKAYANG", "kecamatan": "Samalantan", "desa": "Pasti Jaya", "tanggal": "2026-08-09", "timestamp": "2026-08-09T13:35:00+07:00", "satelit": "NASA-SNPP", "confidence": "Medium"}}, {"type": "Feature", "geometry": {"type": "Point", "coordinates": [109.31169, 0.83161]}, "properties": {"kab_kota": "BENGKAYANG", "kecamatan": "Samalantan", "desa": "Pasti Jaya", "tanggal": "2026-08-10", "timestamp": "2026-08-10T13:18:00+07:00", "satelit": "NASA-SNPP", "confidence": "Medium"}}, {"type": "Feature", "geometry": {"type": "Point", "coordinates": [109.28027, 0.75546]}, "properties": {"kab_kota": "BENGKAYANG", "kecamatan": "Samalantan", "desa": "Tumiang", "tanggal": "2026-08-31", "timestamp": "2026-08-31T13:22:00+07:00", "satelit": "NASA-SNPP", "confidence": "Medium"}}, {"type": "Feature", "geometry": {"type": "Point", "coordinates": [109.69263, 1.07801]}, "properties": {"kab_kota": "BENGKAYANG", "kecamatan": "Sanggau Ledo", "desa": "Bange", "tanggal": "2026-08-21", "timestamp": "2026-08-21T13:12:00+07:00", "satelit": "NASA-SNPP", "confidence": "Medium"}}, {"type": "Feature", "geometry": {"type": "Point", "coordinates": [109.66204, 1.14221]}, "properties": {"kab_kota": "BENGKAYANG", "kecamatan": "Sanggau Ledo", "desa": "Gua", "tanggal": "2026-08-09", "timestamp": "2026-08-09T13:35:00+07:00", "satelit": "NASA-SNPP", "confidence": "Medium"}}, {"type": "Feature", "geometry": {"type": "Point", "coordinates": [109.67348, 1.11827]}, "properties": {"kab_kota": "BENGKAYANG", "kecamatan": "Sanggau Ledo", "desa": "Gua", "tanggal": "2026-08-18", "timestamp": "2026-08-18T12:27:00+07:00", "satelit": "NASA-SNPP", "confidence": "Medium"}}, {"type": "Feature", "geometry": {"type": "Point", "coordinates": [109.74242, 1.16287]}, "properties": {"kab_kota": "BENGKAYANG", "kecamatan": "Sanggau Ledo", "desa": "Sango", "tanggal": "2026-08-09", "timestamp": "2026-08-09T13:35:00+07:00", "satelit": "NASA-SNPP", "confidence": "Medium"}}, {"type": "Feature", "geometry": {"type": "Point", "coordinates": [109.73825, 1.16641]}, "properties": {"kab_kota": "BENGKAYANG", "kecamatan": "Sanggau Ledo", "desa": "Sango", "tanggal": "2026-08-09", "timestamp": "2026-08-09T13:35:00+07:00", "satelit": "NASA-SNPP", "confidence": "Medium"}}, {"type": "Feature", "geometry": {"type": "Point", "coordinates": [109.69865, 1.1895]}, "properties": {"kab_kota": "BENGKAYANG", "kecamatan": "Sanggau Ledo", "desa": "Sango", "tanggal": "2026-08-09", "timestamp": "2026-08-09T13:35:00+07:00", "satelit": "NASA-SNPP", "confidence": "Medium"}}, {"type": "Feature", "geometry": {"type": "Point", "coordinates": [109.75873, 1.14]}, "properties": {"kab_kota": "BENGKAYANG", "kecamatan": "Sanggau Ledo", "desa": "Sango", "tanggal": "2026-08-10", "timestamp": "2026-08-10T13:18:00+07:00", "satelit": "NASA-SNPP", "confidence": "Medium"}}, {"type": "Feature", "geometry": {"type": "Point", "coordinates": [109.75571, 1.15998]}, "properties": {"kab_kota": "BENGKAYANG", "kecamatan": "Sanggau Ledo", "desa": "Sango", "tanggal": "2026-08-10", "timestamp": "2026-08-10T13:18:00+07:00", "satelit": "NASA-SNPP", "confidence": "Medium"}}, {"type": "Feature", "geometry": {"type": "Point", "coordinates": [109.69246, 1.19618]}, "properties": {"kab_kota": "BENGKAYANG", "kecamatan": "Sanggau Ledo", "desa": "Sango", "tanggal": "2026-08-15", "timestamp": "2026-08-15T13:22:00+07:00", "satelit": "NASA-SNPP", "confidence": "Medium"}}, {"type": "Feature", "geometry": {"type": "Point", "coordinates": [109.69617, 1.19675]}, "properties": {"kab_kota": "BENGKAYANG", "kecamatan": "Sanggau Ledo", "desa": "Sango", "tanggal": "2026-08-15", "timestamp": "2026-08-15T13:22:00+07:00", "satelit": "NASA-SNPP", "confidence": "Medium"}}, {"type": "Feature", "geometry": {"type": "Point", "coordinates": [109.68745, 1.20965]}, "properties": {"kab_kota": "BENGKAYANG", "kecamatan": "Sanggau Ledo", "desa": "Sango", "tanggal": "2026-08-19", "timestamp": "2026-08-19T13:50:00+07:00", "satelit": "NASA-SNPP", "confidence": "Medium"}}, {"type": "Feature", "geometry": {"type": "Point", "coordinates": [109.69807, 1.19387]}, "properties": {"kab_kota": "BENGKAYANG", "kecamatan": "Sanggau Ledo", "desa": "Sango", "tanggal": "2026-08-20", "timestamp": "2026-08-20T13:29:00+07:00", "satelit": "NASA-SNPP", "confidence": "Medium"}}, {"type": "Feature", "geometry": {"type": "Point", "coordinates": [109.73155, 1.20621]}, "properties": {"kab_kota": "BENGKAYANG", "kecamatan": "Sanggau Ledo", "desa": "Sango", "tanggal": "2026-08-21", "timestamp": "2026-08-21T13:12:00+07:00", "satelit": "NASA-SNPP", "confidence": "Medium"}}, {"type": "Feature", "geometry": {"type": "Point", "coordinates": [109.72748, 1.20903]}, "properties": {"kab_kota": "BENGKAYANG", "kecamatan": "Sanggau Ledo", "desa": "Sango", "tanggal": "2026-08-21", "timestamp": "2026-08-21T13:12:00+07:00", "satelit": "NASA-SNPP", "confidence": "Medium"}}, {"type": "Feature", "geometry": {"type": "Point", "coordinates": [109.84216, 1.16555]}, "properties": {"kab_kota": "BENGKAYANG", "kecamatan": "Seluas", "desa": "Bengkawan", "tanggal": "2026-08-09", "timestamp": "2026-08-09T13:35:00+07:00", "satelit": "NASA-SNPP", "confidence": "Medium"}}, {"type": "Feature", "geometry": {"type": "Point", "coordinates": [109.83404, 1.16852]}, "properties": {"kab_kota": "BENGKAYANG", "kecamatan": "Seluas", "desa": "Bengkawan", "tanggal": "2026-08-09", "timestamp": "2026-08-09T13:35:00+07:00", "satelit": "NASA-SNPP", "confidence": "Medium"}}, {"type": "Feature", "geometry": {"type": "Point", "coordinates": [109.84519, 1.17022]}, "properties": {"kab_kota": "BENGKAYANG", "kecamatan": "Seluas", "desa": "Bengkawan", "tanggal": "2026-08-09", "timestamp": "2026-08-09T13:35:00+07:00", "satelit": "NASA-SNPP", "confidence": "Medium"}}, {"type": "Feature", "geometry": {"type": "Point", "coordinates": [109.8334, 1.17263]}, "properties": {"kab_kota": "BENGKAYANG", "kecamatan": "Seluas", "desa": "Bengkawan", "tanggal": "2026-08-09", "timestamp": "2026-08-09T13:35:00+07:00", "satelit": "NASA-SNPP", "confidence": "Medium"}}, {"type": "Feature", "geometry": {"type": "Point", "coordinates": [109.87659, 1.18769]}, "properties": {"kab_kota": "BENGKAYANG", "kecamatan": "Seluas", "desa": "Bengkawan", "tanggal": "2026-08-09", "timestamp": "2026-08-09T13:35:00+07:00", "satelit": "NASA-SNPP", "confidence": "Medium"}}, {"type": "Feature", "geometry": {"type": "Point", "coordinates": [109.88147, 1.08109]}, "properties": {"kab_kota": "BENGKAYANG", "kecamatan": "Seluas", "desa": "Bengkawan", "tanggal": "2026-08-10", "timestamp": "2026-08-10T13:18:00+07:00", "satelit": "NASA-SNPP", "confidence": "Medium"}}, {"type": "Feature", "geometry": {"type": "Point", "coordinates": [109.89281, 1.23902]}, "properties": {"kab_kota": "BENGKAYANG", "kecamatan": "Seluas", "desa": "Bengkawan", "tanggal": "2026-08-20", "timestamp": "2026-08-20T13:29:00+07:00", "satelit": "NASA-SNPP", "confidence": "Medium"}}, {"type": "Feature", "geometry": {"type": "Point", "coordinates": [109.85419, 1.14067]}, "properties": {"kab_kota": "BENGKAYANG", "kecamatan": "Seluas", "desa": "Bengkawan", "tanggal": "2026-08-21", "timestamp": "2026-08-21T13:12:00+07:00", "satelit": "NASA-SNPP", "confidence": "Medium"}}, {"type": "Feature", "geometry": {"type": "Point", "coordinates": [109.85025, 1.15424]}, "properties": {"kab_kota": "BENGKAYANG", "kecamatan": "Seluas", "desa": "Bengkawan", "tanggal": "2026-08-23", "timestamp": "2026-08-23T12:33:00+07:00", "satelit": "NASA-SNPP", "confidence": "Medium"}}, {"type": "Feature", "geometry": {"type": "Point", "coordinates": [109.85049, 1.1578]}, "properties": {"kab_kota": "BENGKAYANG", "kecamatan": "Seluas", "desa": "Bengkawan", "tanggal": "2026-08-23", "timestamp": "2026-08-23T12:33:00+07:00", "satelit": "NASA-SNPP", "confidence": "Medium"}}, {"type": "Feature", "geometry": {"type": "Point", "coordinates": [109.84278, 1.13482]}, "properties": {"kab_kota": "BENGKAYANG", "kecamatan": "Seluas", "desa": "Bengkawan", "tanggal": "2026-08-30", "timestamp": "2026-08-30T13:44:00+07:00", "satelit": "NASA-SNPP", "confidence": "Medium"}}, {"type": "Feature", "geometry": {"type": "Point", "coordinates": [109.84212, 1.13938]}, "properties": {"kab_kota": "BENGKAYANG", "kecamatan": "Seluas", "desa": "Bengkawan", "tanggal": "2026-08-30", "timestamp": "2026-08-30T13:44:00+07:00", "satelit": "NASA-SNPP", "confidence": "Medium"}}, {"type": "Feature", "geometry": {"type": "Point", "coordinates": [109.89207, 1.1618]}, "properties": {"kab_kota": "BENGKAYANG", "kecamatan": "Seluas", "desa": "Bengkawan", "tanggal": "2026-08-31", "timestamp": "2026-08-31T13:22:00+07:00", "satelit": "NASA-SNPP", "confidence": "Medium"}}, {"type": "Feature", "geometry": {"type": "Point", "coordinates": [109.89202, 1.16293]}, "properties": {"kab_kota": "BENGKAYANG", "kecamatan": "Seluas", "desa": "Bengkawan", "tanggal": "2026-08-31", "timestamp": "2026-08-31T13:22:00+07:00", "satelit": "NASA-SNPP", "confidence": "Medium"}}, {"type": "Feature", "geometry": {"type": "Point", "coordinates": [109.70938, 1.2715]}, "properties": {"kab_kota": "BENGKAYANG", "kecamatan": "Seluas", "desa": "Kalon", "tanggal": "2026-08-23", "timestamp": "2026-08-23T12:33:00+07:00", "satelit": "NASA-SNPP", "confidence": "Medium"}}, {"type": "Feature", "geometry": {"type": "Point", "coordinates": [109.75838, 1.17787]}, "properties": {"kab_kota": "BENGKAYANG", "kecamatan": "Seluas", "desa": "Mayak", "tanggal": "2026-08-09", "timestamp": "2026-08-09T13:35:00+07:00", "satelit": "NASA-SNPP", "confidence": "Medium"}}, {"type": "Feature", "geometry": {"type": "Point", "coordinates": [109.75789, 1.18198]}, "properties": {"kab_kota": "BENGKAYANG", "kecamatan": "Seluas", "desa": "Mayak", "tanggal": "2026-08-09", "timestamp": "2026-08-09T13:35:00+07:00", "satelit": "NASA-SNPP", "confidence": "Medium"}}, {"type": "Feature", "geometry": {"type": "Point", "coordinates": [109.75384, 1.18554]}, "properties": {"kab_kota": "BENGKAYANG", "kecamatan": "Seluas", "desa": "Mayak", "tanggal": "2026-08-09", "timestamp": "2026-08-09T13:35:00+07:00", "satelit": "NASA-SNPP", "confidence": "Medium"}}, {"type": "Feature", "geometry": {"type": "Point", "coordinates": [109.7533, 1.18964]}, "properties": {"kab_kota": "BENGKAYANG", "kecamatan": "Seluas", "desa": "Mayak", "tanggal": "2026-08-09", "timestamp": "2026-08-09T13:35:00+07:00", "satelit": "NASA-SNPP", "confidence": "Medium"}}, {"type": "Feature", "geometry": {"type": "Point", "coordinates": [109.83924, 1.21141]}, "properties": {"kab_kota": "BENGKAYANG", "kecamatan": "Seluas", "desa": "Mayak", "tanggal": "2026-08-09", "timestamp": "2026-08-09T13:35:00+07:00", "satelit": "NASA-SNPP", "confidence": "Medium"}}, {"type": "Feature", "geometry": {"type": "Point", "coordinates": [109.82607, 1.22048]}, "properties": {"kab_kota": "BENGKAYANG", "kecamatan": "Seluas", "desa": "Mayak", "tanggal": "2026-08-09", "timestamp": "2026-08-09T13:35:00+07:00", "satelit": "NASA-SNPP", "confidence": "Medium"}}, {"type": "Feature", "geometry": {"type": "Point", "coordinates": [109.82556, 1.2246]}, "properties": {"kab_kota": "BENGKAYANG", "kecamatan": "Seluas", "desa": "Mayak", "tanggal": "2026-08-09", "timestamp": "2026-08-09T13:35:00+07:00", "satelit": "NASA-SNPP", "confidence": "Medium"}}, {"type": "Feature", "geometry": {"type": "Point", "coordinates": [109.76012, 1.17768]}, "properties": {"kab_kota": "BENGKAYANG", "kecamatan": "Seluas", "desa": "Mayak", "tanggal": "2026-08-10", "timestamp": "2026-08-10T13:18:00+07:00", "satelit": "NASA-SNPP", "confidence": "Medium"}}, {"type": "Feature", "geometry": {"type": "Point", "coordinates": [109.84278, 1.19373]}, "properties": {"kab_kota": "BENGKAYANG", "kecamatan": "Seluas", "desa": "Mayak", "tanggal": "2026-08-10", "timestamp": "2026-08-10T13:18:00+07:00", "satelit": "NASA-SNPP", "confidence": "Medium"}}, {"type": "Feature", "geometry": {"type": "Point", "coordinates": [109.84228, 1.19706]}, "properties": {"kab_kota": "BENGKAYANG", "kecamatan": "Seluas", "desa": "Mayak", "tanggal": "2026-08-10", "timestamp": "2026-08-10T13:18:00+07:00", "satelit": "NASA-SNPP", "confidence": "Medium"}}, {"type": "Feature", "geometry": {"type": "Point", "coordinates": [109.83746, 1.19065]}, "properties": {"kab_kota": "BENGKAYANG", "kecamatan": "Seluas", "desa": "Mayak", "tanggal": "2026-08-22", "timestamp": "2026-08-22T12:53:00+07:00", "satelit": "NASA-SNPP", "confidence": "Medium"}}, {"type": "Feature", "geometry": {"type": "Point", "coordinates": [109.82097, 1.2409]}, "properties": {"kab_kota": "BENGKAYANG", "kecamatan": "Seluas", "desa": "Mayak", "tanggal": "2026-08-22", "timestamp": "2026-08-22T12:53:00+07:00", "satelit": "NASA-SNPP", "confidence": "Medium"}}, {"type": "Feature", "geometry": {"type": "Point", "coordinates": [109.76427, 1.20482]}, "properties": {"kab_kota": "BENGKAYANG", "kecamatan": "Seluas", "desa": "Mayak", "tanggal": "2026-08-23", "timestamp": "2026-08-23T12:33:00+07:00", "satelit": "NASA-SNPP", "confidence": "Medium"}}, {"type": "Feature", "geometry": {"type": "Point", "coordinates": [109.76311, 1.21075]}, "properties": {"kab_kota": "BENGKAYANG", "kecamatan": "Seluas", "desa": "Mayak", "tanggal": "2026-08-23", "timestamp": "2026-08-23T12:33:00+07:00", "satelit": "NASA-SNPP", "confidence": "Medium"}}, {"type": "Feature", "geometry": {"type": "Point", "coordinates": [109.84084, 1.21386]}, "properties": {"kab_kota": "BENGKAYANG", "kecamatan": "Seluas", "desa": "Mayak", "tanggal": "2026-08-30", "timestamp": "2026-08-30T13:44:00+07:00", "satelit": "NASA-SNPP", "confidence": "Medium"}}, {"type": "Feature", "geometry": {"type": "Point", "coordinates": [109.81955, 1.2108]}, "properties": {"kab_kota": "BENGKAYANG", "kecamatan": "Seluas", "desa": "Mayak", "tanggal": "2026-08-31", "timestamp": "2026-08-31T13:22:00+07:00", "satelit": "NASA-SNPP", "confidence": "Medium"}}, {"type": "Feature", "geometry": {"type": "Point", "coordinates": [109.84873, 1.08009]}, "properties": {"kab_kota": "BENGKAYANG", "kecamatan": "Seluas", "desa": "Sahan", "tanggal": "2026-08-09", "timestamp": "2026-08-09T13:35:00+07:00", "satelit": "NASA-SNPP", "confidence": "Medium"}}, {"type": "Feature", "geometry": {"type": "Point", "coordinates": [109.85585, 1.08119]}, "properties": {"kab_kota": "BENGKAYANG", "kecamatan": "Seluas", "desa": "Sahan", "tanggal": "2026-08-09", "timestamp": "2026-08-09T13:35:00+07:00", "satelit": "NASA-SNPP", "confidence": "Medium"}}, {"type": "Feature", "geometry": {"type": "Point", "coordinates": [109.8446, 1.08366]}, "properties": {"kab_kota": "BENGKAYANG", "kecamatan": "Seluas", "desa": "Sahan", "tanggal": "2026-08-09", "timestamp": "2026-08-09T13:35:00+07:00", "satelit": "NASA-SNPP", "confidence": "Medium"}}, {"type": "Feature", "geometry": {"type": "Point", "coordinates": [109.84558, 1.10483]}, "properties": {"kab_kota": "BENGKAYANG", "kecamatan": "Seluas", "desa": "Sahan", "tanggal": "2026-08-09", "timestamp": "2026-08-09T13:35:00+07:00", "satelit": "NASA-SNPP", "confidence": "Medium"}}, {"type": "Feature", "geometry": {"type": "Point", "coordinates": [109.83807, 1.10608]}, "properties": {"kab_kota": "BENGKAYANG", "kecamatan": "Seluas", "desa": "Sahan", "tanggal": "2026-08-09", "timestamp": "2026-08-09T13:35:00+07:00", "satelit": "NASA-SNPP", "confidence": "Medium"}}, {"type": "Feature", "geometry": {"type": "Point", "coordinates": [109.83088, 1.10674]}, "properties": {"kab_kota": "BENGKAYANG", "kecamatan": "Seluas", "desa": "Sahan", "tanggal": "2026-08-09", "timestamp": "2026-08-09T13:35:00+07:00", "satelit": "NASA-SNPP", "confidence": "Medium"}}, {"type": "Feature", "geometry": {"type": "Point", "coordinates": [109.83784, 1.10783]}, "properties": {"kab_kota": "BENGKAYANG", "kecamatan": "Seluas", "desa": "Sahan", "tanggal": "2026-08-09", "timestamp": "2026-08-09T13:35:00+07:00", "satelit": "NASA-SNPP", "confidence": "Medium"}}, {"type": "Feature", "geometry": {"type": "Point", "coordinates": [109.83063, 1.10917]}, "properties": {"kab_kota": "BENGKAYANG", "kecamatan": "Seluas", "desa": "Sahan", "tanggal": "2026-08-09", "timestamp": "2026-08-09T13:35:00+07:00", "satelit": "NASA-SNPP", "confidence": "Medium"}}, {"type": "Feature", "geometry": {"type": "Point", "coordinates": [109.83411, 1.10969]}, "properties": {"kab_kota": "BENGKAYANG", "kecamatan": "Seluas", "desa": "Sahan", "tanggal": "2026-08-09", "timestamp": "2026-08-09T13:35:00+07:00", "satelit": "NASA-SNPP", "confidence": "Medium"}}, {"type": "Feature", "geometry": {"type": "Point", "coordinates": [109.83391, 1.11142]}, "properties": {"kab_kota": "BENGKAYANG", "kecamatan": "Seluas", "desa": "Sahan", "tanggal": "2026-08-09", "timestamp": "2026-08-09T13:35:00+07:00", "satelit": "NASA-SNPP", "confidence": "Medium"}}, {"type": "Feature", "geometry": {"type": "Point", "coordinates": [109.79613, 1.12079]}, "properties": {"kab_kota": "BENGKAYANG", "kecamatan": "Seluas", "desa": "Sahan", "tanggal": "2026-08-09", "timestamp": "2026-08-09T13:35:00+07:00", "satelit": "NASA-SNPP", "confidence": "Medium"}}, {"type": "Feature", "geometry": {"type": "Point", "coordinates": [109.83036, 1.16796]}, "properties": {"kab_kota": "BENGKAYANG", "kecamatan": "Seluas", "desa": "Sahan", "tanggal": "2026-08-09", "timestamp": "2026-08-09T13:35:00+07:00", "satelit": "NASA-SNPP", "confidence": "Medium"}}, {"type": "Feature", "geometry": {"type": "Point", "coordinates": [109.8459, 1.08247]}, "properties": {"kab_kota": "BENGKAYANG", "kecamatan": "Seluas", "desa": "Sahan", "tanggal": "2026-08-10", "timestamp": "2026-08-10T13:18:00+07:00", "satelit": "NASA-SNPP", "confidence": "Medium"}}, {"type": "Feature", "geometry": {"type": "Point", "coordinates": [109.83254, 1.10087]}, "properties": {"kab_kota": "BENGKAYANG", "kecamatan": "Seluas", "desa": "Sahan", "tanggal": "2026-08-10", "timestamp": "2026-08-10T13:18:00+07:00", "satelit": "NASA-SNPP", "confidence": "Medium"}}, {"type": "Feature", "geometry": {"type": "Point", "coordinates": [109.81426, 1.10489]}, "properties": {"kab_kota": "BENGKAYANG", "kecamatan": "Seluas", "desa": "Sahan", "tanggal": "2026-08-10", "timestamp": "2026-08-10T13:18:00+07:00", "satelit": "NASA-SNPP", "confidence": "Medium"}}, {"type": "Feature", "geometry": {"type": "Point", "coordinates": [109.84242, 1.10579]}, "properties": {"kab_kota": "BENGKAYANG", "kecamatan": "Seluas", "desa": "Sahan", "tanggal": "2026-08-10", "timestamp": "2026-08-10T13:18:00+07:00", "satelit": "NASA-SNPP", "confidence": "Medium"}}, {"type": "Feature", "geometry": {"type": "Point", "coordinates": [109.83501, 1.10806]}, "properties": {"kab_kota": "BENGKAYANG", "kecamatan": "Seluas", "desa": "Sahan", "tanggal": "2026-08-10", "timestamp": "2026-08-10T13:18:00+07:00", "satelit": "NASA-SNPP", "confidence": "Medium"}}, {"type": "Feature", "geometry": {"type": "Point", "coordinates": [109.83108, 1.11087]}, "properties": {"kab_kota": "BENGKAYANG", "kecamatan": "Seluas", "desa": "Sahan", "tanggal": "2026-08-10", "timestamp": "2026-08-10T13:18:00+07:00", "satelit": "NASA-SNPP", "confidence": "Medium"}}, {"type": "Feature", "geometry": {"type": "Point", "coordinates": [109.83452, 1.1114]}, "properties": {"kab_kota": "BENGKAYANG", "kecamatan": "Seluas", "desa": "Sahan", "tanggal": "2026-08-10", "timestamp": "2026-08-10T13:18:00+07:00", "satelit": "NASA-SNPP", "confidence": "Medium"}}, {"type": "Feature", "geometry": {"type": "Point", "coordinates": [109.82712, 1.11368]}, "properties": {"kab_kota": "BENGKAYANG", "kecamatan": "Seluas", "desa": "Sahan", "tanggal": "2026-08-10", "timestamp": "2026-08-10T13:18:00+07:00", "satelit": "NASA-SNPP", "confidence": "Medium"}}, {"type": "Feature", "geometry": {"type": "Point", "coordinates": [109.843, 1.12814]}, "properties": {"kab_kota": "BENGKAYANG", "kecamatan": "Seluas", "desa": "Sahan", "tanggal": "2026-08-22", "timestamp": "2026-08-22T12:53:00+07:00", "satelit": "NASA-SNPP", "confidence": "Medium"}}, {"type": "Feature", "geometry": {"type": "Point", "coordinates": [109.80951, 1.13176]}, "properties": {"kab_kota": "BENGKAYANG", "kecamatan": "Seluas", "desa": "Sahan", "tanggal": "2026-08-22", "timestamp": "2026-08-22T12:53:00+07:00", "satelit": "NASA-SNPP", "confidence": "Medium"}}, {"type": "Feature", "geometry": {"type": "Point", "coordinates": [109.81355, 1.13239]}, "properties": {"kab_kota": "BENGKAYANG", "kecamatan": "Seluas", "desa": "Sahan", "tanggal": "2026-08-22", "timestamp": "2026-08-22T12:53:00+07:00", "satelit": "NASA-SNPP", "confidence": "Medium"}}, {"type": "Feature", "geometry": {"type": "Point", "coordinates": [109.81625, 1.16809]}, "properties": {"kab_kota": "BENGKAYANG", "kecamatan": "Seluas", "desa": "Sahan", "tanggal": "2026-08-22", "timestamp": "2026-08-22T12:53:00+07:00", "satelit": "NASA-SNPP", "confidence": "Medium"}}, {"type": "Feature", "geometry": {"type": "Point", "coordinates": [109.81618, 1.16962]}, "properties": {"kab_kota": "BENGKAYANG", "kecamatan": "Seluas", "desa": "Sahan", "tanggal": "2026-08-22", "timestamp": "2026-08-22T12:53:00+07:00", "satelit": "NASA-SNPP", "confidence": "Medium"}}, {"type": "Feature", "geometry": {"type": "Point", "coordinates": [109.77132, 1.12962]}, "properties": {"kab_kota": "BENGKAYANG", "kecamatan": "Seluas", "desa": "Sahan", "tanggal": "2026-08-23", "timestamp": "2026-08-23T12:33:00+07:00", "satelit": "NASA-SNPP", "confidence": "Medium"}}, {"type": "Feature", "geometry": {"type": "Point", "coordinates": [109.77184, 1.13265]}, "properties": {"kab_kota": "BENGKAYANG", "kecamatan": "Seluas", "desa": "Sahan", "tanggal": "2026-08-23", "timestamp": "2026-08-23T12:33:00+07:00", "satelit": "NASA-SNPP", "confidence": "Medium"}}, {"type": "Feature", "geometry": {"type": "Point", "coordinates": [109.81079, 1.15037]}, "properties": {"kab_kota": "BENGKAYANG", "kecamatan": "Seluas", "desa": "Sahan", "tanggal": "2026-08-24", "timestamp": "2026-08-24T13:57:00+07:00", "satelit": "NASA-SNPP", "confidence": "Medium"}}, {"type": "Feature", "geometry": {"type": "Point", "coordinates": [109.81219, 1.11918]}, "properties": {"kab_kota": "BENGKAYANG", "kecamatan": "Seluas", "desa": "Sahan", "tanggal": "2026-08-26", "timestamp": "2026-08-26T13:18:00+07:00", "satelit": "NASA-SNPP", "confidence": "Medium"}}, {"type": "Feature", "geometry": {"type": "Point", "coordinates": [109.8117, 1.1225]}, "properties": {"kab_kota": "BENGKAYANG", "kecamatan": "Seluas", "desa": "Sahan", "tanggal": "2026-08-26", "timestamp": "2026-08-26T13:18:00+07:00", "satelit": "NASA-SNPP", "confidence": "Medium"}}, {"type": "Feature", "geometry": {"type": "Point", "coordinates": [109.80654, 1.15155]}, "properties": {"kab_kota": "BENGKAYANG", "kecamatan": "Seluas", "desa": "Sahan", "tanggal": "2026-08-26", "timestamp": "2026-08-26T13:18:00+07:00", "satelit": "NASA-SNPP", "confidence": "Medium"}}, {"type": "Feature", "geometry": {"type": "Point", "coordinates": [109.84093, 1.13464]}, "properties": {"kab_kota": "BENGKAYANG", "kecamatan": "Seluas", "desa": "Sahan", "tanggal": "2026-08-30", "timestamp": "2026-08-30T13:44:00+07:00", "satelit": "NASA-SNPP", "confidence": "Medium"}}, {"type": "Feature", "geometry": {"type": "Point", "coordinates": [109.84026, 1.13921]}, "properties": {"kab_kota": "BENGKAYANG", "kecamatan": "Seluas", "desa": "Sahan", "tanggal": "2026-08-30", "timestamp": "2026-08-30T13:44:00+07:00", "satelit": "NASA-SNPP", "confidence": "Medium"}}, {"type": "Feature", "geometry": {"type": "Point", "coordinates": [109.83047, 1.29299]}, "properties": {"kab_kota": "BENGKAYANG", "kecamatan": "Seluas", "desa": "Seluas", "tanggal": "2026-08-10", "timestamp": "2026-08-10T13:18:00+07:00", "satelit": "NASA-SNPP", "confidence": "Medium"}}, {"type": "Feature", "geometry": {"type": "Point", "coordinates": [109.83393, 1.29352]}, "properties": {"kab_kota": "BENGKAYANG", "kecamatan": "Seluas", "desa": "Seluas", "tanggal": "2026-08-10", "timestamp": "2026-08-10T13:18:00+07:00", "satelit": "NASA-SNPP", "confidence": "Medium"}}, {"type": "Feature", "geometry": {"type": "Point", "coordinates": [109.847, 1.24339]}, "properties": {"kab_kota": "BENGKAYANG", "kecamatan": "Seluas", "desa": "Seluas", "tanggal": "2026-08-20", "timestamp": "2026-08-20T13:29:00+07:00", "satelit": "NASA-SNPP", "confidence": "Medium"}}, {"type": "Feature", "geometry": {"type": "Point", "coordinates": [109.86023, 1.24545]}, "properties": {"kab_kota": "BENGKAYANG", "kecamatan": "Seluas", "desa": "Seluas", "tanggal": "2026-08-20", "timestamp": "2026-08-20T13:29:00+07:00", "satelit": "NASA-SNPP", "confidence": "Medium"}}, {"type": "Feature", "geometry": {"type": "Point", "coordinates": [109.86249, 1.23856]}, "properties": {"kab_kota": "BENGKAYANG", "kecamatan": "Seluas", "desa": "Seluas", "tanggal": "2026-08-22", "timestamp": "2026-08-22T12:53:00+07:00", "satelit": "NASA-SNPP", "confidence": "Medium"}}, {"type": "Feature", "geometry": {"type": "Point", "coordinates": [109.86182, 1.24285]}, "properties": {"kab_kota": "BENGKAYANG", "kecamatan": "Seluas", "desa": "Seluas", "tanggal": "2026-08-22", "timestamp": "2026-08-22T12:53:00+07:00", "satelit": "NASA-SNPP", "confidence": "Medium"}}, {"type": "Feature", "geometry": {"type": "Point", "coordinates": [109.82031, 1.2452]}, "properties": {"kab_kota": "BENGKAYANG", "kecamatan": "Seluas", "desa": "Seluas", "tanggal": "2026-08-22", "timestamp": "2026-08-22T12:53:00+07:00", "satelit": "NASA-SNPP", "confidence": "Medium"}}, {"type": "Feature", "geometry": {"type": "Point", "coordinates": [109.87143, 1.27823]}, "properties": {"kab_kota": "BENGKAYANG", "kecamatan": "Seluas", "desa": "Seluas", "tanggal": "2026-08-24", "timestamp": "2026-08-24T13:57:00+07:00", "satelit": "NASA-SNPP", "confidence": "Medium"}}, {"type": "Feature", "geometry": {"type": "Point", "coordinates": [109.84019, 1.25277]}, "properties": {"kab_kota": "BENGKAYANG", "kecamatan": "Seluas", "desa": "Seluas", "tanggal": "2026-08-31", "timestamp": "2026-08-31T13:22:00+07:00", "satelit": "NASA-SNPP", "confidence": "Medium"}}, {"type": "Feature", "geometry": {"type": "Point", "coordinates": [109.83967, 1.25622]}, "properties": {"kab_kota": "BENGKAYANG", "kecamatan": "Seluas", "desa": "Seluas", "tanggal": "2026-08-31", "timestamp": "2026-08-31T13:22:00+07:00", "satelit": "NASA-SNPP", "confidence": "Medium"}}, {"type": "Feature", "geometry": {"type": "Point", "coordinates": [109.85994, 1.27184]}, "properties": {"kab_kota": "BENGKAYANG", "kecamatan": "Seluas", "desa": "Seluas", "tanggal": "2026-08-31", "timestamp": "2026-08-31T13:22:00+07:00", "satelit": "NASA-SNPP", "confidence": "Medium"}}, {"type": "Feature", "geometry": {"type": "Point", "coordinates": [109.86369, 1.27241]}, "properties": {"kab_kota": "BENGKAYANG", "kecamatan": "Seluas", "desa": "Seluas", "tanggal": "2026-08-31", "timestamp": "2026-08-31T13:22:00+07:00", "satelit": "NASA-SNPP", "confidence": "Medium"}}, {"type": "Feature", "geometry": {"type": "Point", "coordinates": [109.86744, 1.27297]}, "properties": {"kab_kota": "BENGKAYANG", "kecamatan": "Seluas", "desa": "Seluas", "tanggal": "2026-08-31", "timestamp": "2026-08-31T13:22:00+07:00", "satelit": "NASA-SNPP", "confidence": "Medium"}}, {"type": "Feature", "geometry": {"type": "Point", "coordinates": [109.78382, 1.23551]}, "properties": {"kab_kota": "BENGKAYANG", "kecamatan": "Seluas", "desa": "Setangau Jaya", "tanggal": "2026-08-18", "timestamp": "2026-08-18T14:07:00+07:00", "satelit": "NASA-SNPP", "confidence": "Medium"}}, {"type": "Feature", "geometry": {"type": "Point", "coordinates": [109.78048, 1.24191]}, "properties": {"kab_kota": "BENGKAYANG", "kecamatan": "Seluas", "desa": "Setangau Jaya", "tanggal": "2026-08-18", "timestamp": "2026-08-18T14:07:00+07:00", "satelit": "NASA-SNPP", "confidence": "Medium"}}, {"type": "Feature", "geometry": {"type": "Point", "coordinates": [109.78303, 1.24245]}, "properties": {"kab_kota": "BENGKAYANG", "kecamatan": "Seluas", "desa": "Setangau Jaya", "tanggal": "2026-08-18", "timestamp": "2026-08-18T14:07:00+07:00", "satelit": "NASA-SNPP", "confidence": "Medium"}}, {"type": "Feature", "geometry": {"type": "Point", "coordinates": [109.93484, 1.20088]}, "properties": {"kab_kota": "BENGKAYANG", "kecamatan": "Siding", "desa": "Hli Buie", "tanggal": "2026-08-09", "timestamp": "2026-08-09T13:35:00+07:00", "satelit": "NASA-SNPP", "confidence": "Medium"}}, {"type": "Feature", "geometry": {"type": "Point", "coordinates": [109.94955, 1.20315]}, "properties": {"kab_kota": "BENGKAYANG", "kecamatan": "Siding", "desa": "Hli Buie", "tanggal": "2026-08-09", "timestamp": "2026-08-09T13:35:00+07:00", "satelit": "NASA-SNPP", "confidence": "Medium"}}, {"type": "Feature", "geometry": {"type": "Point", "coordinates": [109.94897, 1.2073]}, "properties": {"kab_kota": "BENGKAYANG", "kecamatan": "Siding", "desa": "Hli Buie", "tanggal": "2026-08-09", "timestamp": "2026-08-09T13:35:00+07:00", "satelit": "NASA-SNPP", "confidence": "Medium"}}, {"type": "Feature", "geometry": {"type": "Point", "coordinates": [109.92635, 1.19601]}, "properties": {"kab_kota": "BENGKAYANG", "kecamatan": "Siding", "desa": "Hli Buie", "tanggal": "2026-08-22", "timestamp": "2026-08-22T12:53:00+07:00", "satelit": "NASA-SNPP", "confidence": "Medium"}}, {"type": "Feature", "geometry": {"type": "Point", "coordinates": [109.93822, 1.22413]}, "properties": {"kab_kota": "BENGKAYANG", "kecamatan": "Siding", "desa": "Hli Buie", "tanggal": "2026-08-22", "timestamp": "2026-08-22T12:53:00+07:00", "satelit": "NASA-SNPP", "confidence": "Medium"}}, {"type": "Feature", "geometry": {"type": "Point", "coordinates": [109.95107, 1.21056]}, "properties": {"kab_kota": "BENGKAYANG", "kecamatan": "Siding", "desa": "Hli Buie", "tanggal": "2026-08-23", "timestamp": "2026-08-23T12:33:00+07:00", "satelit": "NASA-SNPP", "confidence": "Medium"}}, {"type": "Feature", "geometry": {"type": "Point", "coordinates": [109.94814, 1.22821]}, "properties": {"kab_kota": "BENGKAYANG", "kecamatan": "Siding", "desa": "Hli Buie", "tanggal": "2026-08-23", "timestamp": "2026-08-23T12:33:00+07:00", "satelit": "NASA-SNPP", "confidence": "Medium"}}, {"type": "Feature", "geometry": {"type": "Point", "coordinates": [109.94717, 1.2341]}, "properties": {"kab_kota": "BENGKAYANG", "kecamatan": "Siding", "desa": "Hli Buie", "tanggal": "2026-08-23", "timestamp": "2026-08-23T12:33:00+07:00", "satelit": "NASA-SNPP", "confidence": "Medium"}}, {"type": "Feature", "geometry": {"type": "Point", "coordinates": [109.95139, 1.23477]}, "properties": {"kab_kota": "BENGKAYANG", "kecamatan": "Siding", "desa": "Hli Buie", "tanggal": "2026-08-23", "timestamp": "2026-08-23T12:33:00+07:00", "satelit": "NASA-SNPP", "confidence": "Medium"}}, {"type": "Feature", "geometry": {"type": "Point", "coordinates": [110.01788, 1.23072]}, "properties": {"kab_kota": "BENGKAYANG", "kecamatan": "Siding", "desa": "Siding", "tanggal": "2026-08-09", "timestamp": "2026-08-09T13:35:00+07:00", "satelit": "NASA-SNPP", "confidence": "Medium"}}, {"type": "Feature", "geometry": {"type": "Point", "coordinates": [110.02077, 1.23544]}, "properties": {"kab_kota": "BENGKAYANG", "kecamatan": "Siding", "desa": "Siding", "tanggal": "2026-08-09", "timestamp": "2026-08-09T13:35:00+07:00", "satelit": "NASA-SNPP", "confidence": "Medium"}}, {"type": "Feature", "geometry": {"type": "Point", "coordinates": [110.00565, 1.26001]}, "properties": {"kab_kota": "BENGKAYANG", "kecamatan": "Siding", "desa": "Siding", "tanggal": "2026-08-09", "timestamp": "2026-08-09T13:35:00+07:00", "satelit": "NASA-SNPP", "confidence": "Medium"}}, {"type": "Feature", "geometry": {"type": "Point", "coordinates": [110.00938, 1.26056]}, "properties": {"kab_kota": "BENGKAYANG", "kecamatan": "Siding", "desa": "Siding", "tanggal": "2026-08-09", "timestamp": "2026-08-09T13:35:00+07:00", "satelit": "NASA-SNPP", "confidence": "Medium"}}, {"type": "Feature", "geometry": {"type": "Point", "coordinates": [110.03812, 1.27341]}, "properties": {"kab_kota": "BENGKAYANG", "kecamatan": "Siding", "desa": "Siding", "tanggal": "2026-08-09", "timestamp": "2026-08-09T13:35:00+07:00", "satelit": "NASA-SNPP", "confidence": "Medium"}}, {"type": "Feature", "geometry": {"type": "Point", "coordinates": [109.93785, 1.27953]}, "properties": {"kab_kota": "BENGKAYANG", "kecamatan": "Siding", "desa": "Siding", "tanggal": "2026-08-09", "timestamp": "2026-08-09T13:35:00+07:00", "satelit": "NASA-SNPP", "confidence": "Medium"}}, {"type": "Feature", "geometry": {"type": "Point", "coordinates": [109.93755, 1.28165]}, "properties": {"kab_kota": "BENGKAYANG", "kecamatan": "Siding", "desa": "Siding", "tanggal": "2026-08-19", "timestamp": "2026-08-19T13:50:00+07:00", "satelit": "NASA-SNPP", "confidence": "Medium"}}, {"type": "Feature", "geometry": {"type": "Point", "coordinates": [109.94043, 1.28209]}, "properties": {"kab_kota": "BENGKAYANG", "kecamatan": "Siding", "desa": "Siding", "tanggal": "2026-08-19", "timestamp": "2026-08-19T13:50:00+07:00", "satelit": "NASA-SNPP", "confidence": "Medium"}}, {"type": "Feature", "geometry": {"type": "Point", "coordinates": [109.99194, 1.23235]}, "properties": {"kab_kota": "BENGKAYANG", "kecamatan": "Siding", "desa": "Siding", "tanggal": "2026-08-21", "timestamp": "2026-08-21T13:12:00+07:00", "satelit": "NASA-SNPP", "confidence": "Medium"}}, {"type": "Feature", "geometry": {"type": "Point", "coordinates": [109.92699, 1.2327]}, "properties": {"kab_kota": "BENGKAYANG", "kecamatan": "Siding", "desa": "Siding", "tanggal": "2026-08-21", "timestamp": "2026-08-21T13:12:00+07:00", "satelit": "NASA-SNPP", "confidence": "Medium"}}, {"type": "Feature", "geometry": {"type": "Point", "coordinates": [110.0075, 1.24846]}, "properties": {"kab_kota": "BENGKAYANG", "kecamatan": "Siding", "desa": "Siding", "tanggal": "2026-08-21", "timestamp": "2026-08-21T13:12:00+07:00", "satelit": "NASA-SNPP", "confidence": "Medium"}}, {"type": "Feature", "geometry": {"type": "Point", "coordinates": [109.99954, 1.22013]}, "properties": {"kab_kota": "BENGKAYANG", "kecamatan": "Siding", "desa": "Siding", "tanggal": "2026-08-24", "timestamp": "2026-08-24T13:57:00+07:00", "satelit": "NASA-SNPP", "confidence": "Medium"}}, {"type": "Feature", "geometry": {"type": "Point", "coordinates": [110.00201, 1.23226]}, "properties": {"kab_kota": "BENGKAYANG", "kecamatan": "Siding", "desa": "Siding", "tanggal": "2026-08-24", "timestamp": "2026-08-24T13:57:00+07:00", "satelit": "NASA-SNPP", "confidence": "Medium"}}, {"type": "Feature", "geometry": {"type": "Point", "coordinates": [110.07325, 1.08207]}, "properties": {"kab_kota": "BENGKAYANG", "kecamatan": "Siding", "desa": "Sungkung  I", "tanggal": "2026-08-05", "timestamp": "2026-08-05T13:12:00+07:00", "satelit": "NASA-SNPP", "confidence": "Medium"}}, {"type": "Feature", "geometry": {"type": "Point", "coordinates": [110.06926, 1.08489]}, "properties": {"kab_kota": "BENGKAYANG", "kecamatan": "Siding", "desa": "Sungkung  I", "tanggal": "2026-08-05", "timestamp": "2026-08-05T13:12:00+07:00", "satelit": "NASA-SNPP", "confidence": "Medium"}}, {"type": "Feature", "geometry": {"type": "Point", "coordinates": [110.08276, 1.06799]}, "properties": {"kab_kota": "BENGKAYANG", "kecamatan": "Siding", "desa": "Sungkung Iii", "tanggal": "2026-08-02", "timestamp": "2026-08-02T14:07:00+07:00", "satelit": "NASA-SNPP", "confidence": "Medium"}}, {"type": "Feature", "geometry": {"type": "Point", "coordinates": [109.97541, 1.12469]}, "properties": {"kab_kota": "BENGKAYANG", "kecamatan": "Siding", "desa": "Tamong", "tanggal": "2026-08-06", "timestamp": "2026-08-06T12:53:00+07:00", "satelit": "NASA-SNPP", "confidence": "Medium"}}, {"type": "Feature", "geometry": {"type": "Point", "coordinates": [109.97381, 1.12879]}, "properties": {"kab_kota": "BENGKAYANG", "kecamatan": "Siding", "desa": "Tamong", "tanggal": "2026-08-06", "timestamp": "2026-08-06T12:53:00+07:00", "satelit": "NASA-SNPP", "confidence": "Medium"}}, {"type": "Feature", "geometry": {"type": "Point", "coordinates": [109.95242, 1.11726]}, "properties": {"kab_kota": "BENGKAYANG", "kecamatan": "Siding", "desa": "Tamong", "tanggal": "2026-08-09", "timestamp": "2026-08-09T13:35:00+07:00", "satelit": "NASA-SNPP", "confidence": "Medium"}}, {"type": "Feature", "geometry": {"type": "Point", "coordinates": [109.95143, 1.11225]}, "properties": {"kab_kota": "BENGKAYANG", "kecamatan": "Siding", "desa": "Tamong", "tanggal": "2026-08-10", "timestamp": "2026-08-10T13:18:00+07:00", "satelit": "NASA-SNPP", "confidence": "Medium"}}, {"type": "Feature", "geometry": {"type": "Point", "coordinates": [109.9261, 1.13483]}, "properties": {"kab_kota": "BENGKAYANG", "kecamatan": "Siding", "desa": "Tamong", "tanggal": "2026-08-10", "timestamp": "2026-08-10T13:18:00+07:00", "satelit": "NASA-SNPP", "confidence": "Medium"}}, {"type": "Feature", "geometry": {"type": "Point", "coordinates": [109.93113, 1.14923]}, "properties": {"kab_kota": "BENGKAYANG", "kecamatan": "Siding", "desa": "Tamong", "tanggal": "2026-08-10", "timestamp": "2026-08-10T13:18:00+07:00", "satelit": "NASA-SNPP", "confidence": "Medium"}}, {"type": "Feature", "geometry": {"type": "Point", "coordinates": [109.93062, 1.15257]}, "properties": {"kab_kota": "BENGKAYANG", "kecamatan": "Siding", "desa": "Tamong", "tanggal": "2026-08-10", "timestamp": "2026-08-10T13:18:00+07:00", "satelit": "NASA-SNPP", "confidence": "Medium"}}, {"type": "Feature", "geometry": {"type": "Point", "coordinates": [109.92318, 1.15485]}, "properties": {"kab_kota": "BENGKAYANG", "kecamatan": "Siding", "desa": "Tamong", "tanggal": "2026-08-10", "timestamp": "2026-08-10T13:18:00+07:00", "satelit": "NASA-SNPP", "confidence": "Medium"}}, {"type": "Feature", "geometry": {"type": "Point", "coordinates": [109.91573, 1.15712]}, "properties": {"kab_kota": "BENGKAYANG", "kecamatan": "Siding", "desa": "Tamong", "tanggal": "2026-08-10", "timestamp": "2026-08-10T13:18:00+07:00", "satelit": "NASA-SNPP", "confidence": "Medium"}}, {"type": "Feature", "geometry": {"type": "Point", "coordinates": [109.9192, 1.15765]}, "properties": {"kab_kota": "BENGKAYANG", "kecamatan": "Siding", "desa": "Tamong", "tanggal": "2026-08-10", "timestamp": "2026-08-10T13:18:00+07:00", "satelit": "NASA-SNPP", "confidence": "Medium"}}, {"type": "Feature", "geometry": {"type": "Point", "coordinates": [109.92268, 1.15818]}, "properties": {"kab_kota": "BENGKAYANG", "kecamatan": "Siding", "desa": "Tamong", "tanggal": "2026-08-10", "timestamp": "2026-08-10T13:18:00+07:00", "satelit": "NASA-SNPP", "confidence": "Medium"}}, {"type": "Feature", "geometry": {"type": "Point", "coordinates": [109.91524, 1.16046]}, "properties": {"kab_kota": "BENGKAYANG", "kecamatan": "Siding", "desa": "Tamong", "tanggal": "2026-08-10", "timestamp": "2026-08-10T13:18:00+07:00", "satelit": "NASA-SNPP", "confidence": "Medium"}}, {"type": "Feature", "geometry": {"type": "Point", "coordinates": [109.91753, 1.17626]}, "properties": {"kab_kota": "BENGKAYANG", "kecamatan": "Siding", "desa": "Tamong", "tanggal": "2026-08-21", "timestamp": "2026-08-21T13:12:00+07:00", "satelit": "NASA-SNPP", "confidence": "Medium"}}, {"type": "Feature", "geometry": {"type": "Point", "coordinates": [109.91475, 1.16559]}, "properties": {"kab_kota": "BENGKAYANG", "kecamatan": "Siding", "desa": "Tamong", "tanggal": "2026-08-22", "timestamp": "2026-08-22T12:53:00+07:00", "satelit": "NASA-SNPP", "confidence": "Medium"}}, {"type": "Feature", "geometry": {"type": "Point", "coordinates": [109.91412, 1.16987]}, "properties": {"kab_kota": "BENGKAYANG", "kecamatan": "Siding", "desa": "Tamong", "tanggal": "2026-08-22", "timestamp": "2026-08-22T12:53:00+07:00", "satelit": "NASA-SNPP", "confidence": "Medium"}}, {"type": "Feature", "geometry": {"type": "Point", "coordinates": [109.91949, 1.19054]}, "properties": {"kab_kota": "BENGKAYANG", "kecamatan": "Siding", "desa": "Tamong", "tanggal": "2026-08-22", "timestamp": "2026-08-22T12:53:00+07:00", "satelit": "NASA-SNPP", "confidence": "Medium"}}, {"type": "Feature", "geometry": {"type": "Point", "coordinates": [109.91792, 1.19398]}, "properties": {"kab_kota": "BENGKAYANG", "kecamatan": "Siding", "desa": "Tamong", "tanggal": "2026-08-31", "timestamp": "2026-08-31T13:22:00+07:00", "satelit": "NASA-SNPP", "confidence": "Medium"}}, {"type": "Feature", "geometry": {"type": "Point", "coordinates": [110.02047, 1.18934]}, "properties": {"kab_kota": "BENGKAYANG", "kecamatan": "Siding", "desa": "Tangguh", "tanggal": "2026-08-07", "timestamp": "2026-08-07T12:33:00+07:00", "satelit": "NASA-SNPP", "confidence": "Medium"}}, {"type": "Feature", "geometry": {"type": "Point", "coordinates": [110.05853, 1.1815]}, "properties": {"kab_kota": "BENGKAYANG", "kecamatan": "Siding", "desa": "Tangguh", "tanggal": "2026-08-09", "timestamp": "2026-08-09T13:35:00+07:00", "satelit": "NASA-SNPP", "confidence": "Medium"}}, {"type": "Feature", "geometry": {"type": "Point", "coordinates": [110.05479, 1.15439]}, "properties": {"kab_kota": "BENGKAYANG", "kecamatan": "Siding", "desa": "Tangguh", "tanggal": "2026-08-10", "timestamp": "2026-08-10T13:18:00+07:00", "satelit": "NASA-SNPP", "confidence": "Medium"}}, {"type": "Feature", "geometry": {"type": "Point", "coordinates": [110.03445, 1.17179]}, "properties": {"kab_kota": "BENGKAYANG", "kecamatan": "Siding", "desa": "Tangguh", "tanggal": "2026-08-10", "timestamp": "2026-08-10T13:18:00+07:00", "satelit": "NASA-SNPP", "confidence": "Medium"}}, {"type": "Feature", "geometry": {"type": "Point", "coordinates": [110.04489, 1.17338]}, "properties": {"kab_kota": "BENGKAYANG", "kecamatan": "Siding", "desa": "Tangguh", "tanggal": "2026-08-10", "timestamp": "2026-08-10T13:18:00+07:00", "satelit": "NASA-SNPP", "confidence": "Medium"}}, {"type": "Feature", "geometry": {"type": "Point", "coordinates": [110.04439, 1.17672]}, "properties": {"kab_kota": "BENGKAYANG", "kecamatan": "Siding", "desa": "Tangguh", "tanggal": "2026-08-10", "timestamp": "2026-08-10T13:18:00+07:00", "satelit": "NASA-SNPP", "confidence": "Medium"}}, {"type": "Feature", "geometry": {"type": "Point", "coordinates": [109.96558, 1.17837]}, "properties": {"kab_kota": "BENGKAYANG", "kecamatan": "Siding", "desa": "Tangguh", "tanggal": "2026-08-10", "timestamp": "2026-08-10T13:18:00+07:00", "satelit": "NASA-SNPP", "confidence": "Medium"}}, {"type": "Feature", "geometry": {"type": "Point", "coordinates": [109.95631, 1.19402]}, "properties": {"kab_kota": "BENGKAYANG", "kecamatan": "Siding", "desa": "Tangguh", "tanggal": "2026-08-10", "timestamp": "2026-08-10T13:18:00+07:00", "satelit": "NASA-SNPP", "confidence": "Medium"}}, {"type": "Feature", "geometry": {"type": "Point", "coordinates": [109.94197, 1.19524]}, "properties": {"kab_kota": "BENGKAYANG", "kecamatan": "Siding", "desa": "Tangguh", "tanggal": "2026-08-10", "timestamp": "2026-08-10T13:18:00+07:00", "satelit": "NASA-SNPP", "confidence": "Medium"}}, {"type": "Feature", "geometry": {"type": "Point", "coordinates": [110.00883, 1.1892]}, "properties": {"kab_kota": "BENGKAYANG", "kecamatan": "Siding", "desa": "Tangguh", "tanggal": "2026-08-15", "timestamp": "2026-08-15T13:22:00+07:00", "satelit": "NASA-SNPP", "confidence": "Medium"}}, {"type": "Feature", "geometry": {"type": "Point", "coordinates": [109.99548, 1.16491]}, "properties": {"kab_kota": "BENGKAYANG", "kecamatan": "Siding", "desa": "Tangguh", "tanggal": "2026-08-22", "timestamp": "2026-08-22T12:53:00+07:00", "satelit": "NASA-SNPP", "confidence": "Medium"}}, {"type": "Feature", "geometry": {"type": "Point", "coordinates": [109.99911, 1.16547]}, "properties": {"kab_kota": "BENGKAYANG", "kecamatan": "Siding", "desa": "Tangguh", "tanggal": "2026-08-22", "timestamp": "2026-08-22T12:53:00+07:00", "satelit": "NASA-SNPP", "confidence": "Medium"}}, {"type": "Feature", "geometry": {"type": "Point", "coordinates": [110.0026, 1.16601]}, "properties": {"kab_kota": "BENGKAYANG", "kecamatan": "Siding", "desa": "Tangguh", "tanggal": "2026-08-22", "timestamp": "2026-08-22T12:53:00+07:00", "satelit": "NASA-SNPP", "confidence": "Medium"}}, {"type": "Feature", "geometry": {"type": "Point", "coordinates": [110.04821, 1.16873]}, "properties": {"kab_kota": "BENGKAYANG", "kecamatan": "Siding", "desa": "Tangguh", "tanggal": "2026-08-22", "timestamp": "2026-08-22T12:53:00+07:00", "satelit": "NASA-SNPP", "confidence": "Medium"}}, {"type": "Feature", "geometry": {"type": "Point", "coordinates": [110.03224, 1.18762]}, "properties": {"kab_kota": "BENGKAYANG", "kecamatan": "Siding", "desa": "Tangguh", "tanggal": "2026-08-23", "timestamp": "2026-08-23T12:33:00+07:00", "satelit": "NASA-SNPP", "confidence": "Medium"}}, {"type": "Feature", "geometry": {"type": "Point", "coordinates": [109.99584, 1.16704]}, "properties": {"kab_kota": "BENGKAYANG", "kecamatan": "Siding", "desa": "Tangguh", "tanggal": "2026-08-30", "timestamp": "2026-08-30T13:44:00+07:00", "satelit": "NASA-SNPP", "confidence": "Medium"}}, {"type": "Feature", "geometry": {"type": "Point", "coordinates": [109.99368, 1.16801]}, "properties": {"kab_kota": "BENGKAYANG", "kecamatan": "Siding", "desa": "Tangguh", "tanggal": "2026-08-30", "timestamp": "2026-08-30T13:44:00+07:00", "satelit": "NASA-SNPP", "confidence": "Medium"}}, {"type": "Feature", "geometry": {"type": "Point", "coordinates": [110.00697, 1.18285]}, "properties": {"kab_kota": "BENGKAYANG", "kecamatan": "Siding", "desa": "Tangguh", "tanggal": "2026-08-30", "timestamp": "2026-08-30T13:44:00+07:00", "satelit": "NASA-SNPP", "confidence": "Medium"}}, {"type": "Feature", "geometry": {"type": "Point", "coordinates": [110.0463, 1.04616]}, "properties": {"kab_kota": "BENGKAYANG", "kecamatan": "Siding", "desa": "Tawang", "tanggal": "2026-08-02", "timestamp": "2026-08-02T01:26:00+07:00", "satelit": "NASA-SNPP", "confidence": "Medium"}}, {"type": "Feature", "geometry": {"type": "Point", "coordinates": [109.40374, 0.82598]}, "properties": {"kab_kota": "BENGKAYANG", "kecamatan": "Sungai Betung", "desa": "Cipta Karya", "tanggal": "2026-08-09", "timestamp": "2026-08-09T13:35:00+07:00", "satelit": "NASA-SNPP", "confidence": "Medium"}}, {"type": "Feature", "geometry": {"type": "Point", "coordinates": [109.41747, 0.83955]}, "properties": {"kab_kota": "BENGKAYANG", "kecamatan": "Sungai Betung", "desa": "Cipta Karya", "tanggal": "2026-08-30", "timestamp": "2026-08-30T13:44:00+07:00", "satelit": "NASA-SNPP", "confidence": "Medium"}}, {"type": "Feature", "geometry": {"type": "Point", "coordinates": [109.40745, 0.74748]}, "properties": {"kab_kota": "BENGKAYANG", "kecamatan": "Sungai Betung", "desa": "Karya Bhakti", "tanggal": "2026-08-09", "timestamp": "2026-08-09T13:35:00+07:00", "satelit": "NASA-SNPP", "confidence": "Medium"}}, {"type": "Feature", "geometry": {"type": "Point", "coordinates": [109.40015, 0.7667]}, "properties": {"kab_kota": "BENGKAYANG", "kecamatan": "Sungai Betung", "desa": "Karya Bhakti", "tanggal": "2026-08-09", "timestamp": "2026-08-09T13:35:00+07:00", "satelit": "NASA-SNPP", "confidence": "Medium"}}, {"type": "Feature", "geometry": {"type": "Point", "coordinates": [109.3929, 0.78184]}, "properties": {"kab_kota": "BENGKAYANG", "kecamatan": "Sungai Betung", "desa": "Karya Bhakti", "tanggal": "2026-08-09", "timestamp": "2026-08-09T13:35:00+07:00", "satelit": "NASA-SNPP", "confidence": "Medium"}}, {"type": "Feature", "geometry": {"type": "Point", "coordinates": [109.4023, 0.75064]}, "properties": {"kab_kota": "BENGKAYANG", "kecamatan": "Sungai Betung", "desa": "Karya Bhakti", "tanggal": "2026-08-10", "timestamp": "2026-08-10T13:18:00+07:00", "satelit": "NASA-SNPP", "confidence": "Medium"}}, {"type": "Feature", "geometry": {"type": "Point", "coordinates": [109.40179, 0.75397]}, "properties": {"kab_kota": "BENGKAYANG", "kecamatan": "Sungai Betung", "desa": "Karya Bhakti", "tanggal": "2026-08-10", "timestamp": "2026-08-10T13:18:00+07:00", "satelit": "NASA-SNPP", "confidence": "Medium"}}, {"type": "Feature", "geometry": {"type": "Point", "coordinates": [109.39929, 0.77059]}, "properties": {"kab_kota": "BENGKAYANG", "kecamatan": "Sungai Betung", "desa": "Karya Bhakti", "tanggal": "2026-08-10", "timestamp": "2026-08-10T13:18:00+07:00", "satelit": "NASA-SNPP", "confidence": "Medium"}}, {"type": "Feature", "geometry": {"type": "Point", "coordinates": [109.40159, 0.82794]}, "properties": {"kab_kota": "BENGKAYANG", "kecamatan": "Sungai Betung", "desa": "Suka Bangun", "tanggal": "2026-08-09", "timestamp": "2026-08-09T13:35:00+07:00", "satelit": "NASA-SNPP", "confidence": "Medium"}}, {"type": "Feature", "geometry": {"type": "Point", "coordinates": [109.3336, 0.87059]}, "properties": {"kab_kota": "BENGKAYANG", "kecamatan": "Sungai Betung", "desa": "Suka Bangun", "tanggal": "2026-08-11", "timestamp": "2026-08-11T12:57:00+07:00", "satelit": "NASA-SNPP", "confidence": "Medium"}}, {"type": "Feature", "geometry": {"type": "Point", "coordinates": [109.35846, 0.8791]}, "properties": {"kab_kota": "BENGKAYANG", "kecamatan": "Sungai Betung", "desa": "Suka Bangun", "tanggal": "2026-08-24", "timestamp": "2026-08-24T13:57:00+07:00", "satelit": "NASA-SNPP", "confidence": "Medium"}}, {"type": "Feature", "geometry": {"type": "Point", "coordinates": [109.3521, 0.84685]}, "properties": {"kab_kota": "BENGKAYANG", "kecamatan": "Sungai Betung", "desa": "Suka Bangun", "tanggal": "2026-08-30", "timestamp": "2026-08-30T13:44:00+07:00", "satelit": "NASA-SNPP", "confidence": "Medium"}}, {"type": "Feature", "geometry": {"type": "Point", "coordinates": [109.35182, 0.84726]}, "properties": {"kab_kota": "BENGKAYANG", "kecamatan": "Sungai Betung", "desa": "Suka Bangun", "tanggal": "2026-08-30", "timestamp": "2026-08-30T13:44:00+07:00", "satelit": "NASA-SNPP", "confidence": "Medium"}}, {"type": "Feature", "geometry": {"type": "Point", "coordinates": [109.36476, 0.79781]}, "properties": {"kab_kota": "BENGKAYANG", "kecamatan": "Sungai Betung", "desa": "Suka Maju", "tanggal": "2026-08-09", "timestamp": "2026-08-09T13:35:00+07:00", "satelit": "NASA-SNPP", "confidence": "Medium"}}, {"type": "Feature", "geometry": {"type": "Point", "coordinates": [109.39966, 0.80729]}, "properties": {"kab_kota": "BENGKAYANG", "kecamatan": "Sungai Betung", "desa": "Suka Maju", "tanggal": "2026-08-09", "timestamp": "2026-08-09T13:35:00+07:00", "satelit": "NASA-SNPP", "confidence": "Medium"}}, {"type": "Feature", "geometry": {"type": "Point", "coordinates": [109.35255, 0.82239]}, "properties": {"kab_kota": "BENGKAYANG", "kecamatan": "Sungai Betung", "desa": "Suka Maju", "tanggal": "2026-08-09", "timestamp": "2026-08-09T13:35:00+07:00", "satelit": "NASA-SNPP", "confidence": "Medium"}}, {"type": "Feature", "geometry": {"type": "Point", "coordinates": [109.40224, 0.82397]}, "properties": {"kab_kota": "BENGKAYANG", "kecamatan": "Sungai Betung", "desa": "Suka Maju", "tanggal": "2026-08-09", "timestamp": "2026-08-09T13:35:00+07:00", "satelit": "NASA-SNPP", "confidence": "Medium"}}, {"type": "Feature", "geometry": {"type": "Point", "coordinates": [109.35049, 0.82399]}, "properties": {"kab_kota": "BENGKAYANG", "kecamatan": "Sungai Betung", "desa": "Suka Maju", "tanggal": "2026-08-09", "timestamp": "2026-08-09T13:35:00+07:00", "satelit": "NASA-SNPP", "confidence": "Medium"}}, {"type": "Feature", "geometry": {"type": "Point", "coordinates": [109.39822, 0.80104]}, "properties": {"kab_kota": "BENGKAYANG", "kecamatan": "Sungai Betung", "desa": "Suka Maju", "tanggal": "2026-08-10", "timestamp": "2026-08-10T13:18:00+07:00", "satelit": "NASA-SNPP", "confidence": "Medium"}}, {"type": "Feature", "geometry": {"type": "Point", "coordinates": [109.39772, 0.80437]}, "properties": {"kab_kota": "BENGKAYANG", "kecamatan": "Sungai Betung", "desa": "Suka Maju", "tanggal": "2026-08-10", "timestamp": "2026-08-10T13:18:00+07:00", "satelit": "NASA-SNPP", "confidence": "Medium"}}, {"type": "Feature", "geometry": {"type": "Point", "coordinates": [109.38055, 0.78585]}, "properties": {"kab_kota": "BENGKAYANG", "kecamatan": "Sungai Betung", "desa": "Suka Maju", "tanggal": "2026-08-15", "timestamp": "2026-08-15T13:22:00+07:00", "satelit": "NASA-SNPP", "confidence": "Medium"}}, {"type": "Feature", "geometry": {"type": "Point", "coordinates": [109.36658, 0.82705]}, "properties": {"kab_kota": "BENGKAYANG", "kecamatan": "Sungai Betung", "desa": "Suka Maju", "tanggal": "2026-08-19", "timestamp": "2026-08-19T13:50:00+07:00", "satelit": "NASA-SNPP", "confidence": "Medium"}}, {"type": "Feature", "geometry": {"type": "Point", "coordinates": [109.34648, 0.81991]}, "properties": {"kab_kota": "BENGKAYANG", "kecamatan": "Sungai Betung", "desa": "Suka Maju", "tanggal": "2026-08-20", "timestamp": "2026-08-20T13:29:00+07:00", "satelit": "NASA-SNPP", "confidence": "Medium"}}, {"type": "Feature", "geometry": {"type": "Point", "coordinates": [108.9714, 0.57721]}, "properties": {"kab_kota": "BENGKAYANG", "kecamatan": "Sungai Raya", "desa": "Sungai Duri", "tanggal": "2026-08-08", "timestamp": "2026-08-08T01:13:00+07:00", "satelit": "NASA-SNPP", "confidence": "Medium"}}, {"type": "Feature", "geometry": {"type": "Point", "coordinates": [108.96123, 0.53788]}, "properties": {"kab_kota": "BENGKAYANG", "kecamatan": "Sungai Raya", "desa": "Sungai Duri", "tanggal": "2026-08-08", "timestamp": "2026-08-08T13:57:00+07:00", "satelit": "NASA-SNPP", "confidence": "Medium"}}, {"type": "Feature", "geometry": {"type": "Point", "coordinates": [108.96449, 0.53837]}, "properties": {"kab_kota": "BENGKAYANG", "kecamatan": "Sungai Raya", "desa": "Sungai Duri", "tanggal": "2026-08-08", "timestamp": "2026-08-08T13:57:00+07:00", "satelit": "NASA-SNPP", "confidence": "Medium"}}, {"type": "Feature", "geometry": {"type": "Point", "coordinates": [108.96101, 0.53946]}, "properties": {"kab_kota": "BENGKAYANG", "kecamatan": "Sungai Raya", "desa": "Sungai Duri", "tanggal": "2026-08-08", "timestamp": "2026-08-08T13:57:00+07:00", "satelit": "NASA-SNPP", "confidence": "Medium"}}, {"type": "Feature", "geometry": {"type": "Point", "coordinates": [108.96428, 0.53997]}, "properties": {"kab_kota": "BENGKAYANG", "kecamatan": "Sungai Raya", "desa": "Sungai Duri", "tanggal": "2026-08-08", "timestamp": "2026-08-08T13:57:00+07:00", "satelit": "NASA-SNPP", "confidence": "Medium"}}, {"type": "Feature", "geometry": {"type": "Point", "coordinates": [108.96043, 0.5432]}, "properties": {"kab_kota": "BENGKAYANG", "kecamatan": "Sungai Raya", "desa": "Sungai Duri", "tanggal": "2026-08-08", "timestamp": "2026-08-08T13:57:00+07:00", "satelit": "NASA-SNPP", "confidence": "Medium"}}, {"type": "Feature", "geometry": {"type": "Point", "coordinates": [108.96147, 0.53397]}, "properties": {"kab_kota": "BENGKAYANG", "kecamatan": "Sungai Raya", "desa": "Sungai Duri", "tanggal": "2026-08-09", "timestamp": "2026-08-09T00:56:00+07:00", "satelit": "NASA-SNPP", "confidence": "Medium"}}, {"type": "Feature", "geometry": {"type": "Point", "coordinates": [108.96275, 0.53522]}, "properties": {"kab_kota": "BENGKAYANG", "kecamatan": "Sungai Raya", "desa": "Sungai Duri", "tanggal": "2026-08-09", "timestamp": "2026-08-09T00:56:00+07:00", "satelit": "NASA-SNPP", "confidence": "Medium"}}, {"type": "Feature", "geometry": {"type": "Point", "coordinates": [108.96849, 0.57825]}, "properties": {"kab_kota": "BENGKAYANG", "kecamatan": "Sungai Raya", "desa": "Sungai Duri", "tanggal": "2026-08-09", "timestamp": "2026-08-09T00:56:00+07:00", "satelit": "NASA-SNPP", "confidence": "Medium"}}, {"type": "Feature", "geometry": {"type": "Point", "coordinates": [108.96962, 0.54042]}, "properties": {"kab_kota": "BENGKAYANG", "kecamatan": "Sungai Raya", "desa": "Sungai Duri", "tanggal": "2026-08-09", "timestamp": "2026-08-09T13:35:00+07:00", "satelit": "NASA-SNPP", "confidence": "Medium"}}, {"type": "Feature", "geometry": {"type": "Point", "coordinates": [108.96906, 0.54427]}, "properties": {"kab_kota": "BENGKAYANG", "kecamatan": "Sungai Raya", "desa": "Sungai Duri", "tanggal": "2026-08-09", "timestamp": "2026-08-09T13:35:00+07:00", "satelit": "NASA-SNPP", "confidence": "Medium"}}, {"type": "Feature", "geometry": {"type": "Point", "coordinates": [108.9731, 0.5509]}, "properties": {"kab_kota": "BENGKAYANG", "kecamatan": "Sungai Raya", "desa": "Sungai Duri", "tanggal": "2026-08-11", "timestamp": "2026-08-11T01:58:00+07:00", "satelit": "NASA-SNPP", "confidence": "Medium"}}, {"type": "Feature", "geometry": {"type": "Point", "coordinates": [108.96955, 0.55148]}, "properties": {"kab_kota": "BENGKAYANG", "kecamatan": "Sungai Raya", "desa": "Sungai Duri", "tanggal": "2026-08-11", "timestamp": "2026-08-11T01:58:00+07:00", "satelit": "NASA-SNPP", "confidence": "Medium"}}, {"type": "Feature", "geometry": {"type": "Point", "coordinates": [108.97399, 0.5564]}, "properties": {"kab_kota": "BENGKAYANG", "kecamatan": "Sungai Raya", "desa": "Sungai Duri", "tanggal": "2026-08-11", "timestamp": "2026-08-11T01:58:00+07:00", "satelit": "NASA-SNPP", "confidence": "Medium"}}, {"type": "Feature", "geometry": {"type": "Point", "coordinates": [108.97042, 0.55697]}, "properties": {"kab_kota": "BENGKAYANG", "kecamatan": "Sungai Raya", "desa": "Sungai Duri", "tanggal": "2026-08-11", "timestamp": "2026-08-11T01:58:00+07:00", "satelit": "NASA-SNPP", "confidence": "Medium"}}, {"type": "Feature", "geometry": {"type": "Point", "coordinates": [108.97156, 0.55376]}, "properties": {"kab_kota": "BENGKAYANG", "kecamatan": "Sungai Raya", "desa": "Sungai Duri", "tanggal": "2026-08-12", "timestamp": "2026-08-12T01:41:00+07:00", "satelit": "NASA-SNPP", "confidence": "Medium"}}, {"type": "Feature", "geometry": {"type": "Point", "coordinates": [108.97218, 0.55773]}, "properties": {"kab_kota": "BENGKAYANG", "kecamatan": "Sungai Raya", "desa": "Sungai Duri", "tanggal": "2026-08-12", "timestamp": "2026-08-12T01:41:00+07:00", "satelit": "NASA-SNPP", "confidence": "Medium"}}, {"type": "Feature", "geometry": {"type": "Point", "coordinates": [108.99621, 0.57832]}, "properties": {"kab_kota": "BENGKAYANG", "kecamatan": "Sungai Raya", "desa": "Sungai Duri", "tanggal": "2026-08-12", "timestamp": "2026-08-12T01:41:00+07:00", "satelit": "NASA-SNPP", "confidence": "Medium"}}, {"type": "Feature", "geometry": {"type": "Point", "coordinates": [108.99686, 0.5823]}, "properties": {"kab_kota": "BENGKAYANG", "kecamatan": "Sungai Raya", "desa": "Sungai Duri", "tanggal": "2026-08-12", "timestamp": "2026-08-12T01:41:00+07:00", "satelit": "NASA-SNPP", "confidence": "Medium"}}, {"type": "Feature", "geometry": {"type": "Point", "coordinates": [108.99537, 0.57763]}, "properties": {"kab_kota": "BENGKAYANG", "kecamatan": "Sungai Raya", "desa": "Sungai Duri", "tanggal": "2026-08-12", "timestamp": "2026-08-12T12:40:00+07:00", "satelit": "NASA-SNPP", "confidence": "Medium"}}, {"type": "Feature", "geometry": {"type": "Point", "coordinates": [108.97243, 0.55055]}, "properties": {"kab_kota": "BENGKAYANG", "kecamatan": "Sungai Raya", "desa": "Sungai Duri", "tanggal": "2026-08-13", "timestamp": "2026-08-13T01:19:00+07:00", "satelit": "NASA-SNPP", "confidence": "Medium"}}, {"type": "Feature", "geometry": {"type": "Point", "coordinates": [108.97295, 0.55386]}, "properties": {"kab_kota": "BENGKAYANG", "kecamatan": "Sungai Raya", "desa": "Sungai Duri", "tanggal": "2026-08-13", "timestamp": "2026-08-13T01:19:00+07:00", "satelit": "NASA-SNPP", "confidence": "Medium"}}, {"type": "Feature", "geometry": {"type": "Point", "coordinates": [108.99428, 0.57764]}, "properties": {"kab_kota": "BENGKAYANG", "kecamatan": "Sungai Raya", "desa": "Sungai Duri", "tanggal": "2026-08-13", "timestamp": "2026-08-13T01:19:00+07:00", "satelit": "NASA-SNPP", "confidence": "Medium"}}, {"type": "Feature", "geometry": {"type": "Point", "coordinates": [108.99824, 0.58041]}, "properties": {"kab_kota": "BENGKAYANG", "kecamatan": "Sungai Raya", "desa": "Sungai Duri", "tanggal": "2026-08-13", "timestamp": "2026-08-13T01:19:00+07:00", "satelit": "NASA-SNPP", "confidence": "Medium"}}, {"type": "Feature", "geometry": {"type": "Point", "coordinates": [108.9948, 0.58095]}, "properties": {"kab_kota": "BENGKAYANG", "kecamatan": "Sungai Raya", "desa": "Sungai Duri", "tanggal": "2026-08-13", "timestamp": "2026-08-13T01:19:00+07:00", "satelit": "NASA-SNPP", "confidence": "Medium"}}, {"type": "Feature", "geometry": {"type": "Point", "coordinates": [108.97569, 0.5726]}, "properties": {"kab_kota": "BENGKAYANG", "kecamatan": "Sungai Raya", "desa": "Sungai Duri", "tanggal": "2026-08-18", "timestamp": "2026-08-18T01:26:00+07:00", "satelit": "NASA-SNPP", "confidence": "Medium"}}, {"type": "Feature", "geometry": {"type": "Point", "coordinates": [108.97984, 0.57542]}, "properties": {"kab_kota": "BENGKAYANG", "kecamatan": "Sungai Raya", "desa": "Sungai Duri", "tanggal": "2026-08-18", "timestamp": "2026-08-18T01:26:00+07:00", "satelit": "NASA-SNPP", "confidence": "Medium"}}, {"type": "Feature", "geometry": {"type": "Point", "coordinates": [108.97926, 0.57528]}, "properties": {"kab_kota": "BENGKAYANG", "kecamatan": "Sungai Raya", "desa": "Sungai Duri", "tanggal": "2026-08-19", "timestamp": "2026-08-19T01:09:00+07:00", "satelit": "NASA-SNPP", "confidence": "Medium"}}, {"type": "Feature", "geometry": {"type": "Point", "coordinates": [108.97662, 0.57562]}, "properties": {"kab_kota": "BENGKAYANG", "kecamatan": "Sungai Raya", "desa": "Sungai Duri", "tanggal": "2026-08-19", "timestamp": "2026-08-19T01:09:00+07:00", "satelit": "NASA-SNPP", "confidence": "Medium"}}, {"type": "Feature", "geometry": {"type": "Point", "coordinates": [109.00131, 0.5793]}, "properties": {"kab_kota": "BENGKAYANG", "kecamatan": "Sungai Raya", "desa": "Sungai Duri", "tanggal": "2026-08-19", "timestamp": "2026-08-19T01:09:00+07:00", "satelit": "NASA-SNPP", "confidence": "Medium"}}, {"type": "Feature", "geometry": {"type": "Point", "coordinates": [108.99864, 0.57952]}, "properties": {"kab_kota": "BENGKAYANG", "kecamatan": "Sungai Raya", "desa": "Sungai Duri", "tanggal": "2026-08-19", "timestamp": "2026-08-19T01:09:00+07:00", "satelit": "NASA-SNPP", "confidence": "Medium"}}, {"type": "Feature", "geometry": {"type": "Point", "coordinates": [108.9949, 0.58295]}, "properties": {"kab_kota": "BENGKAYANG", "kecamatan": "Sungai Raya", "desa": "Sungai Duri", "tanggal": "2026-08-23", "timestamp": "2026-08-23T01:34:00+07:00", "satelit": "NASA-SNPP", "confidence": "Medium"}}, {"type": "Feature", "geometry": {"type": "Point", "coordinates": [108.99555, 0.58545]}, "properties": {"kab_kota": "BENGKAYANG", "kecamatan": "Sungai Raya", "desa": "Sungai Duri", "tanggal": "2026-08-25", "timestamp": "2026-08-25T00:56:00+07:00", "satelit": "NASA-SNPP", "confidence": "Medium"}}, {"type": "Feature", "geometry": {"type": "Point", "coordinates": [108.99935, 0.55844]}, "properties": {"kab_kota": "BENGKAYANG", "kecamatan": "Sungai Raya", "desa": "Sungai Duri", "tanggal": "2026-08-31", "timestamp": "2026-08-31T13:22:00+07:00", "satelit": "NASA-SNPP", "confidence": "Medium"}}, {"type": "Feature", "geometry": {"type": "Point", "coordinates": [108.97341, 0.581]}, "properties": {"kab_kota": "BENGKAYANG", "kecamatan": "Sungai Raya", "desa": "Sungai Jaga A", "tanggal": "2026-08-01", "timestamp": "2026-08-01T01:45:00+07:00", "satelit": "NASA-SNPP", "confidence": "Medium"}}, {"type": "Feature", "geometry": {"type": "Point", "coordinates": [108.9746, 0.58227]}, "properties": {"kab_kota": "BENGKAYANG", "kecamatan": "Sungai Raya", "desa": "Sungai Jaga A", "tanggal": "2026-08-01", "timestamp": "2026-08-01T01:45:00+07:00", "satelit": "NASA-SNPP", "confidence": "Medium"}}, {"type": "Feature", "geometry": {"type": "Point", "coordinates": [108.97391, 0.57877]}, "properties": {"kab_kota": "BENGKAYANG", "kecamatan": "Sungai Raya", "desa": "Sungai Jaga A", "tanggal": "2026-08-01", "timestamp": "2026-08-01T12:46:00+07:00", "satelit": "NASA-SNPP", "confidence": "Medium"}}, {"type": "Feature", "geometry": {"type": "Point", "coordinates": [108.97243, 0.57867]}, "properties": {"kab_kota": "BENGKAYANG", "kecamatan": "Sungai Raya", "desa": "Sungai Jaga A", "tanggal": "2026-08-06", "timestamp": "2026-08-06T12:53:00+07:00", "satelit": "NASA-SNPP", "confidence": "Medium"}}, {"type": "Feature", "geometry": {"type": "Point", "coordinates": [108.96848, 0.5799]}, "properties": {"kab_kota": "BENGKAYANG", "kecamatan": "Sungai Raya", "desa": "Sungai Jaga A", "tanggal": "2026-08-07", "timestamp": "2026-08-07T01:32:00+07:00", "satelit": "NASA-SNPP", "confidence": "Medium"}}, {"type": "Feature", "geometry": {"type": "Point", "coordinates": [108.97269, 0.57949]}, "properties": {"kab_kota": "BENGKAYANG", "kecamatan": "Sungai Raya", "desa": "Sungai Jaga A", "tanggal": "2026-08-07", "timestamp": "2026-08-07T12:33:00+07:00", "satelit": "NASA-SNPP", "confidence": "Medium"}}, {"type": "Feature", "geometry": {"type": "Point", "coordinates": [108.97192, 0.5806]}, "properties": {"kab_kota": "BENGKAYANG", "kecamatan": "Sungai Raya", "desa": "Sungai Jaga A", "tanggal": "2026-08-08", "timestamp": "2026-08-08T01:13:00+07:00", "satelit": "NASA-SNPP", "confidence": "Medium"}}, {"type": "Feature", "geometry": {"type": "Point", "coordinates": [108.97282, 0.57757]}, "properties": {"kab_kota": "BENGKAYANG", "kecamatan": "Sungai Raya", "desa": "Sungai Jaga A", "tanggal": "2026-08-09", "timestamp": "2026-08-09T00:56:00+07:00", "satelit": "NASA-SNPP", "confidence": "Medium"}}, {"type": "Feature", "geometry": {"type": "Point", "coordinates": [108.97352, 0.582]}, "properties": {"kab_kota": "BENGKAYANG", "kecamatan": "Sungai Raya", "desa": "Sungai Jaga A", "tanggal": "2026-08-09", "timestamp": "2026-08-09T00:56:00+07:00", "satelit": "NASA-SNPP", "confidence": "Medium"}}, {"type": "Feature", "geometry": {"type": "Point", "coordinates": [108.96918, 0.58268]}, "properties": {"kab_kota": "BENGKAYANG", "kecamatan": "Sungai Raya", "desa": "Sungai Jaga A", "tanggal": "2026-08-09", "timestamp": "2026-08-09T00:56:00+07:00", "satelit": "NASA-SNPP", "confidence": "Medium"}}, {"type": "Feature", "geometry": {"type": "Point", "coordinates": [108.99113, 0.57913]}, "properties": {"kab_kota": "BENGKAYANG", "kecamatan": "Sungai Raya", "desa": "Sungai Jaga A", "tanggal": "2026-08-12", "timestamp": "2026-08-12T01:41:00+07:00", "satelit": "NASA-SNPP", "confidence": "Medium"}}, {"type": "Feature", "geometry": {"type": "Point", "coordinates": [108.97623, 0.57599]}, "properties": {"kab_kota": "BENGKAYANG", "kecamatan": "Sungai Raya", "desa": "Sungai Jaga A", "tanggal": "2026-08-18", "timestamp": "2026-08-18T01:26:00+07:00", "satelit": "NASA-SNPP", "confidence": "Medium"}}, {"type": "Feature", "geometry": {"type": "Point", "coordinates": [108.98037, 0.57881]}, "properties": {"kab_kota": "BENGKAYANG", "kecamatan": "Sungai Raya", "desa": "Sungai Jaga A", "tanggal": "2026-08-18", "timestamp": "2026-08-18T01:26:00+07:00", "satelit": "NASA-SNPP", "confidence": "Medium"}}, {"type": "Feature", "geometry": {"type": "Point", "coordinates": [108.99291, 0.58764]}, "properties": {"kab_kota": "BENGKAYANG", "kecamatan": "Sungai Raya", "desa": "Sungai Jaga A", "tanggal": "2026-08-24", "timestamp": "2026-08-24T01:13:00+07:00", "satelit": "NASA-SNPP", "confidence": "Medium"}}, {"type": "Feature", "geometry": {"type": "Point", "coordinates": [108.98293, 0.59593]}, "properties": {"kab_kota": "BENGKAYANG", "kecamatan": "Sungai Raya", "desa": "Sungai Jaga A", "tanggal": "2026-08-28", "timestamp": "2026-08-28T12:40:00+07:00", "satelit": "NASA-SNPP", "confidence": "Medium"}}, {"type": "Feature", "geometry": {"type": "Point", "coordinates": [108.96204, 0.61453]}, "properties": {"kab_kota": "BENGKAYANG", "kecamatan": "Sungai Raya", "desa": "Sungai Jaga B", "tanggal": "2026-08-15", "timestamp": "2026-08-15T13:22:00+07:00", "satelit": "NASA-SNPP", "confidence": "Medium"}}, {"type": "Feature", "geometry": {"type": "Point", "coordinates": [108.90944, 0.77221]}, "properties": {"kab_kota": "BENGKAYANG", "kecamatan": "Sungai Raya Kepulauan", "desa": "Karimunting", "tanggal": "2026-08-24", "timestamp": "2026-08-24T13:57:00+07:00", "satelit": "NASA-SNPP", "confidence": "Medium"}}, {"type": "Feature", "geometry": {"type": "Point", "coordinates": [108.9047, 0.76957]}, "properties": {"kab_kota": "BENGKAYANG", "kecamatan": "Sungai Raya Kepulauan", "desa": "Karimunting", "tanggal": "2026-08-25", "timestamp": "2026-08-25T00:56:00+07:00", "satelit": "NASA-SNPP", "confidence": "Medium"}}, {"type": "Feature", "geometry": {"type": "Point", "coordinates": [108.90026, 0.77027]}, "properties": {"kab_kota": "BENGKAYANG", "kecamatan": "Sungai Raya Kepulauan", "desa": "Karimunting", "tanggal": "2026-08-25", "timestamp": "2026-08-25T00:56:00+07:00", "satelit": "NASA-SNPP", "confidence": "Medium"}}, {"type": "Feature", "geometry": {"type": "Point", "coordinates": [108.90987, 0.77335]}, "properties": {"kab_kota": "BENGKAYANG", "kecamatan": "Sungai Raya Kepulauan", "desa": "Karimunting", "tanggal": "2026-08-25", "timestamp": "2026-08-25T00:56:00+07:00", "satelit": "NASA-SNPP", "confidence": "Medium"}}, {"type": "Feature", "geometry": {"type": "Point", "coordinates": [108.90099, 0.77474]}, "properties": {"kab_kota": "BENGKAYANG", "kecamatan": "Sungai Raya Kepulauan", "desa": "Karimunting", "tanggal": "2026-08-25", "timestamp": "2026-08-25T00:56:00+07:00", "satelit": "NASA-SNPP", "confidence": "Medium"}}, {"type": "Feature", "geometry": {"type": "Point", "coordinates": [108.89654, 0.77544]}, "properties": {"kab_kota": "BENGKAYANG", "kecamatan": "Sungai Raya Kepulauan", "desa": "Karimunting", "tanggal": "2026-08-25", "timestamp": "2026-08-25T00:56:00+07:00", "satelit": "NASA-SNPP", "confidence": "Medium"}}, {"type": "Feature", "geometry": {"type": "Point", "coordinates": [108.91058, 0.77782]}, "properties": {"kab_kota": "BENGKAYANG", "kecamatan": "Sungai Raya Kepulauan", "desa": "Karimunting", "tanggal": "2026-08-25", "timestamp": "2026-08-25T00:56:00+07:00", "satelit": "NASA-SNPP", "confidence": "Medium"}}, {"type": "Feature", "geometry": {"type": "Point", "coordinates": [108.90615, 0.77852]}, "properties": {"kab_kota": "BENGKAYANG", "kecamatan": "Sungai Raya Kepulauan", "desa": "Karimunting", "tanggal": "2026-08-25", "timestamp": "2026-08-25T00:56:00+07:00", "satelit": "NASA-SNPP", "confidence": "Medium"}}, {"type": "Feature", "geometry": {"type": "Point", "coordinates": [108.90173, 0.77922]}, "properties": {"kab_kota": "BENGKAYANG", "kecamatan": "Sungai Raya Kepulauan", "desa": "Karimunting", "tanggal": "2026-08-25", "timestamp": "2026-08-25T00:56:00+07:00", "satelit": "NASA-SNPP", "confidence": "Medium"}}, {"type": "Feature", "geometry": {"type": "Point", "coordinates": [108.90687, 0.78299]}, "properties": {"kab_kota": "BENGKAYANG", "kecamatan": "Sungai Raya Kepulauan", "desa": "Karimunting", "tanggal": "2026-08-25", "timestamp": "2026-08-25T00:56:00+07:00", "satelit": "NASA-SNPP", "confidence": "Medium"}}, {"type": "Feature", "geometry": {"type": "Point", "coordinates": [108.90506, 0.77542]}, "properties": {"kab_kota": "BENGKAYANG", "kecamatan": "Sungai Raya Kepulauan", "desa": "Karimunting", "tanggal": "2026-08-25", "timestamp": "2026-08-25T13:35:00+07:00", "satelit": "NASA-SNPP", "confidence": "Medium"}}, {"type": "Feature", "geometry": {"type": "Point", "coordinates": [108.90976, 0.77616]}, "properties": {"kab_kota": "BENGKAYANG", "kecamatan": "Sungai Raya Kepulauan", "desa": "Karimunting", "tanggal": "2026-08-25", "timestamp": "2026-08-25T13:35:00+07:00", "satelit": "NASA-SNPP", "confidence": "Medium"}}, {"type": "Feature", "geometry": {"type": "Point", "coordinates": [108.90718, 0.7777]}, "properties": {"kab_kota": "BENGKAYANG", "kecamatan": "Sungai Raya Kepulauan", "desa": "Karimunting", "tanggal": "2026-08-25", "timestamp": "2026-08-25T13:35:00+07:00", "satelit": "NASA-SNPP", "confidence": "Medium"}}, {"type": "Feature", "geometry": {"type": "Point", "coordinates": [108.91189, 0.77841]}, "properties": {"kab_kota": "BENGKAYANG", "kecamatan": "Sungai Raya Kepulauan", "desa": "Karimunting", "tanggal": "2026-08-25", "timestamp": "2026-08-25T13:35:00+07:00", "satelit": "NASA-SNPP", "confidence": "Medium"}}, {"type": "Feature", "geometry": {"type": "Point", "coordinates": [108.90448, 0.77926]}, "properties": {"kab_kota": "BENGKAYANG", "kecamatan": "Sungai Raya Kepulauan", "desa": "Karimunting", "tanggal": "2026-08-25", "timestamp": "2026-08-25T13:35:00+07:00", "satelit": "NASA-SNPP", "confidence": "Medium"}}, {"type": "Feature", "geometry": {"type": "Point", "coordinates": [108.90918, 0.78]}, "properties": {"kab_kota": "BENGKAYANG", "kecamatan": "Sungai Raya Kepulauan", "desa": "Karimunting", "tanggal": "2026-08-25", "timestamp": "2026-08-25T13:35:00+07:00", "satelit": "NASA-SNPP", "confidence": "Medium"}}, {"type": "Feature", "geometry": {"type": "Point", "coordinates": [108.9066, 0.78154]}, "properties": {"kab_kota": "BENGKAYANG", "kecamatan": "Sungai Raya Kepulauan", "desa": "Karimunting", "tanggal": "2026-08-25", "timestamp": "2026-08-25T13:35:00+07:00", "satelit": "NASA-SNPP", "confidence": "Medium"}}, {"type": "Feature", "geometry": {"type": "Point", "coordinates": [108.9072, 0.77508]}, "properties": {"kab_kota": "BENGKAYANG", "kecamatan": "Sungai Raya Kepulauan", "desa": "Karimunting", "tanggal": "2026-08-26", "timestamp": "2026-08-26T00:37:00+07:00", "satelit": "NASA-SNPP", "confidence": "Medium"}}, {"type": "Feature", "geometry": {"type": "Point", "coordinates": [108.90244, 0.77582]}, "properties": {"kab_kota": "BENGKAYANG", "kecamatan": "Sungai Raya Kepulauan", "desa": "Karimunting", "tanggal": "2026-08-26", "timestamp": "2026-08-26T00:37:00+07:00", "satelit": "NASA-SNPP", "confidence": "Medium"}}, {"type": "Feature", "geometry": {"type": "Point", "coordinates": [108.90717, 0.77586]}, "properties": {"kab_kota": "BENGKAYANG", "kecamatan": "Sungai Raya Kepulauan", "desa": "Karimunting", "tanggal": "2026-08-27", "timestamp": "2026-08-27T12:57:00+07:00", "satelit": "NASA-SNPP", "confidence": "Medium"}}, {"type": "Feature", "geometry": {"type": "Point", "coordinates": [108.90656, 0.78001]}, "properties": {"kab_kota": "BENGKAYANG", "kecamatan": "Sungai Raya Kepulauan", "desa": "Karimunting", "tanggal": "2026-08-27", "timestamp": "2026-08-27T12:57:00+07:00", "satelit": "NASA-SNPP", "confidence": "Medium"}}, {"type": "Feature", "geometry": {"type": "Point", "coordinates": [108.90709, 0.77797]}, "properties": {"kab_kota": "BENGKAYANG", "kecamatan": "Sungai Raya Kepulauan", "desa": "Karimunting", "tanggal": "2026-08-29", "timestamp": "2026-08-29T01:19:00+07:00", "satelit": "NASA-SNPP", "confidence": "Medium"}}, {"type": "Feature", "geometry": {"type": "Point", "coordinates": [108.90599, 0.77595]}, "properties": {"kab_kota": "BENGKAYANG", "kecamatan": "Sungai Raya Kepulauan", "desa": "Karimunting", "tanggal": "2026-08-30", "timestamp": "2026-08-30T01:02:00+07:00", "satelit": "NASA-SNPP", "confidence": "Medium"}}, {"type": "Feature", "geometry": {"type": "Point", "coordinates": [108.89179, 0.76162]}, "properties": {"kab_kota": "BENGKAYANG", "kecamatan": "Sungai Raya Kepulauan", "desa": "Karimunting", "tanggal": "2026-08-31", "timestamp": "2026-08-31T13:22:00+07:00", "satelit": "NASA-SNPP", "confidence": "Medium"}}, {"type": "Feature", "geometry": {"type": "Point", "coordinates": [109.03419, 0.71058]}, "properties": {"kab_kota": "BENGKAYANG", "kecamatan": "Sungai Raya Kepulauan", "desa": "Rukma Jaya", "tanggal": "2026-08-11", "timestamp": "2026-08-11T01:58:00+07:00", "satelit": "NASA-SNPP", "confidence": "Medium"}}, {"type": "Feature", "geometry": {"type": "Point", "coordinates": [108.95451, 0.67318]}, "properties": {"kab_kota": "BENGKAYANG", "kecamatan": "Sungai Raya Kepulauan", "desa": "Rukma Jaya", "tanggal": "2026-08-18", "timestamp": "2026-08-18T01:26:00+07:00", "satelit": "NASA-SNPP", "confidence": "Medium"}}, {"type": "Feature", "geometry": {"type": "Point", "coordinates": [109.75554, 0.90761]}, "properties": {"kab_kota": "BENGKAYANG", "kecamatan": "Suti Semarang", "desa": "Cempaka Putih", "tanggal": "2026-08-09", "timestamp": "2026-08-09T13:35:00+07:00", "satelit": "NASA-SNPP", "confidence": "Medium"}}, {"type": "Feature", "geometry": {"type": "Point", "coordinates": [109.7657, 0.94208]}, "properties": {"kab_kota": "BENGKAYANG", "kecamatan": "Suti Semarang", "desa": "Cempaka Putih", "tanggal": "2026-08-14", "timestamp": "2026-08-14T13:42:00+07:00", "satelit": "NASA-SNPP", "confidence": "Medium"}}, {"type": "Feature", "geometry": {"type": "Point", "coordinates": [109.76624, 0.94256]}, "properties": {"kab_kota": "BENGKAYANG", "kecamatan": "Suti Semarang", "desa": "Cempaka Putih", "tanggal": "2026-08-14", "timestamp": "2026-08-14T13:42:00+07:00", "satelit": "NASA-SNPP", "confidence": "Medium"}}, {"type": "Feature", "geometry": {"type": "Point", "coordinates": [109.74378, 0.8505]}, "properties": {"kab_kota": "BENGKAYANG", "kecamatan": "Suti Semarang", "desa": "Kiung", "tanggal": "2026-08-02", "timestamp": "2026-08-02T12:27:00+07:00", "satelit": "NASA-SNPP", "confidence": "Medium"}}, {"type": "Feature", "geometry": {"type": "Point", "coordinates": [109.72141, 0.87816]}, "properties": {"kab_kota": "BENGKAYANG", "kecamatan": "Suti Semarang", "desa": "Kiung", "tanggal": "2026-08-06", "timestamp": "2026-08-06T12:53:00+07:00", "satelit": "NASA-SNPP", "confidence": "Medium"}}, {"type": "Feature", "geometry": {"type": "Point", "coordinates": [109.76446, 0.88345]}, "properties": {"kab_kota": "BENGKAYANG", "kecamatan": "Suti Semarang", "desa": "Muhi Bersatu", "tanggal": "2026-08-02", "timestamp": "2026-08-02T14:07:00+07:00", "satelit": "NASA-SNPP", "confidence": "Medium"}}, {"type": "Feature", "geometry": {"type": "Point", "coordinates": [109.77128, 0.88448]}, "properties": {"kab_kota": "BENGKAYANG", "kecamatan": "Suti Semarang", "desa": "Muhi Bersatu", "tanggal": "2026-08-02", "timestamp": "2026-08-02T14:07:00+07:00", "satelit": "NASA-SNPP", "confidence": "Medium"}}, {"type": "Feature", "geometry": {"type": "Point", "coordinates": [109.73714, 0.86765]}, "properties": {"kab_kota": "BENGKAYANG", "kecamatan": "Suti Semarang", "desa": "Muhi Bersatu", "tanggal": "2026-08-05", "timestamp": "2026-08-05T13:12:00+07:00", "satelit": "NASA-SNPP", "confidence": "Medium"}}, {"type": "Feature", "geometry": {"type": "Point", "coordinates": [109.73663, 0.87102]}, "properties": {"kab_kota": "BENGKAYANG", "kecamatan": "Suti Semarang", "desa": "Muhi Bersatu", "tanggal": "2026-08-05", "timestamp": "2026-08-05T13:12:00+07:00", "satelit": "NASA-SNPP", "confidence": "Medium"}}, {"type": "Feature", "geometry": {"type": "Point", "coordinates": [109.73697, 0.87324]}, "properties": {"kab_kota": "BENGKAYANG", "kecamatan": "Suti Semarang", "desa": "Muhi Bersatu", "tanggal": "2026-08-10", "timestamp": "2026-08-10T13:18:00+07:00", "satelit": "NASA-SNPP", "confidence": "Medium"}}, {"type": "Feature", "geometry": {"type": "Point", "coordinates": [109.65106, 0.8652]}, "properties": {"kab_kota": "BENGKAYANG", "kecamatan": "Suti Semarang", "desa": "Nangka", "tanggal": "2026-08-07", "timestamp": "2026-08-07T12:33:00+07:00", "satelit": "NASA-SNPP", "confidence": "Medium"}}, {"type": "Feature", "geometry": {"type": "Point", "coordinates": [109.65549, 0.8659]}, "properties": {"kab_kota": "BENGKAYANG", "kecamatan": "Suti Semarang", "desa": "Nangka", "tanggal": "2026-08-07", "timestamp": "2026-08-07T12:33:00+07:00", "satelit": "NASA-SNPP", "confidence": "Medium"}}, {"type": "Feature", "geometry": {"type": "Point", "coordinates": [109.66787, 0.87403]}, "properties": {"kab_kota": "BENGKAYANG", "kecamatan": "Suti Semarang", "desa": "Nangka", "tanggal": "2026-08-07", "timestamp": "2026-08-07T12:33:00+07:00", "satelit": "NASA-SNPP", "confidence": "Medium"}}, {"type": "Feature", "geometry": {"type": "Point", "coordinates": [109.70233, 0.88853]}, "properties": {"kab_kota": "BENGKAYANG", "kecamatan": "Suti Semarang", "desa": "Suka Maju", "tanggal": "2026-08-06", "timestamp": "2026-08-06T12:53:00+07:00", "satelit": "NASA-SNPP", "confidence": "Medium"}}, {"type": "Feature", "geometry": {"type": "Point", "coordinates": [109.73866, 0.92527]}, "properties": {"kab_kota": "BENGKAYANG", "kecamatan": "Suti Semarang", "desa": "Suka Maju", "tanggal": "2026-08-06", "timestamp": "2026-08-06T12:53:00+07:00", "satelit": "NASA-SNPP", "confidence": "Medium"}}, {"type": "Feature", "geometry": {"type": "Point", "coordinates": [109.72018, 0.93576]}, "properties": {"kab_kota": "BENGKAYANG", "kecamatan": "Suti Semarang", "desa": "Suka Maju", "tanggal": "2026-08-06", "timestamp": "2026-08-06T12:53:00+07:00", "satelit": "NASA-SNPP", "confidence": "Medium"}}, {"type": "Feature", "geometry": {"type": "Point", "coordinates": [109.72049, 0.93716]}, "properties": {"kab_kota": "BENGKAYANG", "kecamatan": "Suti Semarang", "desa": "Suka Maju", "tanggal": "2026-08-06", "timestamp": "2026-08-06T12:53:00+07:00", "satelit": "NASA-SNPP", "confidence": "Medium"}}, {"type": "Feature", "geometry": {"type": "Point", "coordinates": [109.72762, 0.94917]}, "properties": {"kab_kota": "BENGKAYANG", "kecamatan": "Suti Semarang", "desa": "Suka Maju", "tanggal": "2026-08-09", "timestamp": "2026-08-09T13:35:00+07:00", "satelit": "NASA-SNPP", "confidence": "Medium"}}, {"type": "Feature", "geometry": {"type": "Point", "coordinates": [109.70676, 0.88287]}, "properties": {"kab_kota": "BENGKAYANG", "kecamatan": "Suti Semarang", "desa": "Suka Maju", "tanggal": "2026-08-20", "timestamp": "2026-08-20T13:29:00+07:00", "satelit": "NASA-SNPP", "confidence": "Medium"}}, {"type": "Feature", "geometry": {"type": "Point", "coordinates": [109.69279, 0.88824]}, "properties": {"kab_kota": "BENGKAYANG", "kecamatan": "Suti Semarang", "desa": "Suka Maju", "tanggal": "2026-08-20", "timestamp": "2026-08-20T13:29:00+07:00", "satelit": "NASA-SNPP", "confidence": "Medium"}}, {"type": "Feature", "geometry": {"type": "Point", "coordinates": [109.71782, 0.932]}, "properties": {"kab_kota": "BENGKAYANG", "kecamatan": "Suti Semarang", "desa": "Suka Maju", "tanggal": "2026-08-20", "timestamp": "2026-08-20T13:29:00+07:00", "satelit": "NASA-SNPP", "confidence": "Medium"}}, {"type": "Feature", "geometry": {"type": "Point", "coordinates": [109.83597, 0.89231]}, "properties": {"kab_kota": "BENGKAYANG", "kecamatan": "Suti Semarang", "desa": "Suti Semarang", "tanggal": "2026-08-02", "timestamp": "2026-08-02T12:27:00+07:00", "satelit": "NASA-SNPP", "confidence": "Medium"}}, {"type": "Feature", "geometry": {"type": "Point", "coordinates": [109.84191, 0.89326]}, "properties": {"kab_kota": "BENGKAYANG", "kecamatan": "Suti Semarang", "desa": "Suti Semarang", "tanggal": "2026-08-02", "timestamp": "2026-08-02T12:27:00+07:00", "satelit": "NASA-SNPP", "confidence": "Medium"}}, {"type": "Feature", "geometry": {"type": "Point", "coordinates": [109.83727, 0.87947]}, "properties": {"kab_kota": "BENGKAYANG", "kecamatan": "Suti Semarang", "desa": "Suti Semarang", "tanggal": "2026-08-09", "timestamp": "2026-08-09T13:35:00+07:00", "satelit": "NASA-SNPP", "confidence": "Medium"}}, {"type": "Feature", "geometry": {"type": "Point", "coordinates": [109.83665, 0.88356]}, "properties": {"kab_kota": "BENGKAYANG", "kecamatan": "Suti Semarang", "desa": "Suti Semarang", "tanggal": "2026-08-09", "timestamp": "2026-08-09T13:35:00+07:00", "satelit": "NASA-SNPP", "confidence": "Medium"}}, {"type": "Feature", "geometry": {"type": "Point", "coordinates": [109.81741, 0.86365]}, "properties": {"kab_kota": "BENGKAYANG", "kecamatan": "Suti Semarang", "desa": "Suti Semarang", "tanggal": "2026-08-21", "timestamp": "2026-08-21T13:12:00+07:00", "satelit": "NASA-SNPP", "confidence": "Medium"}}, {"type": "Feature", "geometry": {"type": "Point", "coordinates": [109.81388, 0.90149]}, "properties": {"kab_kota": "BENGKAYANG", "kecamatan": "Suti Semarang", "desa": "Tapen", "tanggal": "2026-08-06", "timestamp": "2026-08-06T12:53:00+07:00", "satelit": "NASA-SNPP", "confidence": "Medium"}}, {"type": "Feature", "geometry": {"type": "Point", "coordinates": [109.78841, 0.90194]}, "properties": {"kab_kota": "BENGKAYANG", "kecamatan": "Suti Semarang", "desa": "Tapen", "tanggal": "2026-08-06", "timestamp": "2026-08-06T12:53:00+07:00", "satelit": "NASA-SNPP", "confidence": "Medium"}}, {"type": "Feature", "geometry": {"type": "Point", "coordinates": [109.7926, 0.9026]}, "properties": {"kab_kota": "BENGKAYANG", "kecamatan": "Suti Semarang", "desa": "Tapen", "tanggal": "2026-08-06", "timestamp": "2026-08-06T12:53:00+07:00", "satelit": "NASA-SNPP", "confidence": "Medium"}}, {"type": "Feature", "geometry": {"type": "Point", "coordinates": [109.80081, 0.90387]}, "properties": {"kab_kota": "BENGKAYANG", "kecamatan": "Suti Semarang", "desa": "Tapen", "tanggal": "2026-08-06", "timestamp": "2026-08-06T12:53:00+07:00", "satelit": "NASA-SNPP", "confidence": "Medium"}}, {"type": "Feature", "geometry": {"type": "Point", "coordinates": [109.79765, 0.92549]}, "properties": {"kab_kota": "BENGKAYANG", "kecamatan": "Suti Semarang", "desa": "Tapen", "tanggal": "2026-08-06", "timestamp": "2026-08-06T12:53:00+07:00", "satelit": "NASA-SNPP", "confidence": "Medium"}}, {"type": "Feature", "geometry": {"type": "Point", "coordinates": [109.80196, 0.92615]}, "properties": {"kab_kota": "BENGKAYANG", "kecamatan": "Suti Semarang", "desa": "Tapen", "tanggal": "2026-08-06", "timestamp": "2026-08-06T12:53:00+07:00", "satelit": "NASA-SNPP", "confidence": "Medium"}}, {"type": "Feature", "geometry": {"type": "Point", "coordinates": [109.80114, 0.88295]}, "properties": {"kab_kota": "BENGKAYANG", "kecamatan": "Suti Semarang", "desa": "Tapen", "tanggal": "2026-08-07", "timestamp": "2026-08-07T12:33:00+07:00", "satelit": "NASA-SNPP", "confidence": "Medium"}}, {"type": "Feature", "geometry": {"type": "Point", "coordinates": [109.79448, 0.89412]}, "properties": {"kab_kota": "BENGKAYANG", "kecamatan": "Suti Semarang", "desa": "Tapen", "tanggal": "2026-08-07", "timestamp": "2026-08-07T12:33:00+07:00", "satelit": "NASA-SNPP", "confidence": "Medium"}}, {"type": "Feature", "geometry": {"type": "Point", "coordinates": [109.80334, 0.89552]}, "properties": {"kab_kota": "BENGKAYANG", "kecamatan": "Suti Semarang", "desa": "Tapen", "tanggal": "2026-08-07", "timestamp": "2026-08-07T12:33:00+07:00", "satelit": "NASA-SNPP", "confidence": "Medium"}}, {"type": "Feature", "geometry": {"type": "Point", "coordinates": [109.8017, 0.87394]}, "properties": {"kab_kota": "BENGKAYANG", "kecamatan": "Suti Semarang", "desa": "Tapen", "tanggal": "2026-08-09", "timestamp": "2026-08-09T13:35:00+07:00", "satelit": "NASA-SNPP", "confidence": "Medium"}}, {"type": "Feature", "geometry": {"type": "Point", "coordinates": [109.79211, 0.90156]}, "properties": {"kab_kota": "BENGKAYANG", "kecamatan": "Suti Semarang", "desa": "Tapen", "tanggal": "2026-08-10", "timestamp": "2026-08-10T13:18:00+07:00", "satelit": "NASA-SNPP", "confidence": "Medium"}}, {"type": "Feature", "geometry": {"type": "Point", "coordinates": [109.79011, 0.91487]}, "properties": {"kab_kota": "BENGKAYANG", "kecamatan": "Suti Semarang", "desa": "Tapen", "tanggal": "2026-08-10", "timestamp": "2026-08-10T13:18:00+07:00", "satelit": "NASA-SNPP", "confidence": "Medium"}}, {"type": "Feature", "geometry": {"type": "Point", "coordinates": [109.6582, 0.82656]}, "properties": {"kab_kota": "BENGKAYANG", "kecamatan": "Teriak", "desa": "Ampar Benteng", "tanggal": "2026-08-20", "timestamp": "2026-08-20T13:29:00+07:00", "satelit": "NASA-SNPP", "confidence": "Medium"}}, {"type": "Feature", "geometry": {"type": "Point", "coordinates": [109.63702, 0.84629]}, "properties": {"kab_kota": "BENGKAYANG", "kecamatan": "Teriak", "desa": "Ampar Benteng", "tanggal": "2026-08-21", "timestamp": "2026-08-21T13:12:00+07:00", "satelit": "NASA-SNPP", "confidence": "Medium"}}, {"type": "Feature", "geometry": {"type": "Point", "coordinates": [109.62024, 0.82319]}, "properties": {"kab_kota": "BENGKAYANG", "kecamatan": "Teriak", "desa": "Ampar Benteng", "tanggal": "2026-08-29", "timestamp": "2026-08-29T14:01:00+07:00", "satelit": "NASA-SNPP", "confidence": "Medium"}}, {"type": "Feature", "geometry": {"type": "Point", "coordinates": [109.55859, 0.76624]}, "properties": {"kab_kota": "BENGKAYANG", "kecamatan": "Teriak", "desa": "Bana", "tanggal": "2026-08-09", "timestamp": "2026-08-09T13:35:00+07:00", "satelit": "NASA-SNPP", "confidence": "Medium"}}, {"type": "Feature", "geometry": {"type": "Point", "coordinates": [109.56109, 0.77083]}, "properties": {"kab_kota": "BENGKAYANG", "kecamatan": "Teriak", "desa": "Bana", "tanggal": "2026-08-20", "timestamp": "2026-08-20T13:29:00+07:00", "satelit": "NASA-SNPP", "confidence": "Medium"}}, {"type": "Feature", "geometry": {"type": "Point", "coordinates": [109.56527, 0.77147]}, "properties": {"kab_kota": "BENGKAYANG", "kecamatan": "Teriak", "desa": "Bana", "tanggal": "2026-08-20", "timestamp": "2026-08-20T13:29:00+07:00", "satelit": "NASA-SNPP", "confidence": "Medium"}}, {"type": "Feature", "geometry": {"type": "Point", "coordinates": [109.56057, 0.77448]}, "properties": {"kab_kota": "BENGKAYANG", "kecamatan": "Teriak", "desa": "Bana", "tanggal": "2026-08-20", "timestamp": "2026-08-20T13:29:00+07:00", "satelit": "NASA-SNPP", "confidence": "Medium"}}, {"type": "Feature", "geometry": {"type": "Point", "coordinates": [109.56199, 0.77465]}, "properties": {"kab_kota": "BENGKAYANG", "kecamatan": "Teriak", "desa": "Bana", "tanggal": "2026-08-20", "timestamp": "2026-08-20T13:29:00+07:00", "satelit": "NASA-SNPP", "confidence": "Medium"}}, {"type": "Feature", "geometry": {"type": "Point", "coordinates": [109.55769, 0.77494]}, "properties": {"kab_kota": "BENGKAYANG", "kecamatan": "Teriak", "desa": "Bana", "tanggal": "2026-08-24", "timestamp": "2026-08-24T13:57:00+07:00", "satelit": "NASA-SNPP", "confidence": "Medium"}}, {"type": "Feature", "geometry": {"type": "Point", "coordinates": [109.56187, 0.77671]}, "properties": {"kab_kota": "BENGKAYANG", "kecamatan": "Teriak", "desa": "Bana", "tanggal": "2026-08-26", "timestamp": "2026-08-26T13:18:00+07:00", "satelit": "NASA-SNPP", "confidence": "Medium"}}, {"type": "Feature", "geometry": {"type": "Point", "coordinates": [109.55393, 0.77374]}, "properties": {"kab_kota": "BENGKAYANG", "kecamatan": "Teriak", "desa": "Bangun Sari", "tanggal": "2026-08-09", "timestamp": "2026-08-09T13:35:00+07:00", "satelit": "NASA-SNPP", "confidence": "Medium"}}, {"type": "Feature", "geometry": {"type": "Point", "coordinates": [109.50661, 0.78413]}, "properties": {"kab_kota": "BENGKAYANG", "kecamatan": "Teriak", "desa": "Dharma Bhakti", "tanggal": "2026-08-24", "timestamp": "2026-08-24T13:57:00+07:00", "satelit": "NASA-SNPP", "confidence": "Medium"}}, {"type": "Feature", "geometry": {"type": "Point", "coordinates": [109.52285, 0.73468]}, "properties": {"kab_kota": "BENGKAYANG", "kecamatan": "Teriak", "desa": "Lulang", "tanggal": "2026-08-09", "timestamp": "2026-08-09T13:35:00+07:00", "satelit": "NASA-SNPP", "confidence": "Medium"}}, {"type": "Feature", "geometry": {"type": "Point", "coordinates": [109.52215, 0.73867]}, "properties": {"kab_kota": "BENGKAYANG", "kecamatan": "Teriak", "desa": "Lulang", "tanggal": "2026-08-09", "timestamp": "2026-08-09T13:35:00+07:00", "satelit": "NASA-SNPP", "confidence": "Medium"}}, {"type": "Feature", "geometry": {"type": "Point", "coordinates": [109.60387, 0.79505]}, "properties": {"kab_kota": "BENGKAYANG", "kecamatan": "Teriak", "desa": "Puteng", "tanggal": "2026-08-10", "timestamp": "2026-08-10T13:18:00+07:00", "satelit": "NASA-SNPP", "confidence": "Medium"}}, {"type": "Feature", "geometry": {"type": "Point", "coordinates": [109.61526, 0.8238]}, "properties": {"kab_kota": "BENGKAYANG", "kecamatan": "Teriak", "desa": "Puteng", "tanggal": "2026-08-20", "timestamp": "2026-08-20T13:29:00+07:00", "satelit": "NASA-SNPP", "confidence": "Medium"}}, {"type": "Feature", "geometry": {"type": "Point", "coordinates": [109.61747, 0.7802]}, "properties": {"kab_kota": "BENGKAYANG", "kecamatan": "Teriak", "desa": "Puteng", "tanggal": "2026-08-25", "timestamp": "2026-08-25T13:35:00+07:00", "satelit": "NASA-SNPP", "confidence": "Medium"}}, {"type": "Feature", "geometry": {"type": "Point", "coordinates": [109.48363, 0.77409]}, "properties": {"kab_kota": "BENGKAYANG", "kecamatan": "Teriak", "desa": "Sebente", "tanggal": "2026-08-20", "timestamp": "2026-08-20T13:29:00+07:00", "satelit": "NASA-SNPP", "confidence": "Medium"}}, {"type": "Feature", "geometry": {"type": "Point", "coordinates": [109.52105, 0.77577]}, "properties": {"kab_kota": "BENGKAYANG", "kecamatan": "Teriak", "desa": "Sebente", "tanggal": "2026-08-20", "timestamp": "2026-08-20T13:29:00+07:00", "satelit": "NASA-SNPP", "confidence": "Medium"}}, {"type": "Feature", "geometry": {"type": "Point", "coordinates": [109.52248, 0.77619]}, "properties": {"kab_kota": "BENGKAYANG", "kecamatan": "Teriak", "desa": "Sebente", "tanggal": "2026-08-20", "timestamp": "2026-08-20T13:29:00+07:00", "satelit": "NASA-SNPP", "confidence": "Medium"}}, {"type": "Feature", "geometry": {"type": "Point", "coordinates": [109.50882, 0.7713]}, "properties": {"kab_kota": "BENGKAYANG", "kecamatan": "Teriak", "desa": "Sebente", "tanggal": "2026-08-22", "timestamp": "2026-08-22T12:53:00+07:00", "satelit": "NASA-SNPP", "confidence": "Medium"}}, {"type": "Feature", "geometry": {"type": "Point", "coordinates": [109.51028, 0.7723]}, "properties": {"kab_kota": "BENGKAYANG", "kecamatan": "Teriak", "desa": "Sebente", "tanggal": "2026-08-25", "timestamp": "2026-08-25T13:35:00+07:00", "satelit": "NASA-SNPP", "confidence": "Medium"}}, {"type": "Feature", "geometry": {"type": "Point", "coordinates": [109.5229, 0.80605]}, "properties": {"kab_kota": "BENGKAYANG", "kecamatan": "Teriak", "desa": "Sebetung Menyala", "tanggal": "2026-08-20", "timestamp": "2026-08-20T13:29:00+07:00", "satelit": "NASA-SNPP", "confidence": "Medium"}}, {"type": "Feature", "geometry": {"type": "Point", "coordinates": [109.52658, 0.81033]}, "properties": {"kab_kota": "BENGKAYANG", "kecamatan": "Teriak", "desa": "Sebetung Menyala", "tanggal": "2026-08-20", "timestamp": "2026-08-20T13:29:00+07:00", "satelit": "NASA-SNPP", "confidence": "Medium"}}, {"type": "Feature", "geometry": {"type": "Point", "coordinates": [109.52698, 0.72856]}, "properties": {"kab_kota": "BENGKAYANG", "kecamatan": "Teriak", "desa": "Setia Jaya", "tanggal": "2026-08-02", "timestamp": "2026-08-02T14:07:00+07:00", "satelit": "NASA-SNPP", "confidence": "Medium"}}, {"type": "Feature", "geometry": {"type": "Point", "coordinates": [109.54083, 0.73413]}, "properties": {"kab_kota": "BENGKAYANG", "kecamatan": "Teriak", "desa": "Setia Jaya", "tanggal": "2026-08-20", "timestamp": "2026-08-20T13:29:00+07:00", "satelit": "NASA-SNPP", "confidence": "Medium"}}, {"type": "Feature", "geometry": {"type": "Point", "coordinates": [109.53246, 0.7253]}, "properties": {"kab_kota": "BENGKAYANG", "kecamatan": "Teriak", "desa": "Setia Jaya", "tanggal": "2026-08-25", "timestamp": "2026-08-25T13:35:00+07:00", "satelit": "NASA-SNPP", "confidence": "Medium"}}, {"type": "Feature", "geometry": {"type": "Point", "coordinates": [109.62675, 0.77308]}, "properties": {"kab_kota": "BENGKAYANG", "kecamatan": "Teriak", "desa": "Sumber Karya", "tanggal": "2026-08-07", "timestamp": "2026-08-07T12:33:00+07:00", "satelit": "NASA-SNPP", "confidence": "Medium"}}, {"type": "Feature", "geometry": {"type": "Point", "coordinates": [109.63129, 0.77379]}, "properties": {"kab_kota": "BENGKAYANG", "kecamatan": "Teriak", "desa": "Sumber Karya", "tanggal": "2026-08-07", "timestamp": "2026-08-07T12:33:00+07:00", "satelit": "NASA-SNPP", "confidence": "Medium"}}, {"type": "Feature", "geometry": {"type": "Point", "coordinates": [109.62329, 0.77414]}, "properties": {"kab_kota": "BENGKAYANG", "kecamatan": "Teriak", "desa": "Sumber Karya", "tanggal": "2026-08-07", "timestamp": "2026-08-07T12:33:00+07:00", "satelit": "NASA-SNPP", "confidence": "Medium"}}, {"type": "Feature", "geometry": {"type": "Point", "coordinates": [109.62575, 0.77911]}, "properties": {"kab_kota": "BENGKAYANG", "kecamatan": "Teriak", "desa": "Sumber Karya", "tanggal": "2026-08-07", "timestamp": "2026-08-07T12:33:00+07:00", "satelit": "NASA-SNPP", "confidence": "Medium"}}, {"type": "Feature", "geometry": {"type": "Point", "coordinates": [109.63024, 0.77981]}, "properties": {"kab_kota": "BENGKAYANG", "kecamatan": "Teriak", "desa": "Sumber Karya", "tanggal": "2026-08-07", "timestamp": "2026-08-07T12:33:00+07:00", "satelit": "NASA-SNPP", "confidence": "Medium"}}, {"type": "Feature", "geometry": {"type": "Point", "coordinates": [109.62243, 0.75124]}, "properties": {"kab_kota": "BENGKAYANG", "kecamatan": "Teriak", "desa": "Sumber Karya", "tanggal": "2026-08-08", "timestamp": "2026-08-08T13:57:00+07:00", "satelit": "NASA-SNPP", "confidence": "Medium"}}, {"type": "Feature", "geometry": {"type": "Point", "coordinates": [109.62611, 0.75183]}, "properties": {"kab_kota": "BENGKAYANG", "kecamatan": "Teriak", "desa": "Sumber Karya", "tanggal": "2026-08-08", "timestamp": "2026-08-08T13:57:00+07:00", "satelit": "NASA-SNPP", "confidence": "Medium"}}, {"type": "Feature", "geometry": {"type": "Point", "coordinates": [109.68066, 0.75245]}, "properties": {"kab_kota": "BENGKAYANG", "kecamatan": "Teriak", "desa": "Sumber Karya", "tanggal": "2026-08-08", "timestamp": "2026-08-08T13:57:00+07:00", "satelit": "NASA-SNPP", "confidence": "Medium"}}, {"type": "Feature", "geometry": {"type": "Point", "coordinates": [109.62035, 0.75482]}, "properties": {"kab_kota": "BENGKAYANG", "kecamatan": "Teriak", "desa": "Sumber Karya", "tanggal": "2026-08-08", "timestamp": "2026-08-08T13:57:00+07:00", "satelit": "NASA-SNPP", "confidence": "Medium"}}, {"type": "Feature", "geometry": {"type": "Point", "coordinates": [109.6217, 0.75684]}, "properties": {"kab_kota": "BENGKAYANG", "kecamatan": "Teriak", "desa": "Sumber Karya", "tanggal": "2026-08-08", "timestamp": "2026-08-08T13:57:00+07:00", "satelit": "NASA-SNPP", "confidence": "Medium"}}, {"type": "Feature", "geometry": {"type": "Point", "coordinates": [109.67342, 0.77427]}, "properties": {"kab_kota": "BENGKAYANG", "kecamatan": "Teriak", "desa": "Sumber Karya", "tanggal": "2026-08-08", "timestamp": "2026-08-08T13:57:00+07:00", "satelit": "NASA-SNPP", "confidence": "Medium"}}, {"type": "Feature", "geometry": {"type": "Point", "coordinates": [109.67457, 0.77667]}, "properties": {"kab_kota": "BENGKAYANG", "kecamatan": "Teriak", "desa": "Sumber Karya", "tanggal": "2026-08-08", "timestamp": "2026-08-08T13:57:00+07:00", "satelit": "NASA-SNPP", "confidence": "Medium"}}, {"type": "Feature", "geometry": {"type": "Point", "coordinates": [109.67297, 0.74578]}, "properties": {"kab_kota": "BENGKAYANG", "kecamatan": "Teriak", "desa": "Sumber Karya", "tanggal": "2026-08-09", "timestamp": "2026-08-09T13:35:00+07:00", "satelit": "NASA-SNPP", "confidence": "Medium"}}, {"type": "Feature", "geometry": {"type": "Point", "coordinates": [109.68356, 0.74743]}, "properties": {"kab_kota": "BENGKAYANG", "kecamatan": "Teriak", "desa": "Sumber Karya", "tanggal": "2026-08-09", "timestamp": "2026-08-09T13:35:00+07:00", "satelit": "NASA-SNPP", "confidence": "Medium"}}, {"type": "Feature", "geometry": {"type": "Point", "coordinates": [109.66531, 0.74872]}, "properties": {"kab_kota": "BENGKAYANG", "kecamatan": "Teriak", "desa": "Sumber Karya", "tanggal": "2026-08-09", "timestamp": "2026-08-09T13:35:00+07:00", "satelit": "NASA-SNPP", "confidence": "Medium"}}, {"type": "Feature", "geometry": {"type": "Point", "coordinates": [109.66883, 0.74927]}, "properties": {"kab_kota": "BENGKAYANG", "kecamatan": "Teriak", "desa": "Sumber Karya", "tanggal": "2026-08-09", "timestamp": "2026-08-09T13:35:00+07:00", "satelit": "NASA-SNPP", "confidence": "Medium"}}, {"type": "Feature", "geometry": {"type": "Point", "coordinates": [109.67943, 0.75093]}, "properties": {"kab_kota": "BENGKAYANG", "kecamatan": "Teriak", "desa": "Sumber Karya", "tanggal": "2026-08-09", "timestamp": "2026-08-09T13:35:00+07:00", "satelit": "NASA-SNPP", "confidence": "Medium"}}, {"type": "Feature", "geometry": {"type": "Point", "coordinates": [109.62367, 0.75957]}, "properties": {"kab_kota": "BENGKAYANG", "kecamatan": "Teriak", "desa": "Sumber Karya", "tanggal": "2026-08-09", "timestamp": "2026-08-09T13:35:00+07:00", "satelit": "NASA-SNPP", "confidence": "Medium"}}, {"type": "Feature", "geometry": {"type": "Point", "coordinates": [109.70245, 0.7838]}, "properties": {"kab_kota": "BENGKAYANG", "kecamatan": "Teriak", "desa": "Sumber Karya", "tanggal": "2026-08-09", "timestamp": "2026-08-09T13:35:00+07:00", "satelit": "NASA-SNPP", "confidence": "Medium"}}, {"type": "Feature", "geometry": {"type": "Point", "coordinates": [109.65834, 0.74315]}, "properties": {"kab_kota": "BENGKAYANG", "kecamatan": "Teriak", "desa": "Sumber Karya", "tanggal": "2026-08-10", "timestamp": "2026-08-10T13:18:00+07:00", "satelit": "NASA-SNPP", "confidence": "Medium"}}, {"type": "Feature", "geometry": {"type": "Point", "coordinates": [109.65733, 0.7498]}, "properties": {"kab_kota": "BENGKAYANG", "kecamatan": "Teriak", "desa": "Sumber Karya", "tanggal": "2026-08-10", "timestamp": "2026-08-10T13:18:00+07:00", "satelit": "NASA-SNPP", "confidence": "Medium"}}, {"type": "Feature", "geometry": {"type": "Point", "coordinates": [109.68133, 0.79667]}, "properties": {"kab_kota": "BENGKAYANG", "kecamatan": "Teriak", "desa": "Sumber Karya", "tanggal": "2026-08-10", "timestamp": "2026-08-10T13:18:00+07:00", "satelit": "NASA-SNPP", "confidence": "Medium"}}, {"type": "Feature", "geometry": {"type": "Point", "coordinates": [109.68429, 0.80052]}, "properties": {"kab_kota": "BENGKAYANG", "kecamatan": "Teriak", "desa": "Sumber Karya", "tanggal": "2026-08-10", "timestamp": "2026-08-10T13:18:00+07:00", "satelit": "NASA-SNPP", "confidence": "Medium"}}, {"type": "Feature", "geometry": {"type": "Point", "coordinates": [109.62133, 0.76435]}, "properties": {"kab_kota": "BENGKAYANG", "kecamatan": "Teriak", "desa": "Sumber Karya", "tanggal": "2026-08-11", "timestamp": "2026-08-11T12:57:00+07:00", "satelit": "NASA-SNPP", "confidence": "Medium"}}, {"type": "Feature", "geometry": {"type": "Point", "coordinates": [109.65462, 0.78161]}, "properties": {"kab_kota": "BENGKAYANG", "kecamatan": "Teriak", "desa": "Sumber Karya", "tanggal": "2026-08-20", "timestamp": "2026-08-20T13:29:00+07:00", "satelit": "NASA-SNPP", "confidence": "Medium"}}, {"type": "Feature", "geometry": {"type": "Point", "coordinates": [109.64072, 0.75281]}, "properties": {"kab_kota": "BENGKAYANG", "kecamatan": "Teriak", "desa": "Sumber Karya", "tanggal": "2026-08-21", "timestamp": "2026-08-21T13:12:00+07:00", "satelit": "NASA-SNPP", "confidence": "Medium"}}, {"type": "Feature", "geometry": {"type": "Point", "coordinates": [109.65978, 0.77306]}, "properties": {"kab_kota": "BENGKAYANG", "kecamatan": "Teriak", "desa": "Sumber Karya", "tanggal": "2026-08-21", "timestamp": "2026-08-21T13:12:00+07:00", "satelit": "NASA-SNPP", "confidence": "Medium"}}, {"type": "Feature", "geometry": {"type": "Point", "coordinates": [109.66183, 0.78377]}, "properties": {"kab_kota": "BENGKAYANG", "kecamatan": "Teriak", "desa": "Sumber Karya", "tanggal": "2026-08-21", "timestamp": "2026-08-21T13:12:00+07:00", "satelit": "NASA-SNPP", "confidence": "Medium"}}, {"type": "Feature", "geometry": {"type": "Point", "coordinates": [109.64853, 0.75239]}, "properties": {"kab_kota": "BENGKAYANG", "kecamatan": "Teriak", "desa": "Sumber Karya", "tanggal": "2026-08-22", "timestamp": "2026-08-22T12:53:00+07:00", "satelit": "NASA-SNPP", "confidence": "Medium"}}, {"type": "Feature", "geometry": {"type": "Point", "coordinates": [109.65282, 0.75306]}, "properties": {"kab_kota": "BENGKAYANG", "kecamatan": "Teriak", "desa": "Sumber Karya", "tanggal": "2026-08-22", "timestamp": "2026-08-22T12:53:00+07:00", "satelit": "NASA-SNPP", "confidence": "Medium"}}, {"type": "Feature", "geometry": {"type": "Point", "coordinates": [109.56492, 0.8423]}, "properties": {"kab_kota": "BENGKAYANG", "kecamatan": "Teriak", "desa": "Tanjung", "tanggal": "2026-08-20", "timestamp": "2026-08-20T13:29:00+07:00", "satelit": "NASA-SNPP", "confidence": "Medium"}}, {"type": "Feature", "geometry": {"type": "Point", "coordinates": [109.63911, 0.79273]}, "properties": {"kab_kota": "BENGKAYANG", "kecamatan": "Teriak", "desa": "Telidik", "tanggal": "2026-08-19", "timestamp": "2026-08-19T13:50:00+07:00", "satelit": "NASA-SNPP", "confidence": "Medium"}}, {"type": "Feature", "geometry": {"type": "Point", "coordinates": [109.64297, 0.79364]}, "properties": {"kab_kota": "BENGKAYANG", "kecamatan": "Teriak", "desa": "Telidik", "tanggal": "2026-08-19", "timestamp": "2026-08-19T13:50:00+07:00", "satelit": "NASA-SNPP", "confidence": "Medium"}}, {"type": "Feature", "geometry": {"type": "Point", "coordinates": [109.62129, 0.79516]}, "properties": {"kab_kota": "BENGKAYANG", "kecamatan": "Teriak", "desa": "Telidik", "tanggal": "2026-08-19", "timestamp": "2026-08-19T13:50:00+07:00", "satelit": "NASA-SNPP", "confidence": "Medium"}}, {"type": "Feature", "geometry": {"type": "Point", "coordinates": [109.62709, 0.79604]}, "properties": {"kab_kota": "BENGKAYANG", "kecamatan": "Teriak", "desa": "Telidik", "tanggal": "2026-08-19", "timestamp": "2026-08-19T13:50:00+07:00", "satelit": "NASA-SNPP", "confidence": "Medium"}}, {"type": "Feature", "geometry": {"type": "Point", "coordinates": [109.63976, 0.80502]}, "properties": {"kab_kota": "BENGKAYANG", "kecamatan": "Teriak", "desa": "Telidik", "tanggal": "2026-08-20", "timestamp": "2026-08-20T13:29:00+07:00", "satelit": "NASA-SNPP", "confidence": "Medium"}}, {"type": "Feature", "geometry": {"type": "Point", "coordinates": [109.64233, 0.81666]}, "properties": {"kab_kota": "BENGKAYANG", "kecamatan": "Teriak", "desa": "Telidik", "tanggal": "2026-08-20", "timestamp": "2026-08-20T13:29:00+07:00", "satelit": "NASA-SNPP", "confidence": "Medium"}}, {"type": "Feature", "geometry": {"type": "Point", "coordinates": [109.64603, 0.82097]}, "properties": {"kab_kota": "BENGKAYANG", "kecamatan": "Teriak", "desa": "Telidik", "tanggal": "2026-08-20", "timestamp": "2026-08-20T13:29:00+07:00", "satelit": "NASA-SNPP", "confidence": "Medium"}}, {"type": "Feature", "geometry": {"type": "Point", "coordinates": [109.78065, 1.04449]}, "properties": {"kab_kota": "BENGKAYANG", "kecamatan": "Tujuh Belas", "desa": "Bengkilu", "tanggal": "2026-08-09", "timestamp": "2026-08-09T13:35:00+07:00", "satelit": "NASA-SNPP", "confidence": "Medium"}}, {"type": "Feature", "geometry": {"type": "Point", "coordinates": [109.78419, 1.04503]}, "properties": {"kab_kota": "BENGKAYANG", "kecamatan": "Tujuh Belas", "desa": "Bengkilu", "tanggal": "2026-08-09", "timestamp": "2026-08-09T13:35:00+07:00", "satelit": "NASA-SNPP", "confidence": "Medium"}}, {"type": "Feature", "geometry": {"type": "Point", "coordinates": [109.76737, 1.06336]}, "properties": {"kab_kota": "BENGKAYANG", "kecamatan": "Tujuh Belas", "desa": "Bengkilu", "tanggal": "2026-08-09", "timestamp": "2026-08-09T13:35:00+07:00", "satelit": "NASA-SNPP", "confidence": "Medium"}}, {"type": "Feature", "geometry": {"type": "Point", "coordinates": [109.75854, 1.02826]}, "properties": {"kab_kota": "BENGKAYANG", "kecamatan": "Tujuh Belas", "desa": "Bengkilu", "tanggal": "2026-08-10", "timestamp": "2026-08-10T13:18:00+07:00", "satelit": "NASA-SNPP", "confidence": "Medium"}}, {"type": "Feature", "geometry": {"type": "Point", "coordinates": [109.76046, 1.0626]}, "properties": {"kab_kota": "BENGKAYANG", "kecamatan": "Tujuh Belas", "desa": "Bengkilu", "tanggal": "2026-08-10", "timestamp": "2026-08-10T13:18:00+07:00", "satelit": "NASA-SNPP", "confidence": "Medium"}}, {"type": "Feature", "geometry": {"type": "Point", "coordinates": [109.6866, 1.0252]}, "properties": {"kab_kota": "BENGKAYANG", "kecamatan": "Tujuh Belas", "desa": "Kamuh", "tanggal": "2026-08-06", "timestamp": "2026-08-06T12:53:00+07:00", "satelit": "NASA-SNPP", "confidence": "Medium"}}, {"type": "Feature", "geometry": {"type": "Point", "coordinates": [109.73275, 1.00384]}, "properties": {"kab_kota": "BENGKAYANG", "kecamatan": "Tujuh Belas", "desa": "Kamuh", "tanggal": "2026-08-09", "timestamp": "2026-08-09T13:35:00+07:00", "satelit": "NASA-SNPP", "confidence": "Medium"}}, {"type": "Feature", "geometry": {"type": "Point", "coordinates": [109.70033, 1.01597]}, "properties": {"kab_kota": "BENGKAYANG", "kecamatan": "Tujuh Belas", "desa": "Kamuh", "tanggal": "2026-08-10", "timestamp": "2026-08-10T13:18:00+07:00", "satelit": "NASA-SNPP", "confidence": "Medium"}}, {"type": "Feature", "geometry": {"type": "Point", "coordinates": [109.70227, 1.02648]}, "properties": {"kab_kota": "BENGKAYANG", "kecamatan": "Tujuh Belas", "desa": "Kamuh", "tanggal": "2026-08-10", "timestamp": "2026-08-10T13:18:00+07:00", "satelit": "NASA-SNPP", "confidence": "Medium"}}, {"type": "Feature", "geometry": {"type": "Point", "coordinates": [109.71262, 1.02806]}, "properties": {"kab_kota": "BENGKAYANG", "kecamatan": "Tujuh Belas", "desa": "Kamuh", "tanggal": "2026-08-10", "timestamp": "2026-08-10T13:18:00+07:00", "satelit": "NASA-SNPP", "confidence": "Medium"}}, {"type": "Feature", "geometry": {"type": "Point", "coordinates": [109.71608, 1.02859]}, "properties": {"kab_kota": "BENGKAYANG", "kecamatan": "Tujuh Belas", "desa": "Kamuh", "tanggal": "2026-08-10", "timestamp": "2026-08-10T13:18:00+07:00", "satelit": "NASA-SNPP", "confidence": "Medium"}}, {"type": "Feature", "geometry": {"type": "Point", "coordinates": [109.70177, 1.02981]}, "properties": {"kab_kota": "BENGKAYANG", "kecamatan": "Tujuh Belas", "desa": "Kamuh", "tanggal": "2026-08-10", "timestamp": "2026-08-10T13:18:00+07:00", "satelit": "NASA-SNPP", "confidence": "Medium"}}, {"type": "Feature", "geometry": {"type": "Point", "coordinates": [109.71557, 1.03192]}, "properties": {"kab_kota": "BENGKAYANG", "kecamatan": "Tujuh Belas", "desa": "Kamuh", "tanggal": "2026-08-10", "timestamp": "2026-08-10T13:18:00+07:00", "satelit": "NASA-SNPP", "confidence": "Medium"}}, {"type": "Feature", "geometry": {"type": "Point", "coordinates": [109.67742, 1.03025]}, "properties": {"kab_kota": "BENGKAYANG", "kecamatan": "Tujuh Belas", "desa": "Kamuh", "tanggal": "2026-08-20", "timestamp": "2026-08-20T13:29:00+07:00", "satelit": "NASA-SNPP", "confidence": "Medium"}}, {"type": "Feature", "geometry": {"type": "Point", "coordinates": [109.68816, 1.02627]}, "properties": {"kab_kota": "BENGKAYANG", "kecamatan": "Tujuh Belas", "desa": "Kamuh", "tanggal": "2026-08-31", "timestamp": "2026-08-31T13:22:00+07:00", "satelit": "NASA-SNPP", "confidence": "Medium"}}, {"type": "Feature", "geometry": {"type": "Point", "coordinates": [109.73489, 1.04034]}, "properties": {"kab_kota": "BENGKAYANG", "kecamatan": "Tujuh Belas", "desa": "Kamuh", "tanggal": "2026-08-31", "timestamp": "2026-08-31T13:22:00+07:00", "satelit": "NASA-SNPP", "confidence": "Medium"}}, {"type": "Feature", "geometry": {"type": "Point", "coordinates": [109.84923, 1.02471]}, "properties": {"kab_kota": "BENGKAYANG", "kecamatan": "Tujuh Belas", "desa": "Pisak", "tanggal": "2026-08-07", "timestamp": "2026-08-07T12:33:00+07:00", "satelit": "NASA-SNPP", "confidence": "Medium"}}, {"type": "Feature", "geometry": {"type": "Point", "coordinates": [109.84837, 1.02705]}, "properties": {"kab_kota": "BENGKAYANG", "kecamatan": "Tujuh Belas", "desa": "Pisak", "tanggal": "2026-08-07", "timestamp": "2026-08-07T12:33:00+07:00", "satelit": "NASA-SNPP", "confidence": "Medium"}}, {"type": "Feature", "geometry": {"type": "Point", "coordinates": [109.82912, 1.03357]}, "properties": {"kab_kota": "BENGKAYANG", "kecamatan": "Tujuh Belas", "desa": "Pisak", "tanggal": "2026-08-07", "timestamp": "2026-08-07T12:33:00+07:00", "satelit": "NASA-SNPP", "confidence": "Medium"}}, {"type": "Feature", "geometry": {"type": "Point", "coordinates": [109.82803, 1.03602]}, "properties": {"kab_kota": "BENGKAYANG", "kecamatan": "Tujuh Belas", "desa": "Pisak", "tanggal": "2026-08-07", "timestamp": "2026-08-07T12:33:00+07:00", "satelit": "NASA-SNPP", "confidence": "Medium"}}, {"type": "Feature", "geometry": {"type": "Point", "coordinates": [109.8065, 1.05423]}, "properties": {"kab_kota": "BENGKAYANG", "kecamatan": "Tujuh Belas", "desa": "Pisak", "tanggal": "2026-08-07", "timestamp": "2026-08-07T12:33:00+07:00", "satelit": "NASA-SNPP", "confidence": "Medium"}}, {"type": "Feature", "geometry": {"type": "Point", "coordinates": [109.77229, 1.10972]}, "properties": {"kab_kota": "BENGKAYANG", "kecamatan": "Tujuh Belas", "desa": "Pisak", "tanggal": "2026-08-07", "timestamp": "2026-08-07T12:33:00+07:00", "satelit": "NASA-SNPP", "confidence": "Medium"}}, {"type": "Feature", "geometry": {"type": "Point", "coordinates": [109.77007, 1.0178]}, "properties": {"kab_kota": "BENGKAYANG", "kecamatan": "Tujuh Belas", "desa": "Pisak", "tanggal": "2026-08-09", "timestamp": "2026-08-09T13:35:00+07:00", "satelit": "NASA-SNPP", "confidence": "Medium"}}, {"type": "Feature", "geometry": {"type": "Point", "coordinates": [109.74497, 1.01819]}, "properties": {"kab_kota": "BENGKAYANG", "kecamatan": "Tujuh Belas", "desa": "Pisak", "tanggal": "2026-08-09", "timestamp": "2026-08-09T13:35:00+07:00", "satelit": "NASA-SNPP", "confidence": "Medium"}}, {"type": "Feature", "geometry": {"type": "Point", "coordinates": [109.82925, 1.03093]}, "properties": {"kab_kota": "BENGKAYANG", "kecamatan": "Tujuh Belas", "desa": "Pisak", "tanggal": "2026-08-09", "timestamp": "2026-08-09T13:35:00+07:00", "satelit": "NASA-SNPP", "confidence": "Medium"}}, {"type": "Feature", "geometry": {"type": "Point", "coordinates": [109.82883, 1.03506]}, "properties": {"kab_kota": "BENGKAYANG", "kecamatan": "Tujuh Belas", "desa": "Pisak", "tanggal": "2026-08-09", "timestamp": "2026-08-09T13:35:00+07:00", "satelit": "NASA-SNPP", "confidence": "Medium"}}, {"type": "Feature", "geometry": {"type": "Point", "coordinates": [109.81312, 1.04525]}, "properties": {"kab_kota": "BENGKAYANG", "kecamatan": "Tujuh Belas", "desa": "Pisak", "tanggal": "2026-08-09", "timestamp": "2026-08-09T13:35:00+07:00", "satelit": "NASA-SNPP", "confidence": "Medium"}}, {"type": "Feature", "geometry": {"type": "Point", "coordinates": [109.76266, 1.071]}, "properties": {"kab_kota": "BENGKAYANG", "kecamatan": "Tujuh Belas", "desa": "Pisak", "tanggal": "2026-08-09", "timestamp": "2026-08-09T13:35:00+07:00", "satelit": "NASA-SNPP", "confidence": "Medium"}}, {"type": "Feature", "geometry": {"type": "Point", "coordinates": [109.75797, 1.07863]}, "properties": {"kab_kota": "BENGKAYANG", "kecamatan": "Tujuh Belas", "desa": "Pisak", "tanggal": "2026-08-09", "timestamp": "2026-08-09T13:35:00+07:00", "satelit": "NASA-SNPP", "confidence": "Medium"}}, {"type": "Feature", "geometry": {"type": "Point", "coordinates": [109.76467, 1.08386]}, "properties": {"kab_kota": "BENGKAYANG", "kecamatan": "Tujuh Belas", "desa": "Pisak", "tanggal": "2026-08-09", "timestamp": "2026-08-09T13:35:00+07:00", "satelit": "NASA-SNPP", "confidence": "Medium"}}, {"type": "Feature", "geometry": {"type": "Point", "coordinates": [109.78868, 1.01584]}, "properties": {"kab_kota": "BENGKAYANG", "kecamatan": "Tujuh Belas", "desa": "Pisak", "tanggal": "2026-08-10", "timestamp": "2026-08-10T13:18:00+07:00", "satelit": "NASA-SNPP", "confidence": "Medium"}}, {"type": "Feature", "geometry": {"type": "Point", "coordinates": [109.75904, 1.02493]}, "properties": {"kab_kota": "BENGKAYANG", "kecamatan": "Tujuh Belas", "desa": "Pisak", "tanggal": "2026-08-10", "timestamp": "2026-08-10T13:18:00+07:00", "satelit": "NASA-SNPP", "confidence": "Medium"}}, {"type": "Feature", "geometry": {"type": "Point", "coordinates": [109.83553, 1.0332]}, "properties": {"kab_kota": "BENGKAYANG", "kecamatan": "Tujuh Belas", "desa": "Pisak", "tanggal": "2026-08-10", "timestamp": "2026-08-10T13:18:00+07:00", "satelit": "NASA-SNPP", "confidence": "Medium"}}, {"type": "Feature", "geometry": {"type": "Point", "coordinates": [109.799, 1.04124]}, "properties": {"kab_kota": "BENGKAYANG", "kecamatan": "Tujuh Belas", "desa": "Pisak", "tanggal": "2026-08-10", "timestamp": "2026-08-10T13:18:00+07:00", "satelit": "NASA-SNPP", "confidence": "Medium"}}, {"type": "Feature", "geometry": {"type": "Point", "coordinates": [109.81627, 1.04388]}, "properties": {"kab_kota": "BENGKAYANG", "kecamatan": "Tujuh Belas", "desa": "Pisak", "tanggal": "2026-08-10", "timestamp": "2026-08-10T13:18:00+07:00", "satelit": "NASA-SNPP", "confidence": "Medium"}}, {"type": "Feature", "geometry": {"type": "Point", "coordinates": [109.80441, 1.05229]}, "properties": {"kab_kota": "BENGKAYANG", "kecamatan": "Tujuh Belas", "desa": "Pisak", "tanggal": "2026-08-10", "timestamp": "2026-08-10T13:18:00+07:00", "satelit": "NASA-SNPP", "confidence": "Medium"}}, {"type": "Feature", "geometry": {"type": "Point", "coordinates": [109.79354, 1.05403]}, "properties": {"kab_kota": "BENGKAYANG", "kecamatan": "Tujuh Belas", "desa": "Pisak", "tanggal": "2026-08-10", "timestamp": "2026-08-10T13:18:00+07:00", "satelit": "NASA-SNPP", "confidence": "Medium"}}, {"type": "Feature", "geometry": {"type": "Point", "coordinates": [109.79305, 1.05736]}, "properties": {"kab_kota": "BENGKAYANG", "kecamatan": "Tujuh Belas", "desa": "Pisak", "tanggal": "2026-08-10", "timestamp": "2026-08-10T13:18:00+07:00", "satelit": "NASA-SNPP", "confidence": "Medium"}}, {"type": "Feature", "geometry": {"type": "Point", "coordinates": [109.86961, 1.06565]}, "properties": {"kab_kota": "BENGKAYANG", "kecamatan": "Tujuh Belas", "desa": "Pisak", "tanggal": "2026-08-10", "timestamp": "2026-08-10T13:18:00+07:00", "satelit": "NASA-SNPP", "confidence": "Medium"}}, {"type": "Feature", "geometry": {"type": "Point", "coordinates": [109.756, 1.06873]}, "properties": {"kab_kota": "BENGKAYANG", "kecamatan": "Tujuh Belas", "desa": "Pisak", "tanggal": "2026-08-10", "timestamp": "2026-08-10T13:18:00+07:00", "satelit": "NASA-SNPP", "confidence": "Medium"}}, {"type": "Feature", "geometry": {"type": "Point", "coordinates": [109.7555, 1.07206]}, "properties": {"kab_kota": "BENGKAYANG", "kecamatan": "Tujuh Belas", "desa": "Pisak", "tanggal": "2026-08-10", "timestamp": "2026-08-10T13:18:00+07:00", "satelit": "NASA-SNPP", "confidence": "Medium"}}, {"type": "Feature", "geometry": {"type": "Point", "coordinates": [109.76092, 1.08311]}, "properties": {"kab_kota": "BENGKAYANG", "kecamatan": "Tujuh Belas", "desa": "Pisak", "tanggal": "2026-08-10", "timestamp": "2026-08-10T13:18:00+07:00", "satelit": "NASA-SNPP", "confidence": "Medium"}}, {"type": "Feature", "geometry": {"type": "Point", "coordinates": [109.75152, 1.0987]}, "properties": {"kab_kota": "BENGKAYANG", "kecamatan": "Tujuh Belas", "desa": "Pisak", "tanggal": "2026-08-10", "timestamp": "2026-08-10T13:18:00+07:00", "satelit": "NASA-SNPP", "confidence": "Medium"}}, {"type": "Feature", "geometry": {"type": "Point", "coordinates": [109.76138, 1.10361]}, "properties": {"kab_kota": "BENGKAYANG", "kecamatan": "Tujuh Belas", "desa": "Pisak", "tanggal": "2026-08-10", "timestamp": "2026-08-10T13:18:00+07:00", "satelit": "NASA-SNPP", "confidence": "Medium"}}, {"type": "Feature", "geometry": {"type": "Point", "coordinates": [109.74017, 1.11154]}, "properties": {"kab_kota": "BENGKAYANG", "kecamatan": "Tujuh Belas", "desa": "Pisak", "tanggal": "2026-08-20", "timestamp": "2026-08-20T13:29:00+07:00", "satelit": "NASA-SNPP", "confidence": "Medium"}}, {"type": "Feature", "geometry": {"type": "Point", "coordinates": [109.79217, 1.02138]}, "properties": {"kab_kota": "BENGKAYANG", "kecamatan": "Tujuh Belas", "desa": "Pisak", "tanggal": "2026-08-26", "timestamp": "2026-08-26T13:18:00+07:00", "satelit": "NASA-SNPP", "confidence": "Medium"}}, {"type": "Feature", "geometry": {"type": "Point", "coordinates": [109.79167, 1.0247]}, "properties": {"kab_kota": "BENGKAYANG", "kecamatan": "Tujuh Belas", "desa": "Pisak", "tanggal": "2026-08-26", "timestamp": "2026-08-26T13:18:00+07:00", "satelit": "NASA-SNPP", "confidence": "Medium"}}, {"type": "Feature", "geometry": {"type": "Point", "coordinates": [109.7589, 1.09742]}, "properties": {"kab_kota": "BENGKAYANG", "kecamatan": "Tujuh Belas", "desa": "Pisak", "tanggal": "2026-08-26", "timestamp": "2026-08-26T13:18:00+07:00", "satelit": "NASA-SNPP", "confidence": "Medium"}}, {"type": "Feature", "geometry": {"type": "Point", "coordinates": [109.79711, 1.03485]}, "properties": {"kab_kota": "BENGKAYANG", "kecamatan": "Tujuh Belas", "desa": "Pisak", "tanggal": "2026-08-30", "timestamp": "2026-08-30T13:44:00+07:00", "satelit": "NASA-SNPP", "confidence": "Medium"}}, {"type": "Feature", "geometry": {"type": "Point", "coordinates": [109.75971, 1.02402]}, "properties": {"kab_kota": "BENGKAYANG", "kecamatan": "Tujuh Belas", "desa": "Pisak", "tanggal": "2026-08-31", "timestamp": "2026-08-31T13:22:00+07:00", "satelit": "NASA-SNPP", "confidence": "Medium"}}, {"type": "Feature", "geometry": {"type": "Point", "coordinates": [109.70308, 1.08262]}, "properties": {"kab_kota": "BENGKAYANG", "kecamatan": "Tujuh Belas", "desa": "Sinar Tebudak", "tanggal": "2026-08-09", "timestamp": "2026-08-09T13:35:00+07:00", "satelit": "NASA-SNPP", "confidence": "Medium"}}, {"type": "Feature", "geometry": {"type": "Point", "coordinates": [109.74413, 1.07713]}, "properties": {"kab_kota": "BENGKAYANG", "kecamatan": "Tujuh Belas", "desa": "Sinar Tebudak", "tanggal": "2026-08-10", "timestamp": "2026-08-10T13:18:00+07:00", "satelit": "NASA-SNPP", "confidence": "Medium"}}]}