{"type": "FeatureCollection", "features": [{"type": "Feature", "geometry": {"type": "Point", "coordinates": [109.13424, 1.33645]}, "properties": {"kab_kota": "SAMBAS", "kecamatan": "Jawai", "desa": "Bakau", "tanggal": "2026-08-31", "timestamp": "2026-08-31T19:59:00+07:00", "satelit": "NASA-MODIS", "confidence": "High"}}, {"type": "Feature", "geometry": {"type": "Point", "coordinates": [109.13107, 1.42345]}, "properties": {"kab_kota": "SAMBAS", "kecamatan": "Jawai", "desa": "Mutus Darussalam", "tanggal": "2026-08-27", "timestamp": "2026-08-27T15:22:00+07:00", "satelit": "NASA-MODIS", "confidence": "High"}}, {"type": "Feature", "geometry": {"type": "Point", "coordinates": [109.13538, 1.41103]}, "properties": {"kab_kota": "SAMBAS", "kecamatan": "Jawai", "desa": "Sarang Burung Usrat", "tanggal": "2026-08-29", "timestamp": "2026-08-29T15:01:00+07:00", "satelit": "NASA-MODIS", "confidence": "High"}}, {"type": "Feature", "geometry": {"type": "Point", "coordinates": [109.2029, 1.15838]}, "properties": {"kab_kota": "SAMBAS", "kecamatan": "Tebas", "desa": "Batu Makjage", "tanggal": "2026-08-29", "timestamp": "2026-08-29T20:18:00+07:00", "satelit": "NASA-MODIS", "confidence": "High"}}, {"type": "Feature", "geometry": {"type": "Point", "coordinates": [109.14242, 1.40719]}, "properties": {"kab_kota": "SAMBAS", "kecamatan": "Teluk Keramat", "desa": "Lela", "tanggal": "2026-08-27", "timestamp": "2026-08-27T15:22:00+07:00", "satelit": "NASA-MODIS", "confidence": "High"}}, {"type": "Feature", "geometry": {"type": "Point", "coordinates": [109.14113, 1.41597]}, "properties": {"kab_kota": "SAMBAS", "kecamatan": "Teluk Keramat", "desa": "Lela", "tanggal": "2026-08-27", "timestamp": "2026-08-27T15:22:00+07:00", "satelit": "NASA-MODIS", "confidence": "High"}}, {"type": "Feature", "geometry": {"type": "Point", "coordinates": [109.14935, 1.40944]}, "properties": {"kab_kota": "SAMBAS", "kecamatan": "Teluk Keramat", "desa": "Lela", "tanggal": "2026-08-29", "timestamp": "2026-08-29T20:18:00+07:00", "satelit": "NASA-MODIS", "confidence": "High"}}, {"type": "Feature", "geometry": {"type": "Point", "coordinates": [109.14194, 1.40971]}, "properties": {"kab_kota": "SAMBAS", "kecamatan": "Teluk Keramat", "desa": "Lela", "tanggal": "2026-08-30", "timestamp": "2026-08-30T15:39:00+07:00", "satelit": "NASA-MODIS", "confidence": "High"}}, {"type": "Feature", "geometry": {"type": "Point", "coordinates": [109.14065, 1.33638]}, "properties": {"kab_kota": "SAMBAS", "kecamatan": "Teluk Keramat", "desa": "Sengawang", "tanggal": "2026-08-31", "timestamp": "2026-08-31T19:59:00+07:00", "satelit": "NASA-MODIS", "confidence": "High"}}, {"type": "Feature", "geometry": {"type": "Point", "coordinates": [109.15164, 1.45054]}, "properties": {"kab_kota": "SAMBAS", "kecamatan": "Teluk Keramat", "desa": "Sekura", "tanggal": "2026-08-20", "timestamp": "2026-08-20T08:39:00+07:00", "satelit": "NASA-MODIS", "confidence": "Low"}}, {"type": "Feature", "geometry": {"type": "Point", "coordinates": [109.15955, 1.38391]}, "properties": {"kab_kota": "SAMBAS", "kecamatan": "Teluk Keramat", "desa": "Sungai Baru", "tanggal": "2026-08-14", "timestamp": "2026-08-14T20:23:00+07:00", "satelit": "NASA-MODIS", "confidence": "Low"}}, {"type": "Feature", "geometry": {"type": "Point", "coordinates": [109.35469, 1.6712]}, "properties": {"kab_kota": "SAMBAS", "kecamatan": "Galing", "desa": "Tempapan Hulu", "tanggal": "2026-08-27", "timestamp": "2026-08-27T15:22:00+07:00", "satelit": "NASA-MODIS", "confidence": "Medium"}}, {"type": "Feature", "geometry": {"type": "Point", "coordinates": [109.36356, 1.67249]}, "properties": {"kab_kota": "SAMBAS", "kecamatan": "Galing", "desa": "Tempapan Hulu", "tanggal": "2026-08-27", "timestamp": "2026-08-27T15:22:00+07:00", "satelit": "NASA-MODIS", "confidence": "Medium"}}, {"type": "Feature", "geometry": {"type": "Point", "coordinates": [109.11784, 1.33511]}, "properties": {"kab_kota": "SAMBAS", "kecamatan": "Jawai", "desa": "Bakau", "tanggal": "2026-08-11", "timestamp": "2026-08-11T15:05:00+07:00", "satelit": "NASA-MODIS", "confidence": "Medium"}}, {"type": "Feature", "geometry": {"type": "Point", "coordinates": [109.11938, 1.34126]}, "properties": {"kab_kota": "SAMBAS", "kecamatan": "Jawai", "desa": "Bakau", "tanggal": "2026-08-12", "timestamp": "2026-08-12T08:22:00+07:00", "satelit": "NASA-MODIS", "confidence": "Medium"}}, {"type": "Feature", "geometry": {"type": "Point", "coordinates": [109.13004, 1.33881]}, "properties": {"kab_kota": "SAMBAS", "kecamatan": "Jawai", "desa": "Bakau", "tanggal": "2026-08-30", "timestamp": "2026-08-30T15:39:00+07:00", "satelit": "NASA-MODIS", "confidence": "Medium"}}, {"type": "Feature", "geometry": {"type": "Point", "coordinates": [109.12782, 1.34384]}, "properties": {"kab_kota": "SAMBAS", "kecamatan": "Jawai", "desa": "Parit Setia", "tanggal": "2026-08-12", "timestamp": "2026-08-12T03:21:00+07:00", "satelit": "NASA-MODIS", "confidence": "Medium"}}, {"type": "Feature", "geometry": {"type": "Point", "coordinates": [109.11907, 1.34517]}, "properties": {"kab_kota": "SAMBAS", "kecamatan": "Jawai", "desa": "Parit Setia", "tanggal": "2026-08-12", "timestamp": "2026-08-12T03:21:00+07:00", "satelit": "NASA-MODIS", "confidence": "Medium"}}, {"type": "Feature", "geometry": {"type": "Point", "coordinates": [109.11739, 1.47731]}, "properties": {"kab_kota": "SAMBAS", "kecamatan": "Jawai", "desa": "Sarang Burung Danau", "tanggal": "2026-08-06", "timestamp": "2026-08-06T15:09:00+07:00", "satelit": "NASA-MODIS", "confidence": "Medium"}}, {"type": "Feature", "geometry": {"type": "Point", "coordinates": [109.13236, 1.41468]}, "properties": {"kab_kota": "SAMBAS", "kecamatan": "Jawai", "desa": "Sarang Burung Kolam", "tanggal": "2026-08-27", "timestamp": "2026-08-27T15:22:00+07:00", "satelit": "NASA-MODIS", "confidence": "Medium"}}, {"type": "Feature", "geometry": {"type": "Point", "coordinates": [109.25634, 1.6147]}, "properties": {"kab_kota": "SAMBAS", "kecamatan": "Paloh", "desa": "Tanah Hitam", "tanggal": "2026-08-15", "timestamp": "2026-08-15T08:41:00+07:00", "satelit": "NASA-MODIS", "confidence": "Medium"}}, {"type": "Feature", "geometry": {"type": "Point", "coordinates": [109.58342, 1.98107]}, "properties": {"kab_kota": "SAMBAS", "kecamatan": "Paloh", "desa": "Temajuk", "tanggal": "2026-08-27", "timestamp": "2026-08-27T15:22:00+07:00", "satelit": "NASA-MODIS", "confidence": "Medium"}}, {"type": "Feature", "geometry": {"type": "Point", "coordinates": [109.61362, 1.57624]}, "properties": {"kab_kota": "SAMBAS", "kecamatan": "Sajingan Besar", "desa": "Kaliau'", "tanggal": "2026-08-01", "timestamp": "2026-08-01T15:18:00+07:00", "satelit": "NASA-MODIS", "confidence": "Medium"}}, {"type": "Feature", "geometry": {"type": "Point", "coordinates": [109.70774, 1.56885]}, "properties": {"kab_kota": "SAMBAS", "kecamatan": "Sajingan Besar", "desa": "Sebunga", "tanggal": "2026-08-09", "timestamp": "2026-08-09T20:25:00+07:00", "satelit": "NASA-MODIS", "confidence": "Medium"}}, {"type": "Feature", "geometry": {"type": "Point", "coordinates": [109.45292, 1.78074]}, "properties": {"kab_kota": "SAMBAS", "kecamatan": "Sajingan Besar", "desa": "Sungai Bening", "tanggal": "2026-08-09", "timestamp": "2026-08-09T15:26:00+07:00", "satelit": "NASA-MODIS", "confidence": "Medium"}}, {"type": "Feature", "geometry": {"type": "Point", "coordinates": [109.46317, 1.78222]}, "properties": {"kab_kota": "SAMBAS", "kecamatan": "Sajingan Besar", "desa": "Sungai Bening", "tanggal": "2026-08-09", "timestamp": "2026-08-09T15:26:00+07:00", "satelit": "NASA-MODIS", "confidence": "Medium"}}, {"type": "Feature", "geometry": {"type": "Point", "coordinates": [109.23042, 1.34296]}, "properties": {"kab_kota": "SAMBAS", "kecamatan": "Sambas", "desa": "Gapura", "tanggal": "2026-08-09", "timestamp": "2026-08-09T15:26:00+07:00", "satelit": "NASA-MODIS", "confidence": "Medium"}}, {"type": "Feature", "geometry": {"type": "Point", "coordinates": [109.24029, 1.34443]}, "properties": {"kab_kota": "SAMBAS", "kecamatan": "Sambas", "desa": "Gapura", "tanggal": "2026-08-09", "timestamp": "2026-08-09T15:26:00+07:00", "satelit": "NASA-MODIS", "confidence": "Medium"}}, {"type": "Feature", "geometry": {"type": "Point", "coordinates": [109.14178, 1.08327]}, "properties": {"kab_kota": "SAMBAS", "kecamatan": "Selakau Timur", "desa": "Buduk Sempadang", "tanggal": "2026-08-06", "timestamp": "2026-08-06T15:09:00+07:00", "satelit": "NASA-MODIS", "confidence": "Medium"}}, {"type": "Feature", "geometry": {"type": "Point", "coordinates": [109.48141, 1.13371]}, "properties": {"kab_kota": "SAMBAS", "kecamatan": "Subah", "desa": "Mensade", "tanggal": "2026-08-14", "timestamp": "2026-08-14T15:20:00+07:00", "satelit": "NASA-MODIS", "confidence": "Medium"}}, {"type": "Feature", "geometry": {"type": "Point", "coordinates": [109.49018, 1.135]}, "properties": {"kab_kota": "SAMBAS", "kecamatan": "Subah", "desa": "Mensade", "tanggal": "2026-08-14", "timestamp": "2026-08-14T15:20:00+07:00", "satelit": "NASA-MODIS", "confidence": "Medium"}}, {"type": "Feature", "geometry": {"type": "Point", "coordinates": [109.10614, 1.49717]}, "properties": {"kab_kota": "SAMBAS", "kecamatan": "Tangaran", "desa": "Semata", "tanggal": "2026-08-11", "timestamp": "2026-08-11T15:05:00+07:00", "satelit": "NASA-MODIS", "confidence": "Medium"}}, {"type": "Feature", "geometry": {"type": "Point", "coordinates": [109.11815, 1.49899]}, "properties": {"kab_kota": "SAMBAS", "kecamatan": "Tangaran", "desa": "Semata", "tanggal": "2026-08-11", "timestamp": "2026-08-11T15:05:00+07:00", "satelit": "NASA-MODIS", "confidence": "Medium"}}, {"type": "Feature", "geometry": {"type": "Point", "coordinates": [109.11024, 1.50466]}, "properties": {"kab_kota": "SAMBAS", "kecamatan": "Tangaran", "desa": "Semata", "tanggal": "2026-08-12", "timestamp": "2026-08-12T03:21:00+07:00", "satelit": "NASA-MODIS", "confidence": "Medium"}}, {"type": "Feature", "geometry": {"type": "Point", "coordinates": [109.10725, 1.49999]}, "properties": {"kab_kota": "SAMBAS", "kecamatan": "Tangaran", "desa": "Semata", "tanggal": "2026-08-12", "timestamp": "2026-08-12T08:22:00+07:00", "satelit": "NASA-MODIS", "confidence": "Medium"}}, {"type": "Feature", "geometry": {"type": "Point", "coordinates": [109.19102, 1.15518]}, "properties": {"kab_kota": "SAMBAS", "kecamatan": "Tebas", "desa": "Batu Makjage", "tanggal": "2026-08-29", "timestamp": "2026-08-29T15:01:00+07:00", "satelit": "NASA-MODIS", "confidence": "Medium"}}, {"type": "Feature", "geometry": {"type": "Point", "coordinates": [109.19376, 1.15711]}, "properties": {"kab_kota": "SAMBAS", "kecamatan": "Tebas", "desa": "Batu Makjage", "tanggal": "2026-08-29", "timestamp": "2026-08-29T20:18:00+07:00", "satelit": "NASA-MODIS", "confidence": "Medium"}}, {"type": "Feature", "geometry": {"type": "Point", "coordinates": [109.15869, 1.11026]}, "properties": {"kab_kota": "SAMBAS", "kecamatan": "Tebas", "desa": "Bukit Sigoler", "tanggal": "2026-08-22", "timestamp": "2026-08-22T15:28:00+07:00", "satelit": "NASA-MODIS", "confidence": "Medium"}}, {"type": "Feature", "geometry": {"type": "Point", "coordinates": [109.12316, 1.08366]}, "properties": {"kab_kota": "SAMBAS", "kecamatan": "Tebas", "desa": "Maribas", "tanggal": "2026-08-27", "timestamp": "2026-08-27T08:20:00+07:00", "satelit": "NASA-MODIS", "confidence": "Medium"}}, {"type": "Feature", "geometry": {"type": "Point", "coordinates": [109.20005, 1.16637]}, "properties": {"kab_kota": "SAMBAS", "kecamatan": "Tebas", "desa": "Seberkat", "tanggal": "2026-08-29", "timestamp": "2026-08-29T15:01:00+07:00", "satelit": "NASA-MODIS", "confidence": "Medium"}}, {"type": "Feature", "geometry": {"type": "Point", "coordinates": [109.20164, 1.16734]}, "properties": {"kab_kota": "SAMBAS", "kecamatan": "Tebas", "desa": "Seberkat", "tanggal": "2026-08-29", "timestamp": "2026-08-29T20:18:00+07:00", "satelit": "NASA-MODIS", "confidence": "Medium"}}, {"type": "Feature", "geometry": {"type": "Point", "coordinates": [109.13272, 1.32966]}, "properties": {"kab_kota": "SAMBAS", "kecamatan": "Tekarang", "desa": "Merubung", "tanggal": "2026-08-24", "timestamp": "2026-08-24T15:07:00+07:00", "satelit": "NASA-MODIS", "confidence": "Medium"}}, {"type": "Feature", "geometry": {"type": "Point", "coordinates": [109.13988, 1.40215]}, "properties": {"kab_kota": "SAMBAS", "kecamatan": "Teluk Keramat", "desa": "Berlimang", "tanggal": "2026-08-24", "timestamp": "2026-08-24T15:07:00+07:00", "satelit": "NASA-MODIS", "confidence": "Medium"}}, {"type": "Feature", "geometry": {"type": "Point", "coordinates": [109.14457, 1.40078]}, "properties": {"kab_kota": "SAMBAS", "kecamatan": "Teluk Keramat", "desa": "Berlimang", "tanggal": "2026-08-25", "timestamp": "2026-08-25T08:39:00+07:00", "satelit": "NASA-MODIS", "confidence": "Medium"}}, {"type": "Feature", "geometry": {"type": "Point", "coordinates": [109.17329, 1.38108]}, "properties": {"kab_kota": "SAMBAS", "kecamatan": "Teluk Keramat", "desa": "Berlimang", "tanggal": "2026-08-27", "timestamp": "2026-08-27T08:20:00+07:00", "satelit": "NASA-MODIS", "confidence": "Medium"}}, {"type": "Feature", "geometry": {"type": "Point", "coordinates": [109.14353, 1.39886]}, "properties": {"kab_kota": "SAMBAS", "kecamatan": "Teluk Keramat", "desa": "Berlimang", "tanggal": "2026-08-30", "timestamp": "2026-08-30T15:39:00+07:00", "satelit": "NASA-MODIS", "confidence": "Medium"}}, {"type": "Feature", "geometry": {"type": "Point", "coordinates": [109.15736, 1.40083]}, "properties": {"kab_kota": "SAMBAS", "kecamatan": "Teluk Keramat", "desa": "Berlimang", "tanggal": "2026-08-30", "timestamp": "2026-08-30T15:39:00+07:00", "satelit": "NASA-MODIS", "confidence": "Medium"}}, {"type": "Feature", "geometry": {"type": "Point", "coordinates": [109.14326, 1.43205]}, "properties": {"kab_kota": "SAMBAS", "kecamatan": "Teluk Keramat", "desa": "Lela", "tanggal": "2026-08-22", "timestamp": "2026-08-22T08:20:00+07:00", "satelit": "NASA-MODIS", "confidence": "Medium"}}, {"type": "Feature", "geometry": {"type": "Point", "coordinates": [109.15511, 1.4339]}, "properties": {"kab_kota": "SAMBAS", "kecamatan": "Teluk Keramat", "desa": "Lela", "tanggal": "2026-08-22", "timestamp": "2026-08-22T15:28:00+07:00", "satelit": "NASA-MODIS", "confidence": "Medium"}}, {"type": "Feature", "geometry": {"type": "Point", "coordinates": [109.14686, 1.43367]}, "properties": {"kab_kota": "SAMBAS", "kecamatan": "Teluk Keramat", "desa": "Lela", "tanggal": "2026-08-24", "timestamp": "2026-08-24T15:07:00+07:00", "satelit": "NASA-MODIS", "confidence": "Medium"}}, {"type": "Feature", "geometry": {"type": "Point", "coordinates": [109.14169, 1.43628]}, "properties": {"kab_kota": "SAMBAS", "kecamatan": "Teluk Keramat", "desa": "Lela", "tanggal": "2026-08-24", "timestamp": "2026-08-24T20:18:00+07:00", "satelit": "NASA-MODIS", "confidence": "Medium"}}, {"type": "Feature", "geometry": {"type": "Point", "coordinates": [109.14826, 1.4351]}, "properties": {"kab_kota": "SAMBAS", "kecamatan": "Teluk Keramat", "desa": "Lela", "tanggal": "2026-08-25", "timestamp": "2026-08-25T03:25:00+07:00", "satelit": "NASA-MODIS", "confidence": "Medium"}}, {"type": "Feature", "geometry": {"type": "Point", "coordinates": [109.14877, 1.43078]}, "properties": {"kab_kota": "SAMBAS", "kecamatan": "Teluk Keramat", "desa": "Lela", "tanggal": "2026-08-25", "timestamp": "2026-08-25T08:39:00+07:00", "satelit": "NASA-MODIS", "confidence": "Medium"}}, {"type": "Feature", "geometry": {"type": "Point", "coordinates": [109.14989, 1.41726]}, "properties": {"kab_kota": "SAMBAS", "kecamatan": "Teluk Keramat", "desa": "Lela", "tanggal": "2026-08-27", "timestamp": "2026-08-27T15:22:00+07:00", "satelit": "NASA-MODIS", "confidence": "Medium"}}, {"type": "Feature", "geometry": {"type": "Point", "coordinates": [109.14809, 1.4184]}, "properties": {"kab_kota": "SAMBAS", "kecamatan": "Teluk Keramat", "desa": "Lela", "tanggal": "2026-08-29", "timestamp": "2026-08-29T20:18:00+07:00", "satelit": "NASA-MODIS", "confidence": "Medium"}}, {"type": "Feature", "geometry": {"type": "Point", "coordinates": [109.15367, 1.41451]}, "properties": {"kab_kota": "SAMBAS", "kecamatan": "Teluk Keramat", "desa": "Lela", "tanggal": "2026-08-30", "timestamp": "2026-08-30T03:19:00+07:00", "satelit": "NASA-MODIS", "confidence": "Medium"}}, {"type": "Feature", "geometry": {"type": "Point", "coordinates": [109.25812, 1.615]}, "properties": {"kab_kota": "SAMBAS", "kecamatan": "Teluk Keramat", "desa": "Samustida", "tanggal": "2026-08-31", "timestamp": "2026-08-31T19:59:00+07:00", "satelit": "NASA-MODIS", "confidence": "Medium"}}, {"type": "Feature", "geometry": {"type": "Point", "coordinates": [109.15198, 1.4506]}, "properties": {"kab_kota": "SAMBAS", "kecamatan": "Teluk Keramat", "desa": "Sekura", "tanggal": "2026-08-19", "timestamp": "2026-08-19T20:23:00+07:00", "satelit": "NASA-MODIS", "confidence": "Medium"}}, {"type": "Feature", "geometry": {"type": "Point", "coordinates": [109.15072, 1.38268]}, "properties": {"kab_kota": "SAMBAS", "kecamatan": "Teluk Keramat", "desa": "Sungai Baru", "tanggal": "2026-08-14", "timestamp": "2026-08-14T20:23:00+07:00", "satelit": "NASA-MODIS", "confidence": "Medium"}}, {"type": "Feature", "geometry": {"type": "Point", "coordinates": [109.17392, 1.37594]}, "properties": {"kab_kota": "SAMBAS", "kecamatan": "Teluk Keramat", "desa": "Sungai Baru", "tanggal": "2026-08-27", "timestamp": "2026-08-27T15:22:00+07:00", "satelit": "NASA-MODIS", "confidence": "Medium"}}, {"type": "Feature", "geometry": {"type": "Point", "coordinates": [109.1666, 1.37743]}, "properties": {"kab_kota": "SAMBAS", "kecamatan": "Teluk Keramat", "desa": "Sungai Baru", "tanggal": "2026-08-30", "timestamp": "2026-08-30T15:39:00+07:00", "satelit": "NASA-MODIS", "confidence": "Medium"}}, {"type": "Feature", "geometry": {"type": "Point", "coordinates": [109.16766, 1.3801]}, "properties": {"kab_kota": "SAMBAS", "kecamatan": "Teluk Keramat", "desa": "Sungai Baru", "tanggal": "2026-08-31", "timestamp": "2026-08-31T19:59:00+07:00", "satelit": "NASA-MODIS", "confidence": "Medium"}}, {"type": "Feature", "geometry": {"type": "Point", "coordinates": [109.13656, 1.33131]}, "properties": {"kab_kota": "SAMBAS", "kecamatan": "Teluk Keramat", "desa": "Teluk Kaseh", "tanggal": "2026-08-29", "timestamp": "2026-08-29T15:01:00+07:00", "satelit": "NASA-MODIS", "confidence": "Medium"}}, {"type": "Feature", "geometry": {"type": "Point", "coordinates": [109.1223, 1.40363]}, "properties": {"kab_kota": "SAMBAS", "kecamatan": "Jawai", "desa": "Sarang Burung Usrat", "tanggal": "2026-08-20", "timestamp": "2026-08-20T13:50:00+07:00", "satelit": "NASA-NOAA20", "confidence": "High"}}, {"type": "Feature", "geometry": {"type": "Point", "coordinates": [109.41064, 1.74561]}, "properties": {"kab_kota": "SAMBAS", "kecamatan": "Paloh", "desa": "Sebubus", "tanggal": "2026-08-31", "timestamp": "2026-08-31T13:44:00+07:00", "satelit": "NASA-NOAA20", "confidence": "High"}}, {"type": "Feature", "geometry": {"type": "Point", "coordinates": [109.49974, 1.06031]}, "properties": {"kab_kota": "SAMBAS", "kecamatan": "Subah", "desa": "Tebuah Elok", "tanggal": "2026-08-20", "timestamp": "2026-08-20T13:50:00+07:00", "satelit": "NASA-NOAA20", "confidence": "High"}}, {"type": "Feature", "geometry": {"type": "Point", "coordinates": [109.14769, 1.42414]}, "properties": {"kab_kota": "SAMBAS", "kecamatan": "Teluk Keramat", "desa": "Lela", "tanggal": "2026-08-20", "timestamp": "2026-08-20T13:50:00+07:00", "satelit": "NASA-NOAA20", "confidence": "High"}}, {"type": "Feature", "geometry": {"type": "Point", "coordinates": [109.15392, 1.43065]}, "properties": {"kab_kota": "SAMBAS", "kecamatan": "Teluk Keramat", "desa": "Lela", "tanggal": "2026-08-20", "timestamp": "2026-08-20T13:50:00+07:00", "satelit": "NASA-NOAA20", "confidence": "High"}}, {"type": "Feature", "geometry": {"type": "Point", "coordinates": [109.15311, 1.4361]}, "properties": {"kab_kota": "SAMBAS", "kecamatan": "Teluk Keramat", "desa": "Lela", "tanggal": "2026-08-20", "timestamp": "2026-08-20T13:50:00+07:00", "satelit": "NASA-NOAA20", "confidence": "High"}}, {"type": "Feature", "geometry": {"type": "Point", "coordinates": [109.14417, 1.43325]}, "properties": {"kab_kota": "SAMBAS", "kecamatan": "Teluk Keramat", "desa": "Lela", "tanggal": "2026-08-24", "timestamp": "2026-08-24T12:33:00+07:00", "satelit": "NASA-NOAA20", "confidence": "High"}}, {"type": "Feature", "geometry": {"type": "Point", "coordinates": [109.14479, 1.43335]}, "properties": {"kab_kota": "SAMBAS", "kecamatan": "Teluk Keramat", "desa": "Lela", "tanggal": "2026-08-24", "timestamp": "2026-08-24T12:33:00+07:00", "satelit": "NASA-NOAA20", "confidence": "High"}}, {"type": "Feature", "geometry": {"type": "Point", "coordinates": [109.13882, 1.4238]}, "properties": {"kab_kota": "SAMBAS", "kecamatan": "Teluk Keramat", "desa": "Lela", "tanggal": "2026-08-27", "timestamp": "2026-08-27T13:18:00+07:00", "satelit": "NASA-NOAA20", "confidence": "High"}}, {"type": "Feature", "geometry": {"type": "Point", "coordinates": [109.14713, 1.4382]}, "properties": {"kab_kota": "SAMBAS", "kecamatan": "Teluk Keramat", "desa": "Lela", "tanggal": "2026-08-31", "timestamp": "2026-08-31T13:44:00+07:00", "satelit": "NASA-NOAA20", "confidence": "High"}}, {"type": "Feature", "geometry": {"type": "Point", "coordinates": [109.3621, 1.6767]}, "properties": {"kab_kota": "SAMBAS", "kecamatan": "Galing", "desa": "Tempapan Hulu", "tanggal": "2026-08-24", "timestamp": "2026-08-24T12:33:00+07:00", "satelit": "NASA-NOAA20", "confidence": "Low"}}, {"type": "Feature", "geometry": {"type": "Point", "coordinates": [109.35938, 1.67472]}, "properties": {"kab_kota": "SAMBAS", "kecamatan": "Galing", "desa": "Tempapan Hulu", "tanggal": "2026-08-27", "timestamp": "2026-08-27T13:18:00+07:00", "satelit": "NASA-NOAA20", "confidence": "Low"}}, {"type": "Feature", "geometry": {"type": "Point", "coordinates": [109.12233, 1.34426]}, "properties": {"kab_kota": "SAMBAS", "kecamatan": "Jawai", "desa": "Bakau", "tanggal": "2026-08-21", "timestamp": "2026-08-21T13:31:00+07:00", "satelit": "NASA-NOAA20", "confidence": "Low"}}, {"type": "Feature", "geometry": {"type": "Point", "coordinates": [109.11909, 1.47455]}, "properties": {"kab_kota": "SAMBAS", "kecamatan": "Jawai", "desa": "Sarang Burung Danau", "tanggal": "2026-08-07", "timestamp": "2026-08-07T12:53:00+07:00", "satelit": "NASA-NOAA20", "confidence": "Low"}}, {"type": "Feature", "geometry": {"type": "Point", "coordinates": [109.46934, 1.62165]}, "properties": {"kab_kota": "SAMBAS", "kecamatan": "Sajingan Besar", "desa": "Santaban", "tanggal": "2026-08-21", "timestamp": "2026-08-21T13:31:00+07:00", "satelit": "NASA-NOAA20", "confidence": "Low"}}, {"type": "Feature", "geometry": {"type": "Point", "coordinates": [109.46876, 1.62569]}, "properties": {"kab_kota": "SAMBAS", "kecamatan": "Sajingan Besar", "desa": "Santaban", "tanggal": "2026-08-21", "timestamp": "2026-08-21T13:31:00+07:00", "satelit": "NASA-NOAA20", "confidence": "Low"}}, {"type": "Feature", "geometry": {"type": "Point", "coordinates": [109.47226, 1.62622]}, "properties": {"kab_kota": "SAMBAS", "kecamatan": "Sajingan Besar", "desa": "Santaban", "tanggal": "2026-08-21", "timestamp": "2026-08-21T13:31:00+07:00", "satelit": "NASA-NOAA20", "confidence": "Low"}}, {"type": "Feature", "geometry": {"type": "Point", "coordinates": [109.11195, 1.49825]}, "properties": {"kab_kota": "SAMBAS", "kecamatan": "Tangaran", "desa": "Semata", "tanggal": "2026-08-17", "timestamp": "2026-08-17T13:05:00+07:00", "satelit": "NASA-NOAA20", "confidence": "Low"}}, {"type": "Feature", "geometry": {"type": "Point", "coordinates": [109.19614, 1.16306]}, "properties": {"kab_kota": "SAMBAS", "kecamatan": "Tebas", "desa": "Batu Makjage", "tanggal": "2026-08-21", "timestamp": "2026-08-21T13:29:00+07:00", "satelit": "NASA-NOAA20", "confidence": "Low"}}, {"type": "Feature", "geometry": {"type": "Point", "coordinates": [109.11987, 1.0789]}, "properties": {"kab_kota": "SAMBAS", "kecamatan": "Tebas", "desa": "Maribas", "tanggal": "2026-08-21", "timestamp": "2026-08-21T13:29:00+07:00", "satelit": "NASA-NOAA20", "confidence": "Low"}}, {"type": "Feature", "geometry": {"type": "Point", "coordinates": [109.15491, 1.38937]}, "properties": {"kab_kota": "SAMBAS", "kecamatan": "Teluk Keramat", "desa": "Berlimang", "tanggal": "2026-08-17", "timestamp": "2026-08-17T13:05:00+07:00", "satelit": "NASA-NOAA20", "confidence": "Low"}}, {"type": "Feature", "geometry": {"type": "Point", "coordinates": [109.16219, 1.39048]}, "properties": {"kab_kota": "SAMBAS", "kecamatan": "Teluk Keramat", "desa": "Berlimang", "tanggal": "2026-08-17", "timestamp": "2026-08-17T13:05:00+07:00", "satelit": "NASA-NOAA20", "confidence": "Low"}}, {"type": "Feature", "geometry": {"type": "Point", "coordinates": [109.15804, 1.39332]}, "properties": {"kab_kota": "SAMBAS", "kecamatan": "Teluk Keramat", "desa": "Berlimang", "tanggal": "2026-08-17", "timestamp": "2026-08-17T13:05:00+07:00", "satelit": "NASA-NOAA20", "confidence": "Low"}}, {"type": "Feature", "geometry": {"type": "Point", "coordinates": [109.17105, 1.40572]}, "properties": {"kab_kota": "SAMBAS", "kecamatan": "Teluk Keramat", "desa": "Berlimang", "tanggal": "2026-08-17", "timestamp": "2026-08-17T13:05:00+07:00", "satelit": "NASA-NOAA20", "confidence": "Low"}}, {"type": "Feature", "geometry": {"type": "Point", "coordinates": [109.16692, 1.38728]}, "properties": {"kab_kota": "SAMBAS", "kecamatan": "Teluk Keramat", "desa": "Berlimang", "tanggal": "2026-08-21", "timestamp": "2026-08-21T13:31:00+07:00", "satelit": "NASA-NOAA20", "confidence": "Low"}}, {"type": "Feature", "geometry": {"type": "Point", "coordinates": [109.14497, 1.43164]}, "properties": {"kab_kota": "SAMBAS", "kecamatan": "Teluk Keramat", "desa": "Lela", "tanggal": "2026-08-27", "timestamp": "2026-08-27T13:18:00+07:00", "satelit": "NASA-NOAA20", "confidence": "Low"}}, {"type": "Feature", "geometry": {"type": "Point", "coordinates": [109.14516, 1.45351]}, "properties": {"kab_kota": "SAMBAS", "kecamatan": "Teluk Keramat", "desa": "Sekura", "tanggal": "2026-08-18", "timestamp": "2026-08-18T12:46:00+07:00", "satelit": "NASA-NOAA20", "confidence": "Low"}}, {"type": "Feature", "geometry": {"type": "Point", "coordinates": [109.15474, 1.44931]}, "properties": {"kab_kota": "SAMBAS", "kecamatan": "Teluk Keramat", "desa": "Sekura", "tanggal": "2026-08-21", "timestamp": "2026-08-21T13:31:00+07:00", "satelit": "NASA-NOAA20", "confidence": "Low"}}, {"type": "Feature", "geometry": {"type": "Point", "coordinates": [109.14436, 1.38672]}, "properties": {"kab_kota": "SAMBAS", "kecamatan": "Teluk Keramat", "desa": "Sungai Baru", "tanggal": "2026-08-27", "timestamp": "2026-08-27T13:18:00+07:00", "satelit": "NASA-NOAA20", "confidence": "Low"}}, {"type": "Feature", "geometry": {"type": "Point", "coordinates": [109.14744, 1.39063]}, "properties": {"kab_kota": "SAMBAS", "kecamatan": "Teluk Keramat", "desa": "Sungai Baru", "tanggal": "2026-08-27", "timestamp": "2026-08-27T13:18:00+07:00", "satelit": "NASA-NOAA20", "confidence": "Low"}}, {"type": "Feature", "geometry": {"type": "Point", "coordinates": [109.14964, 1.44157]}, "properties": {"kab_kota": "SAMBAS", "kecamatan": "Teluk Keramat", "desa": "Sungai Kumpai", "tanggal": "2026-08-18", "timestamp": "2026-08-18T12:46:00+07:00", "satelit": "NASA-NOAA20", "confidence": "Low"}}, {"type": "Feature", "geometry": {"type": "Point", "coordinates": [109.13509, 1.33158]}, "properties": {"kab_kota": "SAMBAS", "kecamatan": "Teluk Keramat", "desa": "Teluk Kaseh", "tanggal": "2026-08-31", "timestamp": "2026-08-31T13:44:00+07:00", "satelit": "NASA-NOAA20", "confidence": "Low"}}, {"type": "Feature", "geometry": {"type": "Point", "coordinates": [109.38818, 1.57679]}, "properties": {"kab_kota": "SAMBAS", "kecamatan": "Galing", "desa": "Sungai Palah", "tanggal": "2026-08-26", "timestamp": "2026-08-26T13:37:00+07:00", "satelit": "NASA-NOAA20", "confidence": "Medium"}}, {"type": "Feature", "geometry": {"type": "Point", "coordinates": [109.35863, 1.67615]}, "properties": {"kab_kota": "SAMBAS", "kecamatan": "Galing", "desa": "Tempapan Hulu", "tanggal": "2026-08-24", "timestamp": "2026-08-24T12:33:00+07:00", "satelit": "NASA-NOAA20", "confidence": "Medium"}}, {"type": "Feature", "geometry": {"type": "Point", "coordinates": [109.3504, 1.65847]}, "properties": {"kab_kota": "SAMBAS", "kecamatan": "Galing", "desa": "Tempapan Hulu", "tanggal": "2026-08-25", "timestamp": "2026-08-25T01:13:00+07:00", "satelit": "NASA-NOAA20", "confidence": "Medium"}}, {"type": "Feature", "geometry": {"type": "Point", "coordinates": [109.35093, 1.66178]}, "properties": {"kab_kota": "SAMBAS", "kecamatan": "Galing", "desa": "Tempapan Hulu", "tanggal": "2026-08-25", "timestamp": "2026-08-25T01:13:00+07:00", "satelit": "NASA-NOAA20", "confidence": "Medium"}}, {"type": "Feature", "geometry": {"type": "Point", "coordinates": [109.35949, 1.67092]}, "properties": {"kab_kota": "SAMBAS", "kecamatan": "Galing", "desa": "Tempapan Hulu", "tanggal": "2026-08-25", "timestamp": "2026-08-25T01:13:00+07:00", "satelit": "NASA-NOAA20", "confidence": "Medium"}}, {"type": "Feature", "geometry": {"type": "Point", "coordinates": [109.35606, 1.67146]}, "properties": {"kab_kota": "SAMBAS", "kecamatan": "Galing", "desa": "Tempapan Hulu", "tanggal": "2026-08-25", "timestamp": "2026-08-25T01:13:00+07:00", "satelit": "NASA-NOAA20", "confidence": "Medium"}}, {"type": "Feature", "geometry": {"type": "Point", "coordinates": [109.36001, 1.67422]}, "properties": {"kab_kota": "SAMBAS", "kecamatan": "Galing", "desa": "Tempapan Hulu", "tanggal": "2026-08-25", "timestamp": "2026-08-25T01:13:00+07:00", "satelit": "NASA-NOAA20", "confidence": "Medium"}}, {"type": "Feature", "geometry": {"type": "Point", "coordinates": [109.35658, 1.67477]}, "properties": {"kab_kota": "SAMBAS", "kecamatan": "Galing", "desa": "Tempapan Hulu", "tanggal": "2026-08-25", "timestamp": "2026-08-25T01:13:00+07:00", "satelit": "NASA-NOAA20", "confidence": "Medium"}}, {"type": "Feature", "geometry": {"type": "Point", "coordinates": [109.3503, 1.66093]}, "properties": {"kab_kota": "SAMBAS", "kecamatan": "Galing", "desa": "Tempapan Hulu", "tanggal": "2026-08-26", "timestamp": "2026-08-26T13:37:00+07:00", "satelit": "NASA-NOAA20", "confidence": "Medium"}}, {"type": "Feature", "geometry": {"type": "Point", "coordinates": [109.36062, 1.67289]}, "properties": {"kab_kota": "SAMBAS", "kecamatan": "Galing", "desa": "Tempapan Hulu", "tanggal": "2026-08-26", "timestamp": "2026-08-26T13:37:00+07:00", "satelit": "NASA-NOAA20", "confidence": "Medium"}}, {"type": "Feature", "geometry": {"type": "Point", "coordinates": [109.35049, 1.65946]}, "properties": {"kab_kota": "SAMBAS", "kecamatan": "Galing", "desa": "Tempapan Hulu", "tanggal": "2026-08-27", "timestamp": "2026-08-27T13:18:00+07:00", "satelit": "NASA-NOAA20", "confidence": "Medium"}}, {"type": "Feature", "geometry": {"type": "Point", "coordinates": [109.34828, 1.66207]}, "properties": {"kab_kota": "SAMBAS", "kecamatan": "Galing", "desa": "Tempapan Hulu", "tanggal": "2026-08-30", "timestamp": "2026-08-30T01:19:00+07:00", "satelit": "NASA-NOAA20", "confidence": "Medium"}}, {"type": "Feature", "geometry": {"type": "Point", "coordinates": [109.36188, 1.67732]}, "properties": {"kab_kota": "SAMBAS", "kecamatan": "Galing", "desa": "Tempapan Hulu", "tanggal": "2026-08-30", "timestamp": "2026-08-30T01:19:00+07:00", "satelit": "NASA-NOAA20", "confidence": "Medium"}}, {"type": "Feature", "geometry": {"type": "Point", "coordinates": [109.36659, 1.68354]}, "properties": {"kab_kota": "SAMBAS", "kecamatan": "Galing", "desa": "Tempapan Hulu", "tanggal": "2026-08-30", "timestamp": "2026-08-30T01:19:00+07:00", "satelit": "NASA-NOAA20", "confidence": "Medium"}}, {"type": "Feature", "geometry": {"type": "Point", "coordinates": [109.34869, 1.65958]}, "properties": {"kab_kota": "SAMBAS", "kecamatan": "Galing", "desa": "Tempapan Hulu", "tanggal": "2026-08-31", "timestamp": "2026-08-31T01:02:00+07:00", "satelit": "NASA-NOAA20", "confidence": "Medium"}}, {"type": "Feature", "geometry": {"type": "Point", "coordinates": [109.36317, 1.67199]}, "properties": {"kab_kota": "SAMBAS", "kecamatan": "Galing", "desa": "Tempapan Hulu", "tanggal": "2026-08-31", "timestamp": "2026-08-31T01:02:00+07:00", "satelit": "NASA-NOAA20", "confidence": "Medium"}}, {"type": "Feature", "geometry": {"type": "Point", "coordinates": [109.35966, 1.67621]}, "properties": {"kab_kota": "SAMBAS", "kecamatan": "Galing", "desa": "Tempapan Hulu", "tanggal": "2026-08-31", "timestamp": "2026-08-31T01:02:00+07:00", "satelit": "NASA-NOAA20", "confidence": "Medium"}}, {"type": "Feature", "geometry": {"type": "Point", "coordinates": [109.36022, 1.67979]}, "properties": {"kab_kota": "SAMBAS", "kecamatan": "Galing", "desa": "Tempapan Hulu", "tanggal": "2026-08-31", "timestamp": "2026-08-31T01:02:00+07:00", "satelit": "NASA-NOAA20", "confidence": "Medium"}}, {"type": "Feature", "geometry": {"type": "Point", "coordinates": [109.12232, 1.34301]}, "properties": {"kab_kota": "SAMBAS", "kecamatan": "Jawai", "desa": "Bakau", "tanggal": "2026-08-11", "timestamp": "2026-08-11T00:34:00+07:00", "satelit": "NASA-NOAA20", "confidence": "Medium"}}, {"type": "Feature", "geometry": {"type": "Point", "coordinates": [109.11874, 1.34357]}, "properties": {"kab_kota": "SAMBAS", "kecamatan": "Jawai", "desa": "Bakau", "tanggal": "2026-08-11", "timestamp": "2026-08-11T00:34:00+07:00", "satelit": "NASA-NOAA20", "confidence": "Medium"}}, {"type": "Feature", "geometry": {"type": "Point", "coordinates": [109.12658, 1.33507]}, "properties": {"kab_kota": "SAMBAS", "kecamatan": "Jawai", "desa": "Bakau", "tanggal": "2026-08-11", "timestamp": "2026-08-11T13:18:00+07:00", "satelit": "NASA-NOAA20", "confidence": "Medium"}}, {"type": "Feature", "geometry": {"type": "Point", "coordinates": [109.122, 1.34126]}, "properties": {"kab_kota": "SAMBAS", "kecamatan": "Jawai", "desa": "Bakau", "tanggal": "2026-08-11", "timestamp": "2026-08-11T13:18:00+07:00", "satelit": "NASA-NOAA20", "confidence": "Medium"}}, {"type": "Feature", "geometry": {"type": "Point", "coordinates": [109.12078, 1.34344]}, "properties": {"kab_kota": "SAMBAS", "kecamatan": "Jawai", "desa": "Bakau", "tanggal": "2026-08-12", "timestamp": "2026-08-12T01:58:00+07:00", "satelit": "NASA-NOAA20", "confidence": "Medium"}}, {"type": "Feature", "geometry": {"type": "Point", "coordinates": [109.12318, 1.344]}, "properties": {"kab_kota": "SAMBAS", "kecamatan": "Jawai", "desa": "Bakau", "tanggal": "2026-08-12", "timestamp": "2026-08-12T01:58:00+07:00", "satelit": "NASA-NOAA20", "confidence": "Medium"}}, {"type": "Feature", "geometry": {"type": "Point", "coordinates": [109.11866, 1.34477]}, "properties": {"kab_kota": "SAMBAS", "kecamatan": "Jawai", "desa": "Bakau", "tanggal": "2026-08-12", "timestamp": "2026-08-12T01:58:00+07:00", "satelit": "NASA-NOAA20", "confidence": "Medium"}}, {"type": "Feature", "geometry": {"type": "Point", "coordinates": [109.11737, 1.34351]}, "properties": {"kab_kota": "SAMBAS", "kecamatan": "Jawai", "desa": "Bakau", "tanggal": "2026-08-21", "timestamp": "2026-08-21T13:31:00+07:00", "satelit": "NASA-NOAA20", "confidence": "Medium"}}, {"type": "Feature", "geometry": {"type": "Point", "coordinates": [109.11822, 1.34142]}, "properties": {"kab_kota": "SAMBAS", "kecamatan": "Jawai", "desa": "Bakau", "tanggal": "2026-08-27", "timestamp": "2026-08-27T13:18:00+07:00", "satelit": "NASA-NOAA20", "confidence": "Medium"}}, {"type": "Feature", "geometry": {"type": "Point", "coordinates": [109.11677, 1.34043]}, "properties": {"kab_kota": "SAMBAS", "kecamatan": "Jawai", "desa": "Bakau", "tanggal": "2026-08-30", "timestamp": "2026-08-30T01:19:00+07:00", "satelit": "NASA-NOAA20", "confidence": "Medium"}}, {"type": "Feature", "geometry": {"type": "Point", "coordinates": [109.1221, 1.33461]}, "properties": {"kab_kota": "SAMBAS", "kecamatan": "Jawai", "desa": "Bakau", "tanggal": "2026-08-31", "timestamp": "2026-08-31T01:02:00+07:00", "satelit": "NASA-NOAA20", "confidence": "Medium"}}, {"type": "Feature", "geometry": {"type": "Point", "coordinates": [109.12128, 1.33614]}, "properties": {"kab_kota": "SAMBAS", "kecamatan": "Jawai", "desa": "Bakau", "tanggal": "2026-08-31", "timestamp": "2026-08-31T01:02:00+07:00", "satelit": "NASA-NOAA20", "confidence": "Medium"}}, {"type": "Feature", "geometry": {"type": "Point", "coordinates": [109.1349, 1.34144]}, "properties": {"kab_kota": "SAMBAS", "kecamatan": "Jawai", "desa": "Bakau", "tanggal": "2026-08-31", "timestamp": "2026-08-31T01:02:00+07:00", "satelit": "NASA-NOAA20", "confidence": "Medium"}}, {"type": "Feature", "geometry": {"type": "Point", "coordinates": [109.1179, 1.37389]}, "properties": {"kab_kota": "SAMBAS", "kecamatan": "Jawai", "desa": "Lambau", "tanggal": "2026-08-10", "timestamp": "2026-08-10T00:56:00+07:00", "satelit": "NASA-NOAA20", "confidence": "Medium"}}, {"type": "Feature", "geometry": {"type": "Point", "coordinates": [109.12807, 1.42216]}, "properties": {"kab_kota": "SAMBAS", "kecamatan": "Jawai", "desa": "Mutus Darussalam", "tanggal": "2026-08-27", "timestamp": "2026-08-27T13:18:00+07:00", "satelit": "NASA-NOAA20", "confidence": "Medium"}}, {"type": "Feature", "geometry": {"type": "Point", "coordinates": [109.13166, 1.4227]}, "properties": {"kab_kota": "SAMBAS", "kecamatan": "Jawai", "desa": "Mutus Darussalam", "tanggal": "2026-08-27", "timestamp": "2026-08-27T13:18:00+07:00", "satelit": "NASA-NOAA20", "confidence": "Medium"}}, {"type": "Feature", "geometry": {"type": "Point", "coordinates": [109.13524, 1.42325]}, "properties": {"kab_kota": "SAMBAS", "kecamatan": "Jawai", "desa": "Mutus Darussalam", "tanggal": "2026-08-27", "timestamp": "2026-08-27T13:18:00+07:00", "satelit": "NASA-NOAA20", "confidence": "Medium"}}, {"type": "Feature", "geometry": {"type": "Point", "coordinates": [109.12758, 1.42553]}, "properties": {"kab_kota": "SAMBAS", "kecamatan": "Jawai", "desa": "Mutus Darussalam", "tanggal": "2026-08-27", "timestamp": "2026-08-27T13:18:00+07:00", "satelit": "NASA-NOAA20", "confidence": "Medium"}}, {"type": "Feature", "geometry": {"type": "Point", "coordinates": [109.13116, 1.42607]}, "properties": {"kab_kota": "SAMBAS", "kecamatan": "Jawai", "desa": "Mutus Darussalam", "tanggal": "2026-08-27", "timestamp": "2026-08-27T13:18:00+07:00", "satelit": "NASA-NOAA20", "confidence": "Medium"}}, {"type": "Feature", "geometry": {"type": "Point", "coordinates": [109.13474, 1.42662]}, "properties": {"kab_kota": "SAMBAS", "kecamatan": "Jawai", "desa": "Mutus Darussalam", "tanggal": "2026-08-27", "timestamp": "2026-08-27T13:18:00+07:00", "satelit": "NASA-NOAA20", "confidence": "Medium"}}, {"type": "Feature", "geometry": {"type": "Point", "coordinates": [109.13489, 1.42277]}, "properties": {"kab_kota": "SAMBAS", "kecamatan": "Jawai", "desa": "Mutus Darussalam", "tanggal": "2026-08-31", "timestamp": "2026-08-31T01:02:00+07:00", "satelit": "NASA-NOAA20", "confidence": "Medium"}}, {"type": "Feature", "geometry": {"type": "Point", "coordinates": [109.1215, 1.34463]}, "properties": {"kab_kota": "SAMBAS", "kecamatan": "Jawai", "desa": "Parit Setia", "tanggal": "2026-08-11", "timestamp": "2026-08-11T13:18:00+07:00", "satelit": "NASA-NOAA20", "confidence": "Medium"}}, {"type": "Feature", "geometry": {"type": "Point", "coordinates": [109.13334, 1.34335]}, "properties": {"kab_kota": "SAMBAS", "kecamatan": "Jawai", "desa": "Parit Setia", "tanggal": "2026-08-18", "timestamp": "2026-08-18T12:46:00+07:00", "satelit": "NASA-NOAA20", "confidence": "Medium"}}, {"type": "Feature", "geometry": {"type": "Point", "coordinates": [109.13174, 1.34533]}, "properties": {"kab_kota": "SAMBAS", "kecamatan": "Jawai", "desa": "Parit Setia", "tanggal": "2026-08-20", "timestamp": "2026-08-20T01:09:00+07:00", "satelit": "NASA-NOAA20", "confidence": "Medium"}}, {"type": "Feature", "geometry": {"type": "Point", "coordinates": [109.12054, 1.34537]}, "properties": {"kab_kota": "SAMBAS", "kecamatan": "Jawai", "desa": "Parit Setia", "tanggal": "2026-08-21", "timestamp": "2026-08-21T00:49:00+07:00", "satelit": "NASA-NOAA20", "confidence": "Medium"}}, {"type": "Feature", "geometry": {"type": "Point", "coordinates": [109.11623, 1.34604]}, "properties": {"kab_kota": "SAMBAS", "kecamatan": "Jawai", "desa": "Parit Setia", "tanggal": "2026-08-21", "timestamp": "2026-08-21T00:49:00+07:00", "satelit": "NASA-NOAA20", "confidence": "Medium"}}, {"type": "Feature", "geometry": {"type": "Point", "coordinates": [109.1172, 1.47735]}, "properties": {"kab_kota": "SAMBAS", "kecamatan": "Jawai", "desa": "Sarang Burung Danau", "tanggal": "2026-08-06", "timestamp": "2026-08-06T13:12:00+07:00", "satelit": "NASA-NOAA20", "confidence": "Medium"}}, {"type": "Feature", "geometry": {"type": "Point", "coordinates": [109.11607, 1.48071]}, "properties": {"kab_kota": "SAMBAS", "kecamatan": "Jawai", "desa": "Sarang Burung Danau", "tanggal": "2026-08-07", "timestamp": "2026-08-07T01:51:00+07:00", "satelit": "NASA-NOAA20", "confidence": "Medium"}}, {"type": "Feature", "geometry": {"type": "Point", "coordinates": [109.11848, 1.47855]}, "properties": {"kab_kota": "SAMBAS", "kecamatan": "Jawai", "desa": "Sarang Burung Danau", "tanggal": "2026-08-07", "timestamp": "2026-08-07T12:53:00+07:00", "satelit": "NASA-NOAA20", "confidence": "Medium"}}, {"type": "Feature", "geometry": {"type": "Point", "coordinates": [109.10315, 1.47231]}, "properties": {"kab_kota": "SAMBAS", "kecamatan": "Jawai", "desa": "Sarang Burung Danau", "tanggal": "2026-08-20", "timestamp": "2026-08-20T01:09:00+07:00", "satelit": "NASA-NOAA20", "confidence": "Medium"}}, {"type": "Feature", "geometry": {"type": "Point", "coordinates": [109.13596, 1.41402]}, "properties": {"kab_kota": "SAMBAS", "kecamatan": "Jawai", "desa": "Sarang Burung Kolam", "tanggal": "2026-08-25", "timestamp": "2026-08-25T01:13:00+07:00", "satelit": "NASA-NOAA20", "confidence": "Medium"}}, {"type": "Feature", "geometry": {"type": "Point", "coordinates": [109.13766, 1.41828]}, "properties": {"kab_kota": "SAMBAS", "kecamatan": "Jawai", "desa": "Sarang Burung Kolam", "tanggal": "2026-08-26", "timestamp": "2026-08-26T13:37:00+07:00", "satelit": "NASA-NOAA20", "confidence": "Medium"}}, {"type": "Feature", "geometry": {"type": "Point", "coordinates": [109.13674, 1.41314]}, "properties": {"kab_kota": "SAMBAS", "kecamatan": "Jawai", "desa": "Sarang Burung Kolam", "tanggal": "2026-08-27", "timestamp": "2026-08-27T13:18:00+07:00", "satelit": "NASA-NOAA20", "confidence": "Medium"}}, {"type": "Feature", "geometry": {"type": "Point", "coordinates": [109.13624, 1.41651]}, "properties": {"kab_kota": "SAMBAS", "kecamatan": "Jawai", "desa": "Sarang Burung Kolam", "tanggal": "2026-08-27", "timestamp": "2026-08-27T13:18:00+07:00", "satelit": "NASA-NOAA20", "confidence": "Medium"}}, {"type": "Feature", "geometry": {"type": "Point", "coordinates": [109.13217, 1.41933]}, "properties": {"kab_kota": "SAMBAS", "kecamatan": "Jawai", "desa": "Sarang Burung Kolam", "tanggal": "2026-08-27", "timestamp": "2026-08-27T13:18:00+07:00", "satelit": "NASA-NOAA20", "confidence": "Medium"}}, {"type": "Feature", "geometry": {"type": "Point", "coordinates": [109.13574, 1.41988]}, "properties": {"kab_kota": "SAMBAS", "kecamatan": "Jawai", "desa": "Sarang Burung Kolam", "tanggal": "2026-08-27", "timestamp": "2026-08-27T13:18:00+07:00", "satelit": "NASA-NOAA20", "confidence": "Medium"}}, {"type": "Feature", "geometry": {"type": "Point", "coordinates": [109.11983, 1.40391]}, "properties": {"kab_kota": "SAMBAS", "kecamatan": "Jawai", "desa": "Sarang Burung Usrat", "tanggal": "2026-08-21", "timestamp": "2026-08-21T00:49:00+07:00", "satelit": "NASA-NOAA20", "confidence": "Medium"}}, {"type": "Feature", "geometry": {"type": "Point", "coordinates": [109.13725, 1.40977]}, "properties": {"kab_kota": "SAMBAS", "kecamatan": "Jawai", "desa": "Sarang Burung Usrat", "tanggal": "2026-08-27", "timestamp": "2026-08-27T13:18:00+07:00", "satelit": "NASA-NOAA20", "confidence": "Medium"}}, {"type": "Feature", "geometry": {"type": "Point", "coordinates": [109.1368, 1.40767]}, "properties": {"kab_kota": "SAMBAS", "kecamatan": "Jawai", "desa": "Sarang Burung Usrat", "tanggal": "2026-08-31", "timestamp": "2026-08-31T01:02:00+07:00", "satelit": "NASA-NOAA20", "confidence": "Medium"}}, {"type": "Feature", "geometry": {"type": "Point", "coordinates": [109.13502, 1.44552]}, "properties": {"kab_kota": "SAMBAS", "kecamatan": "Jawai", "desa": "Sungai Nilam", "tanggal": "2026-08-27", "timestamp": "2026-08-27T13:18:00+07:00", "satelit": "NASA-NOAA20", "confidence": "Medium"}}, {"type": "Feature", "geometry": {"type": "Point", "coordinates": [109.1365, 1.44423]}, "properties": {"kab_kota": "SAMBAS", "kecamatan": "Jawai", "desa": "Sungai Nilam", "tanggal": "2026-08-31", "timestamp": "2026-08-31T13:44:00+07:00", "satelit": "NASA-NOAA20", "confidence": "Medium"}}, {"type": "Feature", "geometry": {"type": "Point", "coordinates": [109.13487, 1.44629]}, "properties": {"kab_kota": "SAMBAS", "kecamatan": "Jawai", "desa": "Sungai Nilam", "tanggal": "2026-08-31", "timestamp": "2026-08-31T13:44:00+07:00", "satelit": "NASA-NOAA20", "confidence": "Medium"}}, {"type": "Feature", "geometry": {"type": "Point", "coordinates": [109.10753, 1.32879]}, "properties": {"kab_kota": "SAMBAS", "kecamatan": "Jawai", "desa": "Sungai Nyirih", "tanggal": "2026-08-07", "timestamp": "2026-08-07T01:51:00+07:00", "satelit": "NASA-NOAA20", "confidence": "Medium"}}, {"type": "Feature", "geometry": {"type": "Point", "coordinates": [109.00421, 1.24388]}, "properties": {"kab_kota": "SAMBAS", "kecamatan": "Jawai Selatan", "desa": "Jelu Air", "tanggal": "2026-08-07", "timestamp": "2026-08-07T12:53:00+07:00", "satelit": "NASA-NOAA20", "confidence": "Medium"}}, {"type": "Feature", "geometry": {"type": "Point", "coordinates": [109.3979, 1.84618]}, "properties": {"kab_kota": "SAMBAS", "kecamatan": "Paloh", "desa": "Sebubus", "tanggal": "2026-08-09", "timestamp": "2026-08-09T13:57:00+07:00", "satelit": "NASA-NOAA20", "confidence": "Medium"}}, {"type": "Feature", "geometry": {"type": "Point", "coordinates": [109.39458, 1.84396]}, "properties": {"kab_kota": "SAMBAS", "kecamatan": "Paloh", "desa": "Sebubus", "tanggal": "2026-08-10", "timestamp": "2026-08-10T13:37:00+07:00", "satelit": "NASA-NOAA20", "confidence": "Medium"}}, {"type": "Feature", "geometry": {"type": "Point", "coordinates": [109.39394, 1.84844]}, "properties": {"kab_kota": "SAMBAS", "kecamatan": "Paloh", "desa": "Sebubus", "tanggal": "2026-08-10", "timestamp": "2026-08-10T13:37:00+07:00", "satelit": "NASA-NOAA20", "confidence": "Medium"}}, {"type": "Feature", "geometry": {"type": "Point", "coordinates": [109.39267, 1.84426]}, "properties": {"kab_kota": "SAMBAS", "kecamatan": "Paloh", "desa": "Sebubus", "tanggal": "2026-08-11", "timestamp": "2026-08-11T13:18:00+07:00", "satelit": "NASA-NOAA20", "confidence": "Medium"}}, {"type": "Feature", "geometry": {"type": "Point", "coordinates": [109.38169, 1.87778]}, "properties": {"kab_kota": "SAMBAS", "kecamatan": "Paloh", "desa": "Sebubus", "tanggal": "2026-08-25", "timestamp": "2026-08-25T01:13:00+07:00", "satelit": "NASA-NOAA20", "confidence": "Medium"}}, {"type": "Feature", "geometry": {"type": "Point", "coordinates": [109.39089, 1.85244]}, "properties": {"kab_kota": "SAMBAS", "kecamatan": "Paloh", "desa": "Sebubus", "tanggal": "2026-08-26", "timestamp": "2026-08-26T13:37:00+07:00", "satelit": "NASA-NOAA20", "confidence": "Medium"}}, {"type": "Feature", "geometry": {"type": "Point", "coordinates": [109.4135, 1.74632]}, "properties": {"kab_kota": "SAMBAS", "kecamatan": "Paloh", "desa": "Sebubus", "tanggal": "2026-08-30", "timestamp": "2026-08-30T01:19:00+07:00", "satelit": "NASA-NOAA20", "confidence": "Medium"}}, {"type": "Feature", "geometry": {"type": "Point", "coordinates": [109.4158, 1.74849]}, "properties": {"kab_kota": "SAMBAS", "kecamatan": "Paloh", "desa": "Sebubus", "tanggal": "2026-08-30", "timestamp": "2026-08-30T12:23:00+07:00", "satelit": "NASA-NOAA20", "confidence": "Medium"}}, {"type": "Feature", "geometry": {"type": "Point", "coordinates": [109.41164, 1.74745]}, "properties": {"kab_kota": "SAMBAS", "kecamatan": "Paloh", "desa": "Sebubus", "tanggal": "2026-08-31", "timestamp": "2026-08-31T01:02:00+07:00", "satelit": "NASA-NOAA20", "confidence": "Medium"}}, {"type": "Feature", "geometry": {"type": "Point", "coordinates": [109.41378, 1.74608]}, "properties": {"kab_kota": "SAMBAS", "kecamatan": "Paloh", "desa": "Sebubus", "tanggal": "2026-08-31", "timestamp": "2026-08-31T13:44:00+07:00", "satelit": "NASA-NOAA20", "confidence": "Medium"}}, {"type": "Feature", "geometry": {"type": "Point", "coordinates": [109.41322, 1.75111]}, "properties": {"kab_kota": "SAMBAS", "kecamatan": "Paloh", "desa": "Sebubus", "tanggal": "2026-08-31", "timestamp": "2026-08-31T13:44:00+07:00", "satelit": "NASA-NOAA20", "confidence": "Medium"}}, {"type": "Feature", "geometry": {"type": "Point", "coordinates": [109.41618, 1.75156]}, "properties": {"kab_kota": "SAMBAS", "kecamatan": "Paloh", "desa": "Sebubus", "tanggal": "2026-08-31", "timestamp": "2026-08-31T13:44:00+07:00", "satelit": "NASA-NOAA20", "confidence": "Medium"}}, {"type": "Feature", "geometry": {"type": "Point", "coordinates": [109.2523, 1.61698]}, "properties": {"kab_kota": "SAMBAS", "kecamatan": "Paloh", "desa": "Tanah Hitam", "tanggal": "2026-08-01", "timestamp": "2026-08-01T00:24:00+07:00", "satelit": "NASA-NOAA20", "confidence": "Medium"}}, {"type": "Feature", "geometry": {"type": "Point", "coordinates": [109.25655, 1.61953]}, "properties": {"kab_kota": "SAMBAS", "kecamatan": "Paloh", "desa": "Tanah Hitam", "tanggal": "2026-08-01", "timestamp": "2026-08-01T00:24:00+07:00", "satelit": "NASA-NOAA20", "confidence": "Medium"}}, {"type": "Feature", "geometry": {"type": "Point", "coordinates": [109.25345, 1.62365]}, "properties": {"kab_kota": "SAMBAS", "kecamatan": "Paloh", "desa": "Tanah Hitam", "tanggal": "2026-08-01", "timestamp": "2026-08-01T00:24:00+07:00", "satelit": "NASA-NOAA20", "confidence": "Medium"}}, {"type": "Feature", "geometry": {"type": "Point", "coordinates": [109.25625, 1.61531]}, "properties": {"kab_kota": "SAMBAS", "kecamatan": "Paloh", "desa": "Tanah Hitam", "tanggal": "2026-08-14", "timestamp": "2026-08-14T01:19:00+07:00", "satelit": "NASA-NOAA20", "confidence": "Medium"}}, {"type": "Feature", "geometry": {"type": "Point", "coordinates": [109.26039, 1.61812]}, "properties": {"kab_kota": "SAMBAS", "kecamatan": "Paloh", "desa": "Tanah Hitam", "tanggal": "2026-08-14", "timestamp": "2026-08-14T01:19:00+07:00", "satelit": "NASA-NOAA20", "confidence": "Medium"}}, {"type": "Feature", "geometry": {"type": "Point", "coordinates": [109.25677, 1.6187]}, "properties": {"kab_kota": "SAMBAS", "kecamatan": "Paloh", "desa": "Tanah Hitam", "tanggal": "2026-08-14", "timestamp": "2026-08-14T01:19:00+07:00", "satelit": "NASA-NOAA20", "confidence": "Medium"}}, {"type": "Feature", "geometry": {"type": "Point", "coordinates": [109.25883, 1.61843]}, "properties": {"kab_kota": "SAMBAS", "kecamatan": "Paloh", "desa": "Tanah Hitam", "tanggal": "2026-08-16", "timestamp": "2026-08-16T13:25:00+07:00", "satelit": "NASA-NOAA20", "confidence": "Medium"}}, {"type": "Feature", "geometry": {"type": "Point", "coordinates": [109.26299, 1.61907]}, "properties": {"kab_kota": "SAMBAS", "kecamatan": "Paloh", "desa": "Tanah Hitam", "tanggal": "2026-08-16", "timestamp": "2026-08-16T13:25:00+07:00", "satelit": "NASA-NOAA20", "confidence": "Medium"}}, {"type": "Feature", "geometry": {"type": "Point", "coordinates": [109.5065, 1.92831]}, "properties": {"kab_kota": "SAMBAS", "kecamatan": "Paloh", "desa": "Temajuk", "tanggal": "2026-08-07", "timestamp": "2026-08-07T12:53:00+07:00", "satelit": "NASA-NOAA20", "confidence": "Medium"}}, {"type": "Feature", "geometry": {"type": "Point", "coordinates": [109.53172, 1.9151]}, "properties": {"kab_kota": "SAMBAS", "kecamatan": "Paloh", "desa": "Temajuk", "tanggal": "2026-08-10", "timestamp": "2026-08-10T00:56:00+07:00", "satelit": "NASA-NOAA20", "confidence": "Medium"}}, {"type": "Feature", "geometry": {"type": "Point", "coordinates": [109.52827, 1.94472]}, "properties": {"kab_kota": "SAMBAS", "kecamatan": "Paloh", "desa": "Temajuk", "tanggal": "2026-08-10", "timestamp": "2026-08-10T13:37:00+07:00", "satelit": "NASA-NOAA20", "confidence": "Medium"}}, {"type": "Feature", "geometry": {"type": "Point", "coordinates": [109.525, 1.96736]}, "properties": {"kab_kota": "SAMBAS", "kecamatan": "Paloh", "desa": "Temajuk", "tanggal": "2026-08-10", "timestamp": "2026-08-10T13:37:00+07:00", "satelit": "NASA-NOAA20", "confidence": "Medium"}}, {"type": "Feature", "geometry": {"type": "Point", "coordinates": [109.50956, 1.9214]}, "properties": {"kab_kota": "SAMBAS", "kecamatan": "Paloh", "desa": "Temajuk", "tanggal": "2026-08-11", "timestamp": "2026-08-11T00:34:00+07:00", "satelit": "NASA-NOAA20", "confidence": "Medium"}}, {"type": "Feature", "geometry": {"type": "Point", "coordinates": [109.52059, 1.96936]}, "properties": {"kab_kota": "SAMBAS", "kecamatan": "Paloh", "desa": "Temajuk", "tanggal": "2026-08-11", "timestamp": "2026-08-11T00:34:00+07:00", "satelit": "NASA-NOAA20", "confidence": "Medium"}}, {"type": "Feature", "geometry": {"type": "Point", "coordinates": [109.52182, 1.97172]}, "properties": {"kab_kota": "SAMBAS", "kecamatan": "Paloh", "desa": "Temajuk", "tanggal": "2026-08-11", "timestamp": "2026-08-11T00:34:00+07:00", "satelit": "NASA-NOAA20", "confidence": "Medium"}}, {"type": "Feature", "geometry": {"type": "Point", "coordinates": [109.52742, 1.90114]}, "properties": {"kab_kota": "SAMBAS", "kecamatan": "Paloh", "desa": "Temajuk", "tanggal": "2026-08-15", "timestamp": "2026-08-15T01:02:00+07:00", "satelit": "NASA-NOAA20", "confidence": "Medium"}}, {"type": "Feature", "geometry": {"type": "Point", "coordinates": [109.46164, 1.95021]}, "properties": {"kab_kota": "SAMBAS", "kecamatan": "Paloh", "desa": "Temajuk", "tanggal": "2026-08-18", "timestamp": "2026-08-18T12:46:00+07:00", "satelit": "NASA-NOAA20", "confidence": "Medium"}}, {"type": "Feature", "geometry": {"type": "Point", "coordinates": [109.51401, 1.90581]}, "properties": {"kab_kota": "SAMBAS", "kecamatan": "Paloh", "desa": "Temajuk", "tanggal": "2026-08-22", "timestamp": "2026-08-22T13:12:00+07:00", "satelit": "NASA-NOAA20", "confidence": "Medium"}}, {"type": "Feature", "geometry": {"type": "Point", "coordinates": [109.51351, 1.90911]}, "properties": {"kab_kota": "SAMBAS", "kecamatan": "Paloh", "desa": "Temajuk", "tanggal": "2026-08-22", "timestamp": "2026-08-22T13:12:00+07:00", "satelit": "NASA-NOAA20", "confidence": "Medium"}}, {"type": "Feature", "geometry": {"type": "Point", "coordinates": [109.50558, 1.93542]}, "properties": {"kab_kota": "SAMBAS", "kecamatan": "Paloh", "desa": "Temajuk", "tanggal": "2026-08-22", "timestamp": "2026-08-22T13:12:00+07:00", "satelit": "NASA-NOAA20", "confidence": "Medium"}}, {"type": "Feature", "geometry": {"type": "Point", "coordinates": [109.52184, 1.96654]}, "properties": {"kab_kota": "SAMBAS", "kecamatan": "Paloh", "desa": "Temajuk", "tanggal": "2026-08-26", "timestamp": "2026-08-26T13:37:00+07:00", "satelit": "NASA-NOAA20", "confidence": "Medium"}}, {"type": "Feature", "geometry": {"type": "Point", "coordinates": [109.58399, 1.97854]}, "properties": {"kab_kota": "SAMBAS", "kecamatan": "Paloh", "desa": "Temajuk", "tanggal": "2026-08-27", "timestamp": "2026-08-27T13:18:00+07:00", "satelit": "NASA-NOAA20", "confidence": "Medium"}}, {"type": "Feature", "geometry": {"type": "Point", "coordinates": [109.58774, 1.97911]}, "properties": {"kab_kota": "SAMBAS", "kecamatan": "Paloh", "desa": "Temajuk", "tanggal": "2026-08-27", "timestamp": "2026-08-27T13:18:00+07:00", "satelit": "NASA-NOAA20", "confidence": "Medium"}}, {"type": "Feature", "geometry": {"type": "Point", "coordinates": [109.5835, 1.98198]}, "properties": {"kab_kota": "SAMBAS", "kecamatan": "Paloh", "desa": "Temajuk", "tanggal": "2026-08-27", "timestamp": "2026-08-27T13:18:00+07:00", "satelit": "NASA-NOAA20", "confidence": "Medium"}}, {"type": "Feature", "geometry": {"type": "Point", "coordinates": [109.51935, 1.90568]}, "properties": {"kab_kota": "SAMBAS", "kecamatan": "Paloh", "desa": "Temajuk", "tanggal": "2026-08-31", "timestamp": "2026-08-31T13:44:00+07:00", "satelit": "NASA-NOAA20", "confidence": "Medium"}}, {"type": "Feature", "geometry": {"type": "Point", "coordinates": [109.51564, 1.93506]}, "properties": {"kab_kota": "SAMBAS", "kecamatan": "Paloh", "desa": "Temajuk", "tanggal": "2026-08-31", "timestamp": "2026-08-31T13:44:00+07:00", "satelit": "NASA-NOAA20", "confidence": "Medium"}}, {"type": "Feature", "geometry": {"type": "Point", "coordinates": [109.51791, 1.93645]}, "properties": {"kab_kota": "SAMBAS", "kecamatan": "Paloh", "desa": "Temajuk", "tanggal": "2026-08-31", "timestamp": "2026-08-31T13:44:00+07:00", "satelit": "NASA-NOAA20", "confidence": "Medium"}}, {"type": "Feature", "geometry": {"type": "Point", "coordinates": [109.59277, 1.59459]}, "properties": {"kab_kota": "SAMBAS", "kecamatan": "Sajingan Besar", "desa": "Kaliau'", "tanggal": "2026-08-11", "timestamp": "2026-08-11T13:18:00+07:00", "satelit": "NASA-NOAA20", "confidence": "Medium"}}, {"type": "Feature", "geometry": {"type": "Point", "coordinates": [109.59224, 1.5945]}, "properties": {"kab_kota": "SAMBAS", "kecamatan": "Sajingan Besar", "desa": "Kaliau'", "tanggal": "2026-08-12", "timestamp": "2026-08-12T12:59:00+07:00", "satelit": "NASA-NOAA20", "confidence": "Medium"}}, {"type": "Feature", "geometry": {"type": "Point", "coordinates": [109.53056, 1.65359]}, "properties": {"kab_kota": "SAMBAS", "kecamatan": "Sajingan Besar", "desa": "Santaban", "tanggal": "2026-08-10", "timestamp": "2026-08-10T13:37:00+07:00", "satelit": "NASA-NOAA20", "confidence": "Medium"}}, {"type": "Feature", "geometry": {"type": "Point", "coordinates": [109.47165, 1.62704]}, "properties": {"kab_kota": "SAMBAS", "kecamatan": "Sajingan Besar", "desa": "Santaban", "tanggal": "2026-08-18", "timestamp": "2026-08-18T12:46:00+07:00", "satelit": "NASA-NOAA20", "confidence": "Medium"}}, {"type": "Feature", "geometry": {"type": "Point", "coordinates": [109.47096, 1.63137]}, "properties": {"kab_kota": "SAMBAS", "kecamatan": "Sajingan Besar", "desa": "Santaban", "tanggal": "2026-08-18", "timestamp": "2026-08-18T12:46:00+07:00", "satelit": "NASA-NOAA20", "confidence": "Medium"}}, {"type": "Feature", "geometry": {"type": "Point", "coordinates": [109.47025, 1.62561]}, "properties": {"kab_kota": "SAMBAS", "kecamatan": "Sajingan Besar", "desa": "Santaban", "tanggal": "2026-08-20", "timestamp": "2026-08-20T13:50:00+07:00", "satelit": "NASA-NOAA20", "confidence": "Medium"}}, {"type": "Feature", "geometry": {"type": "Point", "coordinates": [109.46983, 1.63007]}, "properties": {"kab_kota": "SAMBAS", "kecamatan": "Sajingan Besar", "desa": "Santaban", "tanggal": "2026-08-20", "timestamp": "2026-08-20T13:50:00+07:00", "satelit": "NASA-NOAA20", "confidence": "Medium"}}, {"type": "Feature", "geometry": {"type": "Point", "coordinates": [109.4735, 1.63061]}, "properties": {"kab_kota": "SAMBAS", "kecamatan": "Sajingan Besar", "desa": "Santaban", "tanggal": "2026-08-20", "timestamp": "2026-08-20T13:50:00+07:00", "satelit": "NASA-NOAA20", "confidence": "Medium"}}, {"type": "Feature", "geometry": {"type": "Point", "coordinates": [109.47317, 1.63177]}, "properties": {"kab_kota": "SAMBAS", "kecamatan": "Sajingan Besar", "desa": "Santaban", "tanggal": "2026-08-20", "timestamp": "2026-08-20T13:50:00+07:00", "satelit": "NASA-NOAA20", "confidence": "Medium"}}, {"type": "Feature", "geometry": {"type": "Point", "coordinates": [109.47028, 1.62441]}, "properties": {"kab_kota": "SAMBAS", "kecamatan": "Sajingan Besar", "desa": "Santaban", "tanggal": "2026-08-22", "timestamp": "2026-08-22T13:12:00+07:00", "satelit": "NASA-NOAA20", "confidence": "Medium"}}, {"type": "Feature", "geometry": {"type": "Point", "coordinates": [109.46979, 1.62771]}, "properties": {"kab_kota": "SAMBAS", "kecamatan": "Sajingan Besar", "desa": "Santaban", "tanggal": "2026-08-22", "timestamp": "2026-08-22T13:12:00+07:00", "satelit": "NASA-NOAA20", "confidence": "Medium"}}, {"type": "Feature", "geometry": {"type": "Point", "coordinates": [109.47322, 1.62824]}, "properties": {"kab_kota": "SAMBAS", "kecamatan": "Sajingan Besar", "desa": "Santaban", "tanggal": "2026-08-22", "timestamp": "2026-08-22T13:12:00+07:00", "satelit": "NASA-NOAA20", "confidence": "Medium"}}, {"type": "Feature", "geometry": {"type": "Point", "coordinates": [109.47272, 1.63154]}, "properties": {"kab_kota": "SAMBAS", "kecamatan": "Sajingan Besar", "desa": "Santaban", "tanggal": "2026-08-22", "timestamp": "2026-08-22T13:12:00+07:00", "satelit": "NASA-NOAA20", "confidence": "Medium"}}, {"type": "Feature", "geometry": {"type": "Point", "coordinates": [109.64949, 1.44099]}, "properties": {"kab_kota": "SAMBAS", "kecamatan": "Sajingan Besar", "desa": "Sebunga", "tanggal": "2026-08-21", "timestamp": "2026-08-21T13:31:00+07:00", "satelit": "NASA-NOAA20", "confidence": "Medium"}}, {"type": "Feature", "geometry": {"type": "Point", "coordinates": [109.60159, 1.69279]}, "properties": {"kab_kota": "SAMBAS", "kecamatan": "Sajingan Besar", "desa": "Senatab", "tanggal": "2026-08-31", "timestamp": "2026-08-31T13:44:00+07:00", "satelit": "NASA-NOAA20", "confidence": "Medium"}}, {"type": "Feature", "geometry": {"type": "Point", "coordinates": [109.62328, 1.70127]}, "properties": {"kab_kota": "SAMBAS", "kecamatan": "Sajingan Besar", "desa": "Senatab", "tanggal": "2026-08-31", "timestamp": "2026-08-31T13:44:00+07:00", "satelit": "NASA-NOAA20", "confidence": "Medium"}}, {"type": "Feature", "geometry": {"type": "Point", "coordinates": [109.45803, 1.78208]}, "properties": {"kab_kota": "SAMBAS", "kecamatan": "Sajingan Besar", "desa": "Sungai Bening", "tanggal": "2026-08-10", "timestamp": "2026-08-10T00:56:00+07:00", "satelit": "NASA-NOAA20", "confidence": "Medium"}}, {"type": "Feature", "geometry": {"type": "Point", "coordinates": [109.61398, 1.76513]}, "properties": {"kab_kota": "SAMBAS", "kecamatan": "Sajingan Besar", "desa": "Sungai Bening", "tanggal": "2026-08-22", "timestamp": "2026-08-22T13:12:00+07:00", "satelit": "NASA-NOAA20", "confidence": "Medium"}}, {"type": "Feature", "geometry": {"type": "Point", "coordinates": [109.32398, 1.3684]}, "properties": {"kab_kota": "SAMBAS", "kecamatan": "Sambas", "desa": "Dalam Kaum", "tanggal": "2026-08-11", "timestamp": "2026-08-11T13:18:00+07:00", "satelit": "NASA-NOAA20", "confidence": "Medium"}}, {"type": "Feature", "geometry": {"type": "Point", "coordinates": [109.21938, 1.04101]}, "properties": {"kab_kota": "SAMBAS", "kecamatan": "Selakau Timur", "desa": "Buduk Sempadang", "tanggal": "2026-08-09", "timestamp": "2026-08-09T13:57:00+07:00", "satelit": "NASA-NOAA20", "confidence": "Medium"}}, {"type": "Feature", "geometry": {"type": "Point", "coordinates": [109.19913, 1.01802]}, "properties": {"kab_kota": "SAMBAS", "kecamatan": "Selakau Timur", "desa": "Buduk Sempadang", "tanggal": "2026-08-26", "timestamp": "2026-08-26T13:37:00+07:00", "satelit": "NASA-NOAA20", "confidence": "Medium"}}, {"type": "Feature", "geometry": {"type": "Point", "coordinates": [109.44158, 1.15334]}, "properties": {"kab_kota": "SAMBAS", "kecamatan": "Subah", "desa": "Balai Gemuruh", "tanggal": "2026-08-10", "timestamp": "2026-08-10T13:35:00+07:00", "satelit": "NASA-NOAA20", "confidence": "Medium"}}, {"type": "Feature", "geometry": {"type": "Point", "coordinates": [109.42247, 1.16932]}, "properties": {"kab_kota": "SAMBAS", "kecamatan": "Subah", "desa": "Balai Gemuruh", "tanggal": "2026-08-21", "timestamp": "2026-08-21T13:29:00+07:00", "satelit": "NASA-NOAA20", "confidence": "Medium"}}, {"type": "Feature", "geometry": {"type": "Point", "coordinates": [109.52505, 1.13294]}, "properties": {"kab_kota": "SAMBAS", "kecamatan": "Subah", "desa": "Mensade", "tanggal": "2026-08-08", "timestamp": "2026-08-08T12:33:00+07:00", "satelit": "NASA-NOAA20", "confidence": "Medium"}}, {"type": "Feature", "geometry": {"type": "Point", "coordinates": [109.59904, 1.23323]}, "properties": {"kab_kota": "SAMBAS", "kecamatan": "Subah", "desa": "Sempurna", "tanggal": "2026-08-22", "timestamp": "2026-08-22T13:12:00+07:00", "satelit": "NASA-NOAA20", "confidence": "Medium"}}, {"type": "Feature", "geometry": {"type": "Point", "coordinates": [109.50127, 1.06495]}, "properties": {"kab_kota": "SAMBAS", "kecamatan": "Subah", "desa": "Tebuah Elok", "tanggal": "2026-08-07", "timestamp": "2026-08-07T12:53:00+07:00", "satelit": "NASA-NOAA20", "confidence": "Medium"}}, {"type": "Feature", "geometry": {"type": "Point", "coordinates": [109.50418, 1.06556]}, "properties": {"kab_kota": "SAMBAS", "kecamatan": "Subah", "desa": "Tebuah Elok", "tanggal": "2026-08-07", "timestamp": "2026-08-07T12:53:00+07:00", "satelit": "NASA-NOAA20", "confidence": "Medium"}}, {"type": "Feature", "geometry": {"type": "Point", "coordinates": [109.49159, 1.11229]}, "properties": {"kab_kota": "SAMBAS", "kecamatan": "Subah", "desa": "Tebuah Elok", "tanggal": "2026-08-10", "timestamp": "2026-08-10T13:35:00+07:00", "satelit": "NASA-NOAA20", "confidence": "Medium"}}, {"type": "Feature", "geometry": {"type": "Point", "coordinates": [109.11075, 1.49721]}, "properties": {"kab_kota": "SAMBAS", "kecamatan": "Tangaran", "desa": "Semata", "tanggal": "2026-08-11", "timestamp": "2026-08-11T00:34:00+07:00", "satelit": "NASA-NOAA20", "confidence": "Medium"}}, {"type": "Feature", "geometry": {"type": "Point", "coordinates": [109.11013, 1.49739]}, "properties": {"kab_kota": "SAMBAS", "kecamatan": "Tangaran", "desa": "Semata", "tanggal": "2026-08-11", "timestamp": "2026-08-11T00:34:00+07:00", "satelit": "NASA-NOAA20", "confidence": "Medium"}}, {"type": "Feature", "geometry": {"type": "Point", "coordinates": [109.10923, 1.49605]}, "properties": {"kab_kota": "SAMBAS", "kecamatan": "Tangaran", "desa": "Semata", "tanggal": "2026-08-11", "timestamp": "2026-08-11T13:18:00+07:00", "satelit": "NASA-NOAA20", "confidence": "Medium"}}, {"type": "Feature", "geometry": {"type": "Point", "coordinates": [109.11281, 1.49659]}, "properties": {"kab_kota": "SAMBAS", "kecamatan": "Tangaran", "desa": "Semata", "tanggal": "2026-08-11", "timestamp": "2026-08-11T13:18:00+07:00", "satelit": "NASA-NOAA20", "confidence": "Medium"}}, {"type": "Feature", "geometry": {"type": "Point", "coordinates": [109.1123, 1.49996]}, "properties": {"kab_kota": "SAMBAS", "kecamatan": "Tangaran", "desa": "Semata", "tanggal": "2026-08-11", "timestamp": "2026-08-11T13:18:00+07:00", "satelit": "NASA-NOAA20", "confidence": "Medium"}}, {"type": "Feature", "geometry": {"type": "Point", "coordinates": [109.10951, 1.49704]}, "properties": {"kab_kota": "SAMBAS", "kecamatan": "Tangaran", "desa": "Semata", "tanggal": "2026-08-12", "timestamp": "2026-08-12T01:58:00+07:00", "satelit": "NASA-NOAA20", "confidence": "Medium"}}, {"type": "Feature", "geometry": {"type": "Point", "coordinates": [109.11048, 1.50309]}, "properties": {"kab_kota": "SAMBAS", "kecamatan": "Tangaran", "desa": "Semata", "tanggal": "2026-08-12", "timestamp": "2026-08-12T01:58:00+07:00", "satelit": "NASA-NOAA20", "confidence": "Medium"}}, {"type": "Feature", "geometry": {"type": "Point", "coordinates": [109.06248, 1.52235]}, "properties": {"kab_kota": "SAMBAS", "kecamatan": "Tangaran", "desa": "Simpang Empat", "tanggal": "2026-08-16", "timestamp": "2026-08-16T13:25:00+07:00", "satelit": "NASA-NOAA20", "confidence": "Medium"}}, {"type": "Feature", "geometry": {"type": "Point", "coordinates": [109.1908, 1.16305]}, "properties": {"kab_kota": "SAMBAS", "kecamatan": "Tebas", "desa": "Batu Makjage", "tanggal": "2026-08-21", "timestamp": "2026-08-21T00:49:00+07:00", "satelit": "NASA-NOAA20", "confidence": "Medium"}}, {"type": "Feature", "geometry": {"type": "Point", "coordinates": [109.18988, 1.16386]}, "properties": {"kab_kota": "SAMBAS", "kecamatan": "Tebas", "desa": "Batu Makjage", "tanggal": "2026-08-21", "timestamp": "2026-08-21T00:49:00+07:00", "satelit": "NASA-NOAA20", "confidence": "Medium"}}, {"type": "Feature", "geometry": {"type": "Point", "coordinates": [109.17477, 1.13568]}, "properties": {"kab_kota": "SAMBAS", "kecamatan": "Tebas", "desa": "Batu Makjage", "tanggal": "2026-08-21", "timestamp": "2026-08-21T13:29:00+07:00", "satelit": "NASA-NOAA20", "confidence": "Medium"}}, {"type": "Feature", "geometry": {"type": "Point", "coordinates": [109.19116, 1.1623]}, "properties": {"kab_kota": "SAMBAS", "kecamatan": "Tebas", "desa": "Batu Makjage", "tanggal": "2026-08-21", "timestamp": "2026-08-21T13:29:00+07:00", "satelit": "NASA-NOAA20", "confidence": "Medium"}}, {"type": "Feature", "geometry": {"type": "Point", "coordinates": [109.20248, 1.15782]}, "properties": {"kab_kota": "SAMBAS", "kecamatan": "Tebas", "desa": "Batu Makjage", "tanggal": "2026-08-29", "timestamp": "2026-08-29T12:40:00+07:00", "satelit": "NASA-NOAA20", "confidence": "Medium"}}, {"type": "Feature", "geometry": {"type": "Point", "coordinates": [109.19965, 1.15858]}, "properties": {"kab_kota": "SAMBAS", "kecamatan": "Tebas", "desa": "Batu Makjage", "tanggal": "2026-08-29", "timestamp": "2026-08-29T12:40:00+07:00", "satelit": "NASA-NOAA20", "confidence": "Medium"}}, {"type": "Feature", "geometry": {"type": "Point", "coordinates": [109.20169, 1.16278]}, "properties": {"kab_kota": "SAMBAS", "kecamatan": "Tebas", "desa": "Batu Makjage", "tanggal": "2026-08-29", "timestamp": "2026-08-29T12:40:00+07:00", "satelit": "NASA-NOAA20", "confidence": "Medium"}}, {"type": "Feature", "geometry": {"type": "Point", "coordinates": [109.19889, 1.16354]}, "properties": {"kab_kota": "SAMBAS", "kecamatan": "Tebas", "desa": "Batu Makjage", "tanggal": "2026-08-29", "timestamp": "2026-08-29T12:40:00+07:00", "satelit": "NASA-NOAA20", "confidence": "Medium"}}, {"type": "Feature", "geometry": {"type": "Point", "coordinates": [109.19979, 1.15946]}, "properties": {"kab_kota": "SAMBAS", "kecamatan": "Tebas", "desa": "Batu Makjage", "tanggal": "2026-08-30", "timestamp": "2026-08-30T01:19:00+07:00", "satelit": "NASA-NOAA20", "confidence": "Medium"}}, {"type": "Feature", "geometry": {"type": "Point", "coordinates": [109.20031, 1.16286]}, "properties": {"kab_kota": "SAMBAS", "kecamatan": "Tebas", "desa": "Batu Makjage", "tanggal": "2026-08-30", "timestamp": "2026-08-30T01:19:00+07:00", "satelit": "NASA-NOAA20", "confidence": "Medium"}}, {"type": "Feature", "geometry": {"type": "Point", "coordinates": [109.19797, 1.16251]}, "properties": {"kab_kota": "SAMBAS", "kecamatan": "Tebas", "desa": "Batu Makjage", "tanggal": "2026-08-31", "timestamp": "2026-08-31T01:02:00+07:00", "satelit": "NASA-NOAA20", "confidence": "Medium"}}, {"type": "Feature", "geometry": {"type": "Point", "coordinates": [109.19798, 1.16068]}, "properties": {"kab_kota": "SAMBAS", "kecamatan": "Tebas", "desa": "Batu Makjage", "tanggal": "2026-08-31", "timestamp": "2026-08-31T13:44:00+07:00", "satelit": "NASA-NOAA20", "confidence": "Medium"}}, {"type": "Feature", "geometry": {"type": "Point", "coordinates": [109.11887, 1.08037]}, "properties": {"kab_kota": "SAMBAS", "kecamatan": "Tebas", "desa": "Maribas", "tanggal": "2026-08-11", "timestamp": "2026-08-11T13:18:00+07:00", "satelit": "NASA-NOAA20", "confidence": "Medium"}}, {"type": "Feature", "geometry": {"type": "Point", "coordinates": [109.12356, 1.08965]}, "properties": {"kab_kota": "SAMBAS", "kecamatan": "Tebas", "desa": "Maribas", "tanggal": "2026-08-25", "timestamp": "2026-08-25T01:13:00+07:00", "satelit": "NASA-NOAA20", "confidence": "Medium"}}, {"type": "Feature", "geometry": {"type": "Point", "coordinates": [109.12164, 1.08314]}, "properties": {"kab_kota": "SAMBAS", "kecamatan": "Tebas", "desa": "Maribas", "tanggal": "2026-08-26", "timestamp": "2026-08-26T13:37:00+07:00", "satelit": "NASA-NOAA20", "confidence": "Medium"}}, {"type": "Feature", "geometry": {"type": "Point", "coordinates": [109.12092, 1.08619]}, "properties": {"kab_kota": "SAMBAS", "kecamatan": "Tebas", "desa": "Maribas", "tanggal": "2026-08-26", "timestamp": "2026-08-26T13:37:00+07:00", "satelit": "NASA-NOAA20", "confidence": "Medium"}}, {"type": "Feature", "geometry": {"type": "Point", "coordinates": [109.12505, 1.08684]}, "properties": {"kab_kota": "SAMBAS", "kecamatan": "Tebas", "desa": "Maribas", "tanggal": "2026-08-26", "timestamp": "2026-08-26T13:37:00+07:00", "satelit": "NASA-NOAA20", "confidence": "Medium"}}, {"type": "Feature", "geometry": {"type": "Point", "coordinates": [109.12515, 1.08811]}, "properties": {"kab_kota": "SAMBAS", "kecamatan": "Tebas", "desa": "Maribas", "tanggal": "2026-08-26", "timestamp": "2026-08-26T13:37:00+07:00", "satelit": "NASA-NOAA20", "confidence": "Medium"}}, {"type": "Feature", "geometry": {"type": "Point", "coordinates": [109.12173, 1.08496]}, "properties": {"kab_kota": "SAMBAS", "kecamatan": "Tebas", "desa": "Maribas", "tanggal": "2026-08-27", "timestamp": "2026-08-27T13:18:00+07:00", "satelit": "NASA-NOAA20", "confidence": "Medium"}}, {"type": "Feature", "geometry": {"type": "Point", "coordinates": [109.1253, 1.08551]}, "properties": {"kab_kota": "SAMBAS", "kecamatan": "Tebas", "desa": "Maribas", "tanggal": "2026-08-27", "timestamp": "2026-08-27T13:18:00+07:00", "satelit": "NASA-NOAA20", "confidence": "Medium"}}, {"type": "Feature", "geometry": {"type": "Point", "coordinates": [109.12479, 1.08887]}, "properties": {"kab_kota": "SAMBAS", "kecamatan": "Tebas", "desa": "Maribas", "tanggal": "2026-08-27", "timestamp": "2026-08-27T13:18:00+07:00", "satelit": "NASA-NOAA20", "confidence": "Medium"}}, {"type": "Feature", "geometry": {"type": "Point", "coordinates": [109.12173, 1.08908]}, "properties": {"kab_kota": "SAMBAS", "kecamatan": "Tebas", "desa": "Maribas", "tanggal": "2026-08-29", "timestamp": "2026-08-29T12:40:00+07:00", "satelit": "NASA-NOAA20", "confidence": "Medium"}}, {"type": "Feature", "geometry": {"type": "Point", "coordinates": [109.12494, 1.0836]}, "properties": {"kab_kota": "SAMBAS", "kecamatan": "Tebas", "desa": "Maribas", "tanggal": "2026-08-30", "timestamp": "2026-08-30T01:19:00+07:00", "satelit": "NASA-NOAA20", "confidence": "Medium"}}, {"type": "Feature", "geometry": {"type": "Point", "coordinates": [109.12184, 1.08757]}, "properties": {"kab_kota": "SAMBAS", "kecamatan": "Tebas", "desa": "Maribas", "tanggal": "2026-08-30", "timestamp": "2026-08-30T01:19:00+07:00", "satelit": "NASA-NOAA20", "confidence": "Medium"}}, {"type": "Feature", "geometry": {"type": "Point", "coordinates": [109.20448, 1.16445]}, "properties": {"kab_kota": "SAMBAS", "kecamatan": "Tebas", "desa": "Seberkat", "tanggal": "2026-08-29", "timestamp": "2026-08-29T12:40:00+07:00", "satelit": "NASA-NOAA20", "confidence": "Medium"}}, {"type": "Feature", "geometry": {"type": "Point", "coordinates": [109.20084, 1.16626]}, "properties": {"kab_kota": "SAMBAS", "kecamatan": "Tebas", "desa": "Seberkat", "tanggal": "2026-08-30", "timestamp": "2026-08-30T01:19:00+07:00", "satelit": "NASA-NOAA20", "confidence": "Medium"}}, {"type": "Feature", "geometry": {"type": "Point", "coordinates": [109.13145, 1.32776]}, "properties": {"kab_kota": "SAMBAS", "kecamatan": "Tekarang", "desa": "Merubung", "tanggal": "2026-08-27", "timestamp": "2026-08-27T13:18:00+07:00", "satelit": "NASA-NOAA20", "confidence": "Medium"}}, {"type": "Feature", "geometry": {"type": "Point", "coordinates": [109.13504, 1.32831]}, "properties": {"kab_kota": "SAMBAS", "kecamatan": "Tekarang", "desa": "Merubung", "tanggal": "2026-08-27", "timestamp": "2026-08-27T13:18:00+07:00", "satelit": "NASA-NOAA20", "confidence": "Medium"}}, {"type": "Feature", "geometry": {"type": "Point", "coordinates": [109.13096, 1.33113]}, "properties": {"kab_kota": "SAMBAS", "kecamatan": "Tekarang", "desa": "Merubung", "tanggal": "2026-08-27", "timestamp": "2026-08-27T13:18:00+07:00", "satelit": "NASA-NOAA20", "confidence": "Medium"}}, {"type": "Feature", "geometry": {"type": "Point", "coordinates": [109.15907, 1.38653]}, "properties": {"kab_kota": "SAMBAS", "kecamatan": "Teluk Keramat", "desa": "Berlimang", "tanggal": "2026-08-17", "timestamp": "2026-08-17T13:05:00+07:00", "satelit": "NASA-NOAA20", "confidence": "Medium"}}, {"type": "Feature", "geometry": {"type": "Point", "coordinates": [109.16271, 1.38708]}, "properties": {"kab_kota": "SAMBAS", "kecamatan": "Teluk Keramat", "desa": "Berlimang", "tanggal": "2026-08-17", "timestamp": "2026-08-17T13:05:00+07:00", "satelit": "NASA-NOAA20", "confidence": "Medium"}}, {"type": "Feature", "geometry": {"type": "Point", "coordinates": [109.15855, 1.38992]}, "properties": {"kab_kota": "SAMBAS", "kecamatan": "Teluk Keramat", "desa": "Berlimang", "tanggal": "2026-08-17", "timestamp": "2026-08-17T13:05:00+07:00", "satelit": "NASA-NOAA20", "confidence": "Medium"}}, {"type": "Feature", "geometry": {"type": "Point", "coordinates": [109.15285, 1.39201]}, "properties": {"kab_kota": "SAMBAS", "kecamatan": "Teluk Keramat", "desa": "Berlimang", "tanggal": "2026-08-18", "timestamp": "2026-08-18T12:46:00+07:00", "satelit": "NASA-NOAA20", "confidence": "Medium"}}, {"type": "Feature", "geometry": {"type": "Point", "coordinates": [109.15095, 1.39896]}, "properties": {"kab_kota": "SAMBAS", "kecamatan": "Teluk Keramat", "desa": "Berlimang", "tanggal": "2026-08-20", "timestamp": "2026-08-20T01:09:00+07:00", "satelit": "NASA-NOAA20", "confidence": "Medium"}}, {"type": "Feature", "geometry": {"type": "Point", "coordinates": [109.14786, 1.39195]}, "properties": {"kab_kota": "SAMBAS", "kecamatan": "Teluk Keramat", "desa": "Berlimang", "tanggal": "2026-08-21", "timestamp": "2026-08-21T13:31:00+07:00", "satelit": "NASA-NOAA20", "confidence": "Medium"}}, {"type": "Feature", "geometry": {"type": "Point", "coordinates": [109.17447, 1.38151]}, "properties": {"kab_kota": "SAMBAS", "kecamatan": "Teluk Keramat", "desa": "Berlimang", "tanggal": "2026-08-24", "timestamp": "2026-08-24T12:33:00+07:00", "satelit": "NASA-NOAA20", "confidence": "Medium"}}, {"type": "Feature", "geometry": {"type": "Point", "coordinates": [109.16644, 1.38588]}, "properties": {"kab_kota": "SAMBAS", "kecamatan": "Teluk Keramat", "desa": "Berlimang", "tanggal": "2026-08-24", "timestamp": "2026-08-24T12:33:00+07:00", "satelit": "NASA-NOAA20", "confidence": "Medium"}}, {"type": "Feature", "geometry": {"type": "Point", "coordinates": [109.17005, 1.38646]}, "properties": {"kab_kota": "SAMBAS", "kecamatan": "Teluk Keramat", "desa": "Berlimang", "tanggal": "2026-08-24", "timestamp": "2026-08-24T12:33:00+07:00", "satelit": "NASA-NOAA20", "confidence": "Medium"}}, {"type": "Feature", "geometry": {"type": "Point", "coordinates": [109.17365, 1.38704]}, "properties": {"kab_kota": "SAMBAS", "kecamatan": "Teluk Keramat", "desa": "Berlimang", "tanggal": "2026-08-24", "timestamp": "2026-08-24T12:33:00+07:00", "satelit": "NASA-NOAA20", "confidence": "Medium"}}, {"type": "Feature", "geometry": {"type": "Point", "coordinates": [109.1735, 1.38439]}, "properties": {"kab_kota": "SAMBAS", "kecamatan": "Teluk Keramat", "desa": "Berlimang", "tanggal": "2026-08-25", "timestamp": "2026-08-25T01:13:00+07:00", "satelit": "NASA-NOAA20", "confidence": "Medium"}}, {"type": "Feature", "geometry": {"type": "Point", "coordinates": [109.17401, 1.38769]}, "properties": {"kab_kota": "SAMBAS", "kecamatan": "Teluk Keramat", "desa": "Berlimang", "tanggal": "2026-08-25", "timestamp": "2026-08-25T01:13:00+07:00", "satelit": "NASA-NOAA20", "confidence": "Medium"}}, {"type": "Feature", "geometry": {"type": "Point", "coordinates": [109.14761, 1.39864]}, "properties": {"kab_kota": "SAMBAS", "kecamatan": "Teluk Keramat", "desa": "Berlimang", "tanggal": "2026-08-25", "timestamp": "2026-08-25T01:13:00+07:00", "satelit": "NASA-NOAA20", "confidence": "Medium"}}, {"type": "Feature", "geometry": {"type": "Point", "coordinates": [109.14813, 1.40194]}, "properties": {"kab_kota": "SAMBAS", "kecamatan": "Teluk Keramat", "desa": "Berlimang", "tanggal": "2026-08-25", "timestamp": "2026-08-25T01:13:00+07:00", "satelit": "NASA-NOAA20", "confidence": "Medium"}}, {"type": "Feature", "geometry": {"type": "Point", "coordinates": [109.14864, 1.40524]}, "properties": {"kab_kota": "SAMBAS", "kecamatan": "Teluk Keramat", "desa": "Berlimang", "tanggal": "2026-08-25", "timestamp": "2026-08-25T01:13:00+07:00", "satelit": "NASA-NOAA20", "confidence": "Medium"}}, {"type": "Feature", "geometry": {"type": "Point", "coordinates": [109.14521, 1.40578]}, "properties": {"kab_kota": "SAMBAS", "kecamatan": "Teluk Keramat", "desa": "Berlimang", "tanggal": "2026-08-25", "timestamp": "2026-08-25T01:13:00+07:00", "satelit": "NASA-NOAA20", "confidence": "Medium"}}, {"type": "Feature", "geometry": {"type": "Point", "coordinates": [109.17097, 1.38041]}, "properties": {"kab_kota": "SAMBAS", "kecamatan": "Teluk Keramat", "desa": "Berlimang", "tanggal": "2026-08-27", "timestamp": "2026-08-27T13:18:00+07:00", "satelit": "NASA-NOAA20", "confidence": "Medium"}}, {"type": "Feature", "geometry": {"type": "Point", "coordinates": [109.17456, 1.38096]}, "properties": {"kab_kota": "SAMBAS", "kecamatan": "Teluk Keramat", "desa": "Berlimang", "tanggal": "2026-08-27", "timestamp": "2026-08-27T13:18:00+07:00", "satelit": "NASA-NOAA20", "confidence": "Medium"}}, {"type": "Feature", "geometry": {"type": "Point", "coordinates": [109.14693, 1.394]}, "properties": {"kab_kota": "SAMBAS", "kecamatan": "Teluk Keramat", "desa": "Berlimang", "tanggal": "2026-08-27", "timestamp": "2026-08-27T13:18:00+07:00", "satelit": "NASA-NOAA20", "confidence": "Medium"}}, {"type": "Feature", "geometry": {"type": "Point", "coordinates": [109.15051, 1.39455]}, "properties": {"kab_kota": "SAMBAS", "kecamatan": "Teluk Keramat", "desa": "Berlimang", "tanggal": "2026-08-27", "timestamp": "2026-08-27T13:18:00+07:00", "satelit": "NASA-NOAA20", "confidence": "Medium"}}, {"type": "Feature", "geometry": {"type": "Point", "coordinates": [109.15001, 1.39792]}, "properties": {"kab_kota": "SAMBAS", "kecamatan": "Teluk Keramat", "desa": "Berlimang", "tanggal": "2026-08-27", "timestamp": "2026-08-27T13:18:00+07:00", "satelit": "NASA-NOAA20", "confidence": "Medium"}}, {"type": "Feature", "geometry": {"type": "Point", "coordinates": [109.15297, 1.40228]}, "properties": {"kab_kota": "SAMBAS", "kecamatan": "Teluk Keramat", "desa": "Berlimang", "tanggal": "2026-08-29", "timestamp": "2026-08-29T12:40:00+07:00", "satelit": "NASA-NOAA20", "confidence": "Medium"}}, {"type": "Feature", "geometry": {"type": "Point", "coordinates": [109.1551, 1.40472]}, "properties": {"kab_kota": "SAMBAS", "kecamatan": "Teluk Keramat", "desa": "Berlimang", "tanggal": "2026-08-30", "timestamp": "2026-08-30T14:01:00+07:00", "satelit": "NASA-NOAA20", "confidence": "Medium"}}, {"type": "Feature", "geometry": {"type": "Point", "coordinates": [109.14156, 1.40539]}, "properties": {"kab_kota": "SAMBAS", "kecamatan": "Teluk Keramat", "desa": "Berlimang", "tanggal": "2026-08-30", "timestamp": "2026-08-30T14:01:00+07:00", "satelit": "NASA-NOAA20", "confidence": "Medium"}}, {"type": "Feature", "geometry": {"type": "Point", "coordinates": [109.17475, 1.37955]}, "properties": {"kab_kota": "SAMBAS", "kecamatan": "Teluk Keramat", "desa": "Berlimang", "tanggal": "2026-08-31", "timestamp": "2026-08-31T01:02:00+07:00", "satelit": "NASA-NOAA20", "confidence": "Medium"}}, {"type": "Feature", "geometry": {"type": "Point", "coordinates": [109.17944, 1.38251]}, "properties": {"kab_kota": "SAMBAS", "kecamatan": "Teluk Keramat", "desa": "Berlimang", "tanggal": "2026-08-31", "timestamp": "2026-08-31T01:02:00+07:00", "satelit": "NASA-NOAA20", "confidence": "Medium"}}, {"type": "Feature", "geometry": {"type": "Point", "coordinates": [109.17533, 1.38315]}, "properties": {"kab_kota": "SAMBAS", "kecamatan": "Teluk Keramat", "desa": "Berlimang", "tanggal": "2026-08-31", "timestamp": "2026-08-31T01:02:00+07:00", "satelit": "NASA-NOAA20", "confidence": "Medium"}}, {"type": "Feature", "geometry": {"type": "Point", "coordinates": [109.17816, 1.37794]}, "properties": {"kab_kota": "SAMBAS", "kecamatan": "Teluk Keramat", "desa": "Berlimang", "tanggal": "2026-08-31", "timestamp": "2026-08-31T13:44:00+07:00", "satelit": "NASA-NOAA20", "confidence": "Medium"}}, {"type": "Feature", "geometry": {"type": "Point", "coordinates": [109.17742, 1.38283]}, "properties": {"kab_kota": "SAMBAS", "kecamatan": "Teluk Keramat", "desa": "Berlimang", "tanggal": "2026-08-31", "timestamp": "2026-08-31T13:44:00+07:00", "satelit": "NASA-NOAA20", "confidence": "Medium"}}, {"type": "Feature", "geometry": {"type": "Point", "coordinates": [109.18288, 1.38365]}, "properties": {"kab_kota": "SAMBAS", "kecamatan": "Teluk Keramat", "desa": "Berlimang", "tanggal": "2026-08-31", "timestamp": "2026-08-31T13:44:00+07:00", "satelit": "NASA-NOAA20", "confidence": "Medium"}}, {"type": "Feature", "geometry": {"type": "Point", "coordinates": [109.15206, 1.40398]}, "properties": {"kab_kota": "SAMBAS", "kecamatan": "Teluk Keramat", "desa": "Berlimang", "tanggal": "2026-08-31", "timestamp": "2026-08-31T13:44:00+07:00", "satelit": "NASA-NOAA20", "confidence": "Medium"}}, {"type": "Feature", "geometry": {"type": "Point", "coordinates": [109.15749, 1.40481]}, "properties": {"kab_kota": "SAMBAS", "kecamatan": "Teluk Keramat", "desa": "Berlimang", "tanggal": "2026-08-31", "timestamp": "2026-08-31T13:44:00+07:00", "satelit": "NASA-NOAA20", "confidence": "Medium"}}, {"type": "Feature", "geometry": {"type": "Point", "coordinates": [109.15379, 1.41491]}, "properties": {"kab_kota": "SAMBAS", "kecamatan": "Teluk Keramat", "desa": "Lela", "tanggal": "2026-08-18", "timestamp": "2026-08-18T12:46:00+07:00", "satelit": "NASA-NOAA20", "confidence": "Medium"}}, {"type": "Feature", "geometry": {"type": "Point", "coordinates": [109.1531, 1.41936]}, "properties": {"kab_kota": "SAMBAS", "kecamatan": "Teluk Keramat", "desa": "Lela", "tanggal": "2026-08-18", "timestamp": "2026-08-18T12:46:00+07:00", "satelit": "NASA-NOAA20", "confidence": "Medium"}}, {"type": "Feature", "geometry": {"type": "Point", "coordinates": [109.15227, 1.43644]}, "properties": {"kab_kota": "SAMBAS", "kecamatan": "Teluk Keramat", "desa": "Lela", "tanggal": "2026-08-18", "timestamp": "2026-08-18T12:46:00+07:00", "satelit": "NASA-NOAA20", "confidence": "Medium"}}, {"type": "Feature", "geometry": {"type": "Point", "coordinates": [109.1547, 1.4378]}, "properties": {"kab_kota": "SAMBAS", "kecamatan": "Teluk Keramat", "desa": "Lela", "tanggal": "2026-08-18", "timestamp": "2026-08-18T12:46:00+07:00", "satelit": "NASA-NOAA20", "confidence": "Medium"}}, {"type": "Feature", "geometry": {"type": "Point", "coordinates": [109.14691, 1.42037]}, "properties": {"kab_kota": "SAMBAS", "kecamatan": "Teluk Keramat", "desa": "Lela", "tanggal": "2026-08-20", "timestamp": "2026-08-20T01:09:00+07:00", "satelit": "NASA-NOAA20", "confidence": "Medium"}}, {"type": "Feature", "geometry": {"type": "Point", "coordinates": [109.18095, 1.41803]}, "properties": {"kab_kota": "SAMBAS", "kecamatan": "Teluk Keramat", "desa": "Lela", "tanggal": "2026-08-20", "timestamp": "2026-08-20T13:50:00+07:00", "satelit": "NASA-NOAA20", "confidence": "Medium"}}, {"type": "Feature", "geometry": {"type": "Point", "coordinates": [109.14848, 1.4187]}, "properties": {"kab_kota": "SAMBAS", "kecamatan": "Teluk Keramat", "desa": "Lela", "tanggal": "2026-08-20", "timestamp": "2026-08-20T13:50:00+07:00", "satelit": "NASA-NOAA20", "confidence": "Medium"}}, {"type": "Feature", "geometry": {"type": "Point", "coordinates": [109.14691, 1.42959]}, "properties": {"kab_kota": "SAMBAS", "kecamatan": "Teluk Keramat", "desa": "Lela", "tanggal": "2026-08-20", "timestamp": "2026-08-20T13:50:00+07:00", "satelit": "NASA-NOAA20", "confidence": "Medium"}}, {"type": "Feature", "geometry": {"type": "Point", "coordinates": [109.15041, 1.43012]}, "properties": {"kab_kota": "SAMBAS", "kecamatan": "Teluk Keramat", "desa": "Lela", "tanggal": "2026-08-20", "timestamp": "2026-08-20T13:50:00+07:00", "satelit": "NASA-NOAA20", "confidence": "Medium"}}, {"type": "Feature", "geometry": {"type": "Point", "coordinates": [109.14848, 1.41759]}, "properties": {"kab_kota": "SAMBAS", "kecamatan": "Teluk Keramat", "desa": "Lela", "tanggal": "2026-08-21", "timestamp": "2026-08-21T00:49:00+07:00", "satelit": "NASA-NOAA20", "confidence": "Medium"}}, {"type": "Feature", "geometry": {"type": "Point", "coordinates": [109.15123, 1.4352]}, "properties": {"kab_kota": "SAMBAS", "kecamatan": "Teluk Keramat", "desa": "Lela", "tanggal": "2026-08-21", "timestamp": "2026-08-21T00:49:00+07:00", "satelit": "NASA-NOAA20", "confidence": "Medium"}}, {"type": "Feature", "geometry": {"type": "Point", "coordinates": [109.14695, 1.43586]}, "properties": {"kab_kota": "SAMBAS", "kecamatan": "Teluk Keramat", "desa": "Lela", "tanggal": "2026-08-21", "timestamp": "2026-08-21T00:49:00+07:00", "satelit": "NASA-NOAA20", "confidence": "Medium"}}, {"type": "Feature", "geometry": {"type": "Point", "coordinates": [109.15495, 1.41311]}, "properties": {"kab_kota": "SAMBAS", "kecamatan": "Teluk Keramat", "desa": "Lela", "tanggal": "2026-08-21", "timestamp": "2026-08-21T13:31:00+07:00", "satelit": "NASA-NOAA20", "confidence": "Medium"}}, {"type": "Feature", "geometry": {"type": "Point", "coordinates": [109.1488, 1.42024]}, "properties": {"kab_kota": "SAMBAS", "kecamatan": "Teluk Keramat", "desa": "Lela", "tanggal": "2026-08-21", "timestamp": "2026-08-21T13:31:00+07:00", "satelit": "NASA-NOAA20", "confidence": "Medium"}}, {"type": "Feature", "geometry": {"type": "Point", "coordinates": [109.1432, 1.42343]}, "properties": {"kab_kota": "SAMBAS", "kecamatan": "Teluk Keramat", "desa": "Lela", "tanggal": "2026-08-21", "timestamp": "2026-08-21T13:31:00+07:00", "satelit": "NASA-NOAA20", "confidence": "Medium"}}, {"type": "Feature", "geometry": {"type": "Point", "coordinates": [109.14822, 1.42418]}, "properties": {"kab_kota": "SAMBAS", "kecamatan": "Teluk Keramat", "desa": "Lela", "tanggal": "2026-08-21", "timestamp": "2026-08-21T13:31:00+07:00", "satelit": "NASA-NOAA20", "confidence": "Medium"}}, {"type": "Feature", "geometry": {"type": "Point", "coordinates": [109.14262, 1.42736]}, "properties": {"kab_kota": "SAMBAS", "kecamatan": "Teluk Keramat", "desa": "Lela", "tanggal": "2026-08-21", "timestamp": "2026-08-21T13:31:00+07:00", "satelit": "NASA-NOAA20", "confidence": "Medium"}}, {"type": "Feature", "geometry": {"type": "Point", "coordinates": [109.14763, 1.42811]}, "properties": {"kab_kota": "SAMBAS", "kecamatan": "Teluk Keramat", "desa": "Lela", "tanggal": "2026-08-21", "timestamp": "2026-08-21T13:31:00+07:00", "satelit": "NASA-NOAA20", "confidence": "Medium"}}, {"type": "Feature", "geometry": {"type": "Point", "coordinates": [109.14204, 1.4313]}, "properties": {"kab_kota": "SAMBAS", "kecamatan": "Teluk Keramat", "desa": "Lela", "tanggal": "2026-08-21", "timestamp": "2026-08-21T13:31:00+07:00", "satelit": "NASA-NOAA20", "confidence": "Medium"}}, {"type": "Feature", "geometry": {"type": "Point", "coordinates": [109.14704, 1.43205]}, "properties": {"kab_kota": "SAMBAS", "kecamatan": "Teluk Keramat", "desa": "Lela", "tanggal": "2026-08-21", "timestamp": "2026-08-21T13:31:00+07:00", "satelit": "NASA-NOAA20", "confidence": "Medium"}}, {"type": "Feature", "geometry": {"type": "Point", "coordinates": [109.15707, 1.43356]}, "properties": {"kab_kota": "SAMBAS", "kecamatan": "Teluk Keramat", "desa": "Lela", "tanggal": "2026-08-21", "timestamp": "2026-08-21T13:31:00+07:00", "satelit": "NASA-NOAA20", "confidence": "Medium"}}, {"type": "Feature", "geometry": {"type": "Point", "coordinates": [109.14243, 1.42875]}, "properties": {"kab_kota": "SAMBAS", "kecamatan": "Teluk Keramat", "desa": "Lela", "tanggal": "2026-08-22", "timestamp": "2026-08-22T13:12:00+07:00", "satelit": "NASA-NOAA20", "confidence": "Medium"}}, {"type": "Feature", "geometry": {"type": "Point", "coordinates": [109.14056, 1.43268]}, "properties": {"kab_kota": "SAMBAS", "kecamatan": "Teluk Keramat", "desa": "Lela", "tanggal": "2026-08-24", "timestamp": "2026-08-24T12:33:00+07:00", "satelit": "NASA-NOAA20", "confidence": "Medium"}}, {"type": "Feature", "geometry": {"type": "Point", "coordinates": [109.14119, 1.43276]}, "properties": {"kab_kota": "SAMBAS", "kecamatan": "Teluk Keramat", "desa": "Lela", "tanggal": "2026-08-24", "timestamp": "2026-08-24T12:33:00+07:00", "satelit": "NASA-NOAA20", "confidence": "Medium"}}, {"type": "Feature", "geometry": {"type": "Point", "coordinates": [109.14779, 1.43382]}, "properties": {"kab_kota": "SAMBAS", "kecamatan": "Teluk Keramat", "desa": "Lela", "tanggal": "2026-08-24", "timestamp": "2026-08-24T12:33:00+07:00", "satelit": "NASA-NOAA20", "confidence": "Medium"}}, {"type": "Feature", "geometry": {"type": "Point", "coordinates": [109.14841, 1.43395]}, "properties": {"kab_kota": "SAMBAS", "kecamatan": "Teluk Keramat", "desa": "Lela", "tanggal": "2026-08-24", "timestamp": "2026-08-24T12:33:00+07:00", "satelit": "NASA-NOAA20", "confidence": "Medium"}}, {"type": "Feature", "geometry": {"type": "Point", "coordinates": [109.17368, 1.40805]}, "properties": {"kab_kota": "SAMBAS", "kecamatan": "Teluk Keramat", "desa": "Lela", "tanggal": "2026-08-25", "timestamp": "2026-08-25T01:13:00+07:00", "satelit": "NASA-NOAA20", "confidence": "Medium"}}, {"type": "Feature", "geometry": {"type": "Point", "coordinates": [109.14574, 1.40909]}, "properties": {"kab_kota": "SAMBAS", "kecamatan": "Teluk Keramat", "desa": "Lela", "tanggal": "2026-08-25", "timestamp": "2026-08-25T01:13:00+07:00", "satelit": "NASA-NOAA20", "confidence": "Medium"}}, {"type": "Feature", "geometry": {"type": "Point", "coordinates": [109.14248, 1.43329]}, "properties": {"kab_kota": "SAMBAS", "kecamatan": "Teluk Keramat", "desa": "Lela", "tanggal": "2026-08-25", "timestamp": "2026-08-25T01:13:00+07:00", "satelit": "NASA-NOAA20", "confidence": "Medium"}}, {"type": "Feature", "geometry": {"type": "Point", "coordinates": [109.13905, 1.43383]}, "properties": {"kab_kota": "SAMBAS", "kecamatan": "Teluk Keramat", "desa": "Lela", "tanggal": "2026-08-25", "timestamp": "2026-08-25T01:13:00+07:00", "satelit": "NASA-NOAA20", "confidence": "Medium"}}, {"type": "Feature", "geometry": {"type": "Point", "coordinates": [109.143, 1.43659]}, "properties": {"kab_kota": "SAMBAS", "kecamatan": "Teluk Keramat", "desa": "Lela", "tanggal": "2026-08-25", "timestamp": "2026-08-25T01:13:00+07:00", "satelit": "NASA-NOAA20", "confidence": "Medium"}}, {"type": "Feature", "geometry": {"type": "Point", "coordinates": [109.14352, 1.43989]}, "properties": {"kab_kota": "SAMBAS", "kecamatan": "Teluk Keramat", "desa": "Lela", "tanggal": "2026-08-25", "timestamp": "2026-08-25T01:13:00+07:00", "satelit": "NASA-NOAA20", "confidence": "Medium"}}, {"type": "Feature", "geometry": {"type": "Point", "coordinates": [109.14039, 1.42238]}, "properties": {"kab_kota": "SAMBAS", "kecamatan": "Teluk Keramat", "desa": "Lela", "tanggal": "2026-08-26", "timestamp": "2026-08-26T13:37:00+07:00", "satelit": "NASA-NOAA20", "confidence": "Medium"}}, {"type": "Feature", "geometry": {"type": "Point", "coordinates": [109.14462, 1.42304]}, "properties": {"kab_kota": "SAMBAS", "kecamatan": "Teluk Keramat", "desa": "Lela", "tanggal": "2026-08-26", "timestamp": "2026-08-26T13:37:00+07:00", "satelit": "NASA-NOAA20", "confidence": "Medium"}}, {"type": "Feature", "geometry": {"type": "Point", "coordinates": [109.14124, 1.42328]}, "properties": {"kab_kota": "SAMBAS", "kecamatan": "Teluk Keramat", "desa": "Lela", "tanggal": "2026-08-26", "timestamp": "2026-08-26T13:37:00+07:00", "satelit": "NASA-NOAA20", "confidence": "Medium"}}, {"type": "Feature", "geometry": {"type": "Point", "coordinates": [109.14547, 1.42391]}, "properties": {"kab_kota": "SAMBAS", "kecamatan": "Teluk Keramat", "desa": "Lela", "tanggal": "2026-08-26", "timestamp": "2026-08-26T13:37:00+07:00", "satelit": "NASA-NOAA20", "confidence": "Medium"}}, {"type": "Feature", "geometry": {"type": "Point", "coordinates": [109.14419, 1.43267]}, "properties": {"kab_kota": "SAMBAS", "kecamatan": "Teluk Keramat", "desa": "Lela", "tanggal": "2026-08-26", "timestamp": "2026-08-26T13:37:00+07:00", "satelit": "NASA-NOAA20", "confidence": "Medium"}}, {"type": "Feature", "geometry": {"type": "Point", "coordinates": [109.14133, 1.40694]}, "properties": {"kab_kota": "SAMBAS", "kecamatan": "Teluk Keramat", "desa": "Lela", "tanggal": "2026-08-27", "timestamp": "2026-08-27T13:18:00+07:00", "satelit": "NASA-NOAA20", "confidence": "Medium"}}, {"type": "Feature", "geometry": {"type": "Point", "coordinates": [109.1485, 1.40804]}, "properties": {"kab_kota": "SAMBAS", "kecamatan": "Teluk Keramat", "desa": "Lela", "tanggal": "2026-08-27", "timestamp": "2026-08-27T13:18:00+07:00", "satelit": "NASA-NOAA20", "confidence": "Medium"}}, {"type": "Feature", "geometry": {"type": "Point", "coordinates": [109.14083, 1.41031]}, "properties": {"kab_kota": "SAMBAS", "kecamatan": "Teluk Keramat", "desa": "Lela", "tanggal": "2026-08-27", "timestamp": "2026-08-27T13:18:00+07:00", "satelit": "NASA-NOAA20", "confidence": "Medium"}}, {"type": "Feature", "geometry": {"type": "Point", "coordinates": [109.13982, 1.41706]}, "properties": {"kab_kota": "SAMBAS", "kecamatan": "Teluk Keramat", "desa": "Lela", "tanggal": "2026-08-27", "timestamp": "2026-08-27T13:18:00+07:00", "satelit": "NASA-NOAA20", "confidence": "Medium"}}, {"type": "Feature", "geometry": {"type": "Point", "coordinates": [109.13932, 1.42043]}, "properties": {"kab_kota": "SAMBAS", "kecamatan": "Teluk Keramat", "desa": "Lela", "tanggal": "2026-08-27", "timestamp": "2026-08-27T13:18:00+07:00", "satelit": "NASA-NOAA20", "confidence": "Medium"}}, {"type": "Feature", "geometry": {"type": "Point", "coordinates": [109.1429, 1.42097]}, "properties": {"kab_kota": "SAMBAS", "kecamatan": "Teluk Keramat", "desa": "Lela", "tanggal": "2026-08-27", "timestamp": "2026-08-27T13:18:00+07:00", "satelit": "NASA-NOAA20", "confidence": "Medium"}}, {"type": "Feature", "geometry": {"type": "Point", "coordinates": [109.1424, 1.42435]}, "properties": {"kab_kota": "SAMBAS", "kecamatan": "Teluk Keramat", "desa": "Lela", "tanggal": "2026-08-27", "timestamp": "2026-08-27T13:18:00+07:00", "satelit": "NASA-NOAA20", "confidence": "Medium"}}, {"type": "Feature", "geometry": {"type": "Point", "coordinates": [109.13831, 1.42717]}, "properties": {"kab_kota": "SAMBAS", "kecamatan": "Teluk Keramat", "desa": "Lela", "tanggal": "2026-08-27", "timestamp": "2026-08-27T13:18:00+07:00", "satelit": "NASA-NOAA20", "confidence": "Medium"}}, {"type": "Feature", "geometry": {"type": "Point", "coordinates": [109.14189, 1.42772]}, "properties": {"kab_kota": "SAMBAS", "kecamatan": "Teluk Keramat", "desa": "Lela", "tanggal": "2026-08-27", "timestamp": "2026-08-27T13:18:00+07:00", "satelit": "NASA-NOAA20", "confidence": "Medium"}}, {"type": "Feature", "geometry": {"type": "Point", "coordinates": [109.14446, 1.43501]}, "properties": {"kab_kota": "SAMBAS", "kecamatan": "Teluk Keramat", "desa": "Lela", "tanggal": "2026-08-27", "timestamp": "2026-08-27T13:18:00+07:00", "satelit": "NASA-NOAA20", "confidence": "Medium"}}, {"type": "Feature", "geometry": {"type": "Point", "coordinates": [109.14397, 1.43838]}, "properties": {"kab_kota": "SAMBAS", "kecamatan": "Teluk Keramat", "desa": "Lela", "tanggal": "2026-08-27", "timestamp": "2026-08-27T13:18:00+07:00", "satelit": "NASA-NOAA20", "confidence": "Medium"}}, {"type": "Feature", "geometry": {"type": "Point", "coordinates": [109.1466, 1.40634]}, "properties": {"kab_kota": "SAMBAS", "kecamatan": "Teluk Keramat", "desa": "Lela", "tanggal": "2026-08-29", "timestamp": "2026-08-29T12:40:00+07:00", "satelit": "NASA-NOAA20", "confidence": "Medium"}}, {"type": "Feature", "geometry": {"type": "Point", "coordinates": [109.15219, 1.40724]}, "properties": {"kab_kota": "SAMBAS", "kecamatan": "Teluk Keramat", "desa": "Lela", "tanggal": "2026-08-29", "timestamp": "2026-08-29T12:40:00+07:00", "satelit": "NASA-NOAA20", "confidence": "Medium"}}, {"type": "Feature", "geometry": {"type": "Point", "coordinates": [109.14504, 1.41625]}, "properties": {"kab_kota": "SAMBAS", "kecamatan": "Teluk Keramat", "desa": "Lela", "tanggal": "2026-08-29", "timestamp": "2026-08-29T12:40:00+07:00", "satelit": "NASA-NOAA20", "confidence": "Medium"}}, {"type": "Feature", "geometry": {"type": "Point", "coordinates": [109.14103, 1.40707]}, "properties": {"kab_kota": "SAMBAS", "kecamatan": "Teluk Keramat", "desa": "Lela", "tanggal": "2026-08-30", "timestamp": "2026-08-30T01:19:00+07:00", "satelit": "NASA-NOAA20", "confidence": "Medium"}}, {"type": "Feature", "geometry": {"type": "Point", "coordinates": [109.1524, 1.40873]}, "properties": {"kab_kota": "SAMBAS", "kecamatan": "Teluk Keramat", "desa": "Lela", "tanggal": "2026-08-30", "timestamp": "2026-08-30T01:19:00+07:00", "satelit": "NASA-NOAA20", "confidence": "Medium"}}, {"type": "Feature", "geometry": {"type": "Point", "coordinates": [109.14879, 1.40931]}, "properties": {"kab_kota": "SAMBAS", "kecamatan": "Teluk Keramat", "desa": "Lela", "tanggal": "2026-08-30", "timestamp": "2026-08-30T01:19:00+07:00", "satelit": "NASA-NOAA20", "confidence": "Medium"}}, {"type": "Feature", "geometry": {"type": "Point", "coordinates": [109.1788, 1.41149]}, "properties": {"kab_kota": "SAMBAS", "kecamatan": "Teluk Keramat", "desa": "Lela", "tanggal": "2026-08-30", "timestamp": "2026-08-30T01:19:00+07:00", "satelit": "NASA-NOAA20", "confidence": "Medium"}}, {"type": "Feature", "geometry": {"type": "Point", "coordinates": [109.15293, 1.41212]}, "properties": {"kab_kota": "SAMBAS", "kecamatan": "Teluk Keramat", "desa": "Lela", "tanggal": "2026-08-30", "timestamp": "2026-08-30T01:19:00+07:00", "satelit": "NASA-NOAA20", "confidence": "Medium"}}, {"type": "Feature", "geometry": {"type": "Point", "coordinates": [109.14932, 1.41269]}, "properties": {"kab_kota": "SAMBAS", "kecamatan": "Teluk Keramat", "desa": "Lela", "tanggal": "2026-08-30", "timestamp": "2026-08-30T01:19:00+07:00", "satelit": "NASA-NOAA20", "confidence": "Medium"}}, {"type": "Feature", "geometry": {"type": "Point", "coordinates": [109.14985, 1.41607]}, "properties": {"kab_kota": "SAMBAS", "kecamatan": "Teluk Keramat", "desa": "Lela", "tanggal": "2026-08-30", "timestamp": "2026-08-30T01:19:00+07:00", "satelit": "NASA-NOAA20", "confidence": "Medium"}}, {"type": "Feature", "geometry": {"type": "Point", "coordinates": [109.14624, 1.41665]}, "properties": {"kab_kota": "SAMBAS", "kecamatan": "Teluk Keramat", "desa": "Lela", "tanggal": "2026-08-30", "timestamp": "2026-08-30T01:19:00+07:00", "satelit": "NASA-NOAA20", "confidence": "Medium"}}, {"type": "Feature", "geometry": {"type": "Point", "coordinates": [109.14262, 1.41722]}, "properties": {"kab_kota": "SAMBAS", "kecamatan": "Teluk Keramat", "desa": "Lela", "tanggal": "2026-08-30", "timestamp": "2026-08-30T01:19:00+07:00", "satelit": "NASA-NOAA20", "confidence": "Medium"}}, {"type": "Feature", "geometry": {"type": "Point", "coordinates": [109.1511, 1.41273]}, "properties": {"kab_kota": "SAMBAS", "kecamatan": "Teluk Keramat", "desa": "Lela", "tanggal": "2026-08-30", "timestamp": "2026-08-30T12:23:00+07:00", "satelit": "NASA-NOAA20", "confidence": "Medium"}}, {"type": "Feature", "geometry": {"type": "Point", "coordinates": [109.15707, 1.41371]}, "properties": {"kab_kota": "SAMBAS", "kecamatan": "Teluk Keramat", "desa": "Lela", "tanggal": "2026-08-30", "timestamp": "2026-08-30T12:23:00+07:00", "satelit": "NASA-NOAA20", "confidence": "Medium"}}, {"type": "Feature", "geometry": {"type": "Point", "coordinates": [109.144, 1.41848]}, "properties": {"kab_kota": "SAMBAS", "kecamatan": "Teluk Keramat", "desa": "Lela", "tanggal": "2026-08-30", "timestamp": "2026-08-30T12:23:00+07:00", "satelit": "NASA-NOAA20", "confidence": "Medium"}}, {"type": "Feature", "geometry": {"type": "Point", "coordinates": [109.15899, 1.40809]}, "properties": {"kab_kota": "SAMBAS", "kecamatan": "Teluk Keramat", "desa": "Lela", "tanggal": "2026-08-30", "timestamp": "2026-08-30T14:01:00+07:00", "satelit": "NASA-NOAA20", "confidence": "Medium"}}, {"type": "Feature", "geometry": {"type": "Point", "coordinates": [109.14156, 1.41633]}, "properties": {"kab_kota": "SAMBAS", "kecamatan": "Teluk Keramat", "desa": "Lela", "tanggal": "2026-08-30", "timestamp": "2026-08-30T14:01:00+07:00", "satelit": "NASA-NOAA20", "confidence": "Medium"}}, {"type": "Feature", "geometry": {"type": "Point", "coordinates": [109.14094, 1.40702]}, "properties": {"kab_kota": "SAMBAS", "kecamatan": "Teluk Keramat", "desa": "Lela", "tanggal": "2026-08-31", "timestamp": "2026-08-31T01:02:00+07:00", "satelit": "NASA-NOAA20", "confidence": "Medium"}}, {"type": "Feature", "geometry": {"type": "Point", "coordinates": [109.15393, 1.40867]}, "properties": {"kab_kota": "SAMBAS", "kecamatan": "Teluk Keramat", "desa": "Lela", "tanggal": "2026-08-31", "timestamp": "2026-08-31T01:02:00+07:00", "satelit": "NASA-NOAA20", "confidence": "Medium"}}, {"type": "Feature", "geometry": {"type": "Point", "coordinates": [109.14979, 1.40932]}, "properties": {"kab_kota": "SAMBAS", "kecamatan": "Teluk Keramat", "desa": "Lela", "tanggal": "2026-08-31", "timestamp": "2026-08-31T01:02:00+07:00", "satelit": "NASA-NOAA20", "confidence": "Medium"}}, {"type": "Feature", "geometry": {"type": "Point", "coordinates": [109.15035, 1.41293]}, "properties": {"kab_kota": "SAMBAS", "kecamatan": "Teluk Keramat", "desa": "Lela", "tanggal": "2026-08-31", "timestamp": "2026-08-31T01:02:00+07:00", "satelit": "NASA-NOAA20", "confidence": "Medium"}}, {"type": "Feature", "geometry": {"type": "Point", "coordinates": [109.14262, 1.41785]}, "properties": {"kab_kota": "SAMBAS", "kecamatan": "Teluk Keramat", "desa": "Lela", "tanggal": "2026-08-31", "timestamp": "2026-08-31T01:02:00+07:00", "satelit": "NASA-NOAA20", "confidence": "Medium"}}, {"type": "Feature", "geometry": {"type": "Point", "coordinates": [109.1405, 1.40721]}, "properties": {"kab_kota": "SAMBAS", "kecamatan": "Teluk Keramat", "desa": "Lela", "tanggal": "2026-08-31", "timestamp": "2026-08-31T13:44:00+07:00", "satelit": "NASA-NOAA20", "confidence": "Medium"}}, {"type": "Feature", "geometry": {"type": "Point", "coordinates": [109.15134, 1.40886]}, "properties": {"kab_kota": "SAMBAS", "kecamatan": "Teluk Keramat", "desa": "Lela", "tanggal": "2026-08-31", "timestamp": "2026-08-31T13:44:00+07:00", "satelit": "NASA-NOAA20", "confidence": "Medium"}}, {"type": "Feature", "geometry": {"type": "Point", "coordinates": [109.15064, 1.41375]}, "properties": {"kab_kota": "SAMBAS", "kecamatan": "Teluk Keramat", "desa": "Lela", "tanggal": "2026-08-31", "timestamp": "2026-08-31T13:44:00+07:00", "satelit": "NASA-NOAA20", "confidence": "Medium"}}, {"type": "Feature", "geometry": {"type": "Point", "coordinates": [109.13908, 1.41698]}, "properties": {"kab_kota": "SAMBAS", "kecamatan": "Teluk Keramat", "desa": "Lela", "tanggal": "2026-08-31", "timestamp": "2026-08-31T13:44:00+07:00", "satelit": "NASA-NOAA20", "confidence": "Medium"}}, {"type": "Feature", "geometry": {"type": "Point", "coordinates": [109.14452, 1.41781]}, "properties": {"kab_kota": "SAMBAS", "kecamatan": "Teluk Keramat", "desa": "Lela", "tanggal": "2026-08-31", "timestamp": "2026-08-31T13:44:00+07:00", "satelit": "NASA-NOAA20", "confidence": "Medium"}}, {"type": "Feature", "geometry": {"type": "Point", "coordinates": [109.13839, 1.42186]}, "properties": {"kab_kota": "SAMBAS", "kecamatan": "Teluk Keramat", "desa": "Lela", "tanggal": "2026-08-31", "timestamp": "2026-08-31T13:44:00+07:00", "satelit": "NASA-NOAA20", "confidence": "Medium"}}, {"type": "Feature", "geometry": {"type": "Point", "coordinates": [109.14336, 1.43525]}, "properties": {"kab_kota": "SAMBAS", "kecamatan": "Teluk Keramat", "desa": "Lela", "tanggal": "2026-08-31", "timestamp": "2026-08-31T13:44:00+07:00", "satelit": "NASA-NOAA20", "confidence": "Medium"}}, {"type": "Feature", "geometry": {"type": "Point", "coordinates": [109.14265, 1.44014]}, "properties": {"kab_kota": "SAMBAS", "kecamatan": "Teluk Keramat", "desa": "Lela", "tanggal": "2026-08-31", "timestamp": "2026-08-31T13:44:00+07:00", "satelit": "NASA-NOAA20", "confidence": "Medium"}}, {"type": "Feature", "geometry": {"type": "Point", "coordinates": [109.25986, 1.61473]}, "properties": {"kab_kota": "SAMBAS", "kecamatan": "Teluk Keramat", "desa": "Samustida", "tanggal": "2026-08-14", "timestamp": "2026-08-14T01:19:00+07:00", "satelit": "NASA-NOAA20", "confidence": "Medium"}}, {"type": "Feature", "geometry": {"type": "Point", "coordinates": [109.25937, 1.61481]}, "properties": {"kab_kota": "SAMBAS", "kecamatan": "Teluk Keramat", "desa": "Samustida", "tanggal": "2026-08-16", "timestamp": "2026-08-16T13:25:00+07:00", "satelit": "NASA-NOAA20", "confidence": "Medium"}}, {"type": "Feature", "geometry": {"type": "Point", "coordinates": [109.26353, 1.61544]}, "properties": {"kab_kota": "SAMBAS", "kecamatan": "Teluk Keramat", "desa": "Samustida", "tanggal": "2026-08-16", "timestamp": "2026-08-16T13:25:00+07:00", "satelit": "NASA-NOAA20", "confidence": "Medium"}}, {"type": "Feature", "geometry": {"type": "Point", "coordinates": [109.26108, 1.61585]}, "properties": {"kab_kota": "SAMBAS", "kecamatan": "Teluk Keramat", "desa": "Samustida", "tanggal": "2026-08-17", "timestamp": "2026-08-17T13:05:00+07:00", "satelit": "NASA-NOAA20", "confidence": "Medium"}}, {"type": "Feature", "geometry": {"type": "Point", "coordinates": [109.26148, 1.61632]}, "properties": {"kab_kota": "SAMBAS", "kecamatan": "Teluk Keramat", "desa": "Samustida", "tanggal": "2026-08-20", "timestamp": "2026-08-20T01:09:00+07:00", "satelit": "NASA-NOAA20", "confidence": "Medium"}}, {"type": "Feature", "geometry": {"type": "Point", "coordinates": [109.26122, 1.61568]}, "properties": {"kab_kota": "SAMBAS", "kecamatan": "Teluk Keramat", "desa": "Samustida", "tanggal": "2026-08-31", "timestamp": "2026-08-31T13:44:00+07:00", "satelit": "NASA-NOAA20", "confidence": "Medium"}}, {"type": "Feature", "geometry": {"type": "Point", "coordinates": [109.1413, 1.4499]}, "properties": {"kab_kota": "SAMBAS", "kecamatan": "Teluk Keramat", "desa": "Sekura", "tanggal": "2026-08-15", "timestamp": "2026-08-15T13:44:00+07:00", "satelit": "NASA-NOAA20", "confidence": "Medium"}}, {"type": "Feature", "geometry": {"type": "Point", "coordinates": [109.1435, 1.45189]}, "properties": {"kab_kota": "SAMBAS", "kecamatan": "Teluk Keramat", "desa": "Sekura", "tanggal": "2026-08-16", "timestamp": "2026-08-16T13:25:00+07:00", "satelit": "NASA-NOAA20", "confidence": "Medium"}}, {"type": "Feature", "geometry": {"type": "Point", "coordinates": [109.15022, 1.44977]}, "properties": {"kab_kota": "SAMBAS", "kecamatan": "Teluk Keramat", "desa": "Sekura", "tanggal": "2026-08-18", "timestamp": "2026-08-18T12:46:00+07:00", "satelit": "NASA-NOAA20", "confidence": "Medium"}}, {"type": "Feature", "geometry": {"type": "Point", "coordinates": [109.15458, 1.45047]}, "properties": {"kab_kota": "SAMBAS", "kecamatan": "Teluk Keramat", "desa": "Sekura", "tanggal": "2026-08-18", "timestamp": "2026-08-18T12:46:00+07:00", "satelit": "NASA-NOAA20", "confidence": "Medium"}}, {"type": "Feature", "geometry": {"type": "Point", "coordinates": [109.14953, 1.45421]}, "properties": {"kab_kota": "SAMBAS", "kecamatan": "Teluk Keramat", "desa": "Sekura", "tanggal": "2026-08-18", "timestamp": "2026-08-18T12:46:00+07:00", "satelit": "NASA-NOAA20", "confidence": "Medium"}}, {"type": "Feature", "geometry": {"type": "Point", "coordinates": [109.14983, 1.45133]}, "properties": {"kab_kota": "SAMBAS", "kecamatan": "Teluk Keramat", "desa": "Sekura", "tanggal": "2026-08-19", "timestamp": "2026-08-19T01:26:00+07:00", "satelit": "NASA-NOAA20", "confidence": "Medium"}}, {"type": "Feature", "geometry": {"type": "Point", "coordinates": [109.15526, 1.45022]}, "properties": {"kab_kota": "SAMBAS", "kecamatan": "Teluk Keramat", "desa": "Sekura", "tanggal": "2026-08-20", "timestamp": "2026-08-20T01:09:00+07:00", "satelit": "NASA-NOAA20", "confidence": "Medium"}}, {"type": "Feature", "geometry": {"type": "Point", "coordinates": [109.15166, 1.45079]}, "properties": {"kab_kota": "SAMBAS", "kecamatan": "Teluk Keramat", "desa": "Sekura", "tanggal": "2026-08-20", "timestamp": "2026-08-20T01:09:00+07:00", "satelit": "NASA-NOAA20", "confidence": "Medium"}}, {"type": "Feature", "geometry": {"type": "Point", "coordinates": [109.15415, 1.45325]}, "properties": {"kab_kota": "SAMBAS", "kecamatan": "Teluk Keramat", "desa": "Sekura", "tanggal": "2026-08-21", "timestamp": "2026-08-21T13:31:00+07:00", "satelit": "NASA-NOAA20", "confidence": "Medium"}}, {"type": "Feature", "geometry": {"type": "Point", "coordinates": [109.14658, 1.34247]}, "properties": {"kab_kota": "SAMBAS", "kecamatan": "Teluk Keramat", "desa": "Sengawang", "tanggal": "2026-08-23", "timestamp": "2026-08-23T12:55:00+07:00", "satelit": "NASA-NOAA20", "confidence": "Medium"}}, {"type": "Feature", "geometry": {"type": "Point", "coordinates": [109.13965, 1.33705]}, "properties": {"kab_kota": "SAMBAS", "kecamatan": "Teluk Keramat", "desa": "Sengawang", "tanggal": "2026-08-30", "timestamp": "2026-08-30T14:01:00+07:00", "satelit": "NASA-NOAA20", "confidence": "Medium"}}, {"type": "Feature", "geometry": {"type": "Point", "coordinates": [109.14239, 1.34024]}, "properties": {"kab_kota": "SAMBAS", "kecamatan": "Teluk Keramat", "desa": "Sengawang", "tanggal": "2026-08-30", "timestamp": "2026-08-30T14:01:00+07:00", "satelit": "NASA-NOAA20", "confidence": "Medium"}}, {"type": "Feature", "geometry": {"type": "Point", "coordinates": [109.14984, 1.38243]}, "properties": {"kab_kota": "SAMBAS", "kecamatan": "Teluk Keramat", "desa": "Sungai Baru", "tanggal": "2026-08-18", "timestamp": "2026-08-18T12:46:00+07:00", "satelit": "NASA-NOAA20", "confidence": "Medium"}}, {"type": "Feature", "geometry": {"type": "Point", "coordinates": [109.14915, 1.38688]}, "properties": {"kab_kota": "SAMBAS", "kecamatan": "Teluk Keramat", "desa": "Sungai Baru", "tanggal": "2026-08-18", "timestamp": "2026-08-18T12:46:00+07:00", "satelit": "NASA-NOAA20", "confidence": "Medium"}}, {"type": "Feature", "geometry": {"type": "Point", "coordinates": [109.15353, 1.38757]}, "properties": {"kab_kota": "SAMBAS", "kecamatan": "Teluk Keramat", "desa": "Sungai Baru", "tanggal": "2026-08-18", "timestamp": "2026-08-18T12:46:00+07:00", "satelit": "NASA-NOAA20", "confidence": "Medium"}}, {"type": "Feature", "geometry": {"type": "Point", "coordinates": [109.1436, 1.38677]}, "properties": {"kab_kota": "SAMBAS", "kecamatan": "Teluk Keramat", "desa": "Sungai Baru", "tanggal": "2026-08-21", "timestamp": "2026-08-21T00:49:00+07:00", "satelit": "NASA-NOAA20", "confidence": "Medium"}}, {"type": "Feature", "geometry": {"type": "Point", "coordinates": [109.14809, 1.37632]}, "properties": {"kab_kota": "SAMBAS", "kecamatan": "Teluk Keramat", "desa": "Sungai Baru", "tanggal": "2026-08-21", "timestamp": "2026-08-21T13:31:00+07:00", "satelit": "NASA-NOAA20", "confidence": "Medium"}}, {"type": "Feature", "geometry": {"type": "Point", "coordinates": [109.14577, 1.39205]}, "properties": {"kab_kota": "SAMBAS", "kecamatan": "Teluk Keramat", "desa": "Sungai Baru", "tanggal": "2026-08-21", "timestamp": "2026-08-21T13:31:00+07:00", "satelit": "NASA-NOAA20", "confidence": "Medium"}}, {"type": "Feature", "geometry": {"type": "Point", "coordinates": [109.1609, 1.37367]}, "properties": {"kab_kota": "SAMBAS", "kecamatan": "Teluk Keramat", "desa": "Sungai Baru", "tanggal": "2026-08-24", "timestamp": "2026-08-24T12:33:00+07:00", "satelit": "NASA-NOAA20", "confidence": "Medium"}}, {"type": "Feature", "geometry": {"type": "Point", "coordinates": [109.16904, 1.37832]}, "properties": {"kab_kota": "SAMBAS", "kecamatan": "Teluk Keramat", "desa": "Sungai Baru", "tanggal": "2026-08-25", "timestamp": "2026-08-25T01:13:00+07:00", "satelit": "NASA-NOAA20", "confidence": "Medium"}}, {"type": "Feature", "geometry": {"type": "Point", "coordinates": [109.14606, 1.38873]}, "properties": {"kab_kota": "SAMBAS", "kecamatan": "Teluk Keramat", "desa": "Sungai Baru", "tanggal": "2026-08-25", "timestamp": "2026-08-25T01:13:00+07:00", "satelit": "NASA-NOAA20", "confidence": "Medium"}}, {"type": "Feature", "geometry": {"type": "Point", "coordinates": [109.14795, 1.38726]}, "properties": {"kab_kota": "SAMBAS", "kecamatan": "Teluk Keramat", "desa": "Sungai Baru", "tanggal": "2026-08-27", "timestamp": "2026-08-27T13:18:00+07:00", "satelit": "NASA-NOAA20", "confidence": "Medium"}}, {"type": "Feature", "geometry": {"type": "Point", "coordinates": [109.17351, 1.37762]}, "properties": {"kab_kota": "SAMBAS", "kecamatan": "Teluk Keramat", "desa": "Sungai Baru", "tanggal": "2026-08-30", "timestamp": "2026-08-30T01:19:00+07:00", "satelit": "NASA-NOAA20", "confidence": "Medium"}}, {"type": "Feature", "geometry": {"type": "Point", "coordinates": [109.16988, 1.37819]}, "properties": {"kab_kota": "SAMBAS", "kecamatan": "Teluk Keramat", "desa": "Sungai Baru", "tanggal": "2026-08-30", "timestamp": "2026-08-30T01:19:00+07:00", "satelit": "NASA-NOAA20", "confidence": "Medium"}}, {"type": "Feature", "geometry": {"type": "Point", "coordinates": [109.16727, 1.3763]}, "properties": {"kab_kota": "SAMBAS", "kecamatan": "Teluk Keramat", "desa": "Sungai Baru", "tanggal": "2026-08-31", "timestamp": "2026-08-31T13:44:00+07:00", "satelit": "NASA-NOAA20", "confidence": "Medium"}}, {"type": "Feature", "geometry": {"type": "Point", "coordinates": [109.17273, 1.37712]}, "properties": {"kab_kota": "SAMBAS", "kecamatan": "Teluk Keramat", "desa": "Sungai Baru", "tanggal": "2026-08-31", "timestamp": "2026-08-31T13:44:00+07:00", "satelit": "NASA-NOAA20", "confidence": "Medium"}}, {"type": "Feature", "geometry": {"type": "Point", "coordinates": [109.14951, 1.38361]}, "properties": {"kab_kota": "SAMBAS", "kecamatan": "Teluk Keramat", "desa": "Sungai Baru", "tanggal": "2026-08-31", "timestamp": "2026-08-31T13:44:00+07:00", "satelit": "NASA-NOAA20", "confidence": "Medium"}}, {"type": "Feature", "geometry": {"type": "Point", "coordinates": [109.14653, 1.44462]}, "properties": {"kab_kota": "SAMBAS", "kecamatan": "Teluk Keramat", "desa": "Sungai Kumpai", "tanggal": "2026-08-18", "timestamp": "2026-08-18T12:46:00+07:00", "satelit": "NASA-NOAA20", "confidence": "Medium"}}, {"type": "Feature", "geometry": {"type": "Point", "coordinates": [109.15089, 1.44532]}, "properties": {"kab_kota": "SAMBAS", "kecamatan": "Teluk Keramat", "desa": "Sungai Kumpai", "tanggal": "2026-08-18", "timestamp": "2026-08-18T12:46:00+07:00", "satelit": "NASA-NOAA20", "confidence": "Medium"}}, {"type": "Feature", "geometry": {"type": "Point", "coordinates": [109.16425, 1.44462]}, "properties": {"kab_kota": "SAMBAS", "kecamatan": "Teluk Keramat", "desa": "Sungai Kumpai", "tanggal": "2026-08-23", "timestamp": "2026-08-23T01:51:00+07:00", "satelit": "NASA-NOAA20", "confidence": "Medium"}}, {"type": "Feature", "geometry": {"type": "Point", "coordinates": [109.16408, 1.44504]}, "properties": {"kab_kota": "SAMBAS", "kecamatan": "Teluk Keramat", "desa": "Sungai Kumpai", "tanggal": "2026-08-23", "timestamp": "2026-08-23T01:51:00+07:00", "satelit": "NASA-NOAA20", "confidence": "Medium"}}, {"type": "Feature", "geometry": {"type": "Point", "coordinates": [109.14404, 1.4432]}, "properties": {"kab_kota": "SAMBAS", "kecamatan": "Teluk Keramat", "desa": "Sungai Kumpai", "tanggal": "2026-08-25", "timestamp": "2026-08-25T01:13:00+07:00", "satelit": "NASA-NOAA20", "confidence": "Medium"}}, {"type": "Feature", "geometry": {"type": "Point", "coordinates": [109.1406, 1.44374]}, "properties": {"kab_kota": "SAMBAS", "kecamatan": "Teluk Keramat", "desa": "Sungai Kumpai", "tanggal": "2026-08-25", "timestamp": "2026-08-25T01:13:00+07:00", "satelit": "NASA-NOAA20", "confidence": "Medium"}}, {"type": "Feature", "geometry": {"type": "Point", "coordinates": [109.13639, 1.44591]}, "properties": {"kab_kota": "SAMBAS", "kecamatan": "Teluk Keramat", "desa": "Sungai Kumpai", "tanggal": "2026-08-31", "timestamp": "2026-08-31T01:02:00+07:00", "satelit": "NASA-NOAA20", "confidence": "Medium"}}, {"type": "Feature", "geometry": {"type": "Point", "coordinates": [109.14808, 1.44094]}, "properties": {"kab_kota": "SAMBAS", "kecamatan": "Teluk Keramat", "desa": "Sungai Kumpai", "tanggal": "2026-08-31", "timestamp": "2026-08-31T13:44:00+07:00", "satelit": "NASA-NOAA20", "confidence": "Medium"}}, {"type": "Feature", "geometry": {"type": "Point", "coordinates": [109.141, 1.44224]}, "properties": {"kab_kota": "SAMBAS", "kecamatan": "Teluk Keramat", "desa": "Sungai Kumpai", "tanggal": "2026-08-31", "timestamp": "2026-08-31T13:44:00+07:00", "satelit": "NASA-NOAA20", "confidence": "Medium"}}, {"type": "Feature", "geometry": {"type": "Point", "coordinates": [109.14642, 1.44309]}, "properties": {"kab_kota": "SAMBAS", "kecamatan": "Teluk Keramat", "desa": "Sungai Kumpai", "tanggal": "2026-08-31", "timestamp": "2026-08-31T13:44:00+07:00", "satelit": "NASA-NOAA20", "confidence": "Medium"}}, {"type": "Feature", "geometry": {"type": "Point", "coordinates": [109.13788, 1.33533]}, "properties": {"kab_kota": "SAMBAS", "kecamatan": "Teluk Keramat", "desa": "Teluk Kaseh", "tanggal": "2026-08-25", "timestamp": "2026-08-25T01:13:00+07:00", "satelit": "NASA-NOAA20", "confidence": "Medium"}}, {"type": "Feature", "geometry": {"type": "Point", "coordinates": [109.13844, 1.33702]}, "properties": {"kab_kota": "SAMBAS", "kecamatan": "Teluk Keramat", "desa": "Teluk Kaseh", "tanggal": "2026-08-30", "timestamp": "2026-08-30T01:19:00+07:00", "satelit": "NASA-NOAA20", "confidence": "Medium"}}, {"type": "Feature", "geometry": {"type": "Point", "coordinates": [109.13454, 1.33263]}, "properties": {"kab_kota": "SAMBAS", "kecamatan": "Teluk Keramat", "desa": "Teluk Kaseh", "tanggal": "2026-08-31", "timestamp": "2026-08-31T01:02:00+07:00", "satelit": "NASA-NOAA20", "confidence": "Medium"}}, {"type": "Feature", "geometry": {"type": "Point", "coordinates": [109.13376, 1.33423]}, "properties": {"kab_kota": "SAMBAS", "kecamatan": "Teluk Keramat", "desa": "Teluk Kaseh", "tanggal": "2026-08-31", "timestamp": "2026-08-31T01:02:00+07:00", "satelit": "NASA-NOAA20", "confidence": "Medium"}}, {"type": "Feature", "geometry": {"type": "Point", "coordinates": [109.13758, 1.32889]}, "properties": {"kab_kota": "SAMBAS", "kecamatan": "Teluk Keramat", "desa": "Teluk Kaseh", "tanggal": "2026-08-31", "timestamp": "2026-08-31T13:44:00+07:00", "satelit": "NASA-NOAA20", "confidence": "Medium"}}, {"type": "Feature", "geometry": {"type": "Point", "coordinates": [109.14052, 1.33238]}, "properties": {"kab_kota": "SAMBAS", "kecamatan": "Teluk Keramat", "desa": "Teluk Kaseh", "tanggal": "2026-08-31", "timestamp": "2026-08-31T13:44:00+07:00", "satelit": "NASA-NOAA20", "confidence": "Medium"}}, {"type": "Feature", "geometry": {"type": "Point", "coordinates": [109.13687, 1.33376]}, "properties": {"kab_kota": "SAMBAS", "kecamatan": "Teluk Keramat", "desa": "Teluk Kaseh", "tanggal": "2026-08-31", "timestamp": "2026-08-31T13:44:00+07:00", "satelit": "NASA-NOAA20", "confidence": "Medium"}}, {"type": "Feature", "geometry": {"type": "Point", "coordinates": [109.13457, 1.34514]}, "properties": {"kab_kota": "SAMBAS", "kecamatan": "Jawai", "desa": "Parit Setia", "tanggal": "2026-08-18", "timestamp": "2026-08-18T12:27:00+07:00", "satelit": "NASA-SNPP", "confidence": "High"}}, {"type": "Feature", "geometry": {"type": "Point", "coordinates": [109.20197, 1.16552]}, "properties": {"kab_kota": "SAMBAS", "kecamatan": "Tebas", "desa": "Seberkat", "tanggal": "2026-08-29", "timestamp": "2026-08-29T14:01:00+07:00", "satelit": "NASA-SNPP", "confidence": "High"}}, {"type": "Feature", "geometry": {"type": "Point", "coordinates": [109.17417, 1.38111]}, "properties": {"kab_kota": "SAMBAS", "kecamatan": "Teluk Keramat", "desa": "Berlimang", "tanggal": "2026-08-27", "timestamp": "2026-08-27T12:59:00+07:00", "satelit": "NASA-SNPP", "confidence": "High"}}, {"type": "Feature", "geometry": {"type": "Point", "coordinates": [109.15333, 1.40772]}, "properties": {"kab_kota": "SAMBAS", "kecamatan": "Teluk Keramat", "desa": "Lela", "tanggal": "2026-08-29", "timestamp": "2026-08-29T14:01:00+07:00", "satelit": "NASA-SNPP", "confidence": "High"}}, {"type": "Feature", "geometry": {"type": "Point", "coordinates": [109.14802, 1.41307]}, "properties": {"kab_kota": "SAMBAS", "kecamatan": "Teluk Keramat", "desa": "Lela", "tanggal": "2026-08-29", "timestamp": "2026-08-29T14:01:00+07:00", "satelit": "NASA-SNPP", "confidence": "High"}}, {"type": "Feature", "geometry": {"type": "Point", "coordinates": [109.15245, 1.41376]}, "properties": {"kab_kota": "SAMBAS", "kecamatan": "Teluk Keramat", "desa": "Lela", "tanggal": "2026-08-29", "timestamp": "2026-08-29T14:01:00+07:00", "satelit": "NASA-SNPP", "confidence": "High"}}, {"type": "Feature", "geometry": {"type": "Point", "coordinates": [109.14554, 1.43901]}, "properties": {"kab_kota": "SAMBAS", "kecamatan": "Teluk Keramat", "desa": "Lela", "tanggal": "2026-08-31", "timestamp": "2026-08-31T13:22:00+07:00", "satelit": "NASA-SNPP", "confidence": "High"}}, {"type": "Feature", "geometry": {"type": "Point", "coordinates": [109.15032, 1.4548]}, "properties": {"kab_kota": "SAMBAS", "kecamatan": "Teluk Keramat", "desa": "Sekura", "tanggal": "2026-08-18", "timestamp": "2026-08-18T12:27:00+07:00", "satelit": "NASA-SNPP", "confidence": "High"}}, {"type": "Feature", "geometry": {"type": "Point", "coordinates": [109.12079, 1.34287]}, "properties": {"kab_kota": "SAMBAS", "kecamatan": "Jawai", "desa": "Bakau", "tanggal": "2026-08-21", "timestamp": "2026-08-21T13:12:00+07:00", "satelit": "NASA-SNPP", "confidence": "Low"}}, {"type": "Feature", "geometry": {"type": "Point", "coordinates": [109.12171, 1.33436]}, "properties": {"kab_kota": "SAMBAS", "kecamatan": "Jawai", "desa": "Bakau", "tanggal": "2026-08-31", "timestamp": "2026-08-31T13:22:00+07:00", "satelit": "NASA-SNPP", "confidence": "Low"}}, {"type": "Feature", "geometry": {"type": "Point", "coordinates": [109.12528, 1.33491]}, "properties": {"kab_kota": "SAMBAS", "kecamatan": "Jawai", "desa": "Bakau", "tanggal": "2026-08-31", "timestamp": "2026-08-31T13:22:00+07:00", "satelit": "NASA-SNPP", "confidence": "Low"}}, {"type": "Feature", "geometry": {"type": "Point", "coordinates": [109.13446, 1.34668]}, "properties": {"kab_kota": "SAMBAS", "kecamatan": "Jawai", "desa": "Parit Setia", "tanggal": "2026-08-31", "timestamp": "2026-08-31T13:22:00+07:00", "satelit": "NASA-SNPP", "confidence": "Low"}}, {"type": "Feature", "geometry": {"type": "Point", "coordinates": [109.4668, 1.624]}, "properties": {"kab_kota": "SAMBAS", "kecamatan": "Sajingan Besar", "desa": "Santaban", "tanggal": "2026-08-20", "timestamp": "2026-08-20T13:29:00+07:00", "satelit": "NASA-SNPP", "confidence": "Low"}}, {"type": "Feature", "geometry": {"type": "Point", "coordinates": [109.47165, 1.62659]}, "properties": {"kab_kota": "SAMBAS", "kecamatan": "Sajingan Besar", "desa": "Santaban", "tanggal": "2026-08-21", "timestamp": "2026-08-21T13:12:00+07:00", "satelit": "NASA-SNPP", "confidence": "Low"}}, {"type": "Feature", "geometry": {"type": "Point", "coordinates": [109.47473, 1.63053]}, "properties": {"kab_kota": "SAMBAS", "kecamatan": "Sajingan Besar", "desa": "Santaban", "tanggal": "2026-08-21", "timestamp": "2026-08-21T13:12:00+07:00", "satelit": "NASA-SNPP", "confidence": "Low"}}, {"type": "Feature", "geometry": {"type": "Point", "coordinates": [109.19356, 1.16582]}, "properties": {"kab_kota": "SAMBAS", "kecamatan": "Tebas", "desa": "Batu Makjage", "tanggal": "2026-08-21", "timestamp": "2026-08-21T13:12:00+07:00", "satelit": "NASA-SNPP", "confidence": "Low"}}, {"type": "Feature", "geometry": {"type": "Point", "coordinates": [109.12109, 1.08001]}, "properties": {"kab_kota": "SAMBAS", "kecamatan": "Tebas", "desa": "Maribas", "tanggal": "2026-08-31", "timestamp": "2026-08-31T13:22:00+07:00", "satelit": "NASA-SNPP", "confidence": "Low"}}, {"type": "Feature", "geometry": {"type": "Point", "coordinates": [109.12312, 1.09067]}, "properties": {"kab_kota": "SAMBAS", "kecamatan": "Tebas", "desa": "Maribas", "tanggal": "2026-08-31", "timestamp": "2026-08-31T13:22:00+07:00", "satelit": "NASA-SNPP", "confidence": "Low"}}, {"type": "Feature", "geometry": {"type": "Point", "coordinates": [109.12987, 1.3287]}, "properties": {"kab_kota": "SAMBAS", "kecamatan": "Tekarang", "desa": "Merubung", "tanggal": "2026-08-31", "timestamp": "2026-08-31T13:22:00+07:00", "satelit": "NASA-SNPP", "confidence": "Low"}}, {"type": "Feature", "geometry": {"type": "Point", "coordinates": [109.15065, 1.39223]}, "properties": {"kab_kota": "SAMBAS", "kecamatan": "Teluk Keramat", "desa": "Berlimang", "tanggal": "2026-08-21", "timestamp": "2026-08-21T13:12:00+07:00", "satelit": "NASA-SNPP", "confidence": "Low"}}, {"type": "Feature", "geometry": {"type": "Point", "coordinates": [109.14645, 1.39508]}, "properties": {"kab_kota": "SAMBAS", "kecamatan": "Teluk Keramat", "desa": "Berlimang", "tanggal": "2026-08-21", "timestamp": "2026-08-21T13:12:00+07:00", "satelit": "NASA-SNPP", "confidence": "Low"}}, {"type": "Feature", "geometry": {"type": "Point", "coordinates": [109.15488, 1.41391]}, "properties": {"kab_kota": "SAMBAS", "kecamatan": "Teluk Keramat", "desa": "Lela", "tanggal": "2026-08-21", "timestamp": "2026-08-21T13:12:00+07:00", "satelit": "NASA-SNPP", "confidence": "Low"}}, {"type": "Feature", "geometry": {"type": "Point", "coordinates": [109.15437, 1.41733]}, "properties": {"kab_kota": "SAMBAS", "kecamatan": "Teluk Keramat", "desa": "Lela", "tanggal": "2026-08-21", "timestamp": "2026-08-21T13:12:00+07:00", "satelit": "NASA-SNPP", "confidence": "Low"}}, {"type": "Feature", "geometry": {"type": "Point", "coordinates": [109.15752, 1.42132]}, "properties": {"kab_kota": "SAMBAS", "kecamatan": "Teluk Keramat", "desa": "Lela", "tanggal": "2026-08-21", "timestamp": "2026-08-21T13:12:00+07:00", "satelit": "NASA-SNPP", "confidence": "Low"}}, {"type": "Feature", "geometry": {"type": "Point", "coordinates": [109.14546, 1.42647]}, "properties": {"kab_kota": "SAMBAS", "kecamatan": "Teluk Keramat", "desa": "Lela", "tanggal": "2026-08-21", "timestamp": "2026-08-21T13:12:00+07:00", "satelit": "NASA-SNPP", "confidence": "Low"}}, {"type": "Feature", "geometry": {"type": "Point", "coordinates": [109.14913, 1.42703]}, "properties": {"kab_kota": "SAMBAS", "kecamatan": "Teluk Keramat", "desa": "Lela", "tanggal": "2026-08-21", "timestamp": "2026-08-21T13:12:00+07:00", "satelit": "NASA-SNPP", "confidence": "Low"}}, {"type": "Feature", "geometry": {"type": "Point", "coordinates": [109.14126, 1.42932]}, "properties": {"kab_kota": "SAMBAS", "kecamatan": "Teluk Keramat", "desa": "Lela", "tanggal": "2026-08-21", "timestamp": "2026-08-21T13:12:00+07:00", "satelit": "NASA-SNPP", "confidence": "Low"}}, {"type": "Feature", "geometry": {"type": "Point", "coordinates": [109.14494, 1.42989]}, "properties": {"kab_kota": "SAMBAS", "kecamatan": "Teluk Keramat", "desa": "Lela", "tanggal": "2026-08-21", "timestamp": "2026-08-21T13:12:00+07:00", "satelit": "NASA-SNPP", "confidence": "Low"}}, {"type": "Feature", "geometry": {"type": "Point", "coordinates": [109.14861, 1.43045]}, "properties": {"kab_kota": "SAMBAS", "kecamatan": "Teluk Keramat", "desa": "Lela", "tanggal": "2026-08-21", "timestamp": "2026-08-21T13:12:00+07:00", "satelit": "NASA-SNPP", "confidence": "Low"}}, {"type": "Feature", "geometry": {"type": "Point", "coordinates": [109.14075, 1.43275]}, "properties": {"kab_kota": "SAMBAS", "kecamatan": "Teluk Keramat", "desa": "Lela", "tanggal": "2026-08-21", "timestamp": "2026-08-21T13:12:00+07:00", "satelit": "NASA-SNPP", "confidence": "Low"}}, {"type": "Feature", "geometry": {"type": "Point", "coordinates": [109.14809, 1.43388]}, "properties": {"kab_kota": "SAMBAS", "kecamatan": "Teluk Keramat", "desa": "Lela", "tanggal": "2026-08-21", "timestamp": "2026-08-21T13:12:00+07:00", "satelit": "NASA-SNPP", "confidence": "Low"}}, {"type": "Feature", "geometry": {"type": "Point", "coordinates": [109.15125, 1.43787]}, "properties": {"kab_kota": "SAMBAS", "kecamatan": "Teluk Keramat", "desa": "Lela", "tanggal": "2026-08-21", "timestamp": "2026-08-21T13:12:00+07:00", "satelit": "NASA-SNPP", "confidence": "Low"}}, {"type": "Feature", "geometry": {"type": "Point", "coordinates": [109.14404, 1.437]}, "properties": {"kab_kota": "SAMBAS", "kecamatan": "Teluk Keramat", "desa": "Lela", "tanggal": "2026-08-24", "timestamp": "2026-08-24T13:57:00+07:00", "satelit": "NASA-SNPP", "confidence": "Low"}}, {"type": "Feature", "geometry": {"type": "Point", "coordinates": [109.14918, 1.45156]}, "properties": {"kab_kota": "SAMBAS", "kecamatan": "Teluk Keramat", "desa": "Sekura", "tanggal": "2026-08-21", "timestamp": "2026-08-21T13:12:00+07:00", "satelit": "NASA-SNPP", "confidence": "Low"}}, {"type": "Feature", "geometry": {"type": "Point", "coordinates": [109.14393, 1.38526]}, "properties": {"kab_kota": "SAMBAS", "kecamatan": "Teluk Keramat", "desa": "Sungai Baru", "tanggal": "2026-08-20", "timestamp": "2026-08-20T13:29:00+07:00", "satelit": "NASA-SNPP", "confidence": "Low"}}, {"type": "Feature", "geometry": {"type": "Point", "coordinates": [109.14982, 1.37534]}, "properties": {"kab_kota": "SAMBAS", "kecamatan": "Teluk Keramat", "desa": "Sungai Baru", "tanggal": "2026-08-21", "timestamp": "2026-08-21T13:12:00+07:00", "satelit": "NASA-SNPP", "confidence": "Low"}}, {"type": "Feature", "geometry": {"type": "Point", "coordinates": [109.14433, 1.38424]}, "properties": {"kab_kota": "SAMBAS", "kecamatan": "Teluk Keramat", "desa": "Sungai Baru", "tanggal": "2026-08-21", "timestamp": "2026-08-21T13:12:00+07:00", "satelit": "NASA-SNPP", "confidence": "Low"}}, {"type": "Feature", "geometry": {"type": "Point", "coordinates": [109.14697, 1.39166]}, "properties": {"kab_kota": "SAMBAS", "kecamatan": "Teluk Keramat", "desa": "Sungai Baru", "tanggal": "2026-08-21", "timestamp": "2026-08-21T13:12:00+07:00", "satelit": "NASA-SNPP", "confidence": "Low"}}, {"type": "Feature", "geometry": {"type": "Point", "coordinates": [109.15073, 1.44129]}, "properties": {"kab_kota": "SAMBAS", "kecamatan": "Teluk Keramat", "desa": "Sungai Kumpai", "tanggal": "2026-08-21", "timestamp": "2026-08-21T13:12:00+07:00", "satelit": "NASA-SNPP", "confidence": "Low"}}, {"type": "Feature", "geometry": {"type": "Point", "coordinates": [109.14602, 1.44757]}, "properties": {"kab_kota": "SAMBAS", "kecamatan": "Teluk Keramat", "desa": "Sungai Kumpai", "tanggal": "2026-08-21", "timestamp": "2026-08-21T13:12:00+07:00", "satelit": "NASA-SNPP", "confidence": "Low"}}, {"type": "Feature", "geometry": {"type": "Point", "coordinates": [109.13651, 1.33317]}, "properties": {"kab_kota": "SAMBAS", "kecamatan": "Teluk Keramat", "desa": "Teluk Kaseh", "tanggal": "2026-08-31", "timestamp": "2026-08-31T13:22:00+07:00", "satelit": "NASA-SNPP", "confidence": "Low"}}, {"type": "Feature", "geometry": {"type": "Point", "coordinates": [109.36263, 1.6657]}, "properties": {"kab_kota": "SAMBAS", "kecamatan": "Galing", "desa": "Tempapan Hulu", "tanggal": "2026-08-21", "timestamp": "2026-08-21T13:12:00+07:00", "satelit": "NASA-SNPP", "confidence": "Medium"}}, {"type": "Feature", "geometry": {"type": "Point", "coordinates": [109.35979, 1.6716]}, "properties": {"kab_kota": "SAMBAS", "kecamatan": "Galing", "desa": "Tempapan Hulu", "tanggal": "2026-08-24", "timestamp": "2026-08-24T01:13:00+07:00", "satelit": "NASA-SNPP", "confidence": "Medium"}}, {"type": "Feature", "geometry": {"type": "Point", "coordinates": [109.35246, 1.65908]}, "properties": {"kab_kota": "SAMBAS", "kecamatan": "Galing", "desa": "Tempapan Hulu", "tanggal": "2026-08-25", "timestamp": "2026-08-25T00:56:00+07:00", "satelit": "NASA-SNPP", "confidence": "Medium"}}, {"type": "Feature", "geometry": {"type": "Point", "coordinates": [109.35882, 1.67161]}, "properties": {"kab_kota": "SAMBAS", "kecamatan": "Galing", "desa": "Tempapan Hulu", "tanggal": "2026-08-25", "timestamp": "2026-08-25T00:56:00+07:00", "satelit": "NASA-SNPP", "confidence": "Medium"}}, {"type": "Feature", "geometry": {"type": "Point", "coordinates": [109.35951, 1.67601]}, "properties": {"kab_kota": "SAMBAS", "kecamatan": "Galing", "desa": "Tempapan Hulu", "tanggal": "2026-08-25", "timestamp": "2026-08-25T00:56:00+07:00", "satelit": "NASA-SNPP", "confidence": "Medium"}}, {"type": "Feature", "geometry": {"type": "Point", "coordinates": [109.35526, 1.67668]}, "properties": {"kab_kota": "SAMBAS", "kecamatan": "Galing", "desa": "Tempapan Hulu", "tanggal": "2026-08-25", "timestamp": "2026-08-25T00:56:00+07:00", "satelit": "NASA-SNPP", "confidence": "Medium"}}, {"type": "Feature", "geometry": {"type": "Point", "coordinates": [109.34904, 1.65899]}, "properties": {"kab_kota": "SAMBAS", "kecamatan": "Galing", "desa": "Tempapan Hulu", "tanggal": "2026-08-29", "timestamp": "2026-08-29T01:19:00+07:00", "satelit": "NASA-SNPP", "confidence": "Medium"}}, {"type": "Feature", "geometry": {"type": "Point", "coordinates": [109.35057, 1.6613]}, "properties": {"kab_kota": "SAMBAS", "kecamatan": "Galing", "desa": "Tempapan Hulu", "tanggal": "2026-08-30", "timestamp": "2026-08-30T01:02:00+07:00", "satelit": "NASA-SNPP", "confidence": "Medium"}}, {"type": "Feature", "geometry": {"type": "Point", "coordinates": [109.36945, 1.68268]}, "properties": {"kab_kota": "SAMBAS", "kecamatan": "Galing", "desa": "Tempapan Hulu", "tanggal": "2026-08-30", "timestamp": "2026-08-30T01:02:00+07:00", "satelit": "NASA-SNPP", "confidence": "Medium"}}, {"type": "Feature", "geometry": {"type": "Point", "coordinates": [109.36441, 1.68348]}, "properties": {"kab_kota": "SAMBAS", "kecamatan": "Galing", "desa": "Tempapan Hulu", "tanggal": "2026-08-30", "timestamp": "2026-08-30T01:02:00+07:00", "satelit": "NASA-SNPP", "confidence": "Medium"}}, {"type": "Feature", "geometry": {"type": "Point", "coordinates": [109.36651, 1.68553]}, "properties": {"kab_kota": "SAMBAS", "kecamatan": "Galing", "desa": "Tempapan Hulu", "tanggal": "2026-08-31", "timestamp": "2026-08-31T13:22:00+07:00", "satelit": "NASA-SNPP", "confidence": "Medium"}}, {"type": "Feature", "geometry": {"type": "Point", "coordinates": [109.10694, 1.33027]}, "properties": {"kab_kota": "SAMBAS", "kecamatan": "Jawai", "desa": "Bakau", "tanggal": "2026-08-07", "timestamp": "2026-08-07T01:32:00+07:00", "satelit": "NASA-SNPP", "confidence": "Medium"}}, {"type": "Feature", "geometry": {"type": "Point", "coordinates": [109.13013, 1.33194]}, "properties": {"kab_kota": "SAMBAS", "kecamatan": "Jawai", "desa": "Bakau", "tanggal": "2026-08-09", "timestamp": "2026-08-09T13:35:00+07:00", "satelit": "NASA-SNPP", "confidence": "Medium"}}, {"type": "Feature", "geometry": {"type": "Point", "coordinates": [109.12798, 1.33235]}, "properties": {"kab_kota": "SAMBAS", "kecamatan": "Jawai", "desa": "Bakau", "tanggal": "2026-08-09", "timestamp": "2026-08-09T13:35:00+07:00", "satelit": "NASA-SNPP", "confidence": "Medium"}}, {"type": "Feature", "geometry": {"type": "Point", "coordinates": [109.12223, 1.34364]}, "properties": {"kab_kota": "SAMBAS", "kecamatan": "Jawai", "desa": "Bakau", "tanggal": "2026-08-11", "timestamp": "2026-08-11T01:58:00+07:00", "satelit": "NASA-SNPP", "confidence": "Medium"}}, {"type": "Feature", "geometry": {"type": "Point", "coordinates": [109.12327, 1.34366]}, "properties": {"kab_kota": "SAMBAS", "kecamatan": "Jawai", "desa": "Bakau", "tanggal": "2026-08-11", "timestamp": "2026-08-11T01:58:00+07:00", "satelit": "NASA-SNPP", "confidence": "Medium"}}, {"type": "Feature", "geometry": {"type": "Point", "coordinates": [109.11974, 1.34422]}, "properties": {"kab_kota": "SAMBAS", "kecamatan": "Jawai", "desa": "Bakau", "tanggal": "2026-08-11", "timestamp": "2026-08-11T01:58:00+07:00", "satelit": "NASA-SNPP", "confidence": "Medium"}}, {"type": "Feature", "geometry": {"type": "Point", "coordinates": [109.11978, 1.34342]}, "properties": {"kab_kota": "SAMBAS", "kecamatan": "Jawai", "desa": "Bakau", "tanggal": "2026-08-11", "timestamp": "2026-08-11T12:57:00+07:00", "satelit": "NASA-SNPP", "confidence": "Medium"}}, {"type": "Feature", "geometry": {"type": "Point", "coordinates": [109.12331, 1.34398]}, "properties": {"kab_kota": "SAMBAS", "kecamatan": "Jawai", "desa": "Bakau", "tanggal": "2026-08-11", "timestamp": "2026-08-11T12:57:00+07:00", "satelit": "NASA-SNPP", "confidence": "Medium"}}, {"type": "Feature", "geometry": {"type": "Point", "coordinates": [109.12042, 1.34271]}, "properties": {"kab_kota": "SAMBAS", "kecamatan": "Jawai", "desa": "Bakau", "tanggal": "2026-08-12", "timestamp": "2026-08-12T01:38:00+07:00", "satelit": "NASA-SNPP", "confidence": "Medium"}}, {"type": "Feature", "geometry": {"type": "Point", "coordinates": [109.13557, 1.34164]}, "properties": {"kab_kota": "SAMBAS", "kecamatan": "Jawai", "desa": "Bakau", "tanggal": "2026-08-17", "timestamp": "2026-08-17T12:46:00+07:00", "satelit": "NASA-SNPP", "confidence": "Medium"}}, {"type": "Feature", "geometry": {"type": "Point", "coordinates": [109.1334, 1.33949]}, "properties": {"kab_kota": "SAMBAS", "kecamatan": "Jawai", "desa": "Bakau", "tanggal": "2026-08-18", "timestamp": "2026-08-18T12:27:00+07:00", "satelit": "NASA-SNPP", "confidence": "Medium"}}, {"type": "Feature", "geometry": {"type": "Point", "coordinates": [109.13023, 1.3338]}, "properties": {"kab_kota": "SAMBAS", "kecamatan": "Jawai", "desa": "Bakau", "tanggal": "2026-08-20", "timestamp": "2026-08-20T13:29:00+07:00", "satelit": "NASA-SNPP", "confidence": "Medium"}}, {"type": "Feature", "geometry": {"type": "Point", "coordinates": [109.11765, 1.34493]}, "properties": {"kab_kota": "SAMBAS", "kecamatan": "Jawai", "desa": "Bakau", "tanggal": "2026-08-21", "timestamp": "2026-08-21T00:30:00+07:00", "satelit": "NASA-SNPP", "confidence": "Medium"}}, {"type": "Feature", "geometry": {"type": "Point", "coordinates": [109.11623, 1.34143]}, "properties": {"kab_kota": "SAMBAS", "kecamatan": "Jawai", "desa": "Bakau", "tanggal": "2026-08-21", "timestamp": "2026-08-21T02:10:00+07:00", "satelit": "NASA-SNPP", "confidence": "Medium"}}, {"type": "Feature", "geometry": {"type": "Point", "coordinates": [109.11607, 1.34054]}, "properties": {"kab_kota": "SAMBAS", "kecamatan": "Jawai", "desa": "Bakau", "tanggal": "2026-08-29", "timestamp": "2026-08-29T01:19:00+07:00", "satelit": "NASA-SNPP", "confidence": "Medium"}}, {"type": "Feature", "geometry": {"type": "Point", "coordinates": [109.1365, 1.3374]}, "properties": {"kab_kota": "SAMBAS", "kecamatan": "Jawai", "desa": "Bakau", "tanggal": "2026-08-29", "timestamp": "2026-08-29T14:01:00+07:00", "satelit": "NASA-SNPP", "confidence": "Medium"}}, {"type": "Feature", "geometry": {"type": "Point", "coordinates": [109.11613, 1.34121]}, "properties": {"kab_kota": "SAMBAS", "kecamatan": "Jawai", "desa": "Bakau", "tanggal": "2026-08-30", "timestamp": "2026-08-30T01:02:00+07:00", "satelit": "NASA-SNPP", "confidence": "Medium"}}, {"type": "Feature", "geometry": {"type": "Point", "coordinates": [109.12348, 1.33503]}, "properties": {"kab_kota": "SAMBAS", "kecamatan": "Jawai", "desa": "Bakau", "tanggal": "2026-08-31", "timestamp": "2026-08-31T00:41:00+07:00", "satelit": "NASA-SNPP", "confidence": "Medium"}}, {"type": "Feature", "geometry": {"type": "Point", "coordinates": [109.13107, 1.42616]}, "properties": {"kab_kota": "SAMBAS", "kecamatan": "Jawai", "desa": "Mutus Darussalam", "tanggal": "2026-08-27", "timestamp": "2026-08-27T01:58:00+07:00", "satelit": "NASA-SNPP", "confidence": "Medium"}}, {"type": "Feature", "geometry": {"type": "Point", "coordinates": [109.13527, 1.42458]}, "properties": {"kab_kota": "SAMBAS", "kecamatan": "Jawai", "desa": "Mutus Darussalam", "tanggal": "2026-08-27", "timestamp": "2026-08-27T12:59:00+07:00", "satelit": "NASA-SNPP", "confidence": "Medium"}}, {"type": "Feature", "geometry": {"type": "Point", "coordinates": [109.1372, 1.4238]}, "properties": {"kab_kota": "SAMBAS", "kecamatan": "Jawai", "desa": "Mutus Darussalam", "tanggal": "2026-08-30", "timestamp": "2026-08-30T13:44:00+07:00", "satelit": "NASA-SNPP", "confidence": "Medium"}}, {"type": "Feature", "geometry": {"type": "Point", "coordinates": [109.13682, 1.42385]}, "properties": {"kab_kota": "SAMBAS", "kecamatan": "Jawai", "desa": "Mutus Darussalam", "tanggal": "2026-08-31", "timestamp": "2026-08-31T13:22:00+07:00", "satelit": "NASA-SNPP", "confidence": "Medium"}}, {"type": "Feature", "geometry": {"type": "Point", "coordinates": [109.13234, 1.34631]}, "properties": {"kab_kota": "SAMBAS", "kecamatan": "Jawai", "desa": "Parit Setia", "tanggal": "2026-08-18", "timestamp": "2026-08-18T12:27:00+07:00", "satelit": "NASA-SNPP", "confidence": "Medium"}}, {"type": "Feature", "geometry": {"type": "Point", "coordinates": [109.13548, 1.34503]}, "properties": {"kab_kota": "SAMBAS", "kecamatan": "Jawai", "desa": "Parit Setia", "tanggal": "2026-08-18", "timestamp": "2026-08-18T14:07:00+07:00", "satelit": "NASA-SNPP", "confidence": "Medium"}}, {"type": "Feature", "geometry": {"type": "Point", "coordinates": [109.13025, 1.34764]}, "properties": {"kab_kota": "SAMBAS", "kecamatan": "Jawai", "desa": "Parit Setia", "tanggal": "2026-08-20", "timestamp": "2026-08-20T00:49:00+07:00", "satelit": "NASA-SNPP", "confidence": "Medium"}}, {"type": "Feature", "geometry": {"type": "Point", "coordinates": [109.12216, 1.34647]}, "properties": {"kab_kota": "SAMBAS", "kecamatan": "Jawai", "desa": "Parit Setia", "tanggal": "2026-08-21", "timestamp": "2026-08-21T00:30:00+07:00", "satelit": "NASA-SNPP", "confidence": "Medium"}}, {"type": "Feature", "geometry": {"type": "Point", "coordinates": [109.11609, 1.3474]}, "properties": {"kab_kota": "SAMBAS", "kecamatan": "Jawai", "desa": "Parit Setia", "tanggal": "2026-08-21", "timestamp": "2026-08-21T00:30:00+07:00", "satelit": "NASA-SNPP", "confidence": "Medium"}}, {"type": "Feature", "geometry": {"type": "Point", "coordinates": [109.11699, 1.34564]}, "properties": {"kab_kota": "SAMBAS", "kecamatan": "Jawai", "desa": "Parit Setia", "tanggal": "2026-08-21", "timestamp": "2026-08-21T02:10:00+07:00", "satelit": "NASA-SNPP", "confidence": "Medium"}}, {"type": "Feature", "geometry": {"type": "Point", "coordinates": [109.11732, 1.34811]}, "properties": {"kab_kota": "SAMBAS", "kecamatan": "Jawai", "desa": "Parit Setia", "tanggal": "2026-08-21", "timestamp": "2026-08-21T02:10:00+07:00", "satelit": "NASA-SNPP", "confidence": "Medium"}}, {"type": "Feature", "geometry": {"type": "Point", "coordinates": [109.11812, 1.3458]}, "properties": {"kab_kota": "SAMBAS", "kecamatan": "Jawai", "desa": "Parit Setia", "tanggal": "2026-08-22", "timestamp": "2026-08-22T01:51:00+07:00", "satelit": "NASA-SNPP", "confidence": "Medium"}}, {"type": "Feature", "geometry": {"type": "Point", "coordinates": [109.11816, 1.47458]}, "properties": {"kab_kota": "SAMBAS", "kecamatan": "Jawai", "desa": "Sarang Burung Danau", "tanggal": "2026-08-07", "timestamp": "2026-08-07T01:32:00+07:00", "satelit": "NASA-SNPP", "confidence": "Medium"}}, {"type": "Feature", "geometry": {"type": "Point", "coordinates": [109.11872, 1.47819]}, "properties": {"kab_kota": "SAMBAS", "kecamatan": "Jawai", "desa": "Sarang Burung Danau", "tanggal": "2026-08-07", "timestamp": "2026-08-07T01:32:00+07:00", "satelit": "NASA-SNPP", "confidence": "Medium"}}, {"type": "Feature", "geometry": {"type": "Point", "coordinates": [109.10183, 1.44632]}, "properties": {"kab_kota": "SAMBAS", "kecamatan": "Jawai", "desa": "Sarang Burung Danau", "tanggal": "2026-08-22", "timestamp": "2026-08-22T01:51:00+07:00", "satelit": "NASA-SNPP", "confidence": "Medium"}}, {"type": "Feature", "geometry": {"type": "Point", "coordinates": [109.13685, 1.41291]}, "properties": {"kab_kota": "SAMBAS", "kecamatan": "Jawai", "desa": "Sarang Burung Kolam", "tanggal": "2026-08-24", "timestamp": "2026-08-24T13:57:00+07:00", "satelit": "NASA-SNPP", "confidence": "Medium"}}, {"type": "Feature", "geometry": {"type": "Point", "coordinates": [109.13368, 1.42013]}, "properties": {"kab_kota": "SAMBAS", "kecamatan": "Jawai", "desa": "Sarang Burung Kolam", "tanggal": "2026-08-27", "timestamp": "2026-08-27T01:58:00+07:00", "satelit": "NASA-SNPP", "confidence": "Medium"}}, {"type": "Feature", "geometry": {"type": "Point", "coordinates": [109.13019, 1.4207]}, "properties": {"kab_kota": "SAMBAS", "kecamatan": "Jawai", "desa": "Sarang Burung Kolam", "tanggal": "2026-08-27", "timestamp": "2026-08-27T01:58:00+07:00", "satelit": "NASA-SNPP", "confidence": "Medium"}}, {"type": "Feature", "geometry": {"type": "Point", "coordinates": [109.13589, 1.42054]}, "properties": {"kab_kota": "SAMBAS", "kecamatan": "Jawai", "desa": "Sarang Burung Kolam", "tanggal": "2026-08-27", "timestamp": "2026-08-27T12:59:00+07:00", "satelit": "NASA-SNPP", "confidence": "Medium"}}, {"type": "Feature", "geometry": {"type": "Point", "coordinates": [109.13068, 1.416]}, "properties": {"kab_kota": "SAMBAS", "kecamatan": "Jawai", "desa": "Sarang Burung Kolam", "tanggal": "2026-08-31", "timestamp": "2026-08-31T13:22:00+07:00", "satelit": "NASA-SNPP", "confidence": "Medium"}}, {"type": "Feature", "geometry": {"type": "Point", "coordinates": [109.13563, 1.40572]}, "properties": {"kab_kota": "SAMBAS", "kecamatan": "Jawai", "desa": "Sarang Burung Usrat", "tanggal": "2026-08-30", "timestamp": "2026-08-30T13:44:00+07:00", "satelit": "NASA-SNPP", "confidence": "Medium"}}, {"type": "Feature", "geometry": {"type": "Point", "coordinates": [109.41899, 1.78028]}, "properties": {"kab_kota": "SAMBAS", "kecamatan": "Paloh", "desa": "Sebubus", "tanggal": "2026-08-09", "timestamp": "2026-08-09T13:35:00+07:00", "satelit": "NASA-SNPP", "confidence": "Medium"}}, {"type": "Feature", "geometry": {"type": "Point", "coordinates": [109.47016, 1.83804]}, "properties": {"kab_kota": "SAMBAS", "kecamatan": "Paloh", "desa": "Sebubus", "tanggal": "2026-08-09", "timestamp": "2026-08-09T13:35:00+07:00", "satelit": "NASA-SNPP", "confidence": "Medium"}}, {"type": "Feature", "geometry": {"type": "Point", "coordinates": [109.39442, 1.84318]}, "properties": {"kab_kota": "SAMBAS", "kecamatan": "Paloh", "desa": "Sebubus", "tanggal": "2026-08-09", "timestamp": "2026-08-09T13:35:00+07:00", "satelit": "NASA-SNPP", "confidence": "Medium"}}, {"type": "Feature", "geometry": {"type": "Point", "coordinates": [109.39383, 1.84722]}, "properties": {"kab_kota": "SAMBAS", "kecamatan": "Paloh", "desa": "Sebubus", "tanggal": "2026-08-09", "timestamp": "2026-08-09T13:35:00+07:00", "satelit": "NASA-SNPP", "confidence": "Medium"}}, {"type": "Feature", "geometry": {"type": "Point", "coordinates": [109.39233, 1.84766]}, "properties": {"kab_kota": "SAMBAS", "kecamatan": "Paloh", "desa": "Sebubus", "tanggal": "2026-08-10", "timestamp": "2026-08-10T13:18:00+07:00", "satelit": "NASA-SNPP", "confidence": "Medium"}}, {"type": "Feature", "geometry": {"type": "Point", "coordinates": [109.39577, 1.84819]}, "properties": {"kab_kota": "SAMBAS", "kecamatan": "Paloh", "desa": "Sebubus", "tanggal": "2026-08-10", "timestamp": "2026-08-10T13:18:00+07:00", "satelit": "NASA-SNPP", "confidence": "Medium"}}, {"type": "Feature", "geometry": {"type": "Point", "coordinates": [109.39182, 1.85098]}, "properties": {"kab_kota": "SAMBAS", "kecamatan": "Paloh", "desa": "Sebubus", "tanggal": "2026-08-10", "timestamp": "2026-08-10T13:18:00+07:00", "satelit": "NASA-SNPP", "confidence": "Medium"}}, {"type": "Feature", "geometry": {"type": "Point", "coordinates": [109.39527, 1.85151]}, "properties": {"kab_kota": "SAMBAS", "kecamatan": "Paloh", "desa": "Sebubus", "tanggal": "2026-08-10", "timestamp": "2026-08-10T13:18:00+07:00", "satelit": "NASA-SNPP", "confidence": "Medium"}}, {"type": "Feature", "geometry": {"type": "Point", "coordinates": [109.46436, 1.86206]}, "properties": {"kab_kota": "SAMBAS", "kecamatan": "Paloh", "desa": "Sebubus", "tanggal": "2026-08-10", "timestamp": "2026-08-10T13:18:00+07:00", "satelit": "NASA-SNPP", "confidence": "Medium"}}, {"type": "Feature", "geometry": {"type": "Point", "coordinates": [109.38151, 1.84913]}, "properties": {"kab_kota": "SAMBAS", "kecamatan": "Paloh", "desa": "Sebubus", "tanggal": "2026-08-12", "timestamp": "2026-08-12T12:40:00+07:00", "satelit": "NASA-SNPP", "confidence": "Medium"}}, {"type": "Feature", "geometry": {"type": "Point", "coordinates": [109.31207, 1.74912]}, "properties": {"kab_kota": "SAMBAS", "kecamatan": "Paloh", "desa": "Sebubus", "tanggal": "2026-08-25", "timestamp": "2026-08-25T13:37:00+07:00", "satelit": "NASA-SNPP", "confidence": "Medium"}}, {"type": "Feature", "geometry": {"type": "Point", "coordinates": [109.38941, 1.84862]}, "properties": {"kab_kota": "SAMBAS", "kecamatan": "Paloh", "desa": "Sebubus", "tanggal": "2026-08-26", "timestamp": "2026-08-26T13:18:00+07:00", "satelit": "NASA-SNPP", "confidence": "Medium"}}, {"type": "Feature", "geometry": {"type": "Point", "coordinates": [109.41724, 1.74643]}, "properties": {"kab_kota": "SAMBAS", "kecamatan": "Paloh", "desa": "Sebubus", "tanggal": "2026-08-30", "timestamp": "2026-08-30T01:02:00+07:00", "satelit": "NASA-SNPP", "confidence": "Medium"}}, {"type": "Feature", "geometry": {"type": "Point", "coordinates": [109.41474, 1.74578]}, "properties": {"kab_kota": "SAMBAS", "kecamatan": "Paloh", "desa": "Sebubus", "tanggal": "2026-08-31", "timestamp": "2026-08-31T00:41:00+07:00", "satelit": "NASA-SNPP", "confidence": "Medium"}}, {"type": "Feature", "geometry": {"type": "Point", "coordinates": [109.41158, 1.74627]}, "properties": {"kab_kota": "SAMBAS", "kecamatan": "Paloh", "desa": "Sebubus", "tanggal": "2026-08-31", "timestamp": "2026-08-31T00:41:00+07:00", "satelit": "NASA-SNPP", "confidence": "Medium"}}, {"type": "Feature", "geometry": {"type": "Point", "coordinates": [109.41312, 1.74514]}, "properties": {"kab_kota": "SAMBAS", "kecamatan": "Paloh", "desa": "Sebubus", "tanggal": "2026-08-31", "timestamp": "2026-08-31T13:22:00+07:00", "satelit": "NASA-SNPP", "confidence": "Medium"}}, {"type": "Feature", "geometry": {"type": "Point", "coordinates": [109.41261, 1.74856]}, "properties": {"kab_kota": "SAMBAS", "kecamatan": "Paloh", "desa": "Sebubus", "tanggal": "2026-08-31", "timestamp": "2026-08-31T13:22:00+07:00", "satelit": "NASA-SNPP", "confidence": "Medium"}}, {"type": "Feature", "geometry": {"type": "Point", "coordinates": [109.4163, 1.74911]}, "properties": {"kab_kota": "SAMBAS", "kecamatan": "Paloh", "desa": "Sebubus", "tanggal": "2026-08-31", "timestamp": "2026-08-31T13:22:00+07:00", "satelit": "NASA-SNPP", "confidence": "Medium"}}, {"type": "Feature", "geometry": {"type": "Point", "coordinates": [109.41213, 1.75197]}, "properties": {"kab_kota": "SAMBAS", "kecamatan": "Paloh", "desa": "Sebubus", "tanggal": "2026-08-31", "timestamp": "2026-08-31T13:22:00+07:00", "satelit": "NASA-SNPP", "confidence": "Medium"}}, {"type": "Feature", "geometry": {"type": "Point", "coordinates": [109.41579, 1.75253]}, "properties": {"kab_kota": "SAMBAS", "kecamatan": "Paloh", "desa": "Sebubus", "tanggal": "2026-08-31", "timestamp": "2026-08-31T13:22:00+07:00", "satelit": "NASA-SNPP", "confidence": "Medium"}}, {"type": "Feature", "geometry": {"type": "Point", "coordinates": [109.25528, 1.61495]}, "properties": {"kab_kota": "SAMBAS", "kecamatan": "Paloh", "desa": "Tanah Hitam", "tanggal": "2026-08-01", "timestamp": "2026-08-01T01:43:00+07:00", "satelit": "NASA-SNPP", "confidence": "Medium"}}, {"type": "Feature", "geometry": {"type": "Point", "coordinates": [109.25782, 1.61735]}, "properties": {"kab_kota": "SAMBAS", "kecamatan": "Paloh", "desa": "Tanah Hitam", "tanggal": "2026-08-01", "timestamp": "2026-08-01T01:43:00+07:00", "satelit": "NASA-SNPP", "confidence": "Medium"}}, {"type": "Feature", "geometry": {"type": "Point", "coordinates": [109.25351, 1.61806]}, "properties": {"kab_kota": "SAMBAS", "kecamatan": "Paloh", "desa": "Tanah Hitam", "tanggal": "2026-08-01", "timestamp": "2026-08-01T01:43:00+07:00", "satelit": "NASA-SNPP", "confidence": "Medium"}}, {"type": "Feature", "geometry": {"type": "Point", "coordinates": [109.25599, 1.61938]}, "properties": {"kab_kota": "SAMBAS", "kecamatan": "Paloh", "desa": "Tanah Hitam", "tanggal": "2026-08-01", "timestamp": "2026-08-01T01:43:00+07:00", "satelit": "NASA-SNPP", "confidence": "Medium"}}, {"type": "Feature", "geometry": {"type": "Point", "coordinates": [109.25784, 1.61619]}, "properties": {"kab_kota": "SAMBAS", "kecamatan": "Paloh", "desa": "Tanah Hitam", "tanggal": "2026-08-15", "timestamp": "2026-08-15T00:41:00+07:00", "satelit": "NASA-SNPP", "confidence": "Medium"}}, {"type": "Feature", "geometry": {"type": "Point", "coordinates": [109.25426, 1.61673]}, "properties": {"kab_kota": "SAMBAS", "kecamatan": "Paloh", "desa": "Tanah Hitam", "tanggal": "2026-08-15", "timestamp": "2026-08-15T00:41:00+07:00", "satelit": "NASA-SNPP", "confidence": "Medium"}}, {"type": "Feature", "geometry": {"type": "Point", "coordinates": [109.52592, 1.94578]}, "properties": {"kab_kota": "SAMBAS", "kecamatan": "Paloh", "desa": "Temajuk", "tanggal": "2026-08-10", "timestamp": "2026-08-10T13:18:00+07:00", "satelit": "NASA-SNPP", "confidence": "Medium"}}, {"type": "Feature", "geometry": {"type": "Point", "coordinates": [109.52241, 1.96907]}, "properties": {"kab_kota": "SAMBAS", "kecamatan": "Paloh", "desa": "Temajuk", "tanggal": "2026-08-10", "timestamp": "2026-08-10T13:18:00+07:00", "satelit": "NASA-SNPP", "confidence": "Medium"}}, {"type": "Feature", "geometry": {"type": "Point", "coordinates": [109.50938, 1.91796]}, "properties": {"kab_kota": "SAMBAS", "kecamatan": "Paloh", "desa": "Temajuk", "tanggal": "2026-08-11", "timestamp": "2026-08-11T01:58:00+07:00", "satelit": "NASA-SNPP", "confidence": "Medium"}}, {"type": "Feature", "geometry": {"type": "Point", "coordinates": [109.51074, 1.95864]}, "properties": {"kab_kota": "SAMBAS", "kecamatan": "Paloh", "desa": "Temajuk", "tanggal": "2026-08-12", "timestamp": "2026-08-12T01:38:00+07:00", "satelit": "NASA-SNPP", "confidence": "Medium"}}, {"type": "Feature", "geometry": {"type": "Point", "coordinates": [109.46146, 1.95194]}, "properties": {"kab_kota": "SAMBAS", "kecamatan": "Paloh", "desa": "Temajuk", "tanggal": "2026-08-18", "timestamp": "2026-08-18T12:27:00+07:00", "satelit": "NASA-SNPP", "confidence": "Medium"}}, {"type": "Feature", "geometry": {"type": "Point", "coordinates": [109.54869, 1.98561]}, "properties": {"kab_kota": "SAMBAS", "kecamatan": "Paloh", "desa": "Temajuk", "tanggal": "2026-08-20", "timestamp": "2026-08-20T13:29:00+07:00", "satelit": "NASA-SNPP", "confidence": "Medium"}}, {"type": "Feature", "geometry": {"type": "Point", "coordinates": [109.5129, 1.91131]}, "properties": {"kab_kota": "SAMBAS", "kecamatan": "Paloh", "desa": "Temajuk", "tanggal": "2026-08-22", "timestamp": "2026-08-22T12:53:00+07:00", "satelit": "NASA-SNPP", "confidence": "Medium"}}, {"type": "Feature", "geometry": {"type": "Point", "coordinates": [109.53735, 1.98513]}, "properties": {"kab_kota": "SAMBAS", "kecamatan": "Paloh", "desa": "Temajuk", "tanggal": "2026-08-23", "timestamp": "2026-08-23T01:32:00+07:00", "satelit": "NASA-SNPP", "confidence": "Medium"}}, {"type": "Feature", "geometry": {"type": "Point", "coordinates": [109.52338, 1.94389]}, "properties": {"kab_kota": "SAMBAS", "kecamatan": "Paloh", "desa": "Temajuk", "tanggal": "2026-08-26", "timestamp": "2026-08-26T13:18:00+07:00", "satelit": "NASA-SNPP", "confidence": "Medium"}}, {"type": "Feature", "geometry": {"type": "Point", "coordinates": [109.51978, 1.90761]}, "properties": {"kab_kota": "SAMBAS", "kecamatan": "Paloh", "desa": "Temajuk", "tanggal": "2026-08-31", "timestamp": "2026-08-31T13:22:00+07:00", "satelit": "NASA-SNPP", "confidence": "Medium"}}, {"type": "Feature", "geometry": {"type": "Point", "coordinates": [109.51517, 1.93847]}, "properties": {"kab_kota": "SAMBAS", "kecamatan": "Paloh", "desa": "Temajuk", "tanggal": "2026-08-31", "timestamp": "2026-08-31T13:22:00+07:00", "satelit": "NASA-SNPP", "confidence": "Medium"}}, {"type": "Feature", "geometry": {"type": "Point", "coordinates": [109.63626, 1.5649]}, "properties": {"kab_kota": "SAMBAS", "kecamatan": "Sajingan Besar", "desa": "Kaliau'", "tanggal": "2026-08-11", "timestamp": "2026-08-11T01:58:00+07:00", "satelit": "NASA-SNPP", "confidence": "Medium"}}, {"type": "Feature", "geometry": {"type": "Point", "coordinates": [109.61071, 1.63392]}, "properties": {"kab_kota": "SAMBAS", "kecamatan": "Sajingan Besar", "desa": "Kaliau'", "tanggal": "2026-08-15", "timestamp": "2026-08-15T13:22:00+07:00", "satelit": "NASA-SNPP", "confidence": "Medium"}}, {"type": "Feature", "geometry": {"type": "Point", "coordinates": [109.52542, 1.65512]}, "properties": {"kab_kota": "SAMBAS", "kecamatan": "Sajingan Besar", "desa": "Santaban", "tanggal": "2026-08-10", "timestamp": "2026-08-10T13:18:00+07:00", "satelit": "NASA-SNPP", "confidence": "Medium"}}, {"type": "Feature", "geometry": {"type": "Point", "coordinates": [109.52888, 1.65565]}, "properties": {"kab_kota": "SAMBAS", "kecamatan": "Sajingan Besar", "desa": "Santaban", "tanggal": "2026-08-10", "timestamp": "2026-08-10T13:18:00+07:00", "satelit": "NASA-SNPP", "confidence": "Medium"}}, {"type": "Feature", "geometry": {"type": "Point", "coordinates": [109.47153, 1.62873]}, "properties": {"kab_kota": "SAMBAS", "kecamatan": "Sajingan Besar", "desa": "Santaban", "tanggal": "2026-08-16", "timestamp": "2026-08-16T02:04:00+07:00", "satelit": "NASA-SNPP", "confidence": "Medium"}}, {"type": "Feature", "geometry": {"type": "Point", "coordinates": [109.46719, 1.62719]}, "properties": {"kab_kota": "SAMBAS", "kecamatan": "Sajingan Besar", "desa": "Santaban", "tanggal": "2026-08-20", "timestamp": "2026-08-20T13:29:00+07:00", "satelit": "NASA-SNPP", "confidence": "Medium"}}, {"type": "Feature", "geometry": {"type": "Point", "coordinates": [109.47144, 1.62783]}, "properties": {"kab_kota": "SAMBAS", "kecamatan": "Sajingan Besar", "desa": "Santaban", "tanggal": "2026-08-20", "timestamp": "2026-08-20T13:29:00+07:00", "satelit": "NASA-SNPP", "confidence": "Medium"}}, {"type": "Feature", "geometry": {"type": "Point", "coordinates": [109.47051, 1.62833]}, "properties": {"kab_kota": "SAMBAS", "kecamatan": "Sajingan Besar", "desa": "Santaban", "tanggal": "2026-08-20", "timestamp": "2026-08-20T13:29:00+07:00", "satelit": "NASA-SNPP", "confidence": "Medium"}}, {"type": "Feature", "geometry": {"type": "Point", "coordinates": [109.47476, 1.62899]}, "properties": {"kab_kota": "SAMBAS", "kecamatan": "Sajingan Besar", "desa": "Santaban", "tanggal": "2026-08-20", "timestamp": "2026-08-20T13:29:00+07:00", "satelit": "NASA-SNPP", "confidence": "Medium"}}, {"type": "Feature", "geometry": {"type": "Point", "coordinates": [109.4709, 1.6315]}, "properties": {"kab_kota": "SAMBAS", "kecamatan": "Sajingan Besar", "desa": "Santaban", "tanggal": "2026-08-20", "timestamp": "2026-08-20T13:29:00+07:00", "satelit": "NASA-SNPP", "confidence": "Medium"}}, {"type": "Feature", "geometry": {"type": "Point", "coordinates": [109.46998, 1.632]}, "properties": {"kab_kota": "SAMBAS", "kecamatan": "Sajingan Besar", "desa": "Santaban", "tanggal": "2026-08-20", "timestamp": "2026-08-20T13:29:00+07:00", "satelit": "NASA-SNPP", "confidence": "Medium"}}, {"type": "Feature", "geometry": {"type": "Point", "coordinates": [109.4953, 1.6727]}, "properties": {"kab_kota": "SAMBAS", "kecamatan": "Sajingan Besar", "desa": "Santaban", "tanggal": "2026-08-20", "timestamp": "2026-08-20T13:29:00+07:00", "satelit": "NASA-SNPP", "confidence": "Medium"}}, {"type": "Feature", "geometry": {"type": "Point", "coordinates": [109.46805, 1.62604]}, "properties": {"kab_kota": "SAMBAS", "kecamatan": "Sajingan Besar", "desa": "Santaban", "tanggal": "2026-08-21", "timestamp": "2026-08-21T13:12:00+07:00", "satelit": "NASA-SNPP", "confidence": "Medium"}}, {"type": "Feature", "geometry": {"type": "Point", "coordinates": [109.47113, 1.62998]}, "properties": {"kab_kota": "SAMBAS", "kecamatan": "Sajingan Besar", "desa": "Santaban", "tanggal": "2026-08-21", "timestamp": "2026-08-21T13:12:00+07:00", "satelit": "NASA-SNPP", "confidence": "Medium"}}, {"type": "Feature", "geometry": {"type": "Point", "coordinates": [109.47346, 1.63081]}, "properties": {"kab_kota": "SAMBAS", "kecamatan": "Sajingan Besar", "desa": "Santaban", "tanggal": "2026-08-22", "timestamp": "2026-08-22T12:53:00+07:00", "satelit": "NASA-SNPP", "confidence": "Medium"}}, {"type": "Feature", "geometry": {"type": "Point", "coordinates": [109.55956, 1.68539]}, "properties": {"kab_kota": "SAMBAS", "kecamatan": "Sajingan Besar", "desa": "Santaban", "tanggal": "2026-08-22", "timestamp": "2026-08-22T12:53:00+07:00", "satelit": "NASA-SNPP", "confidence": "Medium"}}, {"type": "Feature", "geometry": {"type": "Point", "coordinates": [109.62177, 1.70689]}, "properties": {"kab_kota": "SAMBAS", "kecamatan": "Sajingan Besar", "desa": "Santaban", "tanggal": "2026-08-31", "timestamp": "2026-08-31T13:22:00+07:00", "satelit": "NASA-SNPP", "confidence": "Medium"}}, {"type": "Feature", "geometry": {"type": "Point", "coordinates": [109.65099, 1.44123]}, "properties": {"kab_kota": "SAMBAS", "kecamatan": "Sajingan Besar", "desa": "Sebunga", "tanggal": "2026-08-21", "timestamp": "2026-08-21T13:12:00+07:00", "satelit": "NASA-SNPP", "confidence": "Medium"}}, {"type": "Feature", "geometry": {"type": "Point", "coordinates": [109.59905, 1.68372]}, "properties": {"kab_kota": "SAMBAS", "kecamatan": "Sajingan Besar", "desa": "Senatab", "tanggal": "2026-08-15", "timestamp": "2026-08-15T13:22:00+07:00", "satelit": "NASA-SNPP", "confidence": "Medium"}}, {"type": "Feature", "geometry": {"type": "Point", "coordinates": [109.59853, 1.68716]}, "properties": {"kab_kota": "SAMBAS", "kecamatan": "Sajingan Besar", "desa": "Senatab", "tanggal": "2026-08-15", "timestamp": "2026-08-15T13:22:00+07:00", "satelit": "NASA-SNPP", "confidence": "Medium"}}, {"type": "Feature", "geometry": {"type": "Point", "coordinates": [109.56387, 1.75256]}, "properties": {"kab_kota": "SAMBAS", "kecamatan": "Sajingan Besar", "desa": "Sungai Bening", "tanggal": "2026-08-09", "timestamp": "2026-08-09T13:35:00+07:00", "satelit": "NASA-SNPP", "confidence": "Medium"}}, {"type": "Feature", "geometry": {"type": "Point", "coordinates": [109.44893, 1.78243]}, "properties": {"kab_kota": "SAMBAS", "kecamatan": "Sajingan Besar", "desa": "Sungai Bening", "tanggal": "2026-08-10", "timestamp": "2026-08-10T13:18:00+07:00", "satelit": "NASA-SNPP", "confidence": "Medium"}}, {"type": "Feature", "geometry": {"type": "Point", "coordinates": [109.45238, 1.78296]}, "properties": {"kab_kota": "SAMBAS", "kecamatan": "Sajingan Besar", "desa": "Sungai Bening", "tanggal": "2026-08-10", "timestamp": "2026-08-10T13:18:00+07:00", "satelit": "NASA-SNPP", "confidence": "Medium"}}, {"type": "Feature", "geometry": {"type": "Point", "coordinates": [109.54106, 1.77815]}, "properties": {"kab_kota": "SAMBAS", "kecamatan": "Sajingan Besar", "desa": "Sungai Bening", "tanggal": "2026-08-11", "timestamp": "2026-08-11T12:57:00+07:00", "satelit": "NASA-SNPP", "confidence": "Medium"}}, {"type": "Feature", "geometry": {"type": "Point", "coordinates": [109.59618, 1.76061]}, "properties": {"kab_kota": "SAMBAS", "kecamatan": "Sajingan Besar", "desa": "Sungai Bening", "tanggal": "2026-08-12", "timestamp": "2026-08-12T12:40:00+07:00", "satelit": "NASA-SNPP", "confidence": "Medium"}}, {"type": "Feature", "geometry": {"type": "Point", "coordinates": [109.53944, 1.76805]}, "properties": {"kab_kota": "SAMBAS", "kecamatan": "Sajingan Besar", "desa": "Sungai Bening", "tanggal": "2026-08-12", "timestamp": "2026-08-12T12:40:00+07:00", "satelit": "NASA-SNPP", "confidence": "Medium"}}, {"type": "Feature", "geometry": {"type": "Point", "coordinates": [109.62862, 1.76569]}, "properties": {"kab_kota": "SAMBAS", "kecamatan": "Sajingan Besar", "desa": "Sungai Bening", "tanggal": "2026-08-15", "timestamp": "2026-08-15T13:22:00+07:00", "satelit": "NASA-SNPP", "confidence": "Medium"}}, {"type": "Feature", "geometry": {"type": "Point", "coordinates": [109.60528, 1.76917]}, "properties": {"kab_kota": "SAMBAS", "kecamatan": "Sajingan Besar", "desa": "Sungai Bening", "tanggal": "2026-08-15", "timestamp": "2026-08-15T13:22:00+07:00", "satelit": "NASA-SNPP", "confidence": "Medium"}}, {"type": "Feature", "geometry": {"type": "Point", "coordinates": [109.56313, 1.75672]}, "properties": {"kab_kota": "SAMBAS", "kecamatan": "Sajingan Besar", "desa": "Sungai Bening", "tanggal": "2026-08-20", "timestamp": "2026-08-20T13:29:00+07:00", "satelit": "NASA-SNPP", "confidence": "Medium"}}, {"type": "Feature", "geometry": {"type": "Point", "coordinates": [109.52264, 1.79213]}, "properties": {"kab_kota": "SAMBAS", "kecamatan": "Sajingan Besar", "desa": "Sungai Bening", "tanggal": "2026-08-20", "timestamp": "2026-08-20T13:29:00+07:00", "satelit": "NASA-SNPP", "confidence": "Medium"}}, {"type": "Feature", "geometry": {"type": "Point", "coordinates": [109.62343, 1.76696]}, "properties": {"kab_kota": "SAMBAS", "kecamatan": "Sajingan Besar", "desa": "Sungai Bening", "tanggal": "2026-08-23", "timestamp": "2026-08-23T12:33:00+07:00", "satelit": "NASA-SNPP", "confidence": "Medium"}}, {"type": "Feature", "geometry": {"type": "Point", "coordinates": [109.50657, 1.74891]}, "properties": {"kab_kota": "SAMBAS", "kecamatan": "Sajingan Besar", "desa": "Sungai Bening", "tanggal": "2026-08-31", "timestamp": "2026-08-31T13:22:00+07:00", "satelit": "NASA-SNPP", "confidence": "Medium"}}, {"type": "Feature", "geometry": {"type": "Point", "coordinates": [109.32568, 1.368]}, "properties": {"kab_kota": "SAMBAS", "kecamatan": "Sambas", "desa": "Dalam Kaum", "tanggal": "2026-08-11", "timestamp": "2026-08-11T12:57:00+07:00", "satelit": "NASA-SNPP", "confidence": "Medium"}}, {"type": "Feature", "geometry": {"type": "Point", "coordinates": [109.22433, 1.26526]}, "properties": {"kab_kota": "SAMBAS", "kecamatan": "Sebawi", "desa": "Sebawi", "tanggal": "2026-08-11", "timestamp": "2026-08-11T01:58:00+07:00", "satelit": "NASA-SNPP", "confidence": "Medium"}}, {"type": "Feature", "geometry": {"type": "Point", "coordinates": [109.43884, 1.1524]}, "properties": {"kab_kota": "SAMBAS", "kecamatan": "Subah", "desa": "Balai Gemuruh", "tanggal": "2026-08-10", "timestamp": "2026-08-10T13:18:00+07:00", "satelit": "NASA-SNPP", "confidence": "Medium"}}, {"type": "Feature", "geometry": {"type": "Point", "coordinates": [109.44228, 1.15293]}, "properties": {"kab_kota": "SAMBAS", "kecamatan": "Subah", "desa": "Balai Gemuruh", "tanggal": "2026-08-10", "timestamp": "2026-08-10T13:18:00+07:00", "satelit": "NASA-SNPP", "confidence": "Medium"}}, {"type": "Feature", "geometry": {"type": "Point", "coordinates": [109.45432, 1.14985]}, "properties": {"kab_kota": "SAMBAS", "kecamatan": "Subah", "desa": "Balai Gemuruh", "tanggal": "2026-08-11", "timestamp": "2026-08-11T12:57:00+07:00", "satelit": "NASA-SNPP", "confidence": "Medium"}}, {"type": "Feature", "geometry": {"type": "Point", "coordinates": [109.46022, 1.23401]}, "properties": {"kab_kota": "SAMBAS", "kecamatan": "Subah", "desa": "Karaban Jaya", "tanggal": "2026-08-15", "timestamp": "2026-08-15T13:22:00+07:00", "satelit": "NASA-SNPP", "confidence": "Medium"}}, {"type": "Feature", "geometry": {"type": "Point", "coordinates": [109.59615, 1.23337]}, "properties": {"kab_kota": "SAMBAS", "kecamatan": "Subah", "desa": "Sempurna", "tanggal": "2026-08-22", "timestamp": "2026-08-22T12:53:00+07:00", "satelit": "NASA-SNPP", "confidence": "Medium"}}, {"type": "Feature", "geometry": {"type": "Point", "coordinates": [109.49072, 1.1127]}, "properties": {"kab_kota": "SAMBAS", "kecamatan": "Subah", "desa": "Tebuah Elok", "tanggal": "2026-08-10", "timestamp": "2026-08-10T13:18:00+07:00", "satelit": "NASA-SNPP", "confidence": "Medium"}}, {"type": "Feature", "geometry": {"type": "Point", "coordinates": [109.49911, 1.05937]}, "properties": {"kab_kota": "SAMBAS", "kecamatan": "Subah", "desa": "Tebuah Elok", "tanggal": "2026-08-20", "timestamp": "2026-08-20T13:29:00+07:00", "satelit": "NASA-SNPP", "confidence": "Medium"}}, {"type": "Feature", "geometry": {"type": "Point", "coordinates": [109.4986, 1.06302]}, "properties": {"kab_kota": "SAMBAS", "kecamatan": "Subah", "desa": "Tebuah Elok", "tanggal": "2026-08-20", "timestamp": "2026-08-20T13:29:00+07:00", "satelit": "NASA-SNPP", "confidence": "Medium"}}, {"type": "Feature", "geometry": {"type": "Point", "coordinates": [109.48263, 1.08621]}, "properties": {"kab_kota": "SAMBAS", "kecamatan": "Subah", "desa": "Tebuah Elok", "tanggal": "2026-08-20", "timestamp": "2026-08-20T13:29:00+07:00", "satelit": "NASA-SNPP", "confidence": "Medium"}}, {"type": "Feature", "geometry": {"type": "Point", "coordinates": [109.48205, 1.08659]}, "properties": {"kab_kota": "SAMBAS", "kecamatan": "Subah", "desa": "Tebuah Elok", "tanggal": "2026-08-20", "timestamp": "2026-08-20T13:29:00+07:00", "satelit": "NASA-SNPP", "confidence": "Medium"}}, {"type": "Feature", "geometry": {"type": "Point", "coordinates": [109.12101, 1.49263]}, "properties": {"kab_kota": "SAMBAS", "kecamatan": "Tangaran", "desa": "Semata", "tanggal": "2026-08-07", "timestamp": "2026-08-07T01:32:00+07:00", "satelit": "NASA-SNPP", "confidence": "Medium"}}, {"type": "Feature", "geometry": {"type": "Point", "coordinates": [109.10884, 1.49832]}, "properties": {"kab_kota": "SAMBAS", "kecamatan": "Tangaran", "desa": "Semata", "tanggal": "2026-08-11", "timestamp": "2026-08-11T01:58:00+07:00", "satelit": "NASA-SNPP", "confidence": "Medium"}}, {"type": "Feature", "geometry": {"type": "Point", "coordinates": [109.11027, 1.49498]}, "properties": {"kab_kota": "SAMBAS", "kecamatan": "Tangaran", "desa": "Semata", "tanggal": "2026-08-11", "timestamp": "2026-08-11T12:57:00+07:00", "satelit": "NASA-SNPP", "confidence": "Medium"}}, {"type": "Feature", "geometry": {"type": "Point", "coordinates": [109.11376, 1.49553]}, "properties": {"kab_kota": "SAMBAS", "kecamatan": "Tangaran", "desa": "Semata", "tanggal": "2026-08-11", "timestamp": "2026-08-11T12:57:00+07:00", "satelit": "NASA-SNPP", "confidence": "Medium"}}, {"type": "Feature", "geometry": {"type": "Point", "coordinates": [109.10965, 1.49902]}, "properties": {"kab_kota": "SAMBAS", "kecamatan": "Tangaran", "desa": "Semata", "tanggal": "2026-08-11", "timestamp": "2026-08-11T12:57:00+07:00", "satelit": "NASA-SNPP", "confidence": "Medium"}}, {"type": "Feature", "geometry": {"type": "Point", "coordinates": [109.11315, 1.49956]}, "properties": {"kab_kota": "SAMBAS", "kecamatan": "Tangaran", "desa": "Semata", "tanggal": "2026-08-11", "timestamp": "2026-08-11T12:57:00+07:00", "satelit": "NASA-SNPP", "confidence": "Medium"}}, {"type": "Feature", "geometry": {"type": "Point", "coordinates": [109.11263, 1.49523]}, "properties": {"kab_kota": "SAMBAS", "kecamatan": "Tangaran", "desa": "Semata", "tanggal": "2026-08-12", "timestamp": "2026-08-12T01:38:00+07:00", "satelit": "NASA-SNPP", "confidence": "Medium"}}, {"type": "Feature", "geometry": {"type": "Point", "coordinates": [109.1076, 1.49605]}, "properties": {"kab_kota": "SAMBAS", "kecamatan": "Tangaran", "desa": "Semata", "tanggal": "2026-08-12", "timestamp": "2026-08-12T01:38:00+07:00", "satelit": "NASA-SNPP", "confidence": "Medium"}}, {"type": "Feature", "geometry": {"type": "Point", "coordinates": [109.11326, 1.49918]}, "properties": {"kab_kota": "SAMBAS", "kecamatan": "Tangaran", "desa": "Semata", "tanggal": "2026-08-12", "timestamp": "2026-08-12T01:38:00+07:00", "satelit": "NASA-SNPP", "confidence": "Medium"}}, {"type": "Feature", "geometry": {"type": "Point", "coordinates": [109.10824, 1.5]}, "properties": {"kab_kota": "SAMBAS", "kecamatan": "Tangaran", "desa": "Semata", "tanggal": "2026-08-12", "timestamp": "2026-08-12T01:38:00+07:00", "satelit": "NASA-SNPP", "confidence": "Medium"}}, {"type": "Feature", "geometry": {"type": "Point", "coordinates": [109.21554, 1.5374]}, "properties": {"kab_kota": "SAMBAS", "kecamatan": "Tangaran", "desa": "Tangaran", "tanggal": "2026-08-09", "timestamp": "2026-08-09T13:35:00+07:00", "satelit": "NASA-SNPP", "confidence": "Medium"}}, {"type": "Feature", "geometry": {"type": "Point", "coordinates": [109.18771, 1.13401]}, "properties": {"kab_kota": "SAMBAS", "kecamatan": "Tebas", "desa": "Batu Makjage", "tanggal": "2026-08-20", "timestamp": "2026-08-20T13:29:00+07:00", "satelit": "NASA-SNPP", "confidence": "Medium"}}, {"type": "Feature", "geometry": {"type": "Point", "coordinates": [109.20025, 1.16147]}, "properties": {"kab_kota": "SAMBAS", "kecamatan": "Tebas", "desa": "Batu Makjage", "tanggal": "2026-08-29", "timestamp": "2026-08-29T01:19:00+07:00", "satelit": "NASA-SNPP", "confidence": "Medium"}}, {"type": "Feature", "geometry": {"type": "Point", "coordinates": [109.19839, 1.15881]}, "properties": {"kab_kota": "SAMBAS", "kecamatan": "Tebas", "desa": "Batu Makjage", "tanggal": "2026-08-29", "timestamp": "2026-08-29T14:01:00+07:00", "satelit": "NASA-SNPP", "confidence": "Medium"}}, {"type": "Feature", "geometry": {"type": "Point", "coordinates": [109.20282, 1.15949]}, "properties": {"kab_kota": "SAMBAS", "kecamatan": "Tebas", "desa": "Batu Makjage", "tanggal": "2026-08-29", "timestamp": "2026-08-29T14:01:00+07:00", "satelit": "NASA-SNPP", "confidence": "Medium"}}, {"type": "Feature", "geometry": {"type": "Point", "coordinates": [109.1975, 1.16484]}, "properties": {"kab_kota": "SAMBAS", "kecamatan": "Tebas", "desa": "Batu Makjage", "tanggal": "2026-08-29", "timestamp": "2026-08-29T14:01:00+07:00", "satelit": "NASA-SNPP", "confidence": "Medium"}}, {"type": "Feature", "geometry": {"type": "Point", "coordinates": [109.20037, 1.1612]}, "properties": {"kab_kota": "SAMBAS", "kecamatan": "Tebas", "desa": "Batu Makjage", "tanggal": "2026-08-30", "timestamp": "2026-08-30T01:02:00+07:00", "satelit": "NASA-SNPP", "confidence": "Medium"}}, {"type": "Feature", "geometry": {"type": "Point", "coordinates": [109.20124, 1.16039]}, "properties": {"kab_kota": "SAMBAS", "kecamatan": "Tebas", "desa": "Batu Makjage", "tanggal": "2026-08-30", "timestamp": "2026-08-30T13:44:00+07:00", "satelit": "NASA-SNPP", "confidence": "Medium"}}, {"type": "Feature", "geometry": {"type": "Point", "coordinates": [109.20016, 1.16118]}, "properties": {"kab_kota": "SAMBAS", "kecamatan": "Tebas", "desa": "Batu Makjage", "tanggal": "2026-08-31", "timestamp": "2026-08-31T13:22:00+07:00", "satelit": "NASA-SNPP", "confidence": "Medium"}}, {"type": "Feature", "geometry": {"type": "Point", "coordinates": [109.2294, 1.12359]}, "properties": {"kab_kota": "SAMBAS", "kecamatan": "Tebas", "desa": "Maribas", "tanggal": "2026-08-11", "timestamp": "2026-08-11T12:57:00+07:00", "satelit": "NASA-SNPP", "confidence": "Medium"}}, {"type": "Feature", "geometry": {"type": "Point", "coordinates": [109.11923, 1.07665]}, "properties": {"kab_kota": "SAMBAS", "kecamatan": "Tebas", "desa": "Maribas", "tanggal": "2026-08-16", "timestamp": "2026-08-16T13:05:00+07:00", "satelit": "NASA-SNPP", "confidence": "Medium"}}, {"type": "Feature", "geometry": {"type": "Point", "coordinates": [109.11985, 1.07879]}, "properties": {"kab_kota": "SAMBAS", "kecamatan": "Tebas", "desa": "Maribas", "tanggal": "2026-08-16", "timestamp": "2026-08-16T13:05:00+07:00", "satelit": "NASA-SNPP", "confidence": "Medium"}}, {"type": "Feature", "geometry": {"type": "Point", "coordinates": [109.11698, 1.07915]}, "properties": {"kab_kota": "SAMBAS", "kecamatan": "Tebas", "desa": "Maribas", "tanggal": "2026-08-20", "timestamp": "2026-08-20T13:29:00+07:00", "satelit": "NASA-SNPP", "confidence": "Medium"}}, {"type": "Feature", "geometry": {"type": "Point", "coordinates": [109.16136, 1.11542]}, "properties": {"kab_kota": "SAMBAS", "kecamatan": "Tebas", "desa": "Maribas", "tanggal": "2026-08-22", "timestamp": "2026-08-22T12:53:00+07:00", "satelit": "NASA-SNPP", "confidence": "Medium"}}, {"type": "Feature", "geometry": {"type": "Point", "coordinates": [109.11961, 1.08905]}, "properties": {"kab_kota": "SAMBAS", "kecamatan": "Tebas", "desa": "Maribas", "tanggal": "2026-08-25", "timestamp": "2026-08-25T13:35:00+07:00", "satelit": "NASA-SNPP", "confidence": "Medium"}}, {"type": "Feature", "geometry": {"type": "Point", "coordinates": [109.12451, 1.0898]}, "properties": {"kab_kota": "SAMBAS", "kecamatan": "Tebas", "desa": "Maribas", "tanggal": "2026-08-25", "timestamp": "2026-08-25T13:35:00+07:00", "satelit": "NASA-SNPP", "confidence": "Medium"}}, {"type": "Feature", "geometry": {"type": "Point", "coordinates": [109.12393, 1.09372]}, "properties": {"kab_kota": "SAMBAS", "kecamatan": "Tebas", "desa": "Maribas", "tanggal": "2026-08-25", "timestamp": "2026-08-25T13:35:00+07:00", "satelit": "NASA-SNPP", "confidence": "Medium"}}, {"type": "Feature", "geometry": {"type": "Point", "coordinates": [109.1248, 1.08388]}, "properties": {"kab_kota": "SAMBAS", "kecamatan": "Tebas", "desa": "Maribas", "tanggal": "2026-08-27", "timestamp": "2026-08-27T01:58:00+07:00", "satelit": "NASA-SNPP", "confidence": "Medium"}}, {"type": "Feature", "geometry": {"type": "Point", "coordinates": [109.12128, 1.08446]}, "properties": {"kab_kota": "SAMBAS", "kecamatan": "Tebas", "desa": "Maribas", "tanggal": "2026-08-27", "timestamp": "2026-08-27T01:58:00+07:00", "satelit": "NASA-SNPP", "confidence": "Medium"}}, {"type": "Feature", "geometry": {"type": "Point", "coordinates": [109.12572, 1.08936]}, "properties": {"kab_kota": "SAMBAS", "kecamatan": "Tebas", "desa": "Maribas", "tanggal": "2026-08-27", "timestamp": "2026-08-27T01:58:00+07:00", "satelit": "NASA-SNPP", "confidence": "Medium"}}, {"type": "Feature", "geometry": {"type": "Point", "coordinates": [109.12218, 1.08994]}, "properties": {"kab_kota": "SAMBAS", "kecamatan": "Tebas", "desa": "Maribas", "tanggal": "2026-08-27", "timestamp": "2026-08-27T01:58:00+07:00", "satelit": "NASA-SNPP", "confidence": "Medium"}}, {"type": "Feature", "geometry": {"type": "Point", "coordinates": [109.12453, 1.08497]}, "properties": {"kab_kota": "SAMBAS", "kecamatan": "Tebas", "desa": "Maribas", "tanggal": "2026-08-28", "timestamp": "2026-08-28T01:41:00+07:00", "satelit": "NASA-SNPP", "confidence": "Medium"}}, {"type": "Feature", "geometry": {"type": "Point", "coordinates": [109.1275, 1.0866]}, "properties": {"kab_kota": "SAMBAS", "kecamatan": "Tebas", "desa": "Maribas", "tanggal": "2026-08-28", "timestamp": "2026-08-28T01:41:00+07:00", "satelit": "NASA-SNPP", "confidence": "Medium"}}, {"type": "Feature", "geometry": {"type": "Point", "coordinates": [109.12242, 1.0874]}, "properties": {"kab_kota": "SAMBAS", "kecamatan": "Tebas", "desa": "Maribas", "tanggal": "2026-08-28", "timestamp": "2026-08-28T01:41:00+07:00", "satelit": "NASA-SNPP", "confidence": "Medium"}}, {"type": "Feature", "geometry": {"type": "Point", "coordinates": [109.12516, 1.08894]}, "properties": {"kab_kota": "SAMBAS", "kecamatan": "Tebas", "desa": "Maribas", "tanggal": "2026-08-28", "timestamp": "2026-08-28T01:41:00+07:00", "satelit": "NASA-SNPP", "confidence": "Medium"}}, {"type": "Feature", "geometry": {"type": "Point", "coordinates": [109.12436, 1.08592]}, "properties": {"kab_kota": "SAMBAS", "kecamatan": "Tebas", "desa": "Maribas", "tanggal": "2026-08-30", "timestamp": "2026-08-30T01:02:00+07:00", "satelit": "NASA-SNPP", "confidence": "Medium"}}, {"type": "Feature", "geometry": {"type": "Point", "coordinates": [109.20098, 1.16517]}, "properties": {"kab_kota": "SAMBAS", "kecamatan": "Tebas", "desa": "Seberkat", "tanggal": "2026-08-30", "timestamp": "2026-08-30T01:02:00+07:00", "satelit": "NASA-SNPP", "confidence": "Medium"}}, {"type": "Feature", "geometry": {"type": "Point", "coordinates": [109.12909, 1.32868]}, "properties": {"kab_kota": "SAMBAS", "kecamatan": "Tekarang", "desa": "Merubung", "tanggal": "2026-08-29", "timestamp": "2026-08-29T14:01:00+07:00", "satelit": "NASA-SNPP", "confidence": "Medium"}}, {"type": "Feature", "geometry": {"type": "Point", "coordinates": [109.12858, 1.33006]}, "properties": {"kab_kota": "SAMBAS", "kecamatan": "Tekarang", "desa": "Merubung", "tanggal": "2026-08-29", "timestamp": "2026-08-29T14:01:00+07:00", "satelit": "NASA-SNPP", "confidence": "Medium"}}, {"type": "Feature", "geometry": {"type": "Point", "coordinates": [109.16154, 1.38603]}, "properties": {"kab_kota": "SAMBAS", "kecamatan": "Teluk Keramat", "desa": "Berlimang", "tanggal": "2026-08-17", "timestamp": "2026-08-17T12:46:00+07:00", "satelit": "NASA-SNPP", "confidence": "Medium"}}, {"type": "Feature", "geometry": {"type": "Point", "coordinates": [109.1637, 1.38715]}, "properties": {"kab_kota": "SAMBAS", "kecamatan": "Teluk Keramat", "desa": "Berlimang", "tanggal": "2026-08-17", "timestamp": "2026-08-17T12:46:00+07:00", "satelit": "NASA-SNPP", "confidence": "Medium"}}, {"type": "Feature", "geometry": {"type": "Point", "coordinates": [109.1551, 1.39011]}, "properties": {"kab_kota": "SAMBAS", "kecamatan": "Teluk Keramat", "desa": "Berlimang", "tanggal": "2026-08-17", "timestamp": "2026-08-17T12:46:00+07:00", "satelit": "NASA-SNPP", "confidence": "Medium"}}, {"type": "Feature", "geometry": {"type": "Point", "coordinates": [109.15154, 1.39038]}, "properties": {"kab_kota": "SAMBAS", "kecamatan": "Teluk Keramat", "desa": "Berlimang", "tanggal": "2026-08-17", "timestamp": "2026-08-17T12:46:00+07:00", "satelit": "NASA-SNPP", "confidence": "Medium"}}, {"type": "Feature", "geometry": {"type": "Point", "coordinates": [109.16079, 1.39104]}, "properties": {"kab_kota": "SAMBAS", "kecamatan": "Teluk Keramat", "desa": "Berlimang", "tanggal": "2026-08-17", "timestamp": "2026-08-17T12:46:00+07:00", "satelit": "NASA-SNPP", "confidence": "Medium"}}, {"type": "Feature", "geometry": {"type": "Point", "coordinates": [109.15723, 1.39127]}, "properties": {"kab_kota": "SAMBAS", "kecamatan": "Teluk Keramat", "desa": "Berlimang", "tanggal": "2026-08-17", "timestamp": "2026-08-17T12:46:00+07:00", "satelit": "NASA-SNPP", "confidence": "Medium"}}, {"type": "Feature", "geometry": {"type": "Point", "coordinates": [109.14867, 1.39419]}, "properties": {"kab_kota": "SAMBAS", "kecamatan": "Teluk Keramat", "desa": "Berlimang", "tanggal": "2026-08-17", "timestamp": "2026-08-17T12:46:00+07:00", "satelit": "NASA-SNPP", "confidence": "Medium"}}, {"type": "Feature", "geometry": {"type": "Point", "coordinates": [109.15434, 1.39512]}, "properties": {"kab_kota": "SAMBAS", "kecamatan": "Teluk Keramat", "desa": "Berlimang", "tanggal": "2026-08-17", "timestamp": "2026-08-17T12:46:00+07:00", "satelit": "NASA-SNPP", "confidence": "Medium"}}, {"type": "Feature", "geometry": {"type": "Point", "coordinates": [109.15076, 1.39539]}, "properties": {"kab_kota": "SAMBAS", "kecamatan": "Teluk Keramat", "desa": "Berlimang", "tanggal": "2026-08-17", "timestamp": "2026-08-17T12:46:00+07:00", "satelit": "NASA-SNPP", "confidence": "Medium"}}, {"type": "Feature", "geometry": {"type": "Point", "coordinates": [109.15157, 1.39009]}, "properties": {"kab_kota": "SAMBAS", "kecamatan": "Teluk Keramat", "desa": "Berlimang", "tanggal": "2026-08-20", "timestamp": "2026-08-20T13:29:00+07:00", "satelit": "NASA-SNPP", "confidence": "Medium"}}, {"type": "Feature", "geometry": {"type": "Point", "coordinates": [109.15102, 1.39368]}, "properties": {"kab_kota": "SAMBAS", "kecamatan": "Teluk Keramat", "desa": "Berlimang", "tanggal": "2026-08-20", "timestamp": "2026-08-20T13:29:00+07:00", "satelit": "NASA-SNPP", "confidence": "Medium"}}, {"type": "Feature", "geometry": {"type": "Point", "coordinates": [109.17092, 1.40328]}, "properties": {"kab_kota": "SAMBAS", "kecamatan": "Teluk Keramat", "desa": "Berlimang", "tanggal": "2026-08-23", "timestamp": "2026-08-23T12:33:00+07:00", "satelit": "NASA-SNPP", "confidence": "Medium"}}, {"type": "Feature", "geometry": {"type": "Point", "coordinates": [109.16975, 1.40094]}, "properties": {"kab_kota": "SAMBAS", "kecamatan": "Teluk Keramat", "desa": "Berlimang", "tanggal": "2026-08-24", "timestamp": "2026-08-24T01:13:00+07:00", "satelit": "NASA-SNPP", "confidence": "Medium"}}, {"type": "Feature", "geometry": {"type": "Point", "coordinates": [109.17029, 1.40434]}, "properties": {"kab_kota": "SAMBAS", "kecamatan": "Teluk Keramat", "desa": "Berlimang", "tanggal": "2026-08-24", "timestamp": "2026-08-24T01:13:00+07:00", "satelit": "NASA-SNPP", "confidence": "Medium"}}, {"type": "Feature", "geometry": {"type": "Point", "coordinates": [109.16585, 1.38396]}, "properties": {"kab_kota": "SAMBAS", "kecamatan": "Teluk Keramat", "desa": "Berlimang", "tanggal": "2026-08-24", "timestamp": "2026-08-24T13:57:00+07:00", "satelit": "NASA-SNPP", "confidence": "Medium"}}, {"type": "Feature", "geometry": {"type": "Point", "coordinates": [109.1728, 1.38502]}, "properties": {"kab_kota": "SAMBAS", "kecamatan": "Teluk Keramat", "desa": "Berlimang", "tanggal": "2026-08-24", "timestamp": "2026-08-24T13:57:00+07:00", "satelit": "NASA-SNPP", "confidence": "Medium"}}, {"type": "Feature", "geometry": {"type": "Point", "coordinates": [109.1685, 1.38994]}, "properties": {"kab_kota": "SAMBAS", "kecamatan": "Teluk Keramat", "desa": "Berlimang", "tanggal": "2026-08-24", "timestamp": "2026-08-24T13:57:00+07:00", "satelit": "NASA-SNPP", "confidence": "Medium"}}, {"type": "Feature", "geometry": {"type": "Point", "coordinates": [109.14613, 1.39765]}, "properties": {"kab_kota": "SAMBAS", "kecamatan": "Teluk Keramat", "desa": "Berlimang", "tanggal": "2026-08-24", "timestamp": "2026-08-24T13:57:00+07:00", "satelit": "NASA-SNPP", "confidence": "Medium"}}, {"type": "Feature", "geometry": {"type": "Point", "coordinates": [109.14533, 1.40309]}, "properties": {"kab_kota": "SAMBAS", "kecamatan": "Teluk Keramat", "desa": "Berlimang", "tanggal": "2026-08-24", "timestamp": "2026-08-24T13:57:00+07:00", "satelit": "NASA-SNPP", "confidence": "Medium"}}, {"type": "Feature", "geometry": {"type": "Point", "coordinates": [109.14938, 1.39971]}, "properties": {"kab_kota": "SAMBAS", "kecamatan": "Teluk Keramat", "desa": "Berlimang", "tanggal": "2026-08-25", "timestamp": "2026-08-25T00:56:00+07:00", "satelit": "NASA-SNPP", "confidence": "Medium"}}, {"type": "Feature", "geometry": {"type": "Point", "coordinates": [109.14574, 1.40484]}, "properties": {"kab_kota": "SAMBAS", "kecamatan": "Teluk Keramat", "desa": "Berlimang", "tanggal": "2026-08-25", "timestamp": "2026-08-25T00:56:00+07:00", "satelit": "NASA-SNPP", "confidence": "Medium"}}, {"type": "Feature", "geometry": {"type": "Point", "coordinates": [109.14977, 1.40489]}, "properties": {"kab_kota": "SAMBAS", "kecamatan": "Teluk Keramat", "desa": "Berlimang", "tanggal": "2026-08-25", "timestamp": "2026-08-25T13:37:00+07:00", "satelit": "NASA-SNPP", "confidence": "Medium"}}, {"type": "Feature", "geometry": {"type": "Point", "coordinates": [109.14723, 1.39336]}, "properties": {"kab_kota": "SAMBAS", "kecamatan": "Teluk Keramat", "desa": "Berlimang", "tanggal": "2026-08-27", "timestamp": "2026-08-27T12:59:00+07:00", "satelit": "NASA-SNPP", "confidence": "Medium"}}, {"type": "Feature", "geometry": {"type": "Point", "coordinates": [109.15013, 1.39796]}, "properties": {"kab_kota": "SAMBAS", "kecamatan": "Teluk Keramat", "desa": "Berlimang", "tanggal": "2026-08-27", "timestamp": "2026-08-27T12:59:00+07:00", "satelit": "NASA-SNPP", "confidence": "Medium"}}, {"type": "Feature", "geometry": {"type": "Point", "coordinates": [109.17483, 1.37809]}, "properties": {"kab_kota": "SAMBAS", "kecamatan": "Teluk Keramat", "desa": "Berlimang", "tanggal": "2026-08-31", "timestamp": "2026-08-31T00:41:00+07:00", "satelit": "NASA-SNPP", "confidence": "Medium"}}, {"type": "Feature", "geometry": {"type": "Point", "coordinates": [109.17933, 1.38305]}, "properties": {"kab_kota": "SAMBAS", "kecamatan": "Teluk Keramat", "desa": "Berlimang", "tanggal": "2026-08-31", "timestamp": "2026-08-31T00:41:00+07:00", "satelit": "NASA-SNPP", "confidence": "Medium"}}, {"type": "Feature", "geometry": {"type": "Point", "coordinates": [109.17574, 1.38361]}, "properties": {"kab_kota": "SAMBAS", "kecamatan": "Teluk Keramat", "desa": "Berlimang", "tanggal": "2026-08-31", "timestamp": "2026-08-31T00:41:00+07:00", "satelit": "NASA-SNPP", "confidence": "Medium"}}, {"type": "Feature", "geometry": {"type": "Point", "coordinates": [109.17743, 1.37749]}, "properties": {"kab_kota": "SAMBAS", "kecamatan": "Teluk Keramat", "desa": "Berlimang", "tanggal": "2026-08-31", "timestamp": "2026-08-31T13:22:00+07:00", "satelit": "NASA-SNPP", "confidence": "Medium"}}, {"type": "Feature", "geometry": {"type": "Point", "coordinates": [109.1767, 1.37802]}, "properties": {"kab_kota": "SAMBAS", "kecamatan": "Teluk Keramat", "desa": "Berlimang", "tanggal": "2026-08-31", "timestamp": "2026-08-31T13:22:00+07:00", "satelit": "NASA-SNPP", "confidence": "Medium"}}, {"type": "Feature", "geometry": {"type": "Point", "coordinates": [109.18029, 1.37857]}, "properties": {"kab_kota": "SAMBAS", "kecamatan": "Teluk Keramat", "desa": "Berlimang", "tanggal": "2026-08-31", "timestamp": "2026-08-31T13:22:00+07:00", "satelit": "NASA-SNPP", "confidence": "Medium"}}, {"type": "Feature", "geometry": {"type": "Point", "coordinates": [109.17619, 1.38141]}, "properties": {"kab_kota": "SAMBAS", "kecamatan": "Teluk Keramat", "desa": "Berlimang", "tanggal": "2026-08-31", "timestamp": "2026-08-31T13:22:00+07:00", "satelit": "NASA-SNPP", "confidence": "Medium"}}, {"type": "Feature", "geometry": {"type": "Point", "coordinates": [109.17977, 1.38195]}, "properties": {"kab_kota": "SAMBAS", "kecamatan": "Teluk Keramat", "desa": "Berlimang", "tanggal": "2026-08-31", "timestamp": "2026-08-31T13:22:00+07:00", "satelit": "NASA-SNPP", "confidence": "Medium"}}, {"type": "Feature", "geometry": {"type": "Point", "coordinates": [109.17568, 1.38479]}, "properties": {"kab_kota": "SAMBAS", "kecamatan": "Teluk Keramat", "desa": "Berlimang", "tanggal": "2026-08-31", "timestamp": "2026-08-31T13:22:00+07:00", "satelit": "NASA-SNPP", "confidence": "Medium"}}, {"type": "Feature", "geometry": {"type": "Point", "coordinates": [109.17927, 1.38533]}, "properties": {"kab_kota": "SAMBAS", "kecamatan": "Teluk Keramat", "desa": "Berlimang", "tanggal": "2026-08-31", "timestamp": "2026-08-31T13:22:00+07:00", "satelit": "NASA-SNPP", "confidence": "Medium"}}, {"type": "Feature", "geometry": {"type": "Point", "coordinates": [109.15163, 1.39844]}, "properties": {"kab_kota": "SAMBAS", "kecamatan": "Teluk Keramat", "desa": "Berlimang", "tanggal": "2026-08-31", "timestamp": "2026-08-31T13:22:00+07:00", "satelit": "NASA-SNPP", "confidence": "Medium"}}, {"type": "Feature", "geometry": {"type": "Point", "coordinates": [109.15419, 1.40574]}, "properties": {"kab_kota": "SAMBAS", "kecamatan": "Teluk Keramat", "desa": "Berlimang", "tanggal": "2026-08-31", "timestamp": "2026-08-31T13:22:00+07:00", "satelit": "NASA-SNPP", "confidence": "Medium"}}, {"type": "Feature", "geometry": {"type": "Point", "coordinates": [109.15778, 1.40629]}, "properties": {"kab_kota": "SAMBAS", "kecamatan": "Teluk Keramat", "desa": "Berlimang", "tanggal": "2026-08-31", "timestamp": "2026-08-31T13:22:00+07:00", "satelit": "NASA-SNPP", "confidence": "Medium"}}, {"type": "Feature", "geometry": {"type": "Point", "coordinates": [109.15246, 1.41947]}, "properties": {"kab_kota": "SAMBAS", "kecamatan": "Teluk Keramat", "desa": "Lela", "tanggal": "2026-08-18", "timestamp": "2026-08-18T12:27:00+07:00", "satelit": "NASA-SNPP", "confidence": "Medium"}}, {"type": "Feature", "geometry": {"type": "Point", "coordinates": [109.1478, 1.41528]}, "properties": {"kab_kota": "SAMBAS", "kecamatan": "Teluk Keramat", "desa": "Lela", "tanggal": "2026-08-20", "timestamp": "2026-08-20T13:29:00+07:00", "satelit": "NASA-SNPP", "confidence": "Medium"}}, {"type": "Feature", "geometry": {"type": "Point", "coordinates": [109.14726, 1.41888]}, "properties": {"kab_kota": "SAMBAS", "kecamatan": "Teluk Keramat", "desa": "Lela", "tanggal": "2026-08-20", "timestamp": "2026-08-20T13:29:00+07:00", "satelit": "NASA-SNPP", "confidence": "Medium"}}, {"type": "Feature", "geometry": {"type": "Point", "coordinates": [109.15545, 1.42012]}, "properties": {"kab_kota": "SAMBAS", "kecamatan": "Teluk Keramat", "desa": "Lela", "tanggal": "2026-08-20", "timestamp": "2026-08-20T13:29:00+07:00", "satelit": "NASA-SNPP", "confidence": "Medium"}}, {"type": "Feature", "geometry": {"type": "Point", "coordinates": [109.15956, 1.42075]}, "properties": {"kab_kota": "SAMBAS", "kecamatan": "Teluk Keramat", "desa": "Lela", "tanggal": "2026-08-20", "timestamp": "2026-08-20T13:29:00+07:00", "satelit": "NASA-SNPP", "confidence": "Medium"}}, {"type": "Feature", "geometry": {"type": "Point", "coordinates": [109.14672, 1.42248]}, "properties": {"kab_kota": "SAMBAS", "kecamatan": "Teluk Keramat", "desa": "Lela", "tanggal": "2026-08-20", "timestamp": "2026-08-20T13:29:00+07:00", "satelit": "NASA-SNPP", "confidence": "Medium"}}, {"type": "Feature", "geometry": {"type": "Point", "coordinates": [109.14619, 1.42608]}, "properties": {"kab_kota": "SAMBAS", "kecamatan": "Teluk Keramat", "desa": "Lela", "tanggal": "2026-08-20", "timestamp": "2026-08-20T13:29:00+07:00", "satelit": "NASA-SNPP", "confidence": "Medium"}}, {"type": "Feature", "geometry": {"type": "Point", "coordinates": [109.14565, 1.42968]}, "properties": {"kab_kota": "SAMBAS", "kecamatan": "Teluk Keramat", "desa": "Lela", "tanggal": "2026-08-20", "timestamp": "2026-08-20T13:29:00+07:00", "satelit": "NASA-SNPP", "confidence": "Medium"}}, {"type": "Feature", "geometry": {"type": "Point", "coordinates": [109.14974, 1.4303]}, "properties": {"kab_kota": "SAMBAS", "kecamatan": "Teluk Keramat", "desa": "Lela", "tanggal": "2026-08-20", "timestamp": "2026-08-20T13:29:00+07:00", "satelit": "NASA-SNPP", "confidence": "Medium"}}, {"type": "Feature", "geometry": {"type": "Point", "coordinates": [109.15383, 1.43093]}, "properties": {"kab_kota": "SAMBAS", "kecamatan": "Teluk Keramat", "desa": "Lela", "tanggal": "2026-08-20", "timestamp": "2026-08-20T13:29:00+07:00", "satelit": "NASA-SNPP", "confidence": "Medium"}}, {"type": "Feature", "geometry": {"type": "Point", "coordinates": [109.1492, 1.4339]}, "properties": {"kab_kota": "SAMBAS", "kecamatan": "Teluk Keramat", "desa": "Lela", "tanggal": "2026-08-20", "timestamp": "2026-08-20T13:29:00+07:00", "satelit": "NASA-SNPP", "confidence": "Medium"}}, {"type": "Feature", "geometry": {"type": "Point", "coordinates": [109.14802, 1.43399]}, "properties": {"kab_kota": "SAMBAS", "kecamatan": "Teluk Keramat", "desa": "Lela", "tanggal": "2026-08-21", "timestamp": "2026-08-21T00:30:00+07:00", "satelit": "NASA-SNPP", "confidence": "Medium"}}, {"type": "Feature", "geometry": {"type": "Point", "coordinates": [109.16004, 1.42675]}, "properties": {"kab_kota": "SAMBAS", "kecamatan": "Teluk Keramat", "desa": "Lela", "tanggal": "2026-08-22", "timestamp": "2026-08-22T01:51:00+07:00", "satelit": "NASA-SNPP", "confidence": "Medium"}}, {"type": "Feature", "geometry": {"type": "Point", "coordinates": [109.14357, 1.42944]}, "properties": {"kab_kota": "SAMBAS", "kecamatan": "Teluk Keramat", "desa": "Lela", "tanggal": "2026-08-22", "timestamp": "2026-08-22T01:51:00+07:00", "satelit": "NASA-SNPP", "confidence": "Medium"}}, {"type": "Feature", "geometry": {"type": "Point", "coordinates": [109.14438, 1.43435]}, "properties": {"kab_kota": "SAMBAS", "kecamatan": "Teluk Keramat", "desa": "Lela", "tanggal": "2026-08-22", "timestamp": "2026-08-22T01:51:00+07:00", "satelit": "NASA-SNPP", "confidence": "Medium"}}, {"type": "Feature", "geometry": {"type": "Point", "coordinates": [109.15611, 1.43748]}, "properties": {"kab_kota": "SAMBAS", "kecamatan": "Teluk Keramat", "desa": "Lela", "tanggal": "2026-08-22", "timestamp": "2026-08-22T01:51:00+07:00", "satelit": "NASA-SNPP", "confidence": "Medium"}}, {"type": "Feature", "geometry": {"type": "Point", "coordinates": [109.14274, 1.42868]}, "properties": {"kab_kota": "SAMBAS", "kecamatan": "Teluk Keramat", "desa": "Lela", "tanggal": "2026-08-23", "timestamp": "2026-08-23T01:32:00+07:00", "satelit": "NASA-SNPP", "confidence": "Medium"}}, {"type": "Feature", "geometry": {"type": "Point", "coordinates": [109.14331, 1.43229]}, "properties": {"kab_kota": "SAMBAS", "kecamatan": "Teluk Keramat", "desa": "Lela", "tanggal": "2026-08-23", "timestamp": "2026-08-23T01:32:00+07:00", "satelit": "NASA-SNPP", "confidence": "Medium"}}, {"type": "Feature", "geometry": {"type": "Point", "coordinates": [109.14487, 1.43084]}, "properties": {"kab_kota": "SAMBAS", "kecamatan": "Teluk Keramat", "desa": "Lela", "tanggal": "2026-08-24", "timestamp": "2026-08-24T13:57:00+07:00", "satelit": "NASA-SNPP", "confidence": "Medium"}}, {"type": "Feature", "geometry": {"type": "Point", "coordinates": [109.14137, 1.43104]}, "properties": {"kab_kota": "SAMBAS", "kecamatan": "Teluk Keramat", "desa": "Lela", "tanggal": "2026-08-24", "timestamp": "2026-08-24T13:57:00+07:00", "satelit": "NASA-SNPP", "confidence": "Medium"}}, {"type": "Feature", "geometry": {"type": "Point", "coordinates": [109.14484, 1.43155]}, "properties": {"kab_kota": "SAMBAS", "kecamatan": "Teluk Keramat", "desa": "Lela", "tanggal": "2026-08-24", "timestamp": "2026-08-24T13:57:00+07:00", "satelit": "NASA-SNPP", "confidence": "Medium"}}, {"type": "Feature", "geometry": {"type": "Point", "coordinates": [109.14062, 1.43575]}, "properties": {"kab_kota": "SAMBAS", "kecamatan": "Teluk Keramat", "desa": "Lela", "tanggal": "2026-08-24", "timestamp": "2026-08-24T13:57:00+07:00", "satelit": "NASA-SNPP", "confidence": "Medium"}}, {"type": "Feature", "geometry": {"type": "Point", "coordinates": [109.14408, 1.43629]}, "properties": {"kab_kota": "SAMBAS", "kecamatan": "Teluk Keramat", "desa": "Lela", "tanggal": "2026-08-24", "timestamp": "2026-08-24T13:57:00+07:00", "satelit": "NASA-SNPP", "confidence": "Medium"}}, {"type": "Feature", "geometry": {"type": "Point", "coordinates": [109.14057, 1.43648]}, "properties": {"kab_kota": "SAMBAS", "kecamatan": "Teluk Keramat", "desa": "Lela", "tanggal": "2026-08-24", "timestamp": "2026-08-24T13:57:00+07:00", "satelit": "NASA-SNPP", "confidence": "Medium"}}, {"type": "Feature", "geometry": {"type": "Point", "coordinates": [109.14117, 1.43291]}, "properties": {"kab_kota": "SAMBAS", "kecamatan": "Teluk Keramat", "desa": "Lela", "tanggal": "2026-08-25", "timestamp": "2026-08-25T00:56:00+07:00", "satelit": "NASA-SNPP", "confidence": "Medium"}}, {"type": "Feature", "geometry": {"type": "Point", "coordinates": [109.14392, 1.43511]}, "properties": {"kab_kota": "SAMBAS", "kecamatan": "Teluk Keramat", "desa": "Lela", "tanggal": "2026-08-25", "timestamp": "2026-08-25T00:56:00+07:00", "satelit": "NASA-SNPP", "confidence": "Medium"}}, {"type": "Feature", "geometry": {"type": "Point", "coordinates": [109.13869, 1.41125]}, "properties": {"kab_kota": "SAMBAS", "kecamatan": "Teluk Keramat", "desa": "Lela", "tanggal": "2026-08-25", "timestamp": "2026-08-25T13:37:00+07:00", "satelit": "NASA-SNPP", "confidence": "Medium"}}, {"type": "Feature", "geometry": {"type": "Point", "coordinates": [109.1381, 1.41518]}, "properties": {"kab_kota": "SAMBAS", "kecamatan": "Teluk Keramat", "desa": "Lela", "tanggal": "2026-08-25", "timestamp": "2026-08-25T13:37:00+07:00", "satelit": "NASA-SNPP", "confidence": "Medium"}}, {"type": "Feature", "geometry": {"type": "Point", "coordinates": [109.14569, 1.43244]}, "properties": {"kab_kota": "SAMBAS", "kecamatan": "Teluk Keramat", "desa": "Lela", "tanggal": "2026-08-25", "timestamp": "2026-08-25T13:37:00+07:00", "satelit": "NASA-SNPP", "confidence": "Medium"}}, {"type": "Feature", "geometry": {"type": "Point", "coordinates": [109.14512, 1.43638]}, "properties": {"kab_kota": "SAMBAS", "kecamatan": "Teluk Keramat", "desa": "Lela", "tanggal": "2026-08-25", "timestamp": "2026-08-25T13:37:00+07:00", "satelit": "NASA-SNPP", "confidence": "Medium"}}, {"type": "Feature", "geometry": {"type": "Point", "coordinates": [109.13979, 1.41351]}, "properties": {"kab_kota": "SAMBAS", "kecamatan": "Teluk Keramat", "desa": "Lela", "tanggal": "2026-08-27", "timestamp": "2026-08-27T01:58:00+07:00", "satelit": "NASA-SNPP", "confidence": "Medium"}}, {"type": "Feature", "geometry": {"type": "Point", "coordinates": [109.14127, 1.40897]}, "properties": {"kab_kota": "SAMBAS", "kecamatan": "Teluk Keramat", "desa": "Lela", "tanggal": "2026-08-27", "timestamp": "2026-08-27T12:59:00+07:00", "satelit": "NASA-SNPP", "confidence": "Medium"}}, {"type": "Feature", "geometry": {"type": "Point", "coordinates": [109.14828, 1.41007]}, "properties": {"kab_kota": "SAMBAS", "kecamatan": "Teluk Keramat", "desa": "Lela", "tanggal": "2026-08-27", "timestamp": "2026-08-27T12:59:00+07:00", "satelit": "NASA-SNPP", "confidence": "Medium"}}, {"type": "Feature", "geometry": {"type": "Point", "coordinates": [109.14065, 1.41301]}, "properties": {"kab_kota": "SAMBAS", "kecamatan": "Teluk Keramat", "desa": "Lela", "tanggal": "2026-08-27", "timestamp": "2026-08-27T12:59:00+07:00", "satelit": "NASA-SNPP", "confidence": "Medium"}}, {"type": "Feature", "geometry": {"type": "Point", "coordinates": [109.13941, 1.42109]}, "properties": {"kab_kota": "SAMBAS", "kecamatan": "Teluk Keramat", "desa": "Lela", "tanggal": "2026-08-27", "timestamp": "2026-08-27T12:59:00+07:00", "satelit": "NASA-SNPP", "confidence": "Medium"}}, {"type": "Feature", "geometry": {"type": "Point", "coordinates": [109.13879, 1.42513]}, "properties": {"kab_kota": "SAMBAS", "kecamatan": "Teluk Keramat", "desa": "Lela", "tanggal": "2026-08-27", "timestamp": "2026-08-27T12:59:00+07:00", "satelit": "NASA-SNPP", "confidence": "Medium"}}, {"type": "Feature", "geometry": {"type": "Point", "coordinates": [109.14832, 1.41294]}, "properties": {"kab_kota": "SAMBAS", "kecamatan": "Teluk Keramat", "desa": "Lela", "tanggal": "2026-08-29", "timestamp": "2026-08-29T01:19:00+07:00", "satelit": "NASA-SNPP", "confidence": "Medium"}}, {"type": "Feature", "geometry": {"type": "Point", "coordinates": [109.14443, 1.40635]}, "properties": {"kab_kota": "SAMBAS", "kecamatan": "Teluk Keramat", "desa": "Lela", "tanggal": "2026-08-29", "timestamp": "2026-08-29T14:01:00+07:00", "satelit": "NASA-SNPP", "confidence": "Medium"}}, {"type": "Feature", "geometry": {"type": "Point", "coordinates": [109.14886, 1.40704]}, "properties": {"kab_kota": "SAMBAS", "kecamatan": "Teluk Keramat", "desa": "Lela", "tanggal": "2026-08-29", "timestamp": "2026-08-29T14:01:00+07:00", "satelit": "NASA-SNPP", "confidence": "Medium"}}, {"type": "Feature", "geometry": {"type": "Point", "coordinates": [109.14271, 1.41842]}, "properties": {"kab_kota": "SAMBAS", "kecamatan": "Teluk Keramat", "desa": "Lela", "tanggal": "2026-08-29", "timestamp": "2026-08-29T14:01:00+07:00", "satelit": "NASA-SNPP", "confidence": "Medium"}}, {"type": "Feature", "geometry": {"type": "Point", "coordinates": [109.14715, 1.41911]}, "properties": {"kab_kota": "SAMBAS", "kecamatan": "Teluk Keramat", "desa": "Lela", "tanggal": "2026-08-29", "timestamp": "2026-08-29T14:01:00+07:00", "satelit": "NASA-SNPP", "confidence": "Medium"}}, {"type": "Feature", "geometry": {"type": "Point", "coordinates": [109.14066, 1.4071]}, "properties": {"kab_kota": "SAMBAS", "kecamatan": "Teluk Keramat", "desa": "Lela", "tanggal": "2026-08-30", "timestamp": "2026-08-30T01:02:00+07:00", "satelit": "NASA-SNPP", "confidence": "Medium"}}, {"type": "Feature", "geometry": {"type": "Point", "coordinates": [109.15419, 1.40904]}, "properties": {"kab_kota": "SAMBAS", "kecamatan": "Teluk Keramat", "desa": "Lela", "tanggal": "2026-08-30", "timestamp": "2026-08-30T01:02:00+07:00", "satelit": "NASA-SNPP", "confidence": "Medium"}}, {"type": "Feature", "geometry": {"type": "Point", "coordinates": [109.14902, 1.40986]}, "properties": {"kab_kota": "SAMBAS", "kecamatan": "Teluk Keramat", "desa": "Lela", "tanggal": "2026-08-30", "timestamp": "2026-08-30T01:02:00+07:00", "satelit": "NASA-SNPP", "confidence": "Medium"}}, {"type": "Feature", "geometry": {"type": "Point", "coordinates": [109.15191, 1.41098]}, "properties": {"kab_kota": "SAMBAS", "kecamatan": "Teluk Keramat", "desa": "Lela", "tanggal": "2026-08-30", "timestamp": "2026-08-30T01:02:00+07:00", "satelit": "NASA-SNPP", "confidence": "Medium"}}, {"type": "Feature", "geometry": {"type": "Point", "coordinates": [109.14845, 1.41151]}, "properties": {"kab_kota": "SAMBAS", "kecamatan": "Teluk Keramat", "desa": "Lela", "tanggal": "2026-08-30", "timestamp": "2026-08-30T01:02:00+07:00", "satelit": "NASA-SNPP", "confidence": "Medium"}}, {"type": "Feature", "geometry": {"type": "Point", "coordinates": [109.14965, 1.41386]}, "properties": {"kab_kota": "SAMBAS", "kecamatan": "Teluk Keramat", "desa": "Lela", "tanggal": "2026-08-30", "timestamp": "2026-08-30T01:02:00+07:00", "satelit": "NASA-SNPP", "confidence": "Medium"}}, {"type": "Feature", "geometry": {"type": "Point", "coordinates": [109.14908, 1.41551]}, "properties": {"kab_kota": "SAMBAS", "kecamatan": "Teluk Keramat", "desa": "Lela", "tanggal": "2026-08-30", "timestamp": "2026-08-30T01:02:00+07:00", "satelit": "NASA-SNPP", "confidence": "Medium"}}, {"type": "Feature", "geometry": {"type": "Point", "coordinates": [109.14562, 1.41603]}, "properties": {"kab_kota": "SAMBAS", "kecamatan": "Teluk Keramat", "desa": "Lela", "tanggal": "2026-08-30", "timestamp": "2026-08-30T01:02:00+07:00", "satelit": "NASA-SNPP", "confidence": "Medium"}}, {"type": "Feature", "geometry": {"type": "Point", "coordinates": [109.14217, 1.41656]}, "properties": {"kab_kota": "SAMBAS", "kecamatan": "Teluk Keramat", "desa": "Lela", "tanggal": "2026-08-30", "timestamp": "2026-08-30T01:02:00+07:00", "satelit": "NASA-SNPP", "confidence": "Medium"}}, {"type": "Feature", "geometry": {"type": "Point", "coordinates": [109.13978, 1.40635]}, "properties": {"kab_kota": "SAMBAS", "kecamatan": "Teluk Keramat", "desa": "Lela", "tanggal": "2026-08-30", "timestamp": "2026-08-30T13:44:00+07:00", "satelit": "NASA-SNPP", "confidence": "Medium"}}, {"type": "Feature", "geometry": {"type": "Point", "coordinates": [109.14265, 1.41571]}, "properties": {"kab_kota": "SAMBAS", "kecamatan": "Teluk Keramat", "desa": "Lela", "tanggal": "2026-08-30", "timestamp": "2026-08-30T13:44:00+07:00", "satelit": "NASA-SNPP", "confidence": "Medium"}}, {"type": "Feature", "geometry": {"type": "Point", "coordinates": [109.14201, 1.42008]}, "properties": {"kab_kota": "SAMBAS", "kecamatan": "Teluk Keramat", "desa": "Lela", "tanggal": "2026-08-30", "timestamp": "2026-08-30T13:44:00+07:00", "satelit": "NASA-SNPP", "confidence": "Medium"}}, {"type": "Feature", "geometry": {"type": "Point", "coordinates": [109.15098, 1.40895]}, "properties": {"kab_kota": "SAMBAS", "kecamatan": "Teluk Keramat", "desa": "Lela", "tanggal": "2026-08-31", "timestamp": "2026-08-31T00:41:00+07:00", "satelit": "NASA-SNPP", "confidence": "Medium"}}, {"type": "Feature", "geometry": {"type": "Point", "coordinates": [109.15044, 1.41028]}, "properties": {"kab_kota": "SAMBAS", "kecamatan": "Teluk Keramat", "desa": "Lela", "tanggal": "2026-08-31", "timestamp": "2026-08-31T00:41:00+07:00", "satelit": "NASA-SNPP", "confidence": "Medium"}}, {"type": "Feature", "geometry": {"type": "Point", "coordinates": [109.14405, 1.41697]}, "properties": {"kab_kota": "SAMBAS", "kecamatan": "Teluk Keramat", "desa": "Lela", "tanggal": "2026-08-31", "timestamp": "2026-08-31T00:41:00+07:00", "satelit": "NASA-SNPP", "confidence": "Medium"}}, {"type": "Feature", "geometry": {"type": "Point", "coordinates": [109.14043, 1.41755]}, "properties": {"kab_kota": "SAMBAS", "kecamatan": "Teluk Keramat", "desa": "Lela", "tanggal": "2026-08-31", "timestamp": "2026-08-31T00:41:00+07:00", "satelit": "NASA-SNPP", "confidence": "Medium"}}, {"type": "Feature", "geometry": {"type": "Point", "coordinates": [109.13936, 1.40695]}, "properties": {"kab_kota": "SAMBAS", "kecamatan": "Teluk Keramat", "desa": "Lela", "tanggal": "2026-08-31", "timestamp": "2026-08-31T13:22:00+07:00", "satelit": "NASA-SNPP", "confidence": "Medium"}}, {"type": "Feature", "geometry": {"type": "Point", "coordinates": [109.14294, 1.40749]}, "properties": {"kab_kota": "SAMBAS", "kecamatan": "Teluk Keramat", "desa": "Lela", "tanggal": "2026-08-31", "timestamp": "2026-08-31T13:22:00+07:00", "satelit": "NASA-SNPP", "confidence": "Medium"}}, {"type": "Feature", "geometry": {"type": "Point", "coordinates": [109.1793, 1.40956]}, "properties": {"kab_kota": "SAMBAS", "kecamatan": "Teluk Keramat", "desa": "Lela", "tanggal": "2026-08-31", "timestamp": "2026-08-31T13:22:00+07:00", "satelit": "NASA-SNPP", "confidence": "Medium"}}, {"type": "Feature", "geometry": {"type": "Point", "coordinates": [109.14959, 1.41196]}, "properties": {"kab_kota": "SAMBAS", "kecamatan": "Teluk Keramat", "desa": "Lela", "tanggal": "2026-08-31", "timestamp": "2026-08-31T13:22:00+07:00", "satelit": "NASA-SNPP", "confidence": "Medium"}}, {"type": "Feature", "geometry": {"type": "Point", "coordinates": [109.15318, 1.41251]}, "properties": {"kab_kota": "SAMBAS", "kecamatan": "Teluk Keramat", "desa": "Lela", "tanggal": "2026-08-31", "timestamp": "2026-08-31T13:22:00+07:00", "satelit": "NASA-SNPP", "confidence": "Medium"}}, {"type": "Feature", "geometry": {"type": "Point", "coordinates": [109.14909, 1.41534]}, "properties": {"kab_kota": "SAMBAS", "kecamatan": "Teluk Keramat", "desa": "Lela", "tanggal": "2026-08-31", "timestamp": "2026-08-31T13:22:00+07:00", "satelit": "NASA-SNPP", "confidence": "Medium"}}, {"type": "Feature", "geometry": {"type": "Point", "coordinates": [109.14142, 1.41763]}, "properties": {"kab_kota": "SAMBAS", "kecamatan": "Teluk Keramat", "desa": "Lela", "tanggal": "2026-08-31", "timestamp": "2026-08-31T13:22:00+07:00", "satelit": "NASA-SNPP", "confidence": "Medium"}}, {"type": "Feature", "geometry": {"type": "Point", "coordinates": [109.145, 1.41818]}, "properties": {"kab_kota": "SAMBAS", "kecamatan": "Teluk Keramat", "desa": "Lela", "tanggal": "2026-08-31", "timestamp": "2026-08-31T13:22:00+07:00", "satelit": "NASA-SNPP", "confidence": "Medium"}}, {"type": "Feature", "geometry": {"type": "Point", "coordinates": [109.14605, 1.43563]}, "properties": {"kab_kota": "SAMBAS", "kecamatan": "Teluk Keramat", "desa": "Lela", "tanggal": "2026-08-31", "timestamp": "2026-08-31T13:22:00+07:00", "satelit": "NASA-SNPP", "confidence": "Medium"}}, {"type": "Feature", "geometry": {"type": "Point", "coordinates": [109.14912, 1.43956]}, "properties": {"kab_kota": "SAMBAS", "kecamatan": "Teluk Keramat", "desa": "Lela", "tanggal": "2026-08-31", "timestamp": "2026-08-31T13:22:00+07:00", "satelit": "NASA-SNPP", "confidence": "Medium"}}, {"type": "Feature", "geometry": {"type": "Point", "coordinates": [109.28816, 1.54837]}, "properties": {"kab_kota": "SAMBAS", "kecamatan": "Teluk Keramat", "desa": "Samustida", "tanggal": "2026-08-10", "timestamp": "2026-08-10T13:18:00+07:00", "satelit": "NASA-SNPP", "confidence": "Medium"}}, {"type": "Feature", "geometry": {"type": "Point", "coordinates": [109.26223, 1.61406]}, "properties": {"kab_kota": "SAMBAS", "kecamatan": "Teluk Keramat", "desa": "Samustida", "tanggal": "2026-08-31", "timestamp": "2026-08-31T13:22:00+07:00", "satelit": "NASA-SNPP", "confidence": "Medium"}}, {"type": "Feature", "geometry": {"type": "Point", "coordinates": [109.14116, 1.45068]}, "properties": {"kab_kota": "SAMBAS", "kecamatan": "Teluk Keramat", "desa": "Sekura", "tanggal": "2026-08-15", "timestamp": "2026-08-15T13:22:00+07:00", "satelit": "NASA-SNPP", "confidence": "Medium"}}, {"type": "Feature", "geometry": {"type": "Point", "coordinates": [109.14476, 1.45123]}, "properties": {"kab_kota": "SAMBAS", "kecamatan": "Teluk Keramat", "desa": "Sekura", "tanggal": "2026-08-15", "timestamp": "2026-08-15T13:22:00+07:00", "satelit": "NASA-SNPP", "confidence": "Medium"}}, {"type": "Feature", "geometry": {"type": "Point", "coordinates": [109.14065, 1.45407]}, "properties": {"kab_kota": "SAMBAS", "kecamatan": "Teluk Keramat", "desa": "Sekura", "tanggal": "2026-08-15", "timestamp": "2026-08-15T13:22:00+07:00", "satelit": "NASA-SNPP", "confidence": "Medium"}}, {"type": "Feature", "geometry": {"type": "Point", "coordinates": [109.14424, 1.45462]}, "properties": {"kab_kota": "SAMBAS", "kecamatan": "Teluk Keramat", "desa": "Sekura", "tanggal": "2026-08-15", "timestamp": "2026-08-15T13:22:00+07:00", "satelit": "NASA-SNPP", "confidence": "Medium"}}, {"type": "Feature", "geometry": {"type": "Point", "coordinates": [109.15424, 1.44765]}, "properties": {"kab_kota": "SAMBAS", "kecamatan": "Teluk Keramat", "desa": "Sekura", "tanggal": "2026-08-18", "timestamp": "2026-08-18T12:27:00+07:00", "satelit": "NASA-SNPP", "confidence": "Medium"}}, {"type": "Feature", "geometry": {"type": "Point", "coordinates": [109.15135, 1.448]}, "properties": {"kab_kota": "SAMBAS", "kecamatan": "Teluk Keramat", "desa": "Sekura", "tanggal": "2026-08-18", "timestamp": "2026-08-18T12:27:00+07:00", "satelit": "NASA-SNPP", "confidence": "Medium"}}, {"type": "Feature", "geometry": {"type": "Point", "coordinates": [109.1471, 1.45346]}, "properties": {"kab_kota": "SAMBAS", "kecamatan": "Teluk Keramat", "desa": "Sekura", "tanggal": "2026-08-18", "timestamp": "2026-08-18T12:27:00+07:00", "satelit": "NASA-SNPP", "confidence": "Medium"}}, {"type": "Feature", "geometry": {"type": "Point", "coordinates": [109.15317, 1.45445]}, "properties": {"kab_kota": "SAMBAS", "kecamatan": "Teluk Keramat", "desa": "Sekura", "tanggal": "2026-08-18", "timestamp": "2026-08-18T12:27:00+07:00", "satelit": "NASA-SNPP", "confidence": "Medium"}}, {"type": "Feature", "geometry": {"type": "Point", "coordinates": [109.14895, 1.45323]}, "properties": {"kab_kota": "SAMBAS", "kecamatan": "Teluk Keramat", "desa": "Sekura", "tanggal": "2026-08-18", "timestamp": "2026-08-18T14:07:00+07:00", "satelit": "NASA-SNPP", "confidence": "Medium"}}, {"type": "Feature", "geometry": {"type": "Point", "coordinates": [109.15376, 1.45155]}, "properties": {"kab_kota": "SAMBAS", "kecamatan": "Teluk Keramat", "desa": "Sekura", "tanggal": "2026-08-20", "timestamp": "2026-08-20T00:47:00+07:00", "satelit": "NASA-SNPP", "confidence": "Medium"}}, {"type": "Feature", "geometry": {"type": "Point", "coordinates": [109.14615, 1.34213]}, "properties": {"kab_kota": "SAMBAS", "kecamatan": "Teluk Keramat", "desa": "Sengawang", "tanggal": "2026-08-23", "timestamp": "2026-08-23T12:33:00+07:00", "satelit": "NASA-SNPP", "confidence": "Medium"}}, {"type": "Feature", "geometry": {"type": "Point", "coordinates": [109.1474, 1.3442]}, "properties": {"kab_kota": "SAMBAS", "kecamatan": "Teluk Keramat", "desa": "Sengawang", "tanggal": "2026-08-23", "timestamp": "2026-08-23T12:33:00+07:00", "satelit": "NASA-SNPP", "confidence": "Medium"}}, {"type": "Feature", "geometry": {"type": "Point", "coordinates": [109.14567, 1.34206]}, "properties": {"kab_kota": "SAMBAS", "kecamatan": "Teluk Keramat", "desa": "Sengawang", "tanggal": "2026-08-24", "timestamp": "2026-08-24T01:13:00+07:00", "satelit": "NASA-SNPP", "confidence": "Medium"}}, {"type": "Feature", "geometry": {"type": "Point", "coordinates": [109.14536, 1.34058]}, "properties": {"kab_kota": "SAMBAS", "kecamatan": "Teluk Keramat", "desa": "Sengawang", "tanggal": "2026-08-24", "timestamp": "2026-08-24T13:57:00+07:00", "satelit": "NASA-SNPP", "confidence": "Medium"}}, {"type": "Feature", "geometry": {"type": "Point", "coordinates": [109.14388, 1.34172]}, "properties": {"kab_kota": "SAMBAS", "kecamatan": "Teluk Keramat", "desa": "Sengawang", "tanggal": "2026-08-24", "timestamp": "2026-08-24T13:57:00+07:00", "satelit": "NASA-SNPP", "confidence": "Medium"}}, {"type": "Feature", "geometry": {"type": "Point", "coordinates": [109.14085, 1.33883]}, "properties": {"kab_kota": "SAMBAS", "kecamatan": "Teluk Keramat", "desa": "Sengawang", "tanggal": "2026-08-30", "timestamp": "2026-08-30T13:44:00+07:00", "satelit": "NASA-SNPP", "confidence": "Medium"}}, {"type": "Feature", "geometry": {"type": "Point", "coordinates": [109.15224, 1.38249]}, "properties": {"kab_kota": "SAMBAS", "kecamatan": "Teluk Keramat", "desa": "Sungai Baru", "tanggal": "2026-08-15", "timestamp": "2026-08-15T13:22:00+07:00", "satelit": "NASA-SNPP", "confidence": "Medium"}}, {"type": "Feature", "geometry": {"type": "Point", "coordinates": [109.15942, 1.3836]}, "properties": {"kab_kota": "SAMBAS", "kecamatan": "Teluk Keramat", "desa": "Sungai Baru", "tanggal": "2026-08-15", "timestamp": "2026-08-15T13:22:00+07:00", "satelit": "NASA-SNPP", "confidence": "Medium"}}, {"type": "Feature", "geometry": {"type": "Point", "coordinates": [109.15173, 1.38588]}, "properties": {"kab_kota": "SAMBAS", "kecamatan": "Teluk Keramat", "desa": "Sungai Baru", "tanggal": "2026-08-15", "timestamp": "2026-08-15T13:22:00+07:00", "satelit": "NASA-SNPP", "confidence": "Medium"}}, {"type": "Feature", "geometry": {"type": "Point", "coordinates": [109.15231, 1.38537]}, "properties": {"kab_kota": "SAMBAS", "kecamatan": "Teluk Keramat", "desa": "Sungai Baru", "tanggal": "2026-08-17", "timestamp": "2026-08-17T12:46:00+07:00", "satelit": "NASA-SNPP", "confidence": "Medium"}}, {"type": "Feature", "geometry": {"type": "Point", "coordinates": [109.14941, 1.38918]}, "properties": {"kab_kota": "SAMBAS", "kecamatan": "Teluk Keramat", "desa": "Sungai Baru", "tanggal": "2026-08-17", "timestamp": "2026-08-17T12:46:00+07:00", "satelit": "NASA-SNPP", "confidence": "Medium"}}, {"type": "Feature", "geometry": {"type": "Point", "coordinates": [109.15166, 1.38446]}, "properties": {"kab_kota": "SAMBAS", "kecamatan": "Teluk Keramat", "desa": "Sungai Baru", "tanggal": "2026-08-18", "timestamp": "2026-08-18T12:27:00+07:00", "satelit": "NASA-SNPP", "confidence": "Medium"}}, {"type": "Feature", "geometry": {"type": "Point", "coordinates": [109.14964, 1.37508]}, "properties": {"kab_kota": "SAMBAS", "kecamatan": "Teluk Keramat", "desa": "Sungai Baru", "tanggal": "2026-08-20", "timestamp": "2026-08-20T13:29:00+07:00", "satelit": "NASA-SNPP", "confidence": "Medium"}}, {"type": "Feature", "geometry": {"type": "Point", "coordinates": [109.14909, 1.37867]}, "properties": {"kab_kota": "SAMBAS", "kecamatan": "Teluk Keramat", "desa": "Sungai Baru", "tanggal": "2026-08-20", "timestamp": "2026-08-20T13:29:00+07:00", "satelit": "NASA-SNPP", "confidence": "Medium"}}, {"type": "Feature", "geometry": {"type": "Point", "coordinates": [109.14447, 1.38166]}, "properties": {"kab_kota": "SAMBAS", "kecamatan": "Teluk Keramat", "desa": "Sungai Baru", "tanggal": "2026-08-20", "timestamp": "2026-08-20T13:29:00+07:00", "satelit": "NASA-SNPP", "confidence": "Medium"}}, {"type": "Feature", "geometry": {"type": "Point", "coordinates": [109.14802, 1.38587]}, "properties": {"kab_kota": "SAMBAS", "kecamatan": "Teluk Keramat", "desa": "Sungai Baru", "tanggal": "2026-08-20", "timestamp": "2026-08-20T13:29:00+07:00", "satelit": "NASA-SNPP", "confidence": "Medium"}}, {"type": "Feature", "geometry": {"type": "Point", "coordinates": [109.14586, 1.3908]}, "properties": {"kab_kota": "SAMBAS", "kecamatan": "Teluk Keramat", "desa": "Sungai Baru", "tanggal": "2026-08-24", "timestamp": "2026-08-24T01:13:00+07:00", "satelit": "NASA-SNPP", "confidence": "Medium"}}, {"type": "Feature", "geometry": {"type": "Point", "coordinates": [109.17018, 1.37905]}, "properties": {"kab_kota": "SAMBAS", "kecamatan": "Teluk Keramat", "desa": "Sungai Baru", "tanggal": "2026-08-24", "timestamp": "2026-08-24T13:57:00+07:00", "satelit": "NASA-SNPP", "confidence": "Medium"}}, {"type": "Feature", "geometry": {"type": "Point", "coordinates": [109.14349, 1.39168]}, "properties": {"kab_kota": "SAMBAS", "kecamatan": "Teluk Keramat", "desa": "Sungai Baru", "tanggal": "2026-08-24", "timestamp": "2026-08-24T13:57:00+07:00", "satelit": "NASA-SNPP", "confidence": "Medium"}}, {"type": "Feature", "geometry": {"type": "Point", "coordinates": [109.16309, 1.38348]}, "properties": {"kab_kota": "SAMBAS", "kecamatan": "Teluk Keramat", "desa": "Sungai Baru", "tanggal": "2026-08-27", "timestamp": "2026-08-27T12:59:00+07:00", "satelit": "NASA-SNPP", "confidence": "Medium"}}, {"type": "Feature", "geometry": {"type": "Point", "coordinates": [109.14785, 1.38932]}, "properties": {"kab_kota": "SAMBAS", "kecamatan": "Teluk Keramat", "desa": "Sungai Baru", "tanggal": "2026-08-27", "timestamp": "2026-08-27T12:59:00+07:00", "satelit": "NASA-SNPP", "confidence": "Medium"}}, {"type": "Feature", "geometry": {"type": "Point", "coordinates": [109.17027, 1.37639]}, "properties": {"kab_kota": "SAMBAS", "kecamatan": "Teluk Keramat", "desa": "Sungai Baru", "tanggal": "2026-08-31", "timestamp": "2026-08-31T13:22:00+07:00", "satelit": "NASA-SNPP", "confidence": "Medium"}}, {"type": "Feature", "geometry": {"type": "Point", "coordinates": [109.16953, 1.37694]}, "properties": {"kab_kota": "SAMBAS", "kecamatan": "Teluk Keramat", "desa": "Sungai Baru", "tanggal": "2026-08-31", "timestamp": "2026-08-31T13:22:00+07:00", "satelit": "NASA-SNPP", "confidence": "Medium"}}, {"type": "Feature", "geometry": {"type": "Point", "coordinates": [109.14651, 1.38383]}, "properties": {"kab_kota": "SAMBAS", "kecamatan": "Teluk Keramat", "desa": "Sungai Baru", "tanggal": "2026-08-31", "timestamp": "2026-08-31T13:22:00+07:00", "satelit": "NASA-SNPP", "confidence": "Medium"}}, {"type": "Feature", "geometry": {"type": "Point", "coordinates": [109.14488, 1.44482]}, "properties": {"kab_kota": "SAMBAS", "kecamatan": "Teluk Keramat", "desa": "Sungai Kumpai", "tanggal": "2026-08-10", "timestamp": "2026-08-10T13:18:00+07:00", "satelit": "NASA-SNPP", "confidence": "Medium"}}, {"type": "Feature", "geometry": {"type": "Point", "coordinates": [109.14577, 1.44445]}, "properties": {"kab_kota": "SAMBAS", "kecamatan": "Teluk Keramat", "desa": "Sungai Kumpai", "tanggal": "2026-08-15", "timestamp": "2026-08-15T13:22:00+07:00", "satelit": "NASA-SNPP", "confidence": "Medium"}}, {"type": "Feature", "geometry": {"type": "Point", "coordinates": [109.14526, 1.44784]}, "properties": {"kab_kota": "SAMBAS", "kecamatan": "Teluk Keramat", "desa": "Sungai Kumpai", "tanggal": "2026-08-15", "timestamp": "2026-08-15T13:22:00+07:00", "satelit": "NASA-SNPP", "confidence": "Medium"}}, {"type": "Feature", "geometry": {"type": "Point", "coordinates": [109.15231, 1.4461]}, "properties": {"kab_kota": "SAMBAS", "kecamatan": "Teluk Keramat", "desa": "Sungai Kumpai", "tanggal": "2026-08-17", "timestamp": "2026-08-17T12:46:00+07:00", "satelit": "NASA-SNPP", "confidence": "Medium"}}, {"type": "Feature", "geometry": {"type": "Point", "coordinates": [109.14815, 1.44666]}, "properties": {"kab_kota": "SAMBAS", "kecamatan": "Teluk Keramat", "desa": "Sungai Kumpai", "tanggal": "2026-08-18", "timestamp": "2026-08-18T12:27:00+07:00", "satelit": "NASA-SNPP", "confidence": "Medium"}}, {"type": "Feature", "geometry": {"type": "Point", "coordinates": [109.16626, 1.4434]}, "properties": {"kab_kota": "SAMBAS", "kecamatan": "Teluk Keramat", "desa": "Sungai Kumpai", "tanggal": "2026-08-23", "timestamp": "2026-08-23T01:32:00+07:00", "satelit": "NASA-SNPP", "confidence": "Medium"}}, {"type": "Feature", "geometry": {"type": "Point", "coordinates": [109.14146, 1.44739]}, "properties": {"kab_kota": "SAMBAS", "kecamatan": "Teluk Keramat", "desa": "Sungai Kumpai", "tanggal": "2026-08-23", "timestamp": "2026-08-23T01:32:00+07:00", "satelit": "NASA-SNPP", "confidence": "Medium"}}, {"type": "Feature", "geometry": {"type": "Point", "coordinates": [109.1433, 1.44173]}, "properties": {"kab_kota": "SAMBAS", "kecamatan": "Teluk Keramat", "desa": "Sungai Kumpai", "tanggal": "2026-08-24", "timestamp": "2026-08-24T13:57:00+07:00", "satelit": "NASA-SNPP", "confidence": "Medium"}}, {"type": "Feature", "geometry": {"type": "Point", "coordinates": [109.14326, 1.44244]}, "properties": {"kab_kota": "SAMBAS", "kecamatan": "Teluk Keramat", "desa": "Sungai Kumpai", "tanggal": "2026-08-24", "timestamp": "2026-08-24T13:57:00+07:00", "satelit": "NASA-SNPP", "confidence": "Medium"}}, {"type": "Feature", "geometry": {"type": "Point", "coordinates": [109.14503, 1.44239]}, "properties": {"kab_kota": "SAMBAS", "kecamatan": "Teluk Keramat", "desa": "Sungai Kumpai", "tanggal": "2026-08-31", "timestamp": "2026-08-31T13:22:00+07:00", "satelit": "NASA-SNPP", "confidence": "Medium"}}, {"type": "Feature", "geometry": {"type": "Point", "coordinates": [109.14861, 1.44294]}, "properties": {"kab_kota": "SAMBAS", "kecamatan": "Teluk Keramat", "desa": "Sungai Kumpai", "tanggal": "2026-08-31", "timestamp": "2026-08-31T13:22:00+07:00", "satelit": "NASA-SNPP", "confidence": "Medium"}}, {"type": "Feature", "geometry": {"type": "Point", "coordinates": [109.13735, 1.44467]}, "properties": {"kab_kota": "SAMBAS", "kecamatan": "Teluk Keramat", "desa": "Sungai Kumpai", "tanggal": "2026-08-31", "timestamp": "2026-08-31T13:22:00+07:00", "satelit": "NASA-SNPP", "confidence": "Medium"}}, {"type": "Feature", "geometry": {"type": "Point", "coordinates": [109.16653, 1.44568]}, "properties": {"kab_kota": "SAMBAS", "kecamatan": "Teluk Keramat", "desa": "Sungai Kumpai", "tanggal": "2026-08-31", "timestamp": "2026-08-31T13:22:00+07:00", "satelit": "NASA-SNPP", "confidence": "Medium"}}, {"type": "Feature", "geometry": {"type": "Point", "coordinates": [109.13685, 1.44805]}, "properties": {"kab_kota": "SAMBAS", "kecamatan": "Teluk Keramat", "desa": "Sungai Kumpai", "tanggal": "2026-08-31", "timestamp": "2026-08-31T13:22:00+07:00", "satelit": "NASA-SNPP", "confidence": "Medium"}}, {"type": "Feature", "geometry": {"type": "Point", "coordinates": [109.13926, 1.33407]}, "properties": {"kab_kota": "SAMBAS", "kecamatan": "Teluk Keramat", "desa": "Teluk Kaseh", "tanggal": "2026-08-24", "timestamp": "2026-08-24T13:57:00+07:00", "satelit": "NASA-SNPP", "confidence": "Medium"}}, {"type": "Feature", "geometry": {"type": "Point", "coordinates": [109.13778, 1.33526]}, "properties": {"kab_kota": "SAMBAS", "kecamatan": "Teluk Keramat", "desa": "Teluk Kaseh", "tanggal": "2026-08-24", "timestamp": "2026-08-24T13:57:00+07:00", "satelit": "NASA-SNPP", "confidence": "Medium"}}, {"type": "Feature", "geometry": {"type": "Point", "coordinates": [109.137, 1.33608]}, "properties": {"kab_kota": "SAMBAS", "kecamatan": "Teluk Keramat", "desa": "Teluk Kaseh", "tanggal": "2026-08-29", "timestamp": "2026-08-29T14:01:00+07:00", "satelit": "NASA-SNPP", "confidence": "Medium"}}, {"type": "Feature", "geometry": {"type": "Point", "coordinates": [109.13321, 1.33319]}, "properties": {"kab_kota": "SAMBAS", "kecamatan": "Teluk Keramat", "desa": "Teluk Kaseh", "tanggal": "2026-08-30", "timestamp": "2026-08-30T13:44:00+07:00", "satelit": "NASA-SNPP", "confidence": "Medium"}}, {"type": "Feature", "geometry": {"type": "Point", "coordinates": [109.13443, 1.33335]}, "properties": {"kab_kota": "SAMBAS", "kecamatan": "Teluk Keramat", "desa": "Teluk Kaseh", "tanggal": "2026-08-31", "timestamp": "2026-08-31T00:41:00+07:00", "satelit": "NASA-SNPP", "confidence": "Medium"}}, {"type": "Feature", "geometry": {"type": "Point", "coordinates": [109.13701, 1.32979]}, "properties": {"kab_kota": "SAMBAS", "kecamatan": "Teluk Keramat", "desa": "Teluk Kaseh", "tanggal": "2026-08-31", "timestamp": "2026-08-31T13:22:00+07:00", "satelit": "NASA-SNPP", "confidence": "Medium"}}, {"type": "Feature", "geometry": {"type": "Point", "coordinates": [109.14059, 1.33034]}, "properties": {"kab_kota": "SAMBAS", "kecamatan": "Teluk Keramat", "desa": "Teluk Kaseh", "tanggal": "2026-08-31", "timestamp": "2026-08-31T13:22:00+07:00", "satelit": "NASA-SNPP", "confidence": "Medium"}}, {"type": "Feature", "geometry": {"type": "Point", "coordinates": [109.14008, 1.33372]}, "properties": {"kab_kota": "SAMBAS", "kecamatan": "Teluk Keramat", "desa": "Teluk Kaseh", "tanggal": "2026-08-31", "timestamp": "2026-08-31T13:22:00+07:00", "satelit": "NASA-SNPP", "confidence": "Medium"}}, {"type": "Feature", "geometry": {"type": "Point", "coordinates": [109.13599, 1.33655]}, "properties": {"kab_kota": "SAMBAS", "kecamatan": "Teluk Keramat", "desa": "Teluk Kaseh", "tanggal": "2026-08-31", "timestamp": "2026-08-31T13:22:00+07:00", "satelit": "NASA-SNPP", "confidence": "Medium"}}]}