{"type": "FeatureCollection", "features": [{"type": "Feature", "geometry": {"type": "Point", "coordinates": [109.01615, 0.41311]}, "properties": {"kab_kota": "MEMPAWAH", "kecamatan": "Mempawah Hilir", "desa": "Pasir", "tanggal": "2026-08-29", "timestamp": "2026-08-29T20:18:00+07:00", "satelit": "NASA-MODIS", "confidence": "High"}}, {"type": "Feature", "geometry": {"type": "Point", "coordinates": [109.02554, 0.41441]}, "properties": {"kab_kota": "MEMPAWAH", "kecamatan": "Mempawah Hilir", "desa": "Pasir", "tanggal": "2026-08-29", "timestamp": "2026-08-29T20:18:00+07:00", "satelit": "NASA-MODIS", "confidence": "High"}}, {"type": "Feature", "geometry": {"type": "Point", "coordinates": [109.01489, 0.42219]}, "properties": {"kab_kota": "MEMPAWAH", "kecamatan": "Mempawah Hilir", "desa": "Pasir", "tanggal": "2026-08-29", "timestamp": "2026-08-29T20:18:00+07:00", "satelit": "NASA-MODIS", "confidence": "High"}}, {"type": "Feature", "geometry": {"type": "Point", "coordinates": [109.02427, 0.42349]}, "properties": {"kab_kota": "MEMPAWAH", "kecamatan": "Mempawah Hilir", "desa": "Pasir", "tanggal": "2026-08-29", "timestamp": "2026-08-29T20:18:00+07:00", "satelit": "NASA-MODIS", "confidence": "High"}}, {"type": "Feature", "geometry": {"type": "Point", "coordinates": [109.02922, 0.41637]}, "properties": {"kab_kota": "MEMPAWAH", "kecamatan": "Mempawah Hilir", "desa": "Pasir", "tanggal": "2026-08-30", "timestamp": "2026-08-30T03:19:00+07:00", "satelit": "NASA-MODIS", "confidence": "High"}}, {"type": "Feature", "geometry": {"type": "Point", "coordinates": [109.02036, 0.41771]}, "properties": {"kab_kota": "MEMPAWAH", "kecamatan": "Mempawah Hilir", "desa": "Pasir", "tanggal": "2026-08-30", "timestamp": "2026-08-30T03:19:00+07:00", "satelit": "NASA-MODIS", "confidence": "High"}}, {"type": "Feature", "geometry": {"type": "Point", "coordinates": [109.03052, 0.4252]}, "properties": {"kab_kota": "MEMPAWAH", "kecamatan": "Mempawah Hilir", "desa": "Pasir", "tanggal": "2026-08-30", "timestamp": "2026-08-30T03:19:00+07:00", "satelit": "NASA-MODIS", "confidence": "High"}}, {"type": "Feature", "geometry": {"type": "Point", "coordinates": [109.02749, 0.41285]}, "properties": {"kab_kota": "MEMPAWAH", "kecamatan": "Mempawah Hilir", "desa": "Pasir", "tanggal": "2026-08-30", "timestamp": "2026-08-30T15:39:00+07:00", "satelit": "NASA-MODIS", "confidence": "High"}}, {"type": "Feature", "geometry": {"type": "Point", "coordinates": [109.03743, 0.43595]}, "properties": {"kab_kota": "MEMPAWAH", "kecamatan": "Mempawah Hilir", "desa": "Pasir", "tanggal": "2026-08-30", "timestamp": "2026-08-30T15:39:00+07:00", "satelit": "NASA-MODIS", "confidence": "High"}}, {"type": "Feature", "geometry": {"type": "Point", "coordinates": [109.03921, 0.45328]}, "properties": {"kab_kota": "MEMPAWAH", "kecamatan": "Mempawah Hilir", "desa": "Sengkubang", "tanggal": "2026-08-29", "timestamp": "2026-08-29T20:18:00+07:00", "satelit": "NASA-MODIS", "confidence": "High"}}, {"type": "Feature", "geometry": {"type": "Point", "coordinates": [109.04856, 0.45456]}, "properties": {"kab_kota": "MEMPAWAH", "kecamatan": "Mempawah Hilir", "desa": "Sengkubang", "tanggal": "2026-08-29", "timestamp": "2026-08-29T20:18:00+07:00", "satelit": "NASA-MODIS", "confidence": "High"}}, {"type": "Feature", "geometry": {"type": "Point", "coordinates": [109.03794, 0.46235]}, "properties": {"kab_kota": "MEMPAWAH", "kecamatan": "Mempawah Hilir", "desa": "Sengkubang", "tanggal": "2026-08-29", "timestamp": "2026-08-29T20:18:00+07:00", "satelit": "NASA-MODIS", "confidence": "High"}}, {"type": "Feature", "geometry": {"type": "Point", "coordinates": [109.0473, 0.46363]}, "properties": {"kab_kota": "MEMPAWAH", "kecamatan": "Mempawah Hilir", "desa": "Sengkubang", "tanggal": "2026-08-29", "timestamp": "2026-08-29T20:18:00+07:00", "satelit": "NASA-MODIS", "confidence": "High"}}, {"type": "Feature", "geometry": {"type": "Point", "coordinates": [109.04456, 0.45918]}, "properties": {"kab_kota": "MEMPAWAH", "kecamatan": "Mempawah Hilir", "desa": "Sengkubang", "tanggal": "2026-08-30", "timestamp": "2026-08-30T03:19:00+07:00", "satelit": "NASA-MODIS", "confidence": "High"}}, {"type": "Feature", "geometry": {"type": "Point", "coordinates": [109.26305, 0.10968]}, "properties": {"kab_kota": "MEMPAWAH", "kecamatan": "Siantan", "desa": "Wajok Hilir", "tanggal": "2026-08-09", "timestamp": "2026-08-09T15:24:00+07:00", "satelit": "NASA-MODIS", "confidence": "High"}}, {"type": "Feature", "geometry": {"type": "Point", "coordinates": [109.27266, 0.11109]}, "properties": {"kab_kota": "MEMPAWAH", "kecamatan": "Siantan", "desa": "Wajok Hilir", "tanggal": "2026-08-09", "timestamp": "2026-08-09T15:24:00+07:00", "satelit": "NASA-MODIS", "confidence": "High"}}, {"type": "Feature", "geometry": {"type": "Point", "coordinates": [109.27014, 0.1166]}, "properties": {"kab_kota": "MEMPAWAH", "kecamatan": "Siantan", "desa": "Wajok Hilir", "tanggal": "2026-08-09", "timestamp": "2026-08-09T20:25:00+07:00", "satelit": "NASA-MODIS", "confidence": "High"}}, {"type": "Feature", "geometry": {"type": "Point", "coordinates": [109.27512, 0.10233]}, "properties": {"kab_kota": "MEMPAWAH", "kecamatan": "Siantan", "desa": "Wajok Hilir", "tanggal": "2026-08-16", "timestamp": "2026-08-16T14:56:00+07:00", "satelit": "NASA-MODIS", "confidence": "High"}}, {"type": "Feature", "geometry": {"type": "Point", "coordinates": [109.26345, 0.11647]}, "properties": {"kab_kota": "MEMPAWAH", "kecamatan": "Siantan", "desa": "Wajok Hilir", "tanggal": "2026-08-24", "timestamp": "2026-08-24T20:18:00+07:00", "satelit": "NASA-MODIS", "confidence": "High"}}, {"type": "Feature", "geometry": {"type": "Point", "coordinates": [109.37562, 0.07845]}, "properties": {"kab_kota": "MEMPAWAH", "kecamatan": "Siantan", "desa": "Wajok Hulu", "tanggal": "2026-08-04", "timestamp": "2026-08-04T20:25:00+07:00", "satelit": "NASA-MODIS", "confidence": "High"}}, {"type": "Feature", "geometry": {"type": "Point", "coordinates": [109.0045, 0.5329]}, "properties": {"kab_kota": "MEMPAWAH", "kecamatan": "Sungai Kunyit", "desa": "Bukit Batu", "tanggal": "2026-08-09", "timestamp": "2026-08-09T15:24:00+07:00", "satelit": "NASA-MODIS", "confidence": "High"}}, {"type": "Feature", "geometry": {"type": "Point", "coordinates": [109.00302, 0.52619]}, "properties": {"kab_kota": "MEMPAWAH", "kecamatan": "Sungai Kunyit", "desa": "Bukit Batu", "tanggal": "2026-08-19", "timestamp": "2026-08-19T20:23:00+07:00", "satelit": "NASA-MODIS", "confidence": "High"}}, {"type": "Feature", "geometry": {"type": "Point", "coordinates": [109.0121, 0.52743]}, "properties": {"kab_kota": "MEMPAWAH", "kecamatan": "Sungai Kunyit", "desa": "Bukit Batu", "tanggal": "2026-08-19", "timestamp": "2026-08-19T20:23:00+07:00", "satelit": "NASA-MODIS", "confidence": "High"}}, {"type": "Feature", "geometry": {"type": "Point", "coordinates": [109.02118, 0.52867]}, "properties": {"kab_kota": "MEMPAWAH", "kecamatan": "Sungai Kunyit", "desa": "Bukit Batu", "tanggal": "2026-08-19", "timestamp": "2026-08-19T20:23:00+07:00", "satelit": "NASA-MODIS", "confidence": "High"}}, {"type": "Feature", "geometry": {"type": "Point", "coordinates": [109.01051, 0.52802]}, "properties": {"kab_kota": "MEMPAWAH", "kecamatan": "Sungai Kunyit", "desa": "Bukit Batu", "tanggal": "2026-08-20", "timestamp": "2026-08-20T03:32:00+07:00", "satelit": "NASA-MODIS", "confidence": "High"}}, {"type": "Feature", "geometry": {"type": "Point", "coordinates": [108.99267, 0.52069]}, "properties": {"kab_kota": "MEMPAWAH", "kecamatan": "Sungai Kunyit", "desa": "Bukit Batu", "tanggal": "2026-08-30", "timestamp": "2026-08-30T15:39:00+07:00", "satelit": "NASA-MODIS", "confidence": "High"}}, {"type": "Feature", "geometry": {"type": "Point", "coordinates": [108.98958, 0.47613]}, "properties": {"kab_kota": "MEMPAWAH", "kecamatan": "Sungai Kunyit", "desa": "Semudun", "tanggal": "2026-08-09", "timestamp": "2026-08-09T15:24:00+07:00", "satelit": "NASA-MODIS", "confidence": "High"}}, {"type": "Feature", "geometry": {"type": "Point", "coordinates": [109.02242, 0.51973]}, "properties": {"kab_kota": "MEMPAWAH", "kecamatan": "Sungai Kunyit", "desa": "Sungai Kunyit Hulu", "tanggal": "2026-08-19", "timestamp": "2026-08-19T20:23:00+07:00", "satelit": "NASA-MODIS", "confidence": "High"}}, {"type": "Feature", "geometry": {"type": "Point", "coordinates": [108.99615, 0.51183]}, "properties": {"kab_kota": "MEMPAWAH", "kecamatan": "Sungai Kunyit", "desa": "Sungai Kunyit Hulu", "tanggal": "2026-08-29", "timestamp": "2026-08-29T20:18:00+07:00", "satelit": "NASA-MODIS", "confidence": "High"}}, {"type": "Feature", "geometry": {"type": "Point", "coordinates": [108.99421, 0.51012]}, "properties": {"kab_kota": "MEMPAWAH", "kecamatan": "Sungai Kunyit", "desa": "Sungai Kunyit Hulu", "tanggal": "2026-08-30", "timestamp": "2026-08-30T15:39:00+07:00", "satelit": "NASA-MODIS", "confidence": "High"}}, {"type": "Feature", "geometry": {"type": "Point", "coordinates": [109.07072, 0.33771]}, "properties": {"kab_kota": "MEMPAWAH", "kecamatan": "Sungai Pinyuh", "desa": "Sungai Rasau Besar Darat", "tanggal": "2026-08-29", "timestamp": "2026-08-29T20:18:00+07:00", "satelit": "NASA-MODIS", "confidence": "High"}}, {"type": "Feature", "geometry": {"type": "Point", "coordinates": [109.28156, 0.11517]}, "properties": {"kab_kota": "MEMPAWAH", "kecamatan": "Siantan", "desa": "Wajok Hilir", "tanggal": "2026-08-09", "timestamp": "2026-08-09T03:06:00+07:00", "satelit": "NASA-MODIS", "confidence": "Low"}}, {"type": "Feature", "geometry": {"type": "Point", "coordinates": [109.02164, 0.52672]}, "properties": {"kab_kota": "MEMPAWAH", "kecamatan": "Sungai Kunyit", "desa": "Bukit Batu", "tanggal": "2026-08-17", "timestamp": "2026-08-17T08:22:00+07:00", "satelit": "NASA-MODIS", "confidence": "Low"}}, {"type": "Feature", "geometry": {"type": "Point", "coordinates": [109.00553, 0.51313]}, "properties": {"kab_kota": "MEMPAWAH", "kecamatan": "Sungai Kunyit", "desa": "Bukit Batu", "tanggal": "2026-08-29", "timestamp": "2026-08-29T20:18:00+07:00", "satelit": "NASA-MODIS", "confidence": "Low"}}, {"type": "Feature", "geometry": {"type": "Point", "coordinates": [109.00954, 0.54052]}, "properties": {"kab_kota": "MEMPAWAH", "kecamatan": "Sungai Kunyit", "desa": "Bukit Batu", "tanggal": "2026-08-30", "timestamp": "2026-08-30T15:39:00+07:00", "satelit": "NASA-MODIS", "confidence": "Low"}}, {"type": "Feature", "geometry": {"type": "Point", "coordinates": [109.07518, 0.4724]}, "properties": {"kab_kota": "MEMPAWAH", "kecamatan": "Mempawah Hilir", "desa": "Malikian", "tanggal": "2026-08-19", "timestamp": "2026-08-19T20:23:00+07:00", "satelit": "NASA-MODIS", "confidence": "Medium"}}, {"type": "Feature", "geometry": {"type": "Point", "coordinates": [108.9931, 0.46511]}, "properties": {"kab_kota": "MEMPAWAH", "kecamatan": "Mempawah Hilir", "desa": "Malikian", "tanggal": "2026-08-29", "timestamp": "2026-08-29T20:18:00+07:00", "satelit": "NASA-MODIS", "confidence": "Medium"}}, {"type": "Feature", "geometry": {"type": "Point", "coordinates": [109.06673, 0.48465]}, "properties": {"kab_kota": "MEMPAWAH", "kecamatan": "Mempawah Hilir", "desa": "Malikian", "tanggal": "2026-08-29", "timestamp": "2026-08-29T20:18:00+07:00", "satelit": "NASA-MODIS", "confidence": "Medium"}}, {"type": "Feature", "geometry": {"type": "Point", "coordinates": [109.07604, 0.48594]}, "properties": {"kab_kota": "MEMPAWAH", "kecamatan": "Mempawah Hilir", "desa": "Malikian", "tanggal": "2026-08-29", "timestamp": "2026-08-29T20:18:00+07:00", "satelit": "NASA-MODIS", "confidence": "Medium"}}, {"type": "Feature", "geometry": {"type": "Point", "coordinates": [109.09446, 0.46547]}, "properties": {"kab_kota": "MEMPAWAH", "kecamatan": "Mempawah Hilir", "desa": "Malikian", "tanggal": "2026-08-31", "timestamp": "2026-08-31T19:59:00+07:00", "satelit": "NASA-MODIS", "confidence": "Medium"}}, {"type": "Feature", "geometry": {"type": "Point", "coordinates": [109.04173, 0.43514]}, "properties": {"kab_kota": "MEMPAWAH", "kecamatan": "Mempawah Hilir", "desa": "Pasir", "tanggal": "2026-08-29", "timestamp": "2026-08-29T20:18:00+07:00", "satelit": "NASA-MODIS", "confidence": "Medium"}}, {"type": "Feature", "geometry": {"type": "Point", "coordinates": [109.02165, 0.42654]}, "properties": {"kab_kota": "MEMPAWAH", "kecamatan": "Mempawah Hilir", "desa": "Pasir", "tanggal": "2026-08-30", "timestamp": "2026-08-30T03:19:00+07:00", "satelit": "NASA-MODIS", "confidence": "Medium"}}, {"type": "Feature", "geometry": {"type": "Point", "coordinates": [109.01449, 0.41093]}, "properties": {"kab_kota": "MEMPAWAH", "kecamatan": "Mempawah Hilir", "desa": "Pasir", "tanggal": "2026-08-30", "timestamp": "2026-08-30T15:39:00+07:00", "satelit": "NASA-MODIS", "confidence": "Medium"}}, {"type": "Feature", "geometry": {"type": "Point", "coordinates": [108.9969, 0.42661]}, "properties": {"kab_kota": "MEMPAWAH", "kecamatan": "Mempawah Hilir", "desa": "Penibung", "tanggal": "2026-08-24", "timestamp": "2026-08-24T15:07:00+07:00", "satelit": "NASA-MODIS", "confidence": "Medium"}}, {"type": "Feature", "geometry": {"type": "Point", "coordinates": [108.99627, 0.43068]}, "properties": {"kab_kota": "MEMPAWAH", "kecamatan": "Mempawah Hilir", "desa": "Sengkubang", "tanggal": "2026-08-09", "timestamp": "2026-08-09T15:24:00+07:00", "satelit": "NASA-MODIS", "confidence": "Medium"}}, {"type": "Feature", "geometry": {"type": "Point", "coordinates": [108.99866, 0.42994]}, "properties": {"kab_kota": "MEMPAWAH", "kecamatan": "Mempawah Hilir", "desa": "Sengkubang", "tanggal": "2026-08-10", "timestamp": "2026-08-10T08:43:00+07:00", "satelit": "NASA-MODIS", "confidence": "Medium"}}, {"type": "Feature", "geometry": {"type": "Point", "coordinates": [109.07466, 0.45514]}, "properties": {"kab_kota": "MEMPAWAH", "kecamatan": "Mempawah Hilir", "desa": "Sengkubang", "tanggal": "2026-08-21", "timestamp": "2026-08-21T20:01:00+07:00", "satelit": "NASA-MODIS", "confidence": "Medium"}}, {"type": "Feature", "geometry": {"type": "Point", "coordinates": [109.076, 0.45149]}, "properties": {"kab_kota": "MEMPAWAH", "kecamatan": "Mempawah Hilir", "desa": "Sengkubang", "tanggal": "2026-08-22", "timestamp": "2026-08-22T15:28:00+07:00", "satelit": "NASA-MODIS", "confidence": "Medium"}}, {"type": "Feature", "geometry": {"type": "Point", "coordinates": [109.05918, 0.44677]}, "properties": {"kab_kota": "MEMPAWAH", "kecamatan": "Mempawah Hilir", "desa": "Sengkubang", "tanggal": "2026-08-29", "timestamp": "2026-08-29T20:18:00+07:00", "satelit": "NASA-MODIS", "confidence": "Medium"}}, {"type": "Feature", "geometry": {"type": "Point", "coordinates": [109.05412, 0.4559]}, "properties": {"kab_kota": "MEMPAWAH", "kecamatan": "Mempawah Hilir", "desa": "Sengkubang", "tanggal": "2026-08-30", "timestamp": "2026-08-30T08:37:00+07:00", "satelit": "NASA-MODIS", "confidence": "Medium"}}, {"type": "Feature", "geometry": {"type": "Point", "coordinates": [109.04285, 0.45752]}, "properties": {"kab_kota": "MEMPAWAH", "kecamatan": "Mempawah Hilir", "desa": "Sengkubang", "tanggal": "2026-08-30", "timestamp": "2026-08-30T08:37:00+07:00", "satelit": "NASA-MODIS", "confidence": "Medium"}}, {"type": "Feature", "geometry": {"type": "Point", "coordinates": [109.03303, 0.45691]}, "properties": {"kab_kota": "MEMPAWAH", "kecamatan": "Mempawah Hilir", "desa": "Sengkubang", "tanggal": "2026-08-31", "timestamp": "2026-08-31T19:59:00+07:00", "satelit": "NASA-MODIS", "confidence": "Medium"}}, {"type": "Feature", "geometry": {"type": "Point", "coordinates": [109.08931, 0.5394]}, "properties": {"kab_kota": "MEMPAWAH", "kecamatan": "Sadaniang", "desa": "Bum-Bun", "tanggal": "2026-08-14", "timestamp": "2026-08-14T15:20:00+07:00", "satelit": "NASA-MODIS", "confidence": "Medium"}}, {"type": "Feature", "geometry": {"type": "Point", "coordinates": [109.098, 0.54068]}, "properties": {"kab_kota": "MEMPAWAH", "kecamatan": "Sadaniang", "desa": "Bum-Bun", "tanggal": "2026-08-14", "timestamp": "2026-08-14T15:20:00+07:00", "satelit": "NASA-MODIS", "confidence": "Medium"}}, {"type": "Feature", "geometry": {"type": "Point", "coordinates": [109.1954, 0.56095]}, "properties": {"kab_kota": "MEMPAWAH", "kecamatan": "Sadaniang", "desa": "Pentek", "tanggal": "2026-08-09", "timestamp": "2026-08-09T15:24:00+07:00", "satelit": "NASA-MODIS", "confidence": "Medium"}}, {"type": "Feature", "geometry": {"type": "Point", "coordinates": [109.18135, 0.5172]}, "properties": {"kab_kota": "MEMPAWAH", "kecamatan": "Sadaniang", "desa": "Sekabuk", "tanggal": "2026-08-14", "timestamp": "2026-08-14T15:20:00+07:00", "satelit": "NASA-MODIS", "confidence": "Medium"}}, {"type": "Feature", "geometry": {"type": "Point", "coordinates": [109.16784, 0.51229]}, "properties": {"kab_kota": "MEMPAWAH", "kecamatan": "Sadaniang", "desa": "Sekabuk", "tanggal": "2026-08-22", "timestamp": "2026-08-22T15:28:00+07:00", "satelit": "NASA-MODIS", "confidence": "Medium"}}, {"type": "Feature", "geometry": {"type": "Point", "coordinates": [109.1777, 0.51374]}, "properties": {"kab_kota": "MEMPAWAH", "kecamatan": "Sadaniang", "desa": "Sekabuk", "tanggal": "2026-08-22", "timestamp": "2026-08-22T15:28:00+07:00", "satelit": "NASA-MODIS", "confidence": "Medium"}}, {"type": "Feature", "geometry": {"type": "Point", "coordinates": [109.18608, 0.51046]}, "properties": {"kab_kota": "MEMPAWAH", "kecamatan": "Sadaniang", "desa": "Sekabuk", "tanggal": "2026-08-29", "timestamp": "2026-08-29T20:18:00+07:00", "satelit": "NASA-MODIS", "confidence": "Medium"}}, {"type": "Feature", "geometry": {"type": "Point", "coordinates": [109.18482, 0.51948]}, "properties": {"kab_kota": "MEMPAWAH", "kecamatan": "Sadaniang", "desa": "Sekabuk", "tanggal": "2026-08-29", "timestamp": "2026-08-29T20:18:00+07:00", "satelit": "NASA-MODIS", "confidence": "Medium"}}, {"type": "Feature", "geometry": {"type": "Point", "coordinates": [109.15572, 0.66134]}, "properties": {"kab_kota": "MEMPAWAH", "kecamatan": "Sadaniang", "desa": "Suak Barangan", "tanggal": "2026-08-06", "timestamp": "2026-08-06T15:09:00+07:00", "satelit": "NASA-MODIS", "confidence": "Medium"}}, {"type": "Feature", "geometry": {"type": "Point", "coordinates": [109.17379, 0.62757]}, "properties": {"kab_kota": "MEMPAWAH", "kecamatan": "Sadaniang", "desa": "Suak Barangan", "tanggal": "2026-08-24", "timestamp": "2026-08-24T15:07:00+07:00", "satelit": "NASA-MODIS", "confidence": "Medium"}}, {"type": "Feature", "geometry": {"type": "Point", "coordinates": [109.20781, 0.22533]}, "properties": {"kab_kota": "MEMPAWAH", "kecamatan": "Segedong", "desa": "Peniti Besar", "tanggal": "2026-08-14", "timestamp": "2026-08-14T15:20:00+07:00", "satelit": "NASA-MODIS", "confidence": "Medium"}}, {"type": "Feature", "geometry": {"type": "Point", "coordinates": [109.22006, 0.22044]}, "properties": {"kab_kota": "MEMPAWAH", "kecamatan": "Segedong", "desa": "Peniti Besar", "tanggal": "2026-08-14", "timestamp": "2026-08-14T20:21:00+07:00", "satelit": "NASA-MODIS", "confidence": "Medium"}}, {"type": "Feature", "geometry": {"type": "Point", "coordinates": [109.22896, 0.22167]}, "properties": {"kab_kota": "MEMPAWAH", "kecamatan": "Segedong", "desa": "Peniti Besar", "tanggal": "2026-08-14", "timestamp": "2026-08-14T20:21:00+07:00", "satelit": "NASA-MODIS", "confidence": "Medium"}}, {"type": "Feature", "geometry": {"type": "Point", "coordinates": [109.26904, 0.13876]}, "properties": {"kab_kota": "MEMPAWAH", "kecamatan": "Segedong", "desa": "Peniti Dalam I", "tanggal": "2026-08-01", "timestamp": "2026-08-01T15:18:00+07:00", "satelit": "NASA-MODIS", "confidence": "Medium"}}, {"type": "Feature", "geometry": {"type": "Point", "coordinates": [109.24383, 0.14902]}, "properties": {"kab_kota": "MEMPAWAH", "kecamatan": "Segedong", "desa": "Peniti Dalam I", "tanggal": "2026-08-08", "timestamp": "2026-08-08T14:46:00+07:00", "satelit": "NASA-MODIS", "confidence": "Medium"}}, {"type": "Feature", "geometry": {"type": "Point", "coordinates": [109.26861, 0.15274]}, "properties": {"kab_kota": "MEMPAWAH", "kecamatan": "Segedong", "desa": "Peniti Dalam I", "tanggal": "2026-08-08", "timestamp": "2026-08-08T14:46:00+07:00", "satelit": "NASA-MODIS", "confidence": "Medium"}}, {"type": "Feature", "geometry": {"type": "Point", "coordinates": [109.26998, 0.12945]}, "properties": {"kab_kota": "MEMPAWAH", "kecamatan": "Segedong", "desa": "Peniti Dalam I", "tanggal": "2026-08-09", "timestamp": "2026-08-09T15:24:00+07:00", "satelit": "NASA-MODIS", "confidence": "Medium"}}, {"type": "Feature", "geometry": {"type": "Point", "coordinates": [109.3618, 0.1855]}, "properties": {"kab_kota": "MEMPAWAH", "kecamatan": "Segedong", "desa": "Peniti Dalam I", "tanggal": "2026-08-09", "timestamp": "2026-08-09T20:25:00+07:00", "satelit": "NASA-MODIS", "confidence": "Medium"}}, {"type": "Feature", "geometry": {"type": "Point", "coordinates": [109.26044, 0.15411]}, "properties": {"kab_kota": "MEMPAWAH", "kecamatan": "Segedong", "desa": "Peniti Dalam Ii", "tanggal": "2026-08-09", "timestamp": "2026-08-09T15:24:00+07:00", "satelit": "NASA-MODIS", "confidence": "Medium"}}, {"type": "Feature", "geometry": {"type": "Point", "coordinates": [109.25885, 0.15884]}, "properties": {"kab_kota": "MEMPAWAH", "kecamatan": "Segedong", "desa": "Peniti Dalam Ii", "tanggal": "2026-08-14", "timestamp": "2026-08-14T15:20:00+07:00", "satelit": "NASA-MODIS", "confidence": "Medium"}}, {"type": "Feature", "geometry": {"type": "Point", "coordinates": [109.2576, 0.10203]}, "properties": {"kab_kota": "MEMPAWAH", "kecamatan": "Siantan", "desa": "Wajok Hilir", "tanggal": "2026-08-08", "timestamp": "2026-08-08T14:46:00+07:00", "satelit": "NASA-MODIS", "confidence": "Medium"}}, {"type": "Feature", "geometry": {"type": "Point", "coordinates": [109.28241, 0.10566]}, "properties": {"kab_kota": "MEMPAWAH", "kecamatan": "Siantan", "desa": "Wajok Hilir", "tanggal": "2026-08-08", "timestamp": "2026-08-08T14:46:00+07:00", "satelit": "NASA-MODIS", "confidence": "Medium"}}, {"type": "Feature", "geometry": {"type": "Point", "coordinates": [109.25014, 0.10675]}, "properties": {"kab_kota": "MEMPAWAH", "kecamatan": "Siantan", "desa": "Wajok Hilir", "tanggal": "2026-08-08", "timestamp": "2026-08-08T14:46:00+07:00", "satelit": "NASA-MODIS", "confidence": "Medium"}}, {"type": "Feature", "geometry": {"type": "Point", "coordinates": [109.27493, 0.11056]}, "properties": {"kab_kota": "MEMPAWAH", "kecamatan": "Siantan", "desa": "Wajok Hilir", "tanggal": "2026-08-08", "timestamp": "2026-08-08T14:46:00+07:00", "satelit": "NASA-MODIS", "confidence": "Medium"}}, {"type": "Feature", "geometry": {"type": "Point", "coordinates": [109.26927, 0.10708]}, "properties": {"kab_kota": "MEMPAWAH", "kecamatan": "Siantan", "desa": "Wajok Hilir", "tanggal": "2026-08-09", "timestamp": "2026-08-09T03:06:00+07:00", "satelit": "NASA-MODIS", "confidence": "Medium"}}, {"type": "Feature", "geometry": {"type": "Point", "coordinates": [109.27071, 0.11678]}, "properties": {"kab_kota": "MEMPAWAH", "kecamatan": "Siantan", "desa": "Wajok Hilir", "tanggal": "2026-08-09", "timestamp": "2026-08-09T03:06:00+07:00", "satelit": "NASA-MODIS", "confidence": "Medium"}}, {"type": "Feature", "geometry": {"type": "Point", "coordinates": [109.26254, 0.10656]}, "properties": {"kab_kota": "MEMPAWAH", "kecamatan": "Siantan", "desa": "Wajok Hilir", "tanggal": "2026-08-09", "timestamp": "2026-08-09T20:25:00+07:00", "satelit": "NASA-MODIS", "confidence": "Medium"}}, {"type": "Feature", "geometry": {"type": "Point", "coordinates": [109.27137, 0.10777]}, "properties": {"kab_kota": "MEMPAWAH", "kecamatan": "Siantan", "desa": "Wajok Hilir", "tanggal": "2026-08-09", "timestamp": "2026-08-09T20:25:00+07:00", "satelit": "NASA-MODIS", "confidence": "Medium"}}, {"type": "Feature", "geometry": {"type": "Point", "coordinates": [109.26944, 0.11477]}, "properties": {"kab_kota": "MEMPAWAH", "kecamatan": "Siantan", "desa": "Wajok Hilir", "tanggal": "2026-08-10", "timestamp": "2026-08-10T08:43:00+07:00", "satelit": "NASA-MODIS", "confidence": "Medium"}}, {"type": "Feature", "geometry": {"type": "Point", "coordinates": [109.26708, 0.10575]}, "properties": {"kab_kota": "MEMPAWAH", "kecamatan": "Siantan", "desa": "Wajok Hilir", "tanggal": "2026-08-11", "timestamp": "2026-08-11T15:05:00+07:00", "satelit": "NASA-MODIS", "confidence": "Medium"}}, {"type": "Feature", "geometry": {"type": "Point", "coordinates": [109.27335, 0.10849]}, "properties": {"kab_kota": "MEMPAWAH", "kecamatan": "Siantan", "desa": "Wajok Hilir", "tanggal": "2026-08-11", "timestamp": "2026-08-11T15:05:00+07:00", "satelit": "NASA-MODIS", "confidence": "Medium"}}, {"type": "Feature", "geometry": {"type": "Point", "coordinates": [109.26794, 0.10256]}, "properties": {"kab_kota": "MEMPAWAH", "kecamatan": "Siantan", "desa": "Wajok Hilir", "tanggal": "2026-08-12", "timestamp": "2026-08-12T20:42:00+07:00", "satelit": "NASA-MODIS", "confidence": "Medium"}}, {"type": "Feature", "geometry": {"type": "Point", "coordinates": [109.27978, 0.11514]}, "properties": {"kab_kota": "MEMPAWAH", "kecamatan": "Siantan", "desa": "Wajok Hilir", "tanggal": "2026-08-12", "timestamp": "2026-08-12T20:42:00+07:00", "satelit": "NASA-MODIS", "confidence": "Medium"}}, {"type": "Feature", "geometry": {"type": "Point", "coordinates": [109.29183, 0.10477]}, "properties": {"kab_kota": "MEMPAWAH", "kecamatan": "Siantan", "desa": "Wajok Hilir", "tanggal": "2026-08-16", "timestamp": "2026-08-16T14:56:00+07:00", "satelit": "NASA-MODIS", "confidence": "Medium"}}, {"type": "Feature", "geometry": {"type": "Point", "coordinates": [109.28596, 0.11082]}, "properties": {"kab_kota": "MEMPAWAH", "kecamatan": "Siantan", "desa": "Wajok Hilir", "tanggal": "2026-08-16", "timestamp": "2026-08-16T14:56:00+07:00", "satelit": "NASA-MODIS", "confidence": "Medium"}}, {"type": "Feature", "geometry": {"type": "Point", "coordinates": [109.28728, 0.10512]}, "properties": {"kab_kota": "MEMPAWAH", "kecamatan": "Siantan", "desa": "Wajok Hilir", "tanggal": "2026-08-17", "timestamp": "2026-08-17T03:17:00+07:00", "satelit": "NASA-MODIS", "confidence": "Medium"}}, {"type": "Feature", "geometry": {"type": "Point", "coordinates": [109.28936, 0.10156]}, "properties": {"kab_kota": "MEMPAWAH", "kecamatan": "Siantan", "desa": "Wajok Hilir", "tanggal": "2026-08-17", "timestamp": "2026-08-17T08:22:00+07:00", "satelit": "NASA-MODIS", "confidence": "Medium"}}, {"type": "Feature", "geometry": {"type": "Point", "coordinates": [109.36761, 0.07282]}, "properties": {"kab_kota": "MEMPAWAH", "kecamatan": "Siantan", "desa": "Wajok Hulu", "tanggal": "2026-08-01", "timestamp": "2026-08-01T15:18:00+07:00", "satelit": "NASA-MODIS", "confidence": "Medium"}}, {"type": "Feature", "geometry": {"type": "Point", "coordinates": [109.3763, 0.07409]}, "properties": {"kab_kota": "MEMPAWAH", "kecamatan": "Siantan", "desa": "Wajok Hulu", "tanggal": "2026-08-01", "timestamp": "2026-08-01T15:18:00+07:00", "satelit": "NASA-MODIS", "confidence": "Medium"}}, {"type": "Feature", "geometry": {"type": "Point", "coordinates": [109.28001, 0.06002]}, "properties": {"kab_kota": "MEMPAWAH", "kecamatan": "Siantan", "desa": "Wajok Hulu", "tanggal": "2026-08-14", "timestamp": "2026-08-14T15:20:00+07:00", "satelit": "NASA-MODIS", "confidence": "Medium"}}, {"type": "Feature", "geometry": {"type": "Point", "coordinates": [109.01003, 0.52446]}, "properties": {"kab_kota": "MEMPAWAH", "kecamatan": "Sungai Kunyit", "desa": "Bukit Batu", "tanggal": "2026-08-08", "timestamp": "2026-08-08T14:48:00+07:00", "satelit": "NASA-MODIS", "confidence": "Medium"}}, {"type": "Feature", "geometry": {"type": "Point", "coordinates": [109.0047, 0.52729]}, "properties": {"kab_kota": "MEMPAWAH", "kecamatan": "Sungai Kunyit", "desa": "Bukit Batu", "tanggal": "2026-08-08", "timestamp": "2026-08-08T14:48:00+07:00", "satelit": "NASA-MODIS", "confidence": "Medium"}}, {"type": "Feature", "geometry": {"type": "Point", "coordinates": [108.99506, 0.53152]}, "properties": {"kab_kota": "MEMPAWAH", "kecamatan": "Sungai Kunyit", "desa": "Bukit Batu", "tanggal": "2026-08-09", "timestamp": "2026-08-09T15:24:00+07:00", "satelit": "NASA-MODIS", "confidence": "Medium"}}, {"type": "Feature", "geometry": {"type": "Point", "coordinates": [109.00117, 0.53169]}, "properties": {"kab_kota": "MEMPAWAH", "kecamatan": "Sungai Kunyit", "desa": "Bukit Batu", "tanggal": "2026-08-09", "timestamp": "2026-08-09T20:25:00+07:00", "satelit": "NASA-MODIS", "confidence": "Medium"}}, {"type": "Feature", "geometry": {"type": "Point", "coordinates": [108.99993, 0.54055]}, "properties": {"kab_kota": "MEMPAWAH", "kecamatan": "Sungai Kunyit", "desa": "Bukit Batu", "tanggal": "2026-08-09", "timestamp": "2026-08-09T20:25:00+07:00", "satelit": "NASA-MODIS", "confidence": "Medium"}}, {"type": "Feature", "geometry": {"type": "Point", "coordinates": [109.00574, 0.53172]}, "properties": {"kab_kota": "MEMPAWAH", "kecamatan": "Sungai Kunyit", "desa": "Bukit Batu", "tanggal": "2026-08-10", "timestamp": "2026-08-10T08:43:00+07:00", "satelit": "NASA-MODIS", "confidence": "Medium"}}, {"type": "Feature", "geometry": {"type": "Point", "coordinates": [109.00805, 0.53805]}, "properties": {"kab_kota": "MEMPAWAH", "kecamatan": "Sungai Kunyit", "desa": "Bukit Batu", "tanggal": "2026-08-11", "timestamp": "2026-08-11T15:05:00+07:00", "satelit": "NASA-MODIS", "confidence": "Medium"}}, {"type": "Feature", "geometry": {"type": "Point", "coordinates": [109.00245, 0.52664]}, "properties": {"kab_kota": "MEMPAWAH", "kecamatan": "Sungai Kunyit", "desa": "Bukit Batu", "tanggal": "2026-08-14", "timestamp": "2026-08-14T15:20:00+07:00", "satelit": "NASA-MODIS", "confidence": "Medium"}}, {"type": "Feature", "geometry": {"type": "Point", "coordinates": [109.01114, 0.52791]}, "properties": {"kab_kota": "MEMPAWAH", "kecamatan": "Sungai Kunyit", "desa": "Bukit Batu", "tanggal": "2026-08-14", "timestamp": "2026-08-14T15:20:00+07:00", "satelit": "NASA-MODIS", "confidence": "Medium"}}, {"type": "Feature", "geometry": {"type": "Point", "coordinates": [109.01246, 0.52803]}, "properties": {"kab_kota": "MEMPAWAH", "kecamatan": "Sungai Kunyit", "desa": "Bukit Batu", "tanggal": "2026-08-17", "timestamp": "2026-08-17T08:22:00+07:00", "satelit": "NASA-MODIS", "confidence": "Medium"}}, {"type": "Feature", "geometry": {"type": "Point", "coordinates": [109.00675, 0.52421]}, "properties": {"kab_kota": "MEMPAWAH", "kecamatan": "Sungai Kunyit", "desa": "Bukit Batu", "tanggal": "2026-08-17", "timestamp": "2026-08-17T15:35:00+07:00", "satelit": "NASA-MODIS", "confidence": "Medium"}}, {"type": "Feature", "geometry": {"type": "Point", "coordinates": [109.01334, 0.51849]}, "properties": {"kab_kota": "MEMPAWAH", "kecamatan": "Sungai Kunyit", "desa": "Bukit Batu", "tanggal": "2026-08-19", "timestamp": "2026-08-19T20:23:00+07:00", "satelit": "NASA-MODIS", "confidence": "Medium"}}, {"type": "Feature", "geometry": {"type": "Point", "coordinates": [109.02103, 0.52642]}, "properties": {"kab_kota": "MEMPAWAH", "kecamatan": "Sungai Kunyit", "desa": "Bukit Batu", "tanggal": "2026-08-20", "timestamp": "2026-08-20T03:32:00+07:00", "satelit": "NASA-MODIS", "confidence": "Medium"}}, {"type": "Feature", "geometry": {"type": "Point", "coordinates": [109.02216, 0.52716]}, "properties": {"kab_kota": "MEMPAWAH", "kecamatan": "Sungai Kunyit", "desa": "Bukit Batu", "tanggal": "2026-08-20", "timestamp": "2026-08-20T08:39:00+07:00", "satelit": "NASA-MODIS", "confidence": "Medium"}}, {"type": "Feature", "geometry": {"type": "Point", "coordinates": [109.01028, 0.5289]}, "properties": {"kab_kota": "MEMPAWAH", "kecamatan": "Sungai Kunyit", "desa": "Bukit Batu", "tanggal": "2026-08-20", "timestamp": "2026-08-20T08:39:00+07:00", "satelit": "NASA-MODIS", "confidence": "Medium"}}, {"type": "Feature", "geometry": {"type": "Point", "coordinates": [109.00734, 0.53456]}, "properties": {"kab_kota": "MEMPAWAH", "kecamatan": "Sungai Kunyit", "desa": "Bukit Batu", "tanggal": "2026-08-22", "timestamp": "2026-08-22T15:28:00+07:00", "satelit": "NASA-MODIS", "confidence": "Medium"}}, {"type": "Feature", "geometry": {"type": "Point", "coordinates": [109.01573, 0.5452]}, "properties": {"kab_kota": "MEMPAWAH", "kecamatan": "Sungai Kunyit", "desa": "Bukit Batu", "tanggal": "2026-08-22", "timestamp": "2026-08-22T15:28:00+07:00", "satelit": "NASA-MODIS", "confidence": "Medium"}}, {"type": "Feature", "geometry": {"type": "Point", "coordinates": [108.99489, 0.52091]}, "properties": {"kab_kota": "MEMPAWAH", "kecamatan": "Sungai Kunyit", "desa": "Bukit Batu", "tanggal": "2026-08-29", "timestamp": "2026-08-29T20:18:00+07:00", "satelit": "NASA-MODIS", "confidence": "Medium"}}, {"type": "Feature", "geometry": {"type": "Point", "coordinates": [109.0048, 0.51345]}, "properties": {"kab_kota": "MEMPAWAH", "kecamatan": "Sungai Kunyit", "desa": "Bukit Batu", "tanggal": "2026-08-30", "timestamp": "2026-08-30T08:37:00+07:00", "satelit": "NASA-MODIS", "confidence": "Medium"}}, {"type": "Feature", "geometry": {"type": "Point", "coordinates": [109.01561, 0.54575]}, "properties": {"kab_kota": "MEMPAWAH", "kecamatan": "Sungai Kunyit", "desa": "Bukit Batu", "tanggal": "2026-08-30", "timestamp": "2026-08-30T15:39:00+07:00", "satelit": "NASA-MODIS", "confidence": "Medium"}}, {"type": "Feature", "geometry": {"type": "Point", "coordinates": [108.99823, 0.51717]}, "properties": {"kab_kota": "MEMPAWAH", "kecamatan": "Sungai Kunyit", "desa": "Bukit Batu", "tanggal": "2026-08-31", "timestamp": "2026-08-31T19:59:00+07:00", "satelit": "NASA-MODIS", "confidence": "Medium"}}, {"type": "Feature", "geometry": {"type": "Point", "coordinates": [108.98016, 0.47473]}, "properties": {"kab_kota": "MEMPAWAH", "kecamatan": "Sungai Kunyit", "desa": "Semparong Parit Raden", "tanggal": "2026-08-09", "timestamp": "2026-08-09T15:24:00+07:00", "satelit": "NASA-MODIS", "confidence": "Medium"}}, {"type": "Feature", "geometry": {"type": "Point", "coordinates": [109.0536, 0.51052]}, "properties": {"kab_kota": "MEMPAWAH", "kecamatan": "Sungai Kunyit", "desa": "Semparong Parit Raden", "tanggal": "2026-08-29", "timestamp": "2026-08-29T20:18:00+07:00", "satelit": "NASA-MODIS", "confidence": "Medium"}}, {"type": "Feature", "geometry": {"type": "Point", "coordinates": [109.02594, 0.51974]}, "properties": {"kab_kota": "MEMPAWAH", "kecamatan": "Sungai Kunyit", "desa": "Sungai Kunyit Hulu", "tanggal": "2026-08-22", "timestamp": "2026-08-22T15:28:00+07:00", "satelit": "NASA-MODIS", "confidence": "Medium"}}, {"type": "Feature", "geometry": {"type": "Point", "coordinates": [109.05389, 0.53335]}, "properties": {"kab_kota": "MEMPAWAH", "kecamatan": "Sungai Kunyit", "desa": "Sungai Kunyit Hulu", "tanggal": "2026-08-22", "timestamp": "2026-08-22T15:28:00+07:00", "satelit": "NASA-MODIS", "confidence": "Medium"}}, {"type": "Feature", "geometry": {"type": "Point", "coordinates": [109.00269, 0.50993]}, "properties": {"kab_kota": "MEMPAWAH", "kecamatan": "Sungai Kunyit", "desa": "Sungai Kunyit Hulu", "tanggal": "2026-08-24", "timestamp": "2026-08-24T15:07:00+07:00", "satelit": "NASA-MODIS", "confidence": "Medium"}}, {"type": "Feature", "geometry": {"type": "Point", "coordinates": [109.10777, 0.26928]}, "properties": {"kab_kota": "MEMPAWAH", "kecamatan": "Sungai Pinyuh", "desa": "Nusapati", "tanggal": "2026-08-19", "timestamp": "2026-08-19T15:13:00+07:00", "satelit": "NASA-MODIS", "confidence": "Medium"}}, {"type": "Feature", "geometry": {"type": "Point", "coordinates": [109.11374, 0.27906]}, "properties": {"kab_kota": "MEMPAWAH", "kecamatan": "Sungai Pinyuh", "desa": "Nusapati", "tanggal": "2026-08-29", "timestamp": "2026-08-29T20:18:00+07:00", "satelit": "NASA-MODIS", "confidence": "Medium"}}, {"type": "Feature", "geometry": {"type": "Point", "coordinates": [109.0827, 0.31613]}, "properties": {"kab_kota": "MEMPAWAH", "kecamatan": "Sungai Pinyuh", "desa": "Sungai Rasau", "tanggal": "2026-08-27", "timestamp": "2026-08-27T15:22:00+07:00", "satelit": "NASA-MODIS", "confidence": "Medium"}}, {"type": "Feature", "geometry": {"type": "Point", "coordinates": [109.08163, 0.30569]}, "properties": {"kab_kota": "MEMPAWAH", "kecamatan": "Sungai Pinyuh", "desa": "Sungai Rasau", "tanggal": "2026-08-31", "timestamp": "2026-08-31T19:59:00+07:00", "satelit": "NASA-MODIS", "confidence": "Medium"}}, {"type": "Feature", "geometry": {"type": "Point", "coordinates": [109.08685, 0.30752]}, "properties": {"kab_kota": "MEMPAWAH", "kecamatan": "Sungai Pinyuh", "desa": "Sungai Rasau", "tanggal": "2026-08-31", "timestamp": "2026-08-31T19:59:00+07:00", "satelit": "NASA-MODIS", "confidence": "Medium"}}, {"type": "Feature", "geometry": {"type": "Point", "coordinates": [109.06031, 0.32751]}, "properties": {"kab_kota": "MEMPAWAH", "kecamatan": "Sungai Pinyuh", "desa": "Sungai Rasau Besar Darat", "tanggal": "2026-08-19", "timestamp": "2026-08-19T15:13:00+07:00", "satelit": "NASA-MODIS", "confidence": "Medium"}}, {"type": "Feature", "geometry": {"type": "Point", "coordinates": [109.2011, 0.46358]}, "properties": {"kab_kota": "MEMPAWAH", "kecamatan": "Toho", "desa": "Toho Hilir", "tanggal": "2026-08-22", "timestamp": "2026-08-22T15:28:00+07:00", "satelit": "NASA-MODIS", "confidence": "Medium"}}, {"type": "Feature", "geometry": {"type": "Point", "coordinates": [109.07288, 0.49075]}, "properties": {"kab_kota": "MEMPAWAH", "kecamatan": "Mempawah Hilir", "desa": "Malikian", "tanggal": "2026-08-20", "timestamp": "2026-08-20T13:50:00+07:00", "satelit": "NASA-NOAA20", "confidence": "High"}}, {"type": "Feature", "geometry": {"type": "Point", "coordinates": [109.02619, 0.41922]}, "properties": {"kab_kota": "MEMPAWAH", "kecamatan": "Mempawah Hilir", "desa": "Pasir", "tanggal": "2026-08-30", "timestamp": "2026-08-30T01:21:00+07:00", "satelit": "NASA-NOAA20", "confidence": "High"}}, {"type": "Feature", "geometry": {"type": "Point", "coordinates": [109.02256, 0.41979]}, "properties": {"kab_kota": "MEMPAWAH", "kecamatan": "Mempawah Hilir", "desa": "Pasir", "tanggal": "2026-08-30", "timestamp": "2026-08-30T01:21:00+07:00", "satelit": "NASA-NOAA20", "confidence": "High"}}, {"type": "Feature", "geometry": {"type": "Point", "coordinates": [109.03262, 0.41837]}, "properties": {"kab_kota": "MEMPAWAH", "kecamatan": "Mempawah Hilir", "desa": "Pasir", "tanggal": "2026-08-30", "timestamp": "2026-08-30T14:01:00+07:00", "satelit": "NASA-NOAA20", "confidence": "High"}}, {"type": "Feature", "geometry": {"type": "Point", "coordinates": [109.05112, 0.44679]}, "properties": {"kab_kota": "MEMPAWAH", "kecamatan": "Mempawah Hilir", "desa": "Sengkubang", "tanggal": "2026-08-26", "timestamp": "2026-08-26T13:37:00+07:00", "satelit": "NASA-NOAA20", "confidence": "High"}}, {"type": "Feature", "geometry": {"type": "Point", "coordinates": [109.0741, 0.46121]}, "properties": {"kab_kota": "MEMPAWAH", "kecamatan": "Mempawah Hilir", "desa": "Sengkubang", "tanggal": "2026-08-29", "timestamp": "2026-08-29T12:40:00+07:00", "satelit": "NASA-NOAA20", "confidence": "High"}}, {"type": "Feature", "geometry": {"type": "Point", "coordinates": [109.04302, 0.43934]}, "properties": {"kab_kota": "MEMPAWAH", "kecamatan": "Mempawah Hilir", "desa": "Sengkubang", "tanggal": "2026-08-30", "timestamp": "2026-08-30T14:01:00+07:00", "satelit": "NASA-NOAA20", "confidence": "High"}}, {"type": "Feature", "geometry": {"type": "Point", "coordinates": [109.21066, 0.58789]}, "properties": {"kab_kota": "MEMPAWAH", "kecamatan": "Sadaniang", "desa": "Ansiap", "tanggal": "2026-08-09", "timestamp": "2026-08-09T13:57:00+07:00", "satelit": "NASA-NOAA20", "confidence": "High"}}, {"type": "Feature", "geometry": {"type": "Point", "coordinates": [109.18623, 0.50947]}, "properties": {"kab_kota": "MEMPAWAH", "kecamatan": "Sadaniang", "desa": "Sekabuk", "tanggal": "2026-08-29", "timestamp": "2026-08-29T12:40:00+07:00", "satelit": "NASA-NOAA20", "confidence": "High"}}, {"type": "Feature", "geometry": {"type": "Point", "coordinates": [109.18451, 0.51427]}, "properties": {"kab_kota": "MEMPAWAH", "kecamatan": "Sadaniang", "desa": "Sekabuk", "tanggal": "2026-08-29", "timestamp": "2026-08-29T12:40:00+07:00", "satelit": "NASA-NOAA20", "confidence": "High"}}, {"type": "Feature", "geometry": {"type": "Point", "coordinates": [109.18549, 0.5145]}, "properties": {"kab_kota": "MEMPAWAH", "kecamatan": "Sadaniang", "desa": "Sekabuk", "tanggal": "2026-08-29", "timestamp": "2026-08-29T12:40:00+07:00", "satelit": "NASA-NOAA20", "confidence": "High"}}, {"type": "Feature", "geometry": {"type": "Point", "coordinates": [109.26641, 0.15557]}, "properties": {"kab_kota": "MEMPAWAH", "kecamatan": "Segedong", "desa": "Peniti Dalam Ii", "tanggal": "2026-08-08", "timestamp": "2026-08-08T12:33:00+07:00", "satelit": "NASA-NOAA20", "confidence": "High"}}, {"type": "Feature", "geometry": {"type": "Point", "coordinates": [109.26687, 0.10822]}, "properties": {"kab_kota": "MEMPAWAH", "kecamatan": "Siantan", "desa": "Wajok Hilir", "tanggal": "2026-08-09", "timestamp": "2026-08-09T13:57:00+07:00", "satelit": "NASA-NOAA20", "confidence": "High"}}, {"type": "Feature", "geometry": {"type": "Point", "coordinates": [109.27553, 0.10954]}, "properties": {"kab_kota": "MEMPAWAH", "kecamatan": "Siantan", "desa": "Wajok Hilir", "tanggal": "2026-08-09", "timestamp": "2026-08-09T13:57:00+07:00", "satelit": "NASA-NOAA20", "confidence": "High"}}, {"type": "Feature", "geometry": {"type": "Point", "coordinates": [109.275, 0.11269]}, "properties": {"kab_kota": "MEMPAWAH", "kecamatan": "Siantan", "desa": "Wajok Hilir", "tanggal": "2026-08-09", "timestamp": "2026-08-09T13:57:00+07:00", "satelit": "NASA-NOAA20", "confidence": "High"}}, {"type": "Feature", "geometry": {"type": "Point", "coordinates": [109.27464, 0.11551]}, "properties": {"kab_kota": "MEMPAWAH", "kecamatan": "Siantan", "desa": "Wajok Hilir", "tanggal": "2026-08-09", "timestamp": "2026-08-09T13:57:00+07:00", "satelit": "NASA-NOAA20", "confidence": "High"}}, {"type": "Feature", "geometry": {"type": "Point", "coordinates": [109.00725, 0.53241]}, "properties": {"kab_kota": "MEMPAWAH", "kecamatan": "Sungai Kunyit", "desa": "Bukit Batu", "tanggal": "2026-08-08", "timestamp": "2026-08-08T12:33:00+07:00", "satelit": "NASA-NOAA20", "confidence": "High"}}, {"type": "Feature", "geometry": {"type": "Point", "coordinates": [109.00594, 0.53803]}, "properties": {"kab_kota": "MEMPAWAH", "kecamatan": "Sungai Kunyit", "desa": "Bukit Batu", "tanggal": "2026-08-09", "timestamp": "2026-08-09T13:57:00+07:00", "satelit": "NASA-NOAA20", "confidence": "High"}}, {"type": "Feature", "geometry": {"type": "Point", "coordinates": [109.01977, 0.52453]}, "properties": {"kab_kota": "MEMPAWAH", "kecamatan": "Sungai Kunyit", "desa": "Bukit Batu", "tanggal": "2026-08-20", "timestamp": "2026-08-20T13:50:00+07:00", "satelit": "NASA-NOAA20", "confidence": "High"}}, {"type": "Feature", "geometry": {"type": "Point", "coordinates": [109.06779, 0.49322]}, "properties": {"kab_kota": "MEMPAWAH", "kecamatan": "Mempawah Hilir", "desa": "Malikian", "tanggal": "2026-08-21", "timestamp": "2026-08-21T13:29:00+07:00", "satelit": "NASA-NOAA20", "confidence": "Low"}}, {"type": "Feature", "geometry": {"type": "Point", "coordinates": [109.07816, 0.46896]}, "properties": {"kab_kota": "MEMPAWAH", "kecamatan": "Mempawah Hilir", "desa": "Malikian", "tanggal": "2026-08-28", "timestamp": "2026-08-28T12:59:00+07:00", "satelit": "NASA-NOAA20", "confidence": "Low"}}, {"type": "Feature", "geometry": {"type": "Point", "coordinates": [109.10654, 0.49495]}, "properties": {"kab_kota": "MEMPAWAH", "kecamatan": "Mempawah Hilir", "desa": "Malikian", "tanggal": "2026-08-28", "timestamp": "2026-08-28T12:59:00+07:00", "satelit": "NASA-NOAA20", "confidence": "Low"}}, {"type": "Feature", "geometry": {"type": "Point", "coordinates": [109.10528, 0.49568]}, "properties": {"kab_kota": "MEMPAWAH", "kecamatan": "Mempawah Hilir", "desa": "Malikian", "tanggal": "2026-08-28", "timestamp": "2026-08-28T12:59:00+07:00", "satelit": "NASA-NOAA20", "confidence": "Low"}}, {"type": "Feature", "geometry": {"type": "Point", "coordinates": [109.106, 0.49863]}, "properties": {"kab_kota": "MEMPAWAH", "kecamatan": "Mempawah Hilir", "desa": "Malikian", "tanggal": "2026-08-28", "timestamp": "2026-08-28T12:59:00+07:00", "satelit": "NASA-NOAA20", "confidence": "Low"}}, {"type": "Feature", "geometry": {"type": "Point", "coordinates": [109.024, 0.41179]}, "properties": {"kab_kota": "MEMPAWAH", "kecamatan": "Mempawah Hilir", "desa": "Pasir", "tanggal": "2026-08-29", "timestamp": "2026-08-29T12:40:00+07:00", "satelit": "NASA-NOAA20", "confidence": "Low"}}, {"type": "Feature", "geometry": {"type": "Point", "coordinates": [109.02544, 0.42243]}, "properties": {"kab_kota": "MEMPAWAH", "kecamatan": "Mempawah Hilir", "desa": "Pasir", "tanggal": "2026-08-29", "timestamp": "2026-08-29T12:40:00+07:00", "satelit": "NASA-NOAA20", "confidence": "Low"}}, {"type": "Feature", "geometry": {"type": "Point", "coordinates": [109.04167, 0.43538]}, "properties": {"kab_kota": "MEMPAWAH", "kecamatan": "Mempawah Hilir", "desa": "Pasir", "tanggal": "2026-08-29", "timestamp": "2026-08-29T12:40:00+07:00", "satelit": "NASA-NOAA20", "confidence": "Low"}}, {"type": "Feature", "geometry": {"type": "Point", "coordinates": [108.99446, 0.42972]}, "properties": {"kab_kota": "MEMPAWAH", "kecamatan": "Mempawah Hilir", "desa": "Sengkubang", "tanggal": "2026-08-28", "timestamp": "2026-08-28T12:59:00+07:00", "satelit": "NASA-NOAA20", "confidence": "Low"}}, {"type": "Feature", "geometry": {"type": "Point", "coordinates": [109.04604, 0.44645]}, "properties": {"kab_kota": "MEMPAWAH", "kecamatan": "Mempawah Hilir", "desa": "Sengkubang", "tanggal": "2026-08-29", "timestamp": "2026-08-29T12:40:00+07:00", "satelit": "NASA-NOAA20", "confidence": "Low"}}, {"type": "Feature", "geometry": {"type": "Point", "coordinates": [109.04821, 0.45199]}, "properties": {"kab_kota": "MEMPAWAH", "kecamatan": "Mempawah Hilir", "desa": "Sengkubang", "tanggal": "2026-08-29", "timestamp": "2026-08-29T12:40:00+07:00", "satelit": "NASA-NOAA20", "confidence": "Low"}}, {"type": "Feature", "geometry": {"type": "Point", "coordinates": [109.04447, 0.4566]}, "properties": {"kab_kota": "MEMPAWAH", "kecamatan": "Mempawah Hilir", "desa": "Sengkubang", "tanggal": "2026-08-29", "timestamp": "2026-08-29T12:40:00+07:00", "satelit": "NASA-NOAA20", "confidence": "Low"}}, {"type": "Feature", "geometry": {"type": "Point", "coordinates": [109.04743, 0.45706]}, "properties": {"kab_kota": "MEMPAWAH", "kecamatan": "Mempawah Hilir", "desa": "Sengkubang", "tanggal": "2026-08-29", "timestamp": "2026-08-29T12:40:00+07:00", "satelit": "NASA-NOAA20", "confidence": "Low"}}, {"type": "Feature", "geometry": {"type": "Point", "coordinates": [109.05041, 0.45752]}, "properties": {"kab_kota": "MEMPAWAH", "kecamatan": "Mempawah Hilir", "desa": "Sengkubang", "tanggal": "2026-08-29", "timestamp": "2026-08-29T12:40:00+07:00", "satelit": "NASA-NOAA20", "confidence": "Low"}}, {"type": "Feature", "geometry": {"type": "Point", "coordinates": [109.04842, 0.4615]}, "properties": {"kab_kota": "MEMPAWAH", "kecamatan": "Mempawah Hilir", "desa": "Sengkubang", "tanggal": "2026-08-30", "timestamp": "2026-08-30T12:23:00+07:00", "satelit": "NASA-NOAA20", "confidence": "Low"}}, {"type": "Feature", "geometry": {"type": "Point", "coordinates": [109.02924, 0.3782]}, "properties": {"kab_kota": "MEMPAWAH", "kecamatan": "Mempawah Timur", "desa": "Antibar", "tanggal": "2026-08-28", "timestamp": "2026-08-28T12:59:00+07:00", "satelit": "NASA-NOAA20", "confidence": "Low"}}, {"type": "Feature", "geometry": {"type": "Point", "coordinates": [109.22845, 0.21859]}, "properties": {"kab_kota": "MEMPAWAH", "kecamatan": "Segedong", "desa": "Peniti Besar", "tanggal": "2026-08-28", "timestamp": "2026-08-28T12:59:00+07:00", "satelit": "NASA-NOAA20", "confidence": "Low"}}, {"type": "Feature", "geometry": {"type": "Point", "coordinates": [109.37962, 0.18092]}, "properties": {"kab_kota": "MEMPAWAH", "kecamatan": "Segedong", "desa": "Peniti Dalam I", "tanggal": "2026-08-07", "timestamp": "2026-08-07T12:53:00+07:00", "satelit": "NASA-NOAA20", "confidence": "Low"}}, {"type": "Feature", "geometry": {"type": "Point", "coordinates": [109.2706, 0.11375]}, "properties": {"kab_kota": "MEMPAWAH", "kecamatan": "Siantan", "desa": "Wajok Hilir", "tanggal": "2026-08-10", "timestamp": "2026-08-10T13:35:00+07:00", "satelit": "NASA-NOAA20", "confidence": "Low"}}, {"type": "Feature", "geometry": {"type": "Point", "coordinates": [109.02165, 0.52572]}, "properties": {"kab_kota": "MEMPAWAH", "kecamatan": "Sungai Kunyit", "desa": "Bukit Batu", "tanggal": "2026-08-19", "timestamp": "2026-08-19T14:07:00+07:00", "satelit": "NASA-NOAA20", "confidence": "Low"}}, {"type": "Feature", "geometry": {"type": "Point", "coordinates": [109.00607, 0.52496]}, "properties": {"kab_kota": "MEMPAWAH", "kecamatan": "Sungai Kunyit", "desa": "Bukit Batu", "tanggal": "2026-08-21", "timestamp": "2026-08-21T13:29:00+07:00", "satelit": "NASA-NOAA20", "confidence": "Low"}}, {"type": "Feature", "geometry": {"type": "Point", "coordinates": [109.02416, 0.52315]}, "properties": {"kab_kota": "MEMPAWAH", "kecamatan": "Sungai Kunyit", "desa": "Sungai Kunyit Hulu", "tanggal": "2026-08-19", "timestamp": "2026-08-19T14:07:00+07:00", "satelit": "NASA-NOAA20", "confidence": "Low"}}, {"type": "Feature", "geometry": {"type": "Point", "coordinates": [109.00117, 0.51255]}, "properties": {"kab_kota": "MEMPAWAH", "kecamatan": "Sungai Kunyit", "desa": "Sungai Kunyit Hulu", "tanggal": "2026-08-28", "timestamp": "2026-08-28T12:59:00+07:00", "satelit": "NASA-NOAA20", "confidence": "Low"}}, {"type": "Feature", "geometry": {"type": "Point", "coordinates": [109.23132, 0.3524]}, "properties": {"kab_kota": "MEMPAWAH", "kecamatan": "Anjongan", "desa": "Dema", "tanggal": "2026-08-10", "timestamp": "2026-08-10T13:35:00+07:00", "satelit": "NASA-NOAA20", "confidence": "Medium"}}, {"type": "Feature", "geometry": {"type": "Point", "coordinates": [109.08191, 0.46583]}, "properties": {"kab_kota": "MEMPAWAH", "kecamatan": "Mempawah Hilir", "desa": "Malikian", "tanggal": "2026-08-18", "timestamp": "2026-08-18T12:46:00+07:00", "satelit": "NASA-NOAA20", "confidence": "Medium"}}, {"type": "Feature", "geometry": {"type": "Point", "coordinates": [108.99696, 0.46638]}, "properties": {"kab_kota": "MEMPAWAH", "kecamatan": "Mempawah Hilir", "desa": "Malikian", "tanggal": "2026-08-18", "timestamp": "2026-08-18T12:46:00+07:00", "satelit": "NASA-NOAA20", "confidence": "Medium"}}, {"type": "Feature", "geometry": {"type": "Point", "coordinates": [109.08647, 0.46655]}, "properties": {"kab_kota": "MEMPAWAH", "kecamatan": "Mempawah Hilir", "desa": "Malikian", "tanggal": "2026-08-18", "timestamp": "2026-08-18T12:46:00+07:00", "satelit": "NASA-NOAA20", "confidence": "Medium"}}, {"type": "Feature", "geometry": {"type": "Point", "coordinates": [109.08126, 0.47037]}, "properties": {"kab_kota": "MEMPAWAH", "kecamatan": "Mempawah Hilir", "desa": "Malikian", "tanggal": "2026-08-18", "timestamp": "2026-08-18T12:46:00+07:00", "satelit": "NASA-NOAA20", "confidence": "Medium"}}, {"type": "Feature", "geometry": {"type": "Point", "coordinates": [109.08095, 0.46616]}, "properties": {"kab_kota": "MEMPAWAH", "kecamatan": "Mempawah Hilir", "desa": "Malikian", "tanggal": "2026-08-19", "timestamp": "2026-08-19T01:28:00+07:00", "satelit": "NASA-NOAA20", "confidence": "Medium"}}, {"type": "Feature", "geometry": {"type": "Point", "coordinates": [109.07671, 0.46683]}, "properties": {"kab_kota": "MEMPAWAH", "kecamatan": "Mempawah Hilir", "desa": "Malikian", "tanggal": "2026-08-19", "timestamp": "2026-08-19T01:28:00+07:00", "satelit": "NASA-NOAA20", "confidence": "Medium"}}, {"type": "Feature", "geometry": {"type": "Point", "coordinates": [109.0815, 0.4698]}, "properties": {"kab_kota": "MEMPAWAH", "kecamatan": "Mempawah Hilir", "desa": "Malikian", "tanggal": "2026-08-19", "timestamp": "2026-08-19T01:28:00+07:00", "satelit": "NASA-NOAA20", "confidence": "Medium"}}, {"type": "Feature", "geometry": {"type": "Point", "coordinates": [109.07727, 0.47048]}, "properties": {"kab_kota": "MEMPAWAH", "kecamatan": "Mempawah Hilir", "desa": "Malikian", "tanggal": "2026-08-19", "timestamp": "2026-08-19T01:28:00+07:00", "satelit": "NASA-NOAA20", "confidence": "Medium"}}, {"type": "Feature", "geometry": {"type": "Point", "coordinates": [109.08206, 0.47344]}, "properties": {"kab_kota": "MEMPAWAH", "kecamatan": "Mempawah Hilir", "desa": "Malikian", "tanggal": "2026-08-19", "timestamp": "2026-08-19T01:28:00+07:00", "satelit": "NASA-NOAA20", "confidence": "Medium"}}, {"type": "Feature", "geometry": {"type": "Point", "coordinates": [109.07659, 0.4655]}, "properties": {"kab_kota": "MEMPAWAH", "kecamatan": "Mempawah Hilir", "desa": "Malikian", "tanggal": "2026-08-19", "timestamp": "2026-08-19T12:27:00+07:00", "satelit": "NASA-NOAA20", "confidence": "Medium"}}, {"type": "Feature", "geometry": {"type": "Point", "coordinates": [109.07701, 0.47019]}, "properties": {"kab_kota": "MEMPAWAH", "kecamatan": "Mempawah Hilir", "desa": "Malikian", "tanggal": "2026-08-19", "timestamp": "2026-08-19T12:27:00+07:00", "satelit": "NASA-NOAA20", "confidence": "Medium"}}, {"type": "Feature", "geometry": {"type": "Point", "coordinates": [108.99277, 0.46184]}, "properties": {"kab_kota": "MEMPAWAH", "kecamatan": "Mempawah Hilir", "desa": "Malikian", "tanggal": "2026-08-20", "timestamp": "2026-08-20T13:50:00+07:00", "satelit": "NASA-NOAA20", "confidence": "Medium"}}, {"type": "Feature", "geometry": {"type": "Point", "coordinates": [109.07442, 0.46998]}, "properties": {"kab_kota": "MEMPAWAH", "kecamatan": "Mempawah Hilir", "desa": "Malikian", "tanggal": "2026-08-21", "timestamp": "2026-08-21T00:49:00+07:00", "satelit": "NASA-NOAA20", "confidence": "Medium"}}, {"type": "Feature", "geometry": {"type": "Point", "coordinates": [108.97296, 0.45635]}, "properties": {"kab_kota": "MEMPAWAH", "kecamatan": "Mempawah Hilir", "desa": "Malikian", "tanggal": "2026-08-23", "timestamp": "2026-08-23T12:53:00+07:00", "satelit": "NASA-NOAA20", "confidence": "Medium"}}, {"type": "Feature", "geometry": {"type": "Point", "coordinates": [109.07973, 0.47798]}, "properties": {"kab_kota": "MEMPAWAH", "kecamatan": "Mempawah Hilir", "desa": "Malikian", "tanggal": "2026-08-25", "timestamp": "2026-08-25T01:13:00+07:00", "satelit": "NASA-NOAA20", "confidence": "Medium"}}, {"type": "Feature", "geometry": {"type": "Point", "coordinates": [109.07435, 0.46461]}, "properties": {"kab_kota": "MEMPAWAH", "kecamatan": "Mempawah Hilir", "desa": "Malikian", "tanggal": "2026-08-28", "timestamp": "2026-08-28T12:59:00+07:00", "satelit": "NASA-NOAA20", "confidence": "Medium"}}, {"type": "Feature", "geometry": {"type": "Point", "coordinates": [108.99323, 0.46747]}, "properties": {"kab_kota": "MEMPAWAH", "kecamatan": "Mempawah Hilir", "desa": "Malikian", "tanggal": "2026-08-28", "timestamp": "2026-08-28T12:59:00+07:00", "satelit": "NASA-NOAA20", "confidence": "Medium"}}, {"type": "Feature", "geometry": {"type": "Point", "coordinates": [108.99763, 0.46813]}, "properties": {"kab_kota": "MEMPAWAH", "kecamatan": "Mempawah Hilir", "desa": "Malikian", "tanggal": "2026-08-28", "timestamp": "2026-08-28T12:59:00+07:00", "satelit": "NASA-NOAA20", "confidence": "Medium"}}, {"type": "Feature", "geometry": {"type": "Point", "coordinates": [108.99417, 0.46975]}, "properties": {"kab_kota": "MEMPAWAH", "kecamatan": "Mempawah Hilir", "desa": "Malikian", "tanggal": "2026-08-28", "timestamp": "2026-08-28T12:59:00+07:00", "satelit": "NASA-NOAA20", "confidence": "Medium"}}, {"type": "Feature", "geometry": {"type": "Point", "coordinates": [109.07326, 0.47199]}, "properties": {"kab_kota": "MEMPAWAH", "kecamatan": "Mempawah Hilir", "desa": "Malikian", "tanggal": "2026-08-28", "timestamp": "2026-08-28T12:59:00+07:00", "satelit": "NASA-NOAA20", "confidence": "Medium"}}, {"type": "Feature", "geometry": {"type": "Point", "coordinates": [109.07761, 0.47265]}, "properties": {"kab_kota": "MEMPAWAH", "kecamatan": "Mempawah Hilir", "desa": "Malikian", "tanggal": "2026-08-28", "timestamp": "2026-08-28T12:59:00+07:00", "satelit": "NASA-NOAA20", "confidence": "Medium"}}, {"type": "Feature", "geometry": {"type": "Point", "coordinates": [109.08196, 0.47331]}, "properties": {"kab_kota": "MEMPAWAH", "kecamatan": "Mempawah Hilir", "desa": "Malikian", "tanggal": "2026-08-28", "timestamp": "2026-08-28T12:59:00+07:00", "satelit": "NASA-NOAA20", "confidence": "Medium"}}, {"type": "Feature", "geometry": {"type": "Point", "coordinates": [109.07271, 0.47569]}, "properties": {"kab_kota": "MEMPAWAH", "kecamatan": "Mempawah Hilir", "desa": "Malikian", "tanggal": "2026-08-28", "timestamp": "2026-08-28T12:59:00+07:00", "satelit": "NASA-NOAA20", "confidence": "Medium"}}, {"type": "Feature", "geometry": {"type": "Point", "coordinates": [109.0765, 0.48003]}, "properties": {"kab_kota": "MEMPAWAH", "kecamatan": "Mempawah Hilir", "desa": "Malikian", "tanggal": "2026-08-28", "timestamp": "2026-08-28T12:59:00+07:00", "satelit": "NASA-NOAA20", "confidence": "Medium"}}, {"type": "Feature", "geometry": {"type": "Point", "coordinates": [109.07042, 0.46581]}, "properties": {"kab_kota": "MEMPAWAH", "kecamatan": "Mempawah Hilir", "desa": "Malikian", "tanggal": "2026-08-29", "timestamp": "2026-08-29T12:40:00+07:00", "satelit": "NASA-NOAA20", "confidence": "Medium"}}, {"type": "Feature", "geometry": {"type": "Point", "coordinates": [109.07336, 0.46627]}, "properties": {"kab_kota": "MEMPAWAH", "kecamatan": "Mempawah Hilir", "desa": "Malikian", "tanggal": "2026-08-29", "timestamp": "2026-08-29T12:40:00+07:00", "satelit": "NASA-NOAA20", "confidence": "Medium"}}, {"type": "Feature", "geometry": {"type": "Point", "coordinates": [108.99383, 0.46955]}, "properties": {"kab_kota": "MEMPAWAH", "kecamatan": "Mempawah Hilir", "desa": "Malikian", "tanggal": "2026-08-29", "timestamp": "2026-08-29T12:40:00+07:00", "satelit": "NASA-NOAA20", "confidence": "Medium"}}, {"type": "Feature", "geometry": {"type": "Point", "coordinates": [109.06967, 0.47088]}, "properties": {"kab_kota": "MEMPAWAH", "kecamatan": "Mempawah Hilir", "desa": "Malikian", "tanggal": "2026-08-29", "timestamp": "2026-08-29T12:40:00+07:00", "satelit": "NASA-NOAA20", "confidence": "Medium"}}, {"type": "Feature", "geometry": {"type": "Point", "coordinates": [109.07264, 0.47134]}, "properties": {"kab_kota": "MEMPAWAH", "kecamatan": "Mempawah Hilir", "desa": "Malikian", "tanggal": "2026-08-29", "timestamp": "2026-08-29T12:40:00+07:00", "satelit": "NASA-NOAA20", "confidence": "Medium"}}, {"type": "Feature", "geometry": {"type": "Point", "coordinates": [109.07407, 0.48192]}, "properties": {"kab_kota": "MEMPAWAH", "kecamatan": "Mempawah Hilir", "desa": "Malikian", "tanggal": "2026-08-29", "timestamp": "2026-08-29T12:40:00+07:00", "satelit": "NASA-NOAA20", "confidence": "Medium"}}, {"type": "Feature", "geometry": {"type": "Point", "coordinates": [108.98015, 0.4578]}, "properties": {"kab_kota": "MEMPAWAH", "kecamatan": "Mempawah Hilir", "desa": "Malikian", "tanggal": "2026-08-30", "timestamp": "2026-08-30T01:21:00+07:00", "satelit": "NASA-NOAA20", "confidence": "Medium"}}, {"type": "Feature", "geometry": {"type": "Point", "coordinates": [109.07054, 0.46442]}, "properties": {"kab_kota": "MEMPAWAH", "kecamatan": "Mempawah Hilir", "desa": "Malikian", "tanggal": "2026-08-30", "timestamp": "2026-08-30T01:21:00+07:00", "satelit": "NASA-NOAA20", "confidence": "Medium"}}, {"type": "Feature", "geometry": {"type": "Point", "coordinates": [109.04452, 0.46503]}, "properties": {"kab_kota": "MEMPAWAH", "kecamatan": "Mempawah Hilir", "desa": "Malikian", "tanggal": "2026-08-30", "timestamp": "2026-08-30T01:21:00+07:00", "satelit": "NASA-NOAA20", "confidence": "Medium"}}, {"type": "Feature", "geometry": {"type": "Point", "coordinates": [109.07106, 0.46782]}, "properties": {"kab_kota": "MEMPAWAH", "kecamatan": "Mempawah Hilir", "desa": "Malikian", "tanggal": "2026-08-30", "timestamp": "2026-08-30T01:21:00+07:00", "satelit": "NASA-NOAA20", "confidence": "Medium"}}, {"type": "Feature", "geometry": {"type": "Point", "coordinates": [108.99675, 0.46908]}, "properties": {"kab_kota": "MEMPAWAH", "kecamatan": "Mempawah Hilir", "desa": "Malikian", "tanggal": "2026-08-30", "timestamp": "2026-08-30T01:21:00+07:00", "satelit": "NASA-NOAA20", "confidence": "Medium"}}, {"type": "Feature", "geometry": {"type": "Point", "coordinates": [109.07159, 0.47122]}, "properties": {"kab_kota": "MEMPAWAH", "kecamatan": "Mempawah Hilir", "desa": "Malikian", "tanggal": "2026-08-30", "timestamp": "2026-08-30T01:21:00+07:00", "satelit": "NASA-NOAA20", "confidence": "Medium"}}, {"type": "Feature", "geometry": {"type": "Point", "coordinates": [109.06953, 0.48199]}, "properties": {"kab_kota": "MEMPAWAH", "kecamatan": "Mempawah Hilir", "desa": "Malikian", "tanggal": "2026-08-30", "timestamp": "2026-08-30T01:21:00+07:00", "satelit": "NASA-NOAA20", "confidence": "Medium"}}, {"type": "Feature", "geometry": {"type": "Point", "coordinates": [109.07297, 0.48208]}, "properties": {"kab_kota": "MEMPAWAH", "kecamatan": "Mempawah Hilir", "desa": "Malikian", "tanggal": "2026-08-30", "timestamp": "2026-08-30T01:21:00+07:00", "satelit": "NASA-NOAA20", "confidence": "Medium"}}, {"type": "Feature", "geometry": {"type": "Point", "coordinates": [109.06932, 0.48267]}, "properties": {"kab_kota": "MEMPAWAH", "kecamatan": "Mempawah Hilir", "desa": "Malikian", "tanggal": "2026-08-30", "timestamp": "2026-08-30T01:21:00+07:00", "satelit": "NASA-NOAA20", "confidence": "Medium"}}, {"type": "Feature", "geometry": {"type": "Point", "coordinates": [109.07715, 0.4849]}, "properties": {"kab_kota": "MEMPAWAH", "kecamatan": "Mempawah Hilir", "desa": "Malikian", "tanggal": "2026-08-30", "timestamp": "2026-08-30T01:21:00+07:00", "satelit": "NASA-NOAA20", "confidence": "Medium"}}, {"type": "Feature", "geometry": {"type": "Point", "coordinates": [109.05009, 0.46715]}, "properties": {"kab_kota": "MEMPAWAH", "kecamatan": "Mempawah Hilir", "desa": "Malikian", "tanggal": "2026-08-30", "timestamp": "2026-08-30T14:01:00+07:00", "satelit": "NASA-NOAA20", "confidence": "Medium"}}, {"type": "Feature", "geometry": {"type": "Point", "coordinates": [109.05099, 0.46597]}, "properties": {"kab_kota": "MEMPAWAH", "kecamatan": "Mempawah Hilir", "desa": "Malikian", "tanggal": "2026-08-31", "timestamp": "2026-08-31T01:02:00+07:00", "satelit": "NASA-NOAA20", "confidence": "Medium"}}, {"type": "Feature", "geometry": {"type": "Point", "coordinates": [109.0469, 0.46662]}, "properties": {"kab_kota": "MEMPAWAH", "kecamatan": "Mempawah Hilir", "desa": "Malikian", "tanggal": "2026-08-31", "timestamp": "2026-08-31T01:02:00+07:00", "satelit": "NASA-NOAA20", "confidence": "Medium"}}, {"type": "Feature", "geometry": {"type": "Point", "coordinates": [109.05157, 0.46956]}, "properties": {"kab_kota": "MEMPAWAH", "kecamatan": "Mempawah Hilir", "desa": "Malikian", "tanggal": "2026-08-31", "timestamp": "2026-08-31T01:02:00+07:00", "satelit": "NASA-NOAA20", "confidence": "Medium"}}, {"type": "Feature", "geometry": {"type": "Point", "coordinates": [109.07258, 0.46987]}, "properties": {"kab_kota": "MEMPAWAH", "kecamatan": "Mempawah Hilir", "desa": "Malikian", "tanggal": "2026-08-31", "timestamp": "2026-08-31T01:02:00+07:00", "satelit": "NASA-NOAA20", "confidence": "Medium"}}, {"type": "Feature", "geometry": {"type": "Point", "coordinates": [109.04748, 0.47021]}, "properties": {"kab_kota": "MEMPAWAH", "kecamatan": "Mempawah Hilir", "desa": "Malikian", "tanggal": "2026-08-31", "timestamp": "2026-08-31T01:02:00+07:00", "satelit": "NASA-NOAA20", "confidence": "Medium"}}, {"type": "Feature", "geometry": {"type": "Point", "coordinates": [109.07377, 0.48289]}, "properties": {"kab_kota": "MEMPAWAH", "kecamatan": "Mempawah Hilir", "desa": "Malikian", "tanggal": "2026-08-31", "timestamp": "2026-08-31T01:02:00+07:00", "satelit": "NASA-NOAA20", "confidence": "Medium"}}, {"type": "Feature", "geometry": {"type": "Point", "coordinates": [109.07842, 0.48584]}, "properties": {"kab_kota": "MEMPAWAH", "kecamatan": "Mempawah Hilir", "desa": "Malikian", "tanggal": "2026-08-31", "timestamp": "2026-08-31T01:02:00+07:00", "satelit": "NASA-NOAA20", "confidence": "Medium"}}, {"type": "Feature", "geometry": {"type": "Point", "coordinates": [109.07433, 0.48647]}, "properties": {"kab_kota": "MEMPAWAH", "kecamatan": "Mempawah Hilir", "desa": "Malikian", "tanggal": "2026-08-31", "timestamp": "2026-08-31T01:02:00+07:00", "satelit": "NASA-NOAA20", "confidence": "Medium"}}, {"type": "Feature", "geometry": {"type": "Point", "coordinates": [109.0749, 0.49006]}, "properties": {"kab_kota": "MEMPAWAH", "kecamatan": "Mempawah Hilir", "desa": "Malikian", "tanggal": "2026-08-31", "timestamp": "2026-08-31T01:02:00+07:00", "satelit": "NASA-NOAA20", "confidence": "Medium"}}, {"type": "Feature", "geometry": {"type": "Point", "coordinates": [108.99914, 0.44971]}, "properties": {"kab_kota": "MEMPAWAH", "kecamatan": "Mempawah Hilir", "desa": "Malikian", "tanggal": "2026-08-31", "timestamp": "2026-08-31T13:44:00+07:00", "satelit": "NASA-NOAA20", "confidence": "Medium"}}, {"type": "Feature", "geometry": {"type": "Point", "coordinates": [108.99675, 0.45004]}, "properties": {"kab_kota": "MEMPAWAH", "kecamatan": "Mempawah Hilir", "desa": "Malikian", "tanggal": "2026-08-31", "timestamp": "2026-08-31T13:44:00+07:00", "satelit": "NASA-NOAA20", "confidence": "Medium"}}, {"type": "Feature", "geometry": {"type": "Point", "coordinates": [109.04897, 0.46734]}, "properties": {"kab_kota": "MEMPAWAH", "kecamatan": "Mempawah Hilir", "desa": "Malikian", "tanggal": "2026-08-31", "timestamp": "2026-08-31T13:44:00+07:00", "satelit": "NASA-NOAA20", "confidence": "Medium"}}, {"type": "Feature", "geometry": {"type": "Point", "coordinates": [109.05178, 0.46806]}, "properties": {"kab_kota": "MEMPAWAH", "kecamatan": "Mempawah Hilir", "desa": "Malikian", "tanggal": "2026-08-31", "timestamp": "2026-08-31T13:44:00+07:00", "satelit": "NASA-NOAA20", "confidence": "Medium"}}, {"type": "Feature", "geometry": {"type": "Point", "coordinates": [109.03368, 0.42921]}, "properties": {"kab_kota": "MEMPAWAH", "kecamatan": "Mempawah Hilir", "desa": "Pasir", "tanggal": "2026-08-05", "timestamp": "2026-08-05T13:29:00+07:00", "satelit": "NASA-NOAA20", "confidence": "Medium"}}, {"type": "Feature", "geometry": {"type": "Point", "coordinates": [109.03509, 0.42837]}, "properties": {"kab_kota": "MEMPAWAH", "kecamatan": "Mempawah Hilir", "desa": "Pasir", "tanggal": "2026-08-28", "timestamp": "2026-08-28T12:59:00+07:00", "satelit": "NASA-NOAA20", "confidence": "Medium"}}, {"type": "Feature", "geometry": {"type": "Point", "coordinates": [109.06458, 0.44045]}, "properties": {"kab_kota": "MEMPAWAH", "kecamatan": "Mempawah Hilir", "desa": "Pasir", "tanggal": "2026-08-28", "timestamp": "2026-08-28T12:59:00+07:00", "satelit": "NASA-NOAA20", "confidence": "Medium"}}, {"type": "Feature", "geometry": {"type": "Point", "coordinates": [109.02696, 0.41226]}, "properties": {"kab_kota": "MEMPAWAH", "kecamatan": "Mempawah Hilir", "desa": "Pasir", "tanggal": "2026-08-29", "timestamp": "2026-08-29T12:40:00+07:00", "satelit": "NASA-NOAA20", "confidence": "Medium"}}, {"type": "Feature", "geometry": {"type": "Point", "coordinates": [109.02026, 0.41641]}, "properties": {"kab_kota": "MEMPAWAH", "kecamatan": "Mempawah Hilir", "desa": "Pasir", "tanggal": "2026-08-29", "timestamp": "2026-08-29T12:40:00+07:00", "satelit": "NASA-NOAA20", "confidence": "Medium"}}, {"type": "Feature", "geometry": {"type": "Point", "coordinates": [109.02324, 0.41688]}, "properties": {"kab_kota": "MEMPAWAH", "kecamatan": "Mempawah Hilir", "desa": "Pasir", "tanggal": "2026-08-29", "timestamp": "2026-08-29T12:40:00+07:00", "satelit": "NASA-NOAA20", "confidence": "Medium"}}, {"type": "Feature", "geometry": {"type": "Point", "coordinates": [109.02621, 0.41735]}, "properties": {"kab_kota": "MEMPAWAH", "kecamatan": "Mempawah Hilir", "desa": "Pasir", "tanggal": "2026-08-29", "timestamp": "2026-08-29T12:40:00+07:00", "satelit": "NASA-NOAA20", "confidence": "Medium"}}, {"type": "Feature", "geometry": {"type": "Point", "coordinates": [109.02917, 0.41782]}, "properties": {"kab_kota": "MEMPAWAH", "kecamatan": "Mempawah Hilir", "desa": "Pasir", "tanggal": "2026-08-29", "timestamp": "2026-08-29T12:40:00+07:00", "satelit": "NASA-NOAA20", "confidence": "Medium"}}, {"type": "Feature", "geometry": {"type": "Point", "coordinates": [109.02248, 0.42196]}, "properties": {"kab_kota": "MEMPAWAH", "kecamatan": "Mempawah Hilir", "desa": "Pasir", "tanggal": "2026-08-29", "timestamp": "2026-08-29T12:40:00+07:00", "satelit": "NASA-NOAA20", "confidence": "Medium"}}, {"type": "Feature", "geometry": {"type": "Point", "coordinates": [109.03651, 0.42937]}, "properties": {"kab_kota": "MEMPAWAH", "kecamatan": "Mempawah Hilir", "desa": "Pasir", "tanggal": "2026-08-29", "timestamp": "2026-08-29T12:40:00+07:00", "satelit": "NASA-NOAA20", "confidence": "Medium"}}, {"type": "Feature", "geometry": {"type": "Point", "coordinates": [109.03948, 0.42984]}, "properties": {"kab_kota": "MEMPAWAH", "kecamatan": "Mempawah Hilir", "desa": "Pasir", "tanggal": "2026-08-29", "timestamp": "2026-08-29T12:40:00+07:00", "satelit": "NASA-NOAA20", "confidence": "Medium"}}, {"type": "Feature", "geometry": {"type": "Point", "coordinates": [109.03574, 0.43445]}, "properties": {"kab_kota": "MEMPAWAH", "kecamatan": "Mempawah Hilir", "desa": "Pasir", "tanggal": "2026-08-29", "timestamp": "2026-08-29T12:40:00+07:00", "satelit": "NASA-NOAA20", "confidence": "Medium"}}, {"type": "Feature", "geometry": {"type": "Point", "coordinates": [109.0387, 0.43492]}, "properties": {"kab_kota": "MEMPAWAH", "kecamatan": "Mempawah Hilir", "desa": "Pasir", "tanggal": "2026-08-29", "timestamp": "2026-08-29T12:40:00+07:00", "satelit": "NASA-NOAA20", "confidence": "Medium"}}, {"type": "Feature", "geometry": {"type": "Point", "coordinates": [109.02514, 0.41242]}, "properties": {"kab_kota": "MEMPAWAH", "kecamatan": "Mempawah Hilir", "desa": "Pasir", "tanggal": "2026-08-30", "timestamp": "2026-08-30T01:21:00+07:00", "satelit": "NASA-NOAA20", "confidence": "Medium"}}, {"type": "Feature", "geometry": {"type": "Point", "coordinates": [109.02151, 0.413]}, "properties": {"kab_kota": "MEMPAWAH", "kecamatan": "Mempawah Hilir", "desa": "Pasir", "tanggal": "2026-08-30", "timestamp": "2026-08-30T01:21:00+07:00", "satelit": "NASA-NOAA20", "confidence": "Medium"}}, {"type": "Feature", "geometry": {"type": "Point", "coordinates": [109.02567, 0.41582]}, "properties": {"kab_kota": "MEMPAWAH", "kecamatan": "Mempawah Hilir", "desa": "Pasir", "tanggal": "2026-08-30", "timestamp": "2026-08-30T01:21:00+07:00", "satelit": "NASA-NOAA20", "confidence": "Medium"}}, {"type": "Feature", "geometry": {"type": "Point", "coordinates": [109.02203, 0.4164]}, "properties": {"kab_kota": "MEMPAWAH", "kecamatan": "Mempawah Hilir", "desa": "Pasir", "tanggal": "2026-08-30", "timestamp": "2026-08-30T01:21:00+07:00", "satelit": "NASA-NOAA20", "confidence": "Medium"}}, {"type": "Feature", "geometry": {"type": "Point", "coordinates": [109.01839, 0.41698]}, "properties": {"kab_kota": "MEMPAWAH", "kecamatan": "Mempawah Hilir", "desa": "Pasir", "tanggal": "2026-08-30", "timestamp": "2026-08-30T01:21:00+07:00", "satelit": "NASA-NOAA20", "confidence": "Medium"}}, {"type": "Feature", "geometry": {"type": "Point", "coordinates": [109.02983, 0.41864]}, "properties": {"kab_kota": "MEMPAWAH", "kecamatan": "Mempawah Hilir", "desa": "Pasir", "tanggal": "2026-08-30", "timestamp": "2026-08-30T01:21:00+07:00", "satelit": "NASA-NOAA20", "confidence": "Medium"}}, {"type": "Feature", "geometry": {"type": "Point", "coordinates": [109.01892, 0.42037]}, "properties": {"kab_kota": "MEMPAWAH", "kecamatan": "Mempawah Hilir", "desa": "Pasir", "tanggal": "2026-08-30", "timestamp": "2026-08-30T01:21:00+07:00", "satelit": "NASA-NOAA20", "confidence": "Medium"}}, {"type": "Feature", "geometry": {"type": "Point", "coordinates": [109.02673, 0.42261]}, "properties": {"kab_kota": "MEMPAWAH", "kecamatan": "Mempawah Hilir", "desa": "Pasir", "tanggal": "2026-08-30", "timestamp": "2026-08-30T01:21:00+07:00", "satelit": "NASA-NOAA20", "confidence": "Medium"}}, {"type": "Feature", "geometry": {"type": "Point", "coordinates": [109.02309, 0.42319]}, "properties": {"kab_kota": "MEMPAWAH", "kecamatan": "Mempawah Hilir", "desa": "Pasir", "tanggal": "2026-08-30", "timestamp": "2026-08-30T01:21:00+07:00", "satelit": "NASA-NOAA20", "confidence": "Medium"}}, {"type": "Feature", "geometry": {"type": "Point", "coordinates": [109.03976, 0.43446]}, "properties": {"kab_kota": "MEMPAWAH", "kecamatan": "Mempawah Hilir", "desa": "Pasir", "tanggal": "2026-08-30", "timestamp": "2026-08-30T01:21:00+07:00", "satelit": "NASA-NOAA20", "confidence": "Medium"}}, {"type": "Feature", "geometry": {"type": "Point", "coordinates": [109.02941, 0.41619]}, "properties": {"kab_kota": "MEMPAWAH", "kecamatan": "Mempawah Hilir", "desa": "Pasir", "tanggal": "2026-08-30", "timestamp": "2026-08-30T12:23:00+07:00", "satelit": "NASA-NOAA20", "confidence": "Medium"}}, {"type": "Feature", "geometry": {"type": "Point", "coordinates": [109.02714, 0.41751]}, "properties": {"kab_kota": "MEMPAWAH", "kecamatan": "Mempawah Hilir", "desa": "Pasir", "tanggal": "2026-08-30", "timestamp": "2026-08-30T14:01:00+07:00", "satelit": "NASA-NOAA20", "confidence": "Medium"}}, {"type": "Feature", "geometry": {"type": "Point", "coordinates": [109.02619, 0.42403]}, "properties": {"kab_kota": "MEMPAWAH", "kecamatan": "Mempawah Hilir", "desa": "Pasir", "tanggal": "2026-08-30", "timestamp": "2026-08-30T14:01:00+07:00", "satelit": "NASA-NOAA20", "confidence": "Medium"}}, {"type": "Feature", "geometry": {"type": "Point", "coordinates": [109.04397, 0.4328]}, "properties": {"kab_kota": "MEMPAWAH", "kecamatan": "Mempawah Hilir", "desa": "Pasir", "tanggal": "2026-08-30", "timestamp": "2026-08-30T14:01:00+07:00", "satelit": "NASA-NOAA20", "confidence": "Medium"}}, {"type": "Feature", "geometry": {"type": "Point", "coordinates": [109.04171, 0.43317]}, "properties": {"kab_kota": "MEMPAWAH", "kecamatan": "Mempawah Hilir", "desa": "Pasir", "tanggal": "2026-08-30", "timestamp": "2026-08-30T14:01:00+07:00", "satelit": "NASA-NOAA20", "confidence": "Medium"}}, {"type": "Feature", "geometry": {"type": "Point", "coordinates": [109.02149, 0.41181]}, "properties": {"kab_kota": "MEMPAWAH", "kecamatan": "Mempawah Hilir", "desa": "Pasir", "tanggal": "2026-08-31", "timestamp": "2026-08-31T01:02:00+07:00", "satelit": "NASA-NOAA20", "confidence": "Medium"}}, {"type": "Feature", "geometry": {"type": "Point", "coordinates": [109.02615, 0.41475]}, "properties": {"kab_kota": "MEMPAWAH", "kecamatan": "Mempawah Hilir", "desa": "Pasir", "tanggal": "2026-08-31", "timestamp": "2026-08-31T01:02:00+07:00", "satelit": "NASA-NOAA20", "confidence": "Medium"}}, {"type": "Feature", "geometry": {"type": "Point", "coordinates": [109.02206, 0.41539]}, "properties": {"kab_kota": "MEMPAWAH", "kecamatan": "Mempawah Hilir", "desa": "Pasir", "tanggal": "2026-08-31", "timestamp": "2026-08-31T01:02:00+07:00", "satelit": "NASA-NOAA20", "confidence": "Medium"}}, {"type": "Feature", "geometry": {"type": "Point", "coordinates": [109.02673, 0.41834]}, "properties": {"kab_kota": "MEMPAWAH", "kecamatan": "Mempawah Hilir", "desa": "Pasir", "tanggal": "2026-08-31", "timestamp": "2026-08-31T01:02:00+07:00", "satelit": "NASA-NOAA20", "confidence": "Medium"}}, {"type": "Feature", "geometry": {"type": "Point", "coordinates": [109.02263, 0.41898]}, "properties": {"kab_kota": "MEMPAWAH", "kecamatan": "Mempawah Hilir", "desa": "Pasir", "tanggal": "2026-08-31", "timestamp": "2026-08-31T01:02:00+07:00", "satelit": "NASA-NOAA20", "confidence": "Medium"}}, {"type": "Feature", "geometry": {"type": "Point", "coordinates": [109.02728, 0.42193]}, "properties": {"kab_kota": "MEMPAWAH", "kecamatan": "Mempawah Hilir", "desa": "Pasir", "tanggal": "2026-08-31", "timestamp": "2026-08-31T01:02:00+07:00", "satelit": "NASA-NOAA20", "confidence": "Medium"}}, {"type": "Feature", "geometry": {"type": "Point", "coordinates": [109.02319, 0.42257]}, "properties": {"kab_kota": "MEMPAWAH", "kecamatan": "Mempawah Hilir", "desa": "Pasir", "tanggal": "2026-08-31", "timestamp": "2026-08-31T01:02:00+07:00", "satelit": "NASA-NOAA20", "confidence": "Medium"}}, {"type": "Feature", "geometry": {"type": "Point", "coordinates": [109.0191, 0.42322]}, "properties": {"kab_kota": "MEMPAWAH", "kecamatan": "Mempawah Hilir", "desa": "Pasir", "tanggal": "2026-08-31", "timestamp": "2026-08-31T01:02:00+07:00", "satelit": "NASA-NOAA20", "confidence": "Medium"}}, {"type": "Feature", "geometry": {"type": "Point", "coordinates": [109.02523, 0.41477]}, "properties": {"kab_kota": "MEMPAWAH", "kecamatan": "Mempawah Hilir", "desa": "Pasir", "tanggal": "2026-08-31", "timestamp": "2026-08-31T13:44:00+07:00", "satelit": "NASA-NOAA20", "confidence": "Medium"}}, {"type": "Feature", "geometry": {"type": "Point", "coordinates": [109.02451, 0.41954]}, "properties": {"kab_kota": "MEMPAWAH", "kecamatan": "Mempawah Hilir", "desa": "Pasir", "tanggal": "2026-08-31", "timestamp": "2026-08-31T13:44:00+07:00", "satelit": "NASA-NOAA20", "confidence": "Medium"}}, {"type": "Feature", "geometry": {"type": "Point", "coordinates": [109.02963, 0.42034]}, "properties": {"kab_kota": "MEMPAWAH", "kecamatan": "Mempawah Hilir", "desa": "Pasir", "tanggal": "2026-08-31", "timestamp": "2026-08-31T13:44:00+07:00", "satelit": "NASA-NOAA20", "confidence": "Medium"}}, {"type": "Feature", "geometry": {"type": "Point", "coordinates": [108.9991, 0.42713]}, "properties": {"kab_kota": "MEMPAWAH", "kecamatan": "Mempawah Hilir", "desa": "Penibung", "tanggal": "2026-08-07", "timestamp": "2026-08-07T12:53:00+07:00", "satelit": "NASA-NOAA20", "confidence": "Medium"}}, {"type": "Feature", "geometry": {"type": "Point", "coordinates": [109.00437, 0.42058]}, "properties": {"kab_kota": "MEMPAWAH", "kecamatan": "Mempawah Hilir", "desa": "Penibung", "tanggal": "2026-08-30", "timestamp": "2026-08-30T14:01:00+07:00", "satelit": "NASA-NOAA20", "confidence": "Medium"}}, {"type": "Feature", "geometry": {"type": "Point", "coordinates": [109.00216, 0.43178]}, "properties": {"kab_kota": "MEMPAWAH", "kecamatan": "Mempawah Hilir", "desa": "Sengkubang", "tanggal": "2026-08-07", "timestamp": "2026-08-07T12:53:00+07:00", "satelit": "NASA-NOAA20", "confidence": "Medium"}}, {"type": "Feature", "geometry": {"type": "Point", "coordinates": [109.00021, 0.42983]}, "properties": {"kab_kota": "MEMPAWAH", "kecamatan": "Mempawah Hilir", "desa": "Sengkubang", "tanggal": "2026-08-08", "timestamp": "2026-08-08T12:33:00+07:00", "satelit": "NASA-NOAA20", "confidence": "Medium"}}, {"type": "Feature", "geometry": {"type": "Point", "coordinates": [108.99565, 0.4353]}, "properties": {"kab_kota": "MEMPAWAH", "kecamatan": "Mempawah Hilir", "desa": "Sengkubang", "tanggal": "2026-08-09", "timestamp": "2026-08-09T01:13:00+07:00", "satelit": "NASA-NOAA20", "confidence": "Medium"}}, {"type": "Feature", "geometry": {"type": "Point", "coordinates": [108.99925, 0.43626]}, "properties": {"kab_kota": "MEMPAWAH", "kecamatan": "Mempawah Hilir", "desa": "Sengkubang", "tanggal": "2026-08-09", "timestamp": "2026-08-09T13:57:00+07:00", "satelit": "NASA-NOAA20", "confidence": "Medium"}}, {"type": "Feature", "geometry": {"type": "Point", "coordinates": [108.99611, 0.42887]}, "properties": {"kab_kota": "MEMPAWAH", "kecamatan": "Mempawah Hilir", "desa": "Sengkubang", "tanggal": "2026-08-10", "timestamp": "2026-08-10T00:56:00+07:00", "satelit": "NASA-NOAA20", "confidence": "Medium"}}, {"type": "Feature", "geometry": {"type": "Point", "coordinates": [108.99388, 0.42985]}, "properties": {"kab_kota": "MEMPAWAH", "kecamatan": "Mempawah Hilir", "desa": "Sengkubang", "tanggal": "2026-08-10", "timestamp": "2026-08-10T00:56:00+07:00", "satelit": "NASA-NOAA20", "confidence": "Medium"}}, {"type": "Feature", "geometry": {"type": "Point", "coordinates": [108.99721, 0.42919]}, "properties": {"kab_kota": "MEMPAWAH", "kecamatan": "Mempawah Hilir", "desa": "Sengkubang", "tanggal": "2026-08-10", "timestamp": "2026-08-10T13:35:00+07:00", "satelit": "NASA-NOAA20", "confidence": "Medium"}}, {"type": "Feature", "geometry": {"type": "Point", "coordinates": [108.99261, 0.43285]}, "properties": {"kab_kota": "MEMPAWAH", "kecamatan": "Mempawah Hilir", "desa": "Sengkubang", "tanggal": "2026-08-10", "timestamp": "2026-08-10T13:35:00+07:00", "satelit": "NASA-NOAA20", "confidence": "Medium"}}, {"type": "Feature", "geometry": {"type": "Point", "coordinates": [108.99657, 0.43345]}, "properties": {"kab_kota": "MEMPAWAH", "kecamatan": "Mempawah Hilir", "desa": "Sengkubang", "tanggal": "2026-08-10", "timestamp": "2026-08-10T13:35:00+07:00", "satelit": "NASA-NOAA20", "confidence": "Medium"}}, {"type": "Feature", "geometry": {"type": "Point", "coordinates": [108.98667, 0.43849]}, "properties": {"kab_kota": "MEMPAWAH", "kecamatan": "Mempawah Hilir", "desa": "Sengkubang", "tanggal": "2026-08-11", "timestamp": "2026-08-11T13:18:00+07:00", "satelit": "NASA-NOAA20", "confidence": "Medium"}}, {"type": "Feature", "geometry": {"type": "Point", "coordinates": [109.08103, 0.45923]}, "properties": {"kab_kota": "MEMPAWAH", "kecamatan": "Mempawah Hilir", "desa": "Sengkubang", "tanggal": "2026-08-20", "timestamp": "2026-08-20T13:50:00+07:00", "satelit": "NASA-NOAA20", "confidence": "Medium"}}, {"type": "Feature", "geometry": {"type": "Point", "coordinates": [109.08438, 0.45975]}, "properties": {"kab_kota": "MEMPAWAH", "kecamatan": "Mempawah Hilir", "desa": "Sengkubang", "tanggal": "2026-08-20", "timestamp": "2026-08-20T13:50:00+07:00", "satelit": "NASA-NOAA20", "confidence": "Medium"}}, {"type": "Feature", "geometry": {"type": "Point", "coordinates": [109.07782, 0.45918]}, "properties": {"kab_kota": "MEMPAWAH", "kecamatan": "Mempawah Hilir", "desa": "Sengkubang", "tanggal": "2026-08-21", "timestamp": "2026-08-21T13:29:00+07:00", "satelit": "NASA-NOAA20", "confidence": "Medium"}}, {"type": "Feature", "geometry": {"type": "Point", "coordinates": [109.07935, 0.4585]}, "properties": {"kab_kota": "MEMPAWAH", "kecamatan": "Mempawah Hilir", "desa": "Sengkubang", "tanggal": "2026-08-22", "timestamp": "2026-08-22T00:30:00+07:00", "satelit": "NASA-NOAA20", "confidence": "Medium"}}, {"type": "Feature", "geometry": {"type": "Point", "coordinates": [109.06635, 0.45979]}, "properties": {"kab_kota": "MEMPAWAH", "kecamatan": "Mempawah Hilir", "desa": "Sengkubang", "tanggal": "2026-08-25", "timestamp": "2026-08-25T01:13:00+07:00", "satelit": "NASA-NOAA20", "confidence": "Medium"}}, {"type": "Feature", "geometry": {"type": "Point", "coordinates": [109.04962, 0.44503]}, "properties": {"kab_kota": "MEMPAWAH", "kecamatan": "Mempawah Hilir", "desa": "Sengkubang", "tanggal": "2026-08-26", "timestamp": "2026-08-26T00:56:00+07:00", "satelit": "NASA-NOAA20", "confidence": "Medium"}}, {"type": "Feature", "geometry": {"type": "Point", "coordinates": [109.06023, 0.4474]}, "properties": {"kab_kota": "MEMPAWAH", "kecamatan": "Mempawah Hilir", "desa": "Sengkubang", "tanggal": "2026-08-26", "timestamp": "2026-08-26T00:56:00+07:00", "satelit": "NASA-NOAA20", "confidence": "Medium"}}, {"type": "Feature", "geometry": {"type": "Point", "coordinates": [109.05023, 0.44896]}, "properties": {"kab_kota": "MEMPAWAH", "kecamatan": "Mempawah Hilir", "desa": "Sengkubang", "tanggal": "2026-08-26", "timestamp": "2026-08-26T00:56:00+07:00", "satelit": "NASA-NOAA20", "confidence": "Medium"}}, {"type": "Feature", "geometry": {"type": "Point", "coordinates": [109.06382, 0.44432]}, "properties": {"kab_kota": "MEMPAWAH", "kecamatan": "Mempawah Hilir", "desa": "Sengkubang", "tanggal": "2026-08-26", "timestamp": "2026-08-26T13:37:00+07:00", "satelit": "NASA-NOAA20", "confidence": "Medium"}}, {"type": "Feature", "geometry": {"type": "Point", "coordinates": [109.0505, 0.45107]}, "properties": {"kab_kota": "MEMPAWAH", "kecamatan": "Mempawah Hilir", "desa": "Sengkubang", "tanggal": "2026-08-26", "timestamp": "2026-08-26T13:37:00+07:00", "satelit": "NASA-NOAA20", "confidence": "Medium"}}, {"type": "Feature", "geometry": {"type": "Point", "coordinates": [109.06209, 0.44132]}, "properties": {"kab_kota": "MEMPAWAH", "kecamatan": "Mempawah Hilir", "desa": "Sengkubang", "tanggal": "2026-08-27", "timestamp": "2026-08-27T13:18:00+07:00", "satelit": "NASA-NOAA20", "confidence": "Medium"}}, {"type": "Feature", "geometry": {"type": "Point", "coordinates": [109.05051, 0.44639]}, "properties": {"kab_kota": "MEMPAWAH", "kecamatan": "Mempawah Hilir", "desa": "Sengkubang", "tanggal": "2026-08-27", "timestamp": "2026-08-27T13:18:00+07:00", "satelit": "NASA-NOAA20", "confidence": "Medium"}}, {"type": "Feature", "geometry": {"type": "Point", "coordinates": [109.04649, 0.4492]}, "properties": {"kab_kota": "MEMPAWAH", "kecamatan": "Mempawah Hilir", "desa": "Sengkubang", "tanggal": "2026-08-27", "timestamp": "2026-08-27T13:18:00+07:00", "satelit": "NASA-NOAA20", "confidence": "Medium"}}, {"type": "Feature", "geometry": {"type": "Point", "coordinates": [109.05001, 0.44974]}, "properties": {"kab_kota": "MEMPAWAH", "kecamatan": "Mempawah Hilir", "desa": "Sengkubang", "tanggal": "2026-08-27", "timestamp": "2026-08-27T13:18:00+07:00", "satelit": "NASA-NOAA20", "confidence": "Medium"}}, {"type": "Feature", "geometry": {"type": "Point", "coordinates": [109.05354, 0.45028]}, "properties": {"kab_kota": "MEMPAWAH", "kecamatan": "Mempawah Hilir", "desa": "Sengkubang", "tanggal": "2026-08-27", "timestamp": "2026-08-27T13:18:00+07:00", "satelit": "NASA-NOAA20", "confidence": "Medium"}}, {"type": "Feature", "geometry": {"type": "Point", "coordinates": [109.07301, 0.46265]}, "properties": {"kab_kota": "MEMPAWAH", "kecamatan": "Mempawah Hilir", "desa": "Sengkubang", "tanggal": "2026-08-27", "timestamp": "2026-08-27T13:18:00+07:00", "satelit": "NASA-NOAA20", "confidence": "Medium"}}, {"type": "Feature", "geometry": {"type": "Point", "coordinates": [109.07655, 0.46318]}, "properties": {"kab_kota": "MEMPAWAH", "kecamatan": "Mempawah Hilir", "desa": "Sengkubang", "tanggal": "2026-08-27", "timestamp": "2026-08-27T13:18:00+07:00", "satelit": "NASA-NOAA20", "confidence": "Medium"}}, {"type": "Feature", "geometry": {"type": "Point", "coordinates": [109.05966, 0.44348]}, "properties": {"kab_kota": "MEMPAWAH", "kecamatan": "Mempawah Hilir", "desa": "Sengkubang", "tanggal": "2026-08-28", "timestamp": "2026-08-28T12:59:00+07:00", "satelit": "NASA-NOAA20", "confidence": "Medium"}}, {"type": "Feature", "geometry": {"type": "Point", "coordinates": [109.05036, 0.44584]}, "properties": {"kab_kota": "MEMPAWAH", "kecamatan": "Mempawah Hilir", "desa": "Sengkubang", "tanggal": "2026-08-28", "timestamp": "2026-08-28T12:59:00+07:00", "satelit": "NASA-NOAA20", "confidence": "Medium"}}, {"type": "Feature", "geometry": {"type": "Point", "coordinates": [109.0591, 0.44718]}, "properties": {"kab_kota": "MEMPAWAH", "kecamatan": "Mempawah Hilir", "desa": "Sengkubang", "tanggal": "2026-08-28", "timestamp": "2026-08-28T12:59:00+07:00", "satelit": "NASA-NOAA20", "confidence": "Medium"}}, {"type": "Feature", "geometry": {"type": "Point", "coordinates": [109.06347, 0.44784]}, "properties": {"kab_kota": "MEMPAWAH", "kecamatan": "Mempawah Hilir", "desa": "Sengkubang", "tanggal": "2026-08-28", "timestamp": "2026-08-28T12:59:00+07:00", "satelit": "NASA-NOAA20", "confidence": "Medium"}}, {"type": "Feature", "geometry": {"type": "Point", "coordinates": [109.0498, 0.44954]}, "properties": {"kab_kota": "MEMPAWAH", "kecamatan": "Mempawah Hilir", "desa": "Sengkubang", "tanggal": "2026-08-28", "timestamp": "2026-08-28T12:59:00+07:00", "satelit": "NASA-NOAA20", "confidence": "Medium"}}, {"type": "Feature", "geometry": {"type": "Point", "coordinates": [109.04923, 0.45323]}, "properties": {"kab_kota": "MEMPAWAH", "kecamatan": "Mempawah Hilir", "desa": "Sengkubang", "tanggal": "2026-08-28", "timestamp": "2026-08-28T12:59:00+07:00", "satelit": "NASA-NOAA20", "confidence": "Medium"}}, {"type": "Feature", "geometry": {"type": "Point", "coordinates": [109.06181, 0.45892]}, "properties": {"kab_kota": "MEMPAWAH", "kecamatan": "Mempawah Hilir", "desa": "Sengkubang", "tanggal": "2026-08-28", "timestamp": "2026-08-28T12:59:00+07:00", "satelit": "NASA-NOAA20", "confidence": "Medium"}}, {"type": "Feature", "geometry": {"type": "Point", "coordinates": [109.0749, 0.46092]}, "properties": {"kab_kota": "MEMPAWAH", "kecamatan": "Mempawah Hilir", "desa": "Sengkubang", "tanggal": "2026-08-28", "timestamp": "2026-08-28T12:59:00+07:00", "satelit": "NASA-NOAA20", "confidence": "Medium"}}, {"type": "Feature", "geometry": {"type": "Point", "coordinates": [109.07925, 0.46158]}, "properties": {"kab_kota": "MEMPAWAH", "kecamatan": "Mempawah Hilir", "desa": "Sengkubang", "tanggal": "2026-08-28", "timestamp": "2026-08-28T12:59:00+07:00", "satelit": "NASA-NOAA20", "confidence": "Medium"}}, {"type": "Feature", "geometry": {"type": "Point", "coordinates": [109.04978, 0.44185]}, "properties": {"kab_kota": "MEMPAWAH", "kecamatan": "Mempawah Hilir", "desa": "Sengkubang", "tanggal": "2026-08-29", "timestamp": "2026-08-29T12:40:00+07:00", "satelit": "NASA-NOAA20", "confidence": "Medium"}}, {"type": "Feature", "geometry": {"type": "Point", "coordinates": [109.049, 0.44692]}, "properties": {"kab_kota": "MEMPAWAH", "kecamatan": "Mempawah Hilir", "desa": "Sengkubang", "tanggal": "2026-08-29", "timestamp": "2026-08-29T12:40:00+07:00", "satelit": "NASA-NOAA20", "confidence": "Medium"}}, {"type": "Feature", "geometry": {"type": "Point", "coordinates": [109.0423, 0.45106]}, "properties": {"kab_kota": "MEMPAWAH", "kecamatan": "Mempawah Hilir", "desa": "Sengkubang", "tanggal": "2026-08-29", "timestamp": "2026-08-29T12:40:00+07:00", "satelit": "NASA-NOAA20", "confidence": "Medium"}}, {"type": "Feature", "geometry": {"type": "Point", "coordinates": [109.04524, 0.45152]}, "properties": {"kab_kota": "MEMPAWAH", "kecamatan": "Mempawah Hilir", "desa": "Sengkubang", "tanggal": "2026-08-29", "timestamp": "2026-08-29T12:40:00+07:00", "satelit": "NASA-NOAA20", "confidence": "Medium"}}, {"type": "Feature", "geometry": {"type": "Point", "coordinates": [109.05119, 0.45245]}, "properties": {"kab_kota": "MEMPAWAH", "kecamatan": "Mempawah Hilir", "desa": "Sengkubang", "tanggal": "2026-08-29", "timestamp": "2026-08-29T12:40:00+07:00", "satelit": "NASA-NOAA20", "confidence": "Medium"}}, {"type": "Feature", "geometry": {"type": "Point", "coordinates": [109.04152, 0.45614]}, "properties": {"kab_kota": "MEMPAWAH", "kecamatan": "Mempawah Hilir", "desa": "Sengkubang", "tanggal": "2026-08-29", "timestamp": "2026-08-29T12:40:00+07:00", "satelit": "NASA-NOAA20", "confidence": "Medium"}}, {"type": "Feature", "geometry": {"type": "Point", "coordinates": [109.07486, 0.45614]}, "properties": {"kab_kota": "MEMPAWAH", "kecamatan": "Mempawah Hilir", "desa": "Sengkubang", "tanggal": "2026-08-29", "timestamp": "2026-08-29T12:40:00+07:00", "satelit": "NASA-NOAA20", "confidence": "Medium"}}, {"type": "Feature", "geometry": {"type": "Point", "coordinates": [109.07117, 0.46075]}, "properties": {"kab_kota": "MEMPAWAH", "kecamatan": "Mempawah Hilir", "desa": "Sengkubang", "tanggal": "2026-08-29", "timestamp": "2026-08-29T12:40:00+07:00", "satelit": "NASA-NOAA20", "confidence": "Medium"}}, {"type": "Feature", "geometry": {"type": "Point", "coordinates": [109.04029, 0.43786]}, "properties": {"kab_kota": "MEMPAWAH", "kecamatan": "Mempawah Hilir", "desa": "Sengkubang", "tanggal": "2026-08-30", "timestamp": "2026-08-30T01:21:00+07:00", "satelit": "NASA-NOAA20", "confidence": "Medium"}}, {"type": "Feature", "geometry": {"type": "Point", "coordinates": [109.04862, 0.4435]}, "properties": {"kab_kota": "MEMPAWAH", "kecamatan": "Mempawah Hilir", "desa": "Sengkubang", "tanggal": "2026-08-30", "timestamp": "2026-08-30T01:21:00+07:00", "satelit": "NASA-NOAA20", "confidence": "Medium"}}, {"type": "Feature", "geometry": {"type": "Point", "coordinates": [109.06007, 0.44517]}, "properties": {"kab_kota": "MEMPAWAH", "kecamatan": "Mempawah Hilir", "desa": "Sengkubang", "tanggal": "2026-08-30", "timestamp": "2026-08-30T01:21:00+07:00", "satelit": "NASA-NOAA20", "confidence": "Medium"}}, {"type": "Feature", "geometry": {"type": "Point", "coordinates": [109.05643, 0.44575]}, "properties": {"kab_kota": "MEMPAWAH", "kecamatan": "Mempawah Hilir", "desa": "Sengkubang", "tanggal": "2026-08-30", "timestamp": "2026-08-30T01:21:00+07:00", "satelit": "NASA-NOAA20", "confidence": "Medium"}}, {"type": "Feature", "geometry": {"type": "Point", "coordinates": [109.04916, 0.4469]}, "properties": {"kab_kota": "MEMPAWAH", "kecamatan": "Mempawah Hilir", "desa": "Sengkubang", "tanggal": "2026-08-30", "timestamp": "2026-08-30T01:21:00+07:00", "satelit": "NASA-NOAA20", "confidence": "Medium"}}, {"type": "Feature", "geometry": {"type": "Point", "coordinates": [109.04552, 0.44747]}, "properties": {"kab_kota": "MEMPAWAH", "kecamatan": "Mempawah Hilir", "desa": "Sengkubang", "tanggal": "2026-08-30", "timestamp": "2026-08-30T01:21:00+07:00", "satelit": "NASA-NOAA20", "confidence": "Medium"}}, {"type": "Feature", "geometry": {"type": "Point", "coordinates": [109.06061, 0.44857]}, "properties": {"kab_kota": "MEMPAWAH", "kecamatan": "Mempawah Hilir", "desa": "Sengkubang", "tanggal": "2026-08-30", "timestamp": "2026-08-30T01:21:00+07:00", "satelit": "NASA-NOAA20", "confidence": "Medium"}}, {"type": "Feature", "geometry": {"type": "Point", "coordinates": [109.04605, 0.45087]}, "properties": {"kab_kota": "MEMPAWAH", "kecamatan": "Mempawah Hilir", "desa": "Sengkubang", "tanggal": "2026-08-30", "timestamp": "2026-08-30T01:21:00+07:00", "satelit": "NASA-NOAA20", "confidence": "Medium"}}, {"type": "Feature", "geometry": {"type": "Point", "coordinates": [109.0424, 0.45145]}, "properties": {"kab_kota": "MEMPAWAH", "kecamatan": "Mempawah Hilir", "desa": "Sengkubang", "tanggal": "2026-08-30", "timestamp": "2026-08-30T01:21:00+07:00", "satelit": "NASA-NOAA20", "confidence": "Medium"}}, {"type": "Feature", "geometry": {"type": "Point", "coordinates": [109.06114, 0.45197]}, "properties": {"kab_kota": "MEMPAWAH", "kecamatan": "Mempawah Hilir", "desa": "Sengkubang", "tanggal": "2026-08-30", "timestamp": "2026-08-30T01:21:00+07:00", "satelit": "NASA-NOAA20", "confidence": "Medium"}}, {"type": "Feature", "geometry": {"type": "Point", "coordinates": [109.05022, 0.45369]}, "properties": {"kab_kota": "MEMPAWAH", "kecamatan": "Mempawah Hilir", "desa": "Sengkubang", "tanggal": "2026-08-30", "timestamp": "2026-08-30T01:21:00+07:00", "satelit": "NASA-NOAA20", "confidence": "Medium"}}, {"type": "Feature", "geometry": {"type": "Point", "coordinates": [109.04658, 0.45427]}, "properties": {"kab_kota": "MEMPAWAH", "kecamatan": "Mempawah Hilir", "desa": "Sengkubang", "tanggal": "2026-08-30", "timestamp": "2026-08-30T01:21:00+07:00", "satelit": "NASA-NOAA20", "confidence": "Medium"}}, {"type": "Feature", "geometry": {"type": "Point", "coordinates": [109.04293, 0.45484]}, "properties": {"kab_kota": "MEMPAWAH", "kecamatan": "Mempawah Hilir", "desa": "Sengkubang", "tanggal": "2026-08-30", "timestamp": "2026-08-30T01:21:00+07:00", "satelit": "NASA-NOAA20", "confidence": "Medium"}}, {"type": "Feature", "geometry": {"type": "Point", "coordinates": [109.05074, 0.45709]}, "properties": {"kab_kota": "MEMPAWAH", "kecamatan": "Mempawah Hilir", "desa": "Sengkubang", "tanggal": "2026-08-30", "timestamp": "2026-08-30T01:21:00+07:00", "satelit": "NASA-NOAA20", "confidence": "Medium"}}, {"type": "Feature", "geometry": {"type": "Point", "coordinates": [109.0471, 0.45767]}, "properties": {"kab_kota": "MEMPAWAH", "kecamatan": "Mempawah Hilir", "desa": "Sengkubang", "tanggal": "2026-08-30", "timestamp": "2026-08-30T01:21:00+07:00", "satelit": "NASA-NOAA20", "confidence": "Medium"}}, {"type": "Feature", "geometry": {"type": "Point", "coordinates": [109.06584, 0.45819]}, "properties": {"kab_kota": "MEMPAWAH", "kecamatan": "Mempawah Hilir", "desa": "Sengkubang", "tanggal": "2026-08-30", "timestamp": "2026-08-30T01:21:00+07:00", "satelit": "NASA-NOAA20", "confidence": "Medium"}}, {"type": "Feature", "geometry": {"type": "Point", "coordinates": [109.04346, 0.45824]}, "properties": {"kab_kota": "MEMPAWAH", "kecamatan": "Mempawah Hilir", "desa": "Sengkubang", "tanggal": "2026-08-30", "timestamp": "2026-08-30T01:21:00+07:00", "satelit": "NASA-NOAA20", "confidence": "Medium"}}, {"type": "Feature", "geometry": {"type": "Point", "coordinates": [109.03983, 0.45881]}, "properties": {"kab_kota": "MEMPAWAH", "kecamatan": "Mempawah Hilir", "desa": "Sengkubang", "tanggal": "2026-08-30", "timestamp": "2026-08-30T01:21:00+07:00", "satelit": "NASA-NOAA20", "confidence": "Medium"}}, {"type": "Feature", "geometry": {"type": "Point", "coordinates": [109.07001, 0.46102]}, "properties": {"kab_kota": "MEMPAWAH", "kecamatan": "Mempawah Hilir", "desa": "Sengkubang", "tanggal": "2026-08-30", "timestamp": "2026-08-30T01:21:00+07:00", "satelit": "NASA-NOAA20", "confidence": "Medium"}}, {"type": "Feature", "geometry": {"type": "Point", "coordinates": [109.04764, 0.46106]}, "properties": {"kab_kota": "MEMPAWAH", "kecamatan": "Mempawah Hilir", "desa": "Sengkubang", "tanggal": "2026-08-30", "timestamp": "2026-08-30T01:21:00+07:00", "satelit": "NASA-NOAA20", "confidence": "Medium"}}, {"type": "Feature", "geometry": {"type": "Point", "coordinates": [109.06637, 0.46159]}, "properties": {"kab_kota": "MEMPAWAH", "kecamatan": "Mempawah Hilir", "desa": "Sengkubang", "tanggal": "2026-08-30", "timestamp": "2026-08-30T01:21:00+07:00", "satelit": "NASA-NOAA20", "confidence": "Medium"}}, {"type": "Feature", "geometry": {"type": "Point", "coordinates": [109.044, 0.46164]}, "properties": {"kab_kota": "MEMPAWAH", "kecamatan": "Mempawah Hilir", "desa": "Sengkubang", "tanggal": "2026-08-30", "timestamp": "2026-08-30T01:21:00+07:00", "satelit": "NASA-NOAA20", "confidence": "Medium"}}, {"type": "Feature", "geometry": {"type": "Point", "coordinates": [109.04816, 0.46446]}, "properties": {"kab_kota": "MEMPAWAH", "kecamatan": "Mempawah Hilir", "desa": "Sengkubang", "tanggal": "2026-08-30", "timestamp": "2026-08-30T01:21:00+07:00", "satelit": "NASA-NOAA20", "confidence": "Medium"}}, {"type": "Feature", "geometry": {"type": "Point", "coordinates": [109.04526, 0.43987]}, "properties": {"kab_kota": "MEMPAWAH", "kecamatan": "Mempawah Hilir", "desa": "Sengkubang", "tanggal": "2026-08-30", "timestamp": "2026-08-30T12:23:00+07:00", "satelit": "NASA-NOAA20", "confidence": "Medium"}}, {"type": "Feature", "geometry": {"type": "Point", "coordinates": [109.04945, 0.45462]}, "properties": {"kab_kota": "MEMPAWAH", "kecamatan": "Mempawah Hilir", "desa": "Sengkubang", "tanggal": "2026-08-30", "timestamp": "2026-08-30T12:23:00+07:00", "satelit": "NASA-NOAA20", "confidence": "Medium"}}, {"type": "Feature", "geometry": {"type": "Point", "coordinates": [109.04405, 0.46112]}, "properties": {"kab_kota": "MEMPAWAH", "kecamatan": "Mempawah Hilir", "desa": "Sengkubang", "tanggal": "2026-08-30", "timestamp": "2026-08-30T12:23:00+07:00", "satelit": "NASA-NOAA20", "confidence": "Medium"}}, {"type": "Feature", "geometry": {"type": "Point", "coordinates": [109.05042, 0.46218]}, "properties": {"kab_kota": "MEMPAWAH", "kecamatan": "Mempawah Hilir", "desa": "Sengkubang", "tanggal": "2026-08-30", "timestamp": "2026-08-30T12:23:00+07:00", "satelit": "NASA-NOAA20", "confidence": "Medium"}}, {"type": "Feature", "geometry": {"type": "Point", "coordinates": [109.04076, 0.43971]}, "properties": {"kab_kota": "MEMPAWAH", "kecamatan": "Mempawah Hilir", "desa": "Sengkubang", "tanggal": "2026-08-30", "timestamp": "2026-08-30T14:01:00+07:00", "satelit": "NASA-NOAA20", "confidence": "Medium"}}, {"type": "Feature", "geometry": {"type": "Point", "coordinates": [109.04626, 0.44058]}, "properties": {"kab_kota": "MEMPAWAH", "kecamatan": "Mempawah Hilir", "desa": "Sengkubang", "tanggal": "2026-08-30", "timestamp": "2026-08-30T14:01:00+07:00", "satelit": "NASA-NOAA20", "confidence": "Medium"}}, {"type": "Feature", "geometry": {"type": "Point", "coordinates": [109.04662, 0.45325]}, "properties": {"kab_kota": "MEMPAWAH", "kecamatan": "Mempawah Hilir", "desa": "Sengkubang", "tanggal": "2026-08-30", "timestamp": "2026-08-30T14:01:00+07:00", "satelit": "NASA-NOAA20", "confidence": "Medium"}}, {"type": "Feature", "geometry": {"type": "Point", "coordinates": [109.04989, 0.45453]}, "properties": {"kab_kota": "MEMPAWAH", "kecamatan": "Mempawah Hilir", "desa": "Sengkubang", "tanggal": "2026-08-30", "timestamp": "2026-08-30T14:01:00+07:00", "satelit": "NASA-NOAA20", "confidence": "Medium"}}, {"type": "Feature", "geometry": {"type": "Point", "coordinates": [109.04563, 0.45978]}, "properties": {"kab_kota": "MEMPAWAH", "kecamatan": "Mempawah Hilir", "desa": "Sengkubang", "tanggal": "2026-08-30", "timestamp": "2026-08-30T14:01:00+07:00", "satelit": "NASA-NOAA20", "confidence": "Medium"}}, {"type": "Feature", "geometry": {"type": "Point", "coordinates": [109.0489, 0.46106]}, "properties": {"kab_kota": "MEMPAWAH", "kecamatan": "Mempawah Hilir", "desa": "Sengkubang", "tanggal": "2026-08-30", "timestamp": "2026-08-30T14:01:00+07:00", "satelit": "NASA-NOAA20", "confidence": "Medium"}}, {"type": "Feature", "geometry": {"type": "Point", "coordinates": [109.04239, 0.43793]}, "properties": {"kab_kota": "MEMPAWAH", "kecamatan": "Mempawah Hilir", "desa": "Sengkubang", "tanggal": "2026-08-31", "timestamp": "2026-08-31T01:02:00+07:00", "satelit": "NASA-NOAA20", "confidence": "Medium"}}, {"type": "Feature", "geometry": {"type": "Point", "coordinates": [109.04761, 0.44446]}, "properties": {"kab_kota": "MEMPAWAH", "kecamatan": "Mempawah Hilir", "desa": "Sengkubang", "tanggal": "2026-08-31", "timestamp": "2026-08-31T01:02:00+07:00", "satelit": "NASA-NOAA20", "confidence": "Medium"}}, {"type": "Feature", "geometry": {"type": "Point", "coordinates": [109.06045, 0.4461]}, "properties": {"kab_kota": "MEMPAWAH", "kecamatan": "Mempawah Hilir", "desa": "Sengkubang", "tanggal": "2026-08-31", "timestamp": "2026-08-31T01:02:00+07:00", "satelit": "NASA-NOAA20", "confidence": "Medium"}}, {"type": "Feature", "geometry": {"type": "Point", "coordinates": [109.03123, 0.44705]}, "properties": {"kab_kota": "MEMPAWAH", "kecamatan": "Mempawah Hilir", "desa": "Sengkubang", "tanggal": "2026-08-31", "timestamp": "2026-08-31T01:02:00+07:00", "satelit": "NASA-NOAA20", "confidence": "Medium"}}, {"type": "Feature", "geometry": {"type": "Point", "coordinates": [109.061, 0.44968]}, "properties": {"kab_kota": "MEMPAWAH", "kecamatan": "Mempawah Hilir", "desa": "Sengkubang", "tanggal": "2026-08-31", "timestamp": "2026-08-31T01:02:00+07:00", "satelit": "NASA-NOAA20", "confidence": "Medium"}}, {"type": "Feature", "geometry": {"type": "Point", "coordinates": [109.0318, 0.45064]}, "properties": {"kab_kota": "MEMPAWAH", "kecamatan": "Mempawah Hilir", "desa": "Sengkubang", "tanggal": "2026-08-31", "timestamp": "2026-08-31T01:02:00+07:00", "satelit": "NASA-NOAA20", "confidence": "Medium"}}, {"type": "Feature", "geometry": {"type": "Point", "coordinates": [109.05283, 0.45098]}, "properties": {"kab_kota": "MEMPAWAH", "kecamatan": "Mempawah Hilir", "desa": "Sengkubang", "tanggal": "2026-08-31", "timestamp": "2026-08-31T01:02:00+07:00", "satelit": "NASA-NOAA20", "confidence": "Medium"}}, {"type": "Feature", "geometry": {"type": "Point", "coordinates": [109.03645, 0.45358]}, "properties": {"kab_kota": "MEMPAWAH", "kecamatan": "Mempawah Hilir", "desa": "Sengkubang", "tanggal": "2026-08-31", "timestamp": "2026-08-31T01:02:00+07:00", "satelit": "NASA-NOAA20", "confidence": "Medium"}}, {"type": "Feature", "geometry": {"type": "Point", "coordinates": [109.05338, 0.45456]}, "properties": {"kab_kota": "MEMPAWAH", "kecamatan": "Mempawah Hilir", "desa": "Sengkubang", "tanggal": "2026-08-31", "timestamp": "2026-08-31T01:02:00+07:00", "satelit": "NASA-NOAA20", "confidence": "Medium"}}, {"type": "Feature", "geometry": {"type": "Point", "coordinates": [109.04929, 0.45522]}, "properties": {"kab_kota": "MEMPAWAH", "kecamatan": "Mempawah Hilir", "desa": "Sengkubang", "tanggal": "2026-08-31", "timestamp": "2026-08-31T01:02:00+07:00", "satelit": "NASA-NOAA20", "confidence": "Medium"}}, {"type": "Feature", "geometry": {"type": "Point", "coordinates": [109.0452, 0.45587]}, "properties": {"kab_kota": "MEMPAWAH", "kecamatan": "Mempawah Hilir", "desa": "Sengkubang", "tanggal": "2026-08-31", "timestamp": "2026-08-31T01:02:00+07:00", "satelit": "NASA-NOAA20", "confidence": "Medium"}}, {"type": "Feature", "geometry": {"type": "Point", "coordinates": [109.04111, 0.45652]}, "properties": {"kab_kota": "MEMPAWAH", "kecamatan": "Mempawah Hilir", "desa": "Sengkubang", "tanggal": "2026-08-31", "timestamp": "2026-08-31T01:02:00+07:00", "satelit": "NASA-NOAA20", "confidence": "Medium"}}, {"type": "Feature", "geometry": {"type": "Point", "coordinates": [109.04986, 0.4588]}, "properties": {"kab_kota": "MEMPAWAH", "kecamatan": "Mempawah Hilir", "desa": "Sengkubang", "tanggal": "2026-08-31", "timestamp": "2026-08-31T01:02:00+07:00", "satelit": "NASA-NOAA20", "confidence": "Medium"}}, {"type": "Feature", "geometry": {"type": "Point", "coordinates": [109.07088, 0.45913]}, "properties": {"kab_kota": "MEMPAWAH", "kecamatan": "Mempawah Hilir", "desa": "Sengkubang", "tanggal": "2026-08-31", "timestamp": "2026-08-31T01:02:00+07:00", "satelit": "NASA-NOAA20", "confidence": "Medium"}}, {"type": "Feature", "geometry": {"type": "Point", "coordinates": [109.04577, 0.45945]}, "properties": {"kab_kota": "MEMPAWAH", "kecamatan": "Mempawah Hilir", "desa": "Sengkubang", "tanggal": "2026-08-31", "timestamp": "2026-08-31T01:02:00+07:00", "satelit": "NASA-NOAA20", "confidence": "Medium"}}, {"type": "Feature", "geometry": {"type": "Point", "coordinates": [109.04633, 0.46304]}, "properties": {"kab_kota": "MEMPAWAH", "kecamatan": "Mempawah Hilir", "desa": "Sengkubang", "tanggal": "2026-08-31", "timestamp": "2026-08-31T01:02:00+07:00", "satelit": "NASA-NOAA20", "confidence": "Medium"}}, {"type": "Feature", "geometry": {"type": "Point", "coordinates": [109.04292, 0.43706]}, "properties": {"kab_kota": "MEMPAWAH", "kecamatan": "Mempawah Hilir", "desa": "Sengkubang", "tanggal": "2026-08-31", "timestamp": "2026-08-31T13:44:00+07:00", "satelit": "NASA-NOAA20", "confidence": "Medium"}}, {"type": "Feature", "geometry": {"type": "Point", "coordinates": [109.03124, 0.445]}, "properties": {"kab_kota": "MEMPAWAH", "kecamatan": "Mempawah Hilir", "desa": "Sengkubang", "tanggal": "2026-08-31", "timestamp": "2026-08-31T13:44:00+07:00", "satelit": "NASA-NOAA20", "confidence": "Medium"}}, {"type": "Feature", "geometry": {"type": "Point", "coordinates": [109.09305, 0.4547]}, "properties": {"kab_kota": "MEMPAWAH", "kecamatan": "Mempawah Hilir", "desa": "Sengkubang", "tanggal": "2026-08-31", "timestamp": "2026-08-31T13:44:00+07:00", "satelit": "NASA-NOAA20", "confidence": "Medium"}}, {"type": "Feature", "geometry": {"type": "Point", "coordinates": [109.04526, 0.45698]}, "properties": {"kab_kota": "MEMPAWAH", "kecamatan": "Mempawah Hilir", "desa": "Sengkubang", "tanggal": "2026-08-31", "timestamp": "2026-08-31T13:44:00+07:00", "satelit": "NASA-NOAA20", "confidence": "Medium"}}, {"type": "Feature", "geometry": {"type": "Point", "coordinates": [109.0481, 0.45773]}, "properties": {"kab_kota": "MEMPAWAH", "kecamatan": "Mempawah Hilir", "desa": "Sengkubang", "tanggal": "2026-08-31", "timestamp": "2026-08-31T13:44:00+07:00", "satelit": "NASA-NOAA20", "confidence": "Medium"}}, {"type": "Feature", "geometry": {"type": "Point", "coordinates": [109.04967, 0.46257]}, "properties": {"kab_kota": "MEMPAWAH", "kecamatan": "Mempawah Hilir", "desa": "Sengkubang", "tanggal": "2026-08-31", "timestamp": "2026-08-31T13:44:00+07:00", "satelit": "NASA-NOAA20", "confidence": "Medium"}}, {"type": "Feature", "geometry": {"type": "Point", "coordinates": [109.05251, 0.46328]}, "properties": {"kab_kota": "MEMPAWAH", "kecamatan": "Mempawah Hilir", "desa": "Sengkubang", "tanggal": "2026-08-31", "timestamp": "2026-08-31T13:44:00+07:00", "satelit": "NASA-NOAA20", "confidence": "Medium"}}, {"type": "Feature", "geometry": {"type": "Point", "coordinates": [109.03117, 0.37769]}, "properties": {"kab_kota": "MEMPAWAH", "kecamatan": "Mempawah Timur", "desa": "Antibar", "tanggal": "2026-08-21", "timestamp": "2026-08-21T00:49:00+07:00", "satelit": "NASA-NOAA20", "confidence": "Medium"}}, {"type": "Feature", "geometry": {"type": "Point", "coordinates": [109.02946, 0.37774]}, "properties": {"kab_kota": "MEMPAWAH", "kecamatan": "Mempawah Timur", "desa": "Antibar", "tanggal": "2026-08-23", "timestamp": "2026-08-23T12:53:00+07:00", "satelit": "NASA-NOAA20", "confidence": "Medium"}}, {"type": "Feature", "geometry": {"type": "Point", "coordinates": [109.02843, 0.37683]}, "properties": {"kab_kota": "MEMPAWAH", "kecamatan": "Mempawah Timur", "desa": "Antibar", "tanggal": "2026-08-24", "timestamp": "2026-08-24T01:34:00+07:00", "satelit": "NASA-NOAA20", "confidence": "Medium"}}, {"type": "Feature", "geometry": {"type": "Point", "coordinates": [109.02937, 0.37729]}, "properties": {"kab_kota": "MEMPAWAH", "kecamatan": "Mempawah Timur", "desa": "Antibar", "tanggal": "2026-08-25", "timestamp": "2026-08-25T01:13:00+07:00", "satelit": "NASA-NOAA20", "confidence": "Medium"}}, {"type": "Feature", "geometry": {"type": "Point", "coordinates": [109.05718, 0.37122]}, "properties": {"kab_kota": "MEMPAWAH", "kecamatan": "Mempawah Timur", "desa": "Antibar", "tanggal": "2026-08-28", "timestamp": "2026-08-28T12:59:00+07:00", "satelit": "NASA-NOAA20", "confidence": "Medium"}}, {"type": "Feature", "geometry": {"type": "Point", "coordinates": [109.05542, 0.37215]}, "properties": {"kab_kota": "MEMPAWAH", "kecamatan": "Mempawah Timur", "desa": "Antibar", "tanggal": "2026-08-28", "timestamp": "2026-08-28T12:59:00+07:00", "satelit": "NASA-NOAA20", "confidence": "Medium"}}, {"type": "Feature", "geometry": {"type": "Point", "coordinates": [109.05077, 0.34519]}, "properties": {"kab_kota": "MEMPAWAH", "kecamatan": "Mempawah Timur", "desa": "Parit Banjar", "tanggal": "2026-08-20", "timestamp": "2026-08-20T01:09:00+07:00", "satelit": "NASA-NOAA20", "confidence": "Medium"}}, {"type": "Feature", "geometry": {"type": "Point", "coordinates": [109.05563, 0.34596]}, "properties": {"kab_kota": "MEMPAWAH", "kecamatan": "Mempawah Timur", "desa": "Parit Banjar", "tanggal": "2026-08-31", "timestamp": "2026-08-31T13:44:00+07:00", "satelit": "NASA-NOAA20", "confidence": "Medium"}}, {"type": "Feature", "geometry": {"type": "Point", "coordinates": [109.01661, 0.35469]}, "properties": {"kab_kota": "MEMPAWAH", "kecamatan": "Mempawah Timur", "desa": "Pasir Palembang", "tanggal": "2026-08-10", "timestamp": "2026-08-10T13:35:00+07:00", "satelit": "NASA-NOAA20", "confidence": "Medium"}}, {"type": "Feature", "geometry": {"type": "Point", "coordinates": [109.03594, 0.38546]}, "properties": {"kab_kota": "MEMPAWAH", "kecamatan": "Mempawah Timur", "desa": "Sejegi", "tanggal": "2026-08-15", "timestamp": "2026-08-15T13:44:00+07:00", "satelit": "NASA-NOAA20", "confidence": "Medium"}}, {"type": "Feature", "geometry": {"type": "Point", "coordinates": [109.03865, 0.38644]}, "properties": {"kab_kota": "MEMPAWAH", "kecamatan": "Mempawah Timur", "desa": "Sejegi", "tanggal": "2026-08-15", "timestamp": "2026-08-15T13:44:00+07:00", "satelit": "NASA-NOAA20", "confidence": "Medium"}}, {"type": "Feature", "geometry": {"type": "Point", "coordinates": [109.01418, 0.38982]}, "properties": {"kab_kota": "MEMPAWAH", "kecamatan": "Mempawah Timur", "desa": "Sejegi", "tanggal": "2026-08-30", "timestamp": "2026-08-30T01:21:00+07:00", "satelit": "NASA-NOAA20", "confidence": "Medium"}}, {"type": "Feature", "geometry": {"type": "Point", "coordinates": [109.03645, 0.39227]}, "properties": {"kab_kota": "MEMPAWAH", "kecamatan": "Mempawah Timur", "desa": "Sejegi", "tanggal": "2026-08-30", "timestamp": "2026-08-30T14:01:00+07:00", "satelit": "NASA-NOAA20", "confidence": "Medium"}}, {"type": "Feature", "geometry": {"type": "Point", "coordinates": [109.13201, 0.61569]}, "properties": {"kab_kota": "MEMPAWAH", "kecamatan": "Sadaniang", "desa": "Amawang", "tanggal": "2026-08-15", "timestamp": "2026-08-15T13:44:00+07:00", "satelit": "NASA-NOAA20", "confidence": "Medium"}}, {"type": "Feature", "geometry": {"type": "Point", "coordinates": [109.13726, 0.61648]}, "properties": {"kab_kota": "MEMPAWAH", "kecamatan": "Sadaniang", "desa": "Amawang", "tanggal": "2026-08-15", "timestamp": "2026-08-15T13:44:00+07:00", "satelit": "NASA-NOAA20", "confidence": "Medium"}}, {"type": "Feature", "geometry": {"type": "Point", "coordinates": [109.13406, 0.61659]}, "properties": {"kab_kota": "MEMPAWAH", "kecamatan": "Sadaniang", "desa": "Amawang", "tanggal": "2026-08-15", "timestamp": "2026-08-15T13:44:00+07:00", "satelit": "NASA-NOAA20", "confidence": "Medium"}}, {"type": "Feature", "geometry": {"type": "Point", "coordinates": [109.20956, 0.58765]}, "properties": {"kab_kota": "MEMPAWAH", "kecamatan": "Sadaniang", "desa": "Ansiap", "tanggal": "2026-08-11", "timestamp": "2026-08-11T13:18:00+07:00", "satelit": "NASA-NOAA20", "confidence": "Medium"}}, {"type": "Feature", "geometry": {"type": "Point", "coordinates": [109.2131, 0.58819]}, "properties": {"kab_kota": "MEMPAWAH", "kecamatan": "Sadaniang", "desa": "Ansiap", "tanggal": "2026-08-11", "timestamp": "2026-08-11T13:18:00+07:00", "satelit": "NASA-NOAA20", "confidence": "Medium"}}, {"type": "Feature", "geometry": {"type": "Point", "coordinates": [109.20197, 0.56387]}, "properties": {"kab_kota": "MEMPAWAH", "kecamatan": "Sadaniang", "desa": "Ansiap", "tanggal": "2026-08-16", "timestamp": "2026-08-16T13:25:00+07:00", "satelit": "NASA-NOAA20", "confidence": "Medium"}}, {"type": "Feature", "geometry": {"type": "Point", "coordinates": [109.06754, 0.57566]}, "properties": {"kab_kota": "MEMPAWAH", "kecamatan": "Sadaniang", "desa": "Bum-Bun", "tanggal": "2026-08-28", "timestamp": "2026-08-28T12:59:00+07:00", "satelit": "NASA-NOAA20", "confidence": "Medium"}}, {"type": "Feature", "geometry": {"type": "Point", "coordinates": [109.05912, 0.57706]}, "properties": {"kab_kota": "MEMPAWAH", "kecamatan": "Sadaniang", "desa": "Bum-Bun", "tanggal": "2026-08-31", "timestamp": "2026-08-31T01:02:00+07:00", "satelit": "NASA-NOAA20", "confidence": "Medium"}}, {"type": "Feature", "geometry": {"type": "Point", "coordinates": [109.18446, 0.51835]}, "properties": {"kab_kota": "MEMPAWAH", "kecamatan": "Sadaniang", "desa": "Sekabuk", "tanggal": "2026-08-14", "timestamp": "2026-08-14T01:19:00+07:00", "satelit": "NASA-NOAA20", "confidence": "Medium"}}, {"type": "Feature", "geometry": {"type": "Point", "coordinates": [109.18079, 0.51894]}, "properties": {"kab_kota": "MEMPAWAH", "kecamatan": "Sadaniang", "desa": "Sekabuk", "tanggal": "2026-08-14", "timestamp": "2026-08-14T01:19:00+07:00", "satelit": "NASA-NOAA20", "confidence": "Medium"}}, {"type": "Feature", "geometry": {"type": "Point", "coordinates": [109.17381, 0.51984]}, "properties": {"kab_kota": "MEMPAWAH", "kecamatan": "Sadaniang", "desa": "Sekabuk", "tanggal": "2026-08-22", "timestamp": "2026-08-22T00:30:00+07:00", "satelit": "NASA-NOAA20", "confidence": "Medium"}}, {"type": "Feature", "geometry": {"type": "Point", "coordinates": [109.17659, 0.52305]}, "properties": {"kab_kota": "MEMPAWAH", "kecamatan": "Sadaniang", "desa": "Sekabuk", "tanggal": "2026-08-22", "timestamp": "2026-08-22T00:30:00+07:00", "satelit": "NASA-NOAA20", "confidence": "Medium"}}, {"type": "Feature", "geometry": {"type": "Point", "coordinates": [109.17709, 0.51747]}, "properties": {"kab_kota": "MEMPAWAH", "kecamatan": "Sadaniang", "desa": "Sekabuk", "tanggal": "2026-08-23", "timestamp": "2026-08-23T12:53:00+07:00", "satelit": "NASA-NOAA20", "confidence": "Medium"}}, {"type": "Feature", "geometry": {"type": "Point", "coordinates": [109.19331, 0.50449]}, "properties": {"kab_kota": "MEMPAWAH", "kecamatan": "Sadaniang", "desa": "Sekabuk", "tanggal": "2026-08-25", "timestamp": "2026-08-25T01:13:00+07:00", "satelit": "NASA-NOAA20", "confidence": "Medium"}}, {"type": "Feature", "geometry": {"type": "Point", "coordinates": [109.19724, 0.49576]}, "properties": {"kab_kota": "MEMPAWAH", "kecamatan": "Sadaniang", "desa": "Sekabuk", "tanggal": "2026-08-29", "timestamp": "2026-08-29T12:40:00+07:00", "satelit": "NASA-NOAA20", "confidence": "Medium"}}, {"type": "Feature", "geometry": {"type": "Point", "coordinates": [109.18341, 0.50904]}, "properties": {"kab_kota": "MEMPAWAH", "kecamatan": "Sadaniang", "desa": "Sekabuk", "tanggal": "2026-08-29", "timestamp": "2026-08-29T12:40:00+07:00", "satelit": "NASA-NOAA20", "confidence": "Medium"}}, {"type": "Feature", "geometry": {"type": "Point", "coordinates": [109.18911, 0.50992]}, "properties": {"kab_kota": "MEMPAWAH", "kecamatan": "Sadaniang", "desa": "Sekabuk", "tanggal": "2026-08-29", "timestamp": "2026-08-29T12:40:00+07:00", "satelit": "NASA-NOAA20", "confidence": "Medium"}}, {"type": "Feature", "geometry": {"type": "Point", "coordinates": [109.17981, 0.51363]}, "properties": {"kab_kota": "MEMPAWAH", "kecamatan": "Sadaniang", "desa": "Sekabuk", "tanggal": "2026-08-29", "timestamp": "2026-08-29T12:40:00+07:00", "satelit": "NASA-NOAA20", "confidence": "Medium"}}, {"type": "Feature", "geometry": {"type": "Point", "coordinates": [109.18168, 0.51382]}, "properties": {"kab_kota": "MEMPAWAH", "kecamatan": "Sadaniang", "desa": "Sekabuk", "tanggal": "2026-08-29", "timestamp": "2026-08-29T12:40:00+07:00", "satelit": "NASA-NOAA20", "confidence": "Medium"}}, {"type": "Feature", "geometry": {"type": "Point", "coordinates": [109.18265, 0.51406]}, "properties": {"kab_kota": "MEMPAWAH", "kecamatan": "Sadaniang", "desa": "Sekabuk", "tanggal": "2026-08-29", "timestamp": "2026-08-29T12:40:00+07:00", "satelit": "NASA-NOAA20", "confidence": "Medium"}}, {"type": "Feature", "geometry": {"type": "Point", "coordinates": [109.18733, 0.51473]}, "properties": {"kab_kota": "MEMPAWAH", "kecamatan": "Sadaniang", "desa": "Sekabuk", "tanggal": "2026-08-29", "timestamp": "2026-08-29T12:40:00+07:00", "satelit": "NASA-NOAA20", "confidence": "Medium"}}, {"type": "Feature", "geometry": {"type": "Point", "coordinates": [109.18835, 0.51494]}, "properties": {"kab_kota": "MEMPAWAH", "kecamatan": "Sadaniang", "desa": "Sekabuk", "tanggal": "2026-08-29", "timestamp": "2026-08-29T12:40:00+07:00", "satelit": "NASA-NOAA20", "confidence": "Medium"}}, {"type": "Feature", "geometry": {"type": "Point", "coordinates": [109.19536, 0.49743]}, "properties": {"kab_kota": "MEMPAWAH", "kecamatan": "Sadaniang", "desa": "Sekabuk", "tanggal": "2026-08-30", "timestamp": "2026-08-30T01:21:00+07:00", "satelit": "NASA-NOAA20", "confidence": "Medium"}}, {"type": "Feature", "geometry": {"type": "Point", "coordinates": [109.18594, 0.50941]}, "properties": {"kab_kota": "MEMPAWAH", "kecamatan": "Sadaniang", "desa": "Sekabuk", "tanggal": "2026-08-30", "timestamp": "2026-08-30T01:21:00+07:00", "satelit": "NASA-NOAA20", "confidence": "Medium"}}, {"type": "Feature", "geometry": {"type": "Point", "coordinates": [109.18279, 0.51341]}, "properties": {"kab_kota": "MEMPAWAH", "kecamatan": "Sadaniang", "desa": "Sekabuk", "tanggal": "2026-08-30", "timestamp": "2026-08-30T01:21:00+07:00", "satelit": "NASA-NOAA20", "confidence": "Medium"}}, {"type": "Feature", "geometry": {"type": "Point", "coordinates": [109.17911, 0.51399]}, "properties": {"kab_kota": "MEMPAWAH", "kecamatan": "Sadaniang", "desa": "Sekabuk", "tanggal": "2026-08-30", "timestamp": "2026-08-30T01:21:00+07:00", "satelit": "NASA-NOAA20", "confidence": "Medium"}}, {"type": "Feature", "geometry": {"type": "Point", "coordinates": [109.17546, 0.51457]}, "properties": {"kab_kota": "MEMPAWAH", "kecamatan": "Sadaniang", "desa": "Sekabuk", "tanggal": "2026-08-30", "timestamp": "2026-08-30T01:21:00+07:00", "satelit": "NASA-NOAA20", "confidence": "Medium"}}, {"type": "Feature", "geometry": {"type": "Point", "coordinates": [109.19155, 0.64058]}, "properties": {"kab_kota": "MEMPAWAH", "kecamatan": "Sadaniang", "desa": "Suak Barangan", "tanggal": "2026-08-21", "timestamp": "2026-08-21T13:29:00+07:00", "satelit": "NASA-NOAA20", "confidence": "Medium"}}, {"type": "Feature", "geometry": {"type": "Point", "coordinates": [109.1975, 0.64349]}, "properties": {"kab_kota": "MEMPAWAH", "kecamatan": "Sadaniang", "desa": "Suak Barangan", "tanggal": "2026-08-26", "timestamp": "2026-08-26T13:37:00+07:00", "satelit": "NASA-NOAA20", "confidence": "Medium"}}, {"type": "Feature", "geometry": {"type": "Point", "coordinates": [109.19753, 0.21966]}, "properties": {"kab_kota": "MEMPAWAH", "kecamatan": "Segedong", "desa": "Peniti Besar", "tanggal": "2026-08-09", "timestamp": "2026-08-09T01:13:00+07:00", "satelit": "NASA-NOAA20", "confidence": "Medium"}}, {"type": "Feature", "geometry": {"type": "Point", "coordinates": [109.22795, 0.21798]}, "properties": {"kab_kota": "MEMPAWAH", "kecamatan": "Segedong", "desa": "Peniti Besar", "tanggal": "2026-08-15", "timestamp": "2026-08-15T01:02:00+07:00", "satelit": "NASA-NOAA20", "confidence": "Medium"}}, {"type": "Feature", "geometry": {"type": "Point", "coordinates": [109.22396, 0.21861]}, "properties": {"kab_kota": "MEMPAWAH", "kecamatan": "Segedong", "desa": "Peniti Besar", "tanggal": "2026-08-15", "timestamp": "2026-08-15T01:02:00+07:00", "satelit": "NASA-NOAA20", "confidence": "Medium"}}, {"type": "Feature", "geometry": {"type": "Point", "coordinates": [109.22853, 0.22152]}, "properties": {"kab_kota": "MEMPAWAH", "kecamatan": "Segedong", "desa": "Peniti Besar", "tanggal": "2026-08-15", "timestamp": "2026-08-15T01:02:00+07:00", "satelit": "NASA-NOAA20", "confidence": "Medium"}}, {"type": "Feature", "geometry": {"type": "Point", "coordinates": [109.22453, 0.22215]}, "properties": {"kab_kota": "MEMPAWAH", "kecamatan": "Segedong", "desa": "Peniti Besar", "tanggal": "2026-08-15", "timestamp": "2026-08-15T01:02:00+07:00", "satelit": "NASA-NOAA20", "confidence": "Medium"}}, {"type": "Feature", "geometry": {"type": "Point", "coordinates": [109.22468, 0.21425]}, "properties": {"kab_kota": "MEMPAWAH", "kecamatan": "Segedong", "desa": "Peniti Besar", "tanggal": "2026-08-28", "timestamp": "2026-08-28T12:59:00+07:00", "satelit": "NASA-NOAA20", "confidence": "Medium"}}, {"type": "Feature", "geometry": {"type": "Point", "coordinates": [109.22414, 0.21792]}, "properties": {"kab_kota": "MEMPAWAH", "kecamatan": "Segedong", "desa": "Peniti Besar", "tanggal": "2026-08-28", "timestamp": "2026-08-28T12:59:00+07:00", "satelit": "NASA-NOAA20", "confidence": "Medium"}}, {"type": "Feature", "geometry": {"type": "Point", "coordinates": [109.24135, 0.22058]}, "properties": {"kab_kota": "MEMPAWAH", "kecamatan": "Segedong", "desa": "Peniti Besar", "tanggal": "2026-08-28", "timestamp": "2026-08-28T12:59:00+07:00", "satelit": "NASA-NOAA20", "confidence": "Medium"}}, {"type": "Feature", "geometry": {"type": "Point", "coordinates": [109.2236, 0.2216]}, "properties": {"kab_kota": "MEMPAWAH", "kecamatan": "Segedong", "desa": "Peniti Besar", "tanggal": "2026-08-28", "timestamp": "2026-08-28T12:59:00+07:00", "satelit": "NASA-NOAA20", "confidence": "Medium"}}, {"type": "Feature", "geometry": {"type": "Point", "coordinates": [109.22791, 0.22226]}, "properties": {"kab_kota": "MEMPAWAH", "kecamatan": "Segedong", "desa": "Peniti Besar", "tanggal": "2026-08-28", "timestamp": "2026-08-28T12:59:00+07:00", "satelit": "NASA-NOAA20", "confidence": "Medium"}}, {"type": "Feature", "geometry": {"type": "Point", "coordinates": [109.2259, 0.22269]}, "properties": {"kab_kota": "MEMPAWAH", "kecamatan": "Segedong", "desa": "Peniti Besar", "tanggal": "2026-08-30", "timestamp": "2026-08-30T01:21:00+07:00", "satelit": "NASA-NOAA20", "confidence": "Medium"}}, {"type": "Feature", "geometry": {"type": "Point", "coordinates": [109.22289, 0.22488]}, "properties": {"kab_kota": "MEMPAWAH", "kecamatan": "Segedong", "desa": "Peniti Besar", "tanggal": "2026-08-31", "timestamp": "2026-08-31T01:02:00+07:00", "satelit": "NASA-NOAA20", "confidence": "Medium"}}, {"type": "Feature", "geometry": {"type": "Point", "coordinates": [109.23996, 0.22941]}, "properties": {"kab_kota": "MEMPAWAH", "kecamatan": "Segedong", "desa": "Peniti Besar", "tanggal": "2026-08-31", "timestamp": "2026-08-31T01:02:00+07:00", "satelit": "NASA-NOAA20", "confidence": "Medium"}}, {"type": "Feature", "geometry": {"type": "Point", "coordinates": [109.27307, 0.13503]}, "properties": {"kab_kota": "MEMPAWAH", "kecamatan": "Segedong", "desa": "Peniti Dalam I", "tanggal": "2026-08-04", "timestamp": "2026-08-04T01:09:00+07:00", "satelit": "NASA-NOAA20", "confidence": "Medium"}}, {"type": "Feature", "geometry": {"type": "Point", "coordinates": [109.38033, 0.18374]}, "properties": {"kab_kota": "MEMPAWAH", "kecamatan": "Segedong", "desa": "Peniti Dalam I", "tanggal": "2026-08-06", "timestamp": "2026-08-06T13:12:00+07:00", "satelit": "NASA-NOAA20", "confidence": "Medium"}}, {"type": "Feature", "geometry": {"type": "Point", "coordinates": [109.37988, 0.18346]}, "properties": {"kab_kota": "MEMPAWAH", "kecamatan": "Segedong", "desa": "Peniti Dalam I", "tanggal": "2026-08-07", "timestamp": "2026-08-07T01:51:00+07:00", "satelit": "NASA-NOAA20", "confidence": "Medium"}}, {"type": "Feature", "geometry": {"type": "Point", "coordinates": [109.36855, 0.18336]}, "properties": {"kab_kota": "MEMPAWAH", "kecamatan": "Segedong", "desa": "Peniti Dalam I", "tanggal": "2026-08-07", "timestamp": "2026-08-07T12:53:00+07:00", "satelit": "NASA-NOAA20", "confidence": "Medium"}}, {"type": "Feature", "geometry": {"type": "Point", "coordinates": [109.38042, 0.18449]}, "properties": {"kab_kota": "MEMPAWAH", "kecamatan": "Segedong", "desa": "Peniti Dalam I", "tanggal": "2026-08-08", "timestamp": "2026-08-08T01:34:00+07:00", "satelit": "NASA-NOAA20", "confidence": "Medium"}}, {"type": "Feature", "geometry": {"type": "Point", "coordinates": [109.37676, 0.18507]}, "properties": {"kab_kota": "MEMPAWAH", "kecamatan": "Segedong", "desa": "Peniti Dalam I", "tanggal": "2026-08-08", "timestamp": "2026-08-08T01:34:00+07:00", "satelit": "NASA-NOAA20", "confidence": "Medium"}}, {"type": "Feature", "geometry": {"type": "Point", "coordinates": [109.26871, 0.13681]}, "properties": {"kab_kota": "MEMPAWAH", "kecamatan": "Segedong", "desa": "Peniti Dalam I", "tanggal": "2026-08-09", "timestamp": "2026-08-09T01:13:00+07:00", "satelit": "NASA-NOAA20", "confidence": "Medium"}}, {"type": "Feature", "geometry": {"type": "Point", "coordinates": [109.26044, 0.15167]}, "properties": {"kab_kota": "MEMPAWAH", "kecamatan": "Segedong", "desa": "Peniti Dalam I", "tanggal": "2026-08-09", "timestamp": "2026-08-09T01:13:00+07:00", "satelit": "NASA-NOAA20", "confidence": "Medium"}}, {"type": "Feature", "geometry": {"type": "Point", "coordinates": [109.38221, 0.18363]}, "properties": {"kab_kota": "MEMPAWAH", "kecamatan": "Segedong", "desa": "Peniti Dalam I", "tanggal": "2026-08-09", "timestamp": "2026-08-09T01:13:00+07:00", "satelit": "NASA-NOAA20", "confidence": "Medium"}}, {"type": "Feature", "geometry": {"type": "Point", "coordinates": [109.37877, 0.18417]}, "properties": {"kab_kota": "MEMPAWAH", "kecamatan": "Segedong", "desa": "Peniti Dalam I", "tanggal": "2026-08-09", "timestamp": "2026-08-09T01:13:00+07:00", "satelit": "NASA-NOAA20", "confidence": "Medium"}}, {"type": "Feature", "geometry": {"type": "Point", "coordinates": [109.37531, 0.18472]}, "properties": {"kab_kota": "MEMPAWAH", "kecamatan": "Segedong", "desa": "Peniti Dalam I", "tanggal": "2026-08-09", "timestamp": "2026-08-09T01:13:00+07:00", "satelit": "NASA-NOAA20", "confidence": "Medium"}}, {"type": "Feature", "geometry": {"type": "Point", "coordinates": [109.37187, 0.18526]}, "properties": {"kab_kota": "MEMPAWAH", "kecamatan": "Segedong", "desa": "Peniti Dalam I", "tanggal": "2026-08-09", "timestamp": "2026-08-09T01:13:00+07:00", "satelit": "NASA-NOAA20", "confidence": "Medium"}}, {"type": "Feature", "geometry": {"type": "Point", "coordinates": [109.36498, 0.18636]}, "properties": {"kab_kota": "MEMPAWAH", "kecamatan": "Segedong", "desa": "Peniti Dalam I", "tanggal": "2026-08-09", "timestamp": "2026-08-09T01:13:00+07:00", "satelit": "NASA-NOAA20", "confidence": "Medium"}}, {"type": "Feature", "geometry": {"type": "Point", "coordinates": [109.36154, 0.1869]}, "properties": {"kab_kota": "MEMPAWAH", "kecamatan": "Segedong", "desa": "Peniti Dalam I", "tanggal": "2026-08-09", "timestamp": "2026-08-09T01:13:00+07:00", "satelit": "NASA-NOAA20", "confidence": "Medium"}}, {"type": "Feature", "geometry": {"type": "Point", "coordinates": [109.27048, 0.13673]}, "properties": {"kab_kota": "MEMPAWAH", "kecamatan": "Segedong", "desa": "Peniti Dalam I", "tanggal": "2026-08-10", "timestamp": "2026-08-10T00:56:00+07:00", "satelit": "NASA-NOAA20", "confidence": "Medium"}}, {"type": "Feature", "geometry": {"type": "Point", "coordinates": [109.35957, 0.18784]}, "properties": {"kab_kota": "MEMPAWAH", "kecamatan": "Segedong", "desa": "Peniti Dalam I", "tanggal": "2026-08-10", "timestamp": "2026-08-10T00:56:00+07:00", "satelit": "NASA-NOAA20", "confidence": "Medium"}}, {"type": "Feature", "geometry": {"type": "Point", "coordinates": [109.23354, 0.1367]}, "properties": {"kab_kota": "MEMPAWAH", "kecamatan": "Segedong", "desa": "Peniti Dalam I", "tanggal": "2026-08-10", "timestamp": "2026-08-10T13:35:00+07:00", "satelit": "NASA-NOAA20", "confidence": "Medium"}}, {"type": "Feature", "geometry": {"type": "Point", "coordinates": [109.38722, 0.18237]}, "properties": {"kab_kota": "MEMPAWAH", "kecamatan": "Segedong", "desa": "Peniti Dalam I", "tanggal": "2026-08-10", "timestamp": "2026-08-10T13:35:00+07:00", "satelit": "NASA-NOAA20", "confidence": "Medium"}}, {"type": "Feature", "geometry": {"type": "Point", "coordinates": [109.38658, 0.18674]}, "properties": {"kab_kota": "MEMPAWAH", "kecamatan": "Segedong", "desa": "Peniti Dalam I", "tanggal": "2026-08-10", "timestamp": "2026-08-10T13:35:00+07:00", "satelit": "NASA-NOAA20", "confidence": "Medium"}}, {"type": "Feature", "geometry": {"type": "Point", "coordinates": [109.38593, 0.18276]}, "properties": {"kab_kota": "MEMPAWAH", "kecamatan": "Segedong", "desa": "Peniti Dalam I", "tanggal": "2026-08-28", "timestamp": "2026-08-28T12:59:00+07:00", "satelit": "NASA-NOAA20", "confidence": "Medium"}}, {"type": "Feature", "geometry": {"type": "Point", "coordinates": [109.37695, 0.18512]}, "properties": {"kab_kota": "MEMPAWAH", "kecamatan": "Segedong", "desa": "Peniti Dalam I", "tanggal": "2026-08-28", "timestamp": "2026-08-28T12:59:00+07:00", "satelit": "NASA-NOAA20", "confidence": "Medium"}}, {"type": "Feature", "geometry": {"type": "Point", "coordinates": [109.3615, 0.1873]}, "properties": {"kab_kota": "MEMPAWAH", "kecamatan": "Segedong", "desa": "Peniti Dalam I", "tanggal": "2026-08-30", "timestamp": "2026-08-30T01:21:00+07:00", "satelit": "NASA-NOAA20", "confidence": "Medium"}}, {"type": "Feature", "geometry": {"type": "Point", "coordinates": [109.35829, 0.19133]}, "properties": {"kab_kota": "MEMPAWAH", "kecamatan": "Segedong", "desa": "Peniti Dalam I", "tanggal": "2026-08-30", "timestamp": "2026-08-30T01:21:00+07:00", "satelit": "NASA-NOAA20", "confidence": "Medium"}}, {"type": "Feature", "geometry": {"type": "Point", "coordinates": [109.26981, 0.13399]}, "properties": {"kab_kota": "MEMPAWAH", "kecamatan": "Segedong", "desa": "Peniti Dalam I", "tanggal": "2026-08-31", "timestamp": "2026-08-31T01:02:00+07:00", "satelit": "NASA-NOAA20", "confidence": "Medium"}}, {"type": "Feature", "geometry": {"type": "Point", "coordinates": [109.26263, 0.15499]}, "properties": {"kab_kota": "MEMPAWAH", "kecamatan": "Segedong", "desa": "Peniti Dalam Ii", "tanggal": "2026-08-08", "timestamp": "2026-08-08T12:33:00+07:00", "satelit": "NASA-NOAA20", "confidence": "Medium"}}, {"type": "Feature", "geometry": {"type": "Point", "coordinates": [109.26096, 0.15498]}, "properties": {"kab_kota": "MEMPAWAH", "kecamatan": "Segedong", "desa": "Peniti Dalam Ii", "tanggal": "2026-08-09", "timestamp": "2026-08-09T01:13:00+07:00", "satelit": "NASA-NOAA20", "confidence": "Medium"}}, {"type": "Feature", "geometry": {"type": "Point", "coordinates": [109.25752, 0.15552]}, "properties": {"kab_kota": "MEMPAWAH", "kecamatan": "Segedong", "desa": "Peniti Dalam Ii", "tanggal": "2026-08-09", "timestamp": "2026-08-09T01:13:00+07:00", "satelit": "NASA-NOAA20", "confidence": "Medium"}}, {"type": "Feature", "geometry": {"type": "Point", "coordinates": [109.25409, 0.15606]}, "properties": {"kab_kota": "MEMPAWAH", "kecamatan": "Segedong", "desa": "Peniti Dalam Ii", "tanggal": "2026-08-09", "timestamp": "2026-08-09T01:13:00+07:00", "satelit": "NASA-NOAA20", "confidence": "Medium"}}, {"type": "Feature", "geometry": {"type": "Point", "coordinates": [109.26147, 0.15828]}, "properties": {"kab_kota": "MEMPAWAH", "kecamatan": "Segedong", "desa": "Peniti Dalam Ii", "tanggal": "2026-08-09", "timestamp": "2026-08-09T01:13:00+07:00", "satelit": "NASA-NOAA20", "confidence": "Medium"}}, {"type": "Feature", "geometry": {"type": "Point", "coordinates": [109.26411, 0.15664]}, "properties": {"kab_kota": "MEMPAWAH", "kecamatan": "Segedong", "desa": "Peniti Dalam Ii", "tanggal": "2026-08-09", "timestamp": "2026-08-09T13:57:00+07:00", "satelit": "NASA-NOAA20", "confidence": "Medium"}}, {"type": "Feature", "geometry": {"type": "Point", "coordinates": [109.26576, 0.21948]}, "properties": {"kab_kota": "MEMPAWAH", "kecamatan": "Segedong", "desa": "Peniti Dalam Ii", "tanggal": "2026-08-25", "timestamp": "2026-08-25T13:57:00+07:00", "satelit": "NASA-NOAA20", "confidence": "Medium"}}, {"type": "Feature", "geometry": {"type": "Point", "coordinates": [109.26264, 0.22194]}, "properties": {"kab_kota": "MEMPAWAH", "kecamatan": "Segedong", "desa": "Peniti Dalam Ii", "tanggal": "2026-08-25", "timestamp": "2026-08-25T13:57:00+07:00", "satelit": "NASA-NOAA20", "confidence": "Medium"}}, {"type": "Feature", "geometry": {"type": "Point", "coordinates": [109.26502, 0.17567]}, "properties": {"kab_kota": "MEMPAWAH", "kecamatan": "Segedong", "desa": "Peniti Dalam Ii", "tanggal": "2026-08-28", "timestamp": "2026-08-28T12:59:00+07:00", "satelit": "NASA-NOAA20", "confidence": "Medium"}}, {"type": "Feature", "geometry": {"type": "Point", "coordinates": [109.25286, 0.17631]}, "properties": {"kab_kota": "MEMPAWAH", "kecamatan": "Segedong", "desa": "Peniti Dalam Ii", "tanggal": "2026-08-30", "timestamp": "2026-08-30T01:21:00+07:00", "satelit": "NASA-NOAA20", "confidence": "Medium"}}, {"type": "Feature", "geometry": {"type": "Point", "coordinates": [109.25837, 0.16478]}, "properties": {"kab_kota": "MEMPAWAH", "kecamatan": "Segedong", "desa": "Peniti Dalam Ii", "tanggal": "2026-08-31", "timestamp": "2026-08-31T01:02:00+07:00", "satelit": "NASA-NOAA20", "confidence": "Medium"}}, {"type": "Feature", "geometry": {"type": "Point", "coordinates": [109.25837, 0.16228]}, "properties": {"kab_kota": "MEMPAWAH", "kecamatan": "Segedong", "desa": "Peniti Dalam Ii", "tanggal": "2026-08-31", "timestamp": "2026-08-31T13:44:00+07:00", "satelit": "NASA-NOAA20", "confidence": "Medium"}}, {"type": "Feature", "geometry": {"type": "Point", "coordinates": [109.23232, 0.07562]}, "properties": {"kab_kota": "MEMPAWAH", "kecamatan": "Siantan", "desa": "Wajok Hilir", "tanggal": "2026-08-08", "timestamp": "2026-08-08T12:33:00+07:00", "satelit": "NASA-NOAA20", "confidence": "Medium"}}, {"type": "Feature", "geometry": {"type": "Point", "coordinates": [109.27414, 0.1052]}, "properties": {"kab_kota": "MEMPAWAH", "kecamatan": "Siantan", "desa": "Wajok Hilir", "tanggal": "2026-08-08", "timestamp": "2026-08-08T12:33:00+07:00", "satelit": "NASA-NOAA20", "confidence": "Medium"}}, {"type": "Feature", "geometry": {"type": "Point", "coordinates": [109.27093, 0.10597]}, "properties": {"kab_kota": "MEMPAWAH", "kecamatan": "Siantan", "desa": "Wajok Hilir", "tanggal": "2026-08-09", "timestamp": "2026-08-09T01:13:00+07:00", "satelit": "NASA-NOAA20", "confidence": "Medium"}}, {"type": "Feature", "geometry": {"type": "Point", "coordinates": [109.26749, 0.10651]}, "properties": {"kab_kota": "MEMPAWAH", "kecamatan": "Siantan", "desa": "Wajok Hilir", "tanggal": "2026-08-09", "timestamp": "2026-08-09T01:13:00+07:00", "satelit": "NASA-NOAA20", "confidence": "Medium"}}, {"type": "Feature", "geometry": {"type": "Point", "coordinates": [109.27489, 0.10873]}, "properties": {"kab_kota": "MEMPAWAH", "kecamatan": "Siantan", "desa": "Wajok Hilir", "tanggal": "2026-08-09", "timestamp": "2026-08-09T01:13:00+07:00", "satelit": "NASA-NOAA20", "confidence": "Medium"}}, {"type": "Feature", "geometry": {"type": "Point", "coordinates": [109.27145, 0.10928]}, "properties": {"kab_kota": "MEMPAWAH", "kecamatan": "Siantan", "desa": "Wajok Hilir", "tanggal": "2026-08-09", "timestamp": "2026-08-09T01:13:00+07:00", "satelit": "NASA-NOAA20", "confidence": "Medium"}}, {"type": "Feature", "geometry": {"type": "Point", "coordinates": [109.26801, 0.10982]}, "properties": {"kab_kota": "MEMPAWAH", "kecamatan": "Siantan", "desa": "Wajok Hilir", "tanggal": "2026-08-09", "timestamp": "2026-08-09T01:13:00+07:00", "satelit": "NASA-NOAA20", "confidence": "Medium"}}, {"type": "Feature", "geometry": {"type": "Point", "coordinates": [109.27197, 0.11258]}, "properties": {"kab_kota": "MEMPAWAH", "kecamatan": "Siantan", "desa": "Wajok Hilir", "tanggal": "2026-08-09", "timestamp": "2026-08-09T01:13:00+07:00", "satelit": "NASA-NOAA20", "confidence": "Medium"}}, {"type": "Feature", "geometry": {"type": "Point", "coordinates": [109.26852, 0.11313]}, "properties": {"kab_kota": "MEMPAWAH", "kecamatan": "Siantan", "desa": "Wajok Hilir", "tanggal": "2026-08-09", "timestamp": "2026-08-09T01:13:00+07:00", "satelit": "NASA-NOAA20", "confidence": "Medium"}}, {"type": "Feature", "geometry": {"type": "Point", "coordinates": [109.27248, 0.11589]}, "properties": {"kab_kota": "MEMPAWAH", "kecamatan": "Siantan", "desa": "Wajok Hilir", "tanggal": "2026-08-09", "timestamp": "2026-08-09T01:13:00+07:00", "satelit": "NASA-NOAA20", "confidence": "Medium"}}, {"type": "Feature", "geometry": {"type": "Point", "coordinates": [109.26723, 0.10534]}, "properties": {"kab_kota": "MEMPAWAH", "kecamatan": "Siantan", "desa": "Wajok Hilir", "tanggal": "2026-08-09", "timestamp": "2026-08-09T13:57:00+07:00", "satelit": "NASA-NOAA20", "confidence": "Medium"}}, {"type": "Feature", "geometry": {"type": "Point", "coordinates": [109.27155, 0.10603]}, "properties": {"kab_kota": "MEMPAWAH", "kecamatan": "Siantan", "desa": "Wajok Hilir", "tanggal": "2026-08-09", "timestamp": "2026-08-09T13:57:00+07:00", "satelit": "NASA-NOAA20", "confidence": "Medium"}}, {"type": "Feature", "geometry": {"type": "Point", "coordinates": [109.27589, 0.10672]}, "properties": {"kab_kota": "MEMPAWAH", "kecamatan": "Siantan", "desa": "Wajok Hilir", "tanggal": "2026-08-09", "timestamp": "2026-08-09T13:57:00+07:00", "satelit": "NASA-NOAA20", "confidence": "Medium"}}, {"type": "Feature", "geometry": {"type": "Point", "coordinates": [109.27119, 0.10887]}, "properties": {"kab_kota": "MEMPAWAH", "kecamatan": "Siantan", "desa": "Wajok Hilir", "tanggal": "2026-08-09", "timestamp": "2026-08-09T13:57:00+07:00", "satelit": "NASA-NOAA20", "confidence": "Medium"}}, {"type": "Feature", "geometry": {"type": "Point", "coordinates": [109.26636, 0.1113]}, "properties": {"kab_kota": "MEMPAWAH", "kecamatan": "Siantan", "desa": "Wajok Hilir", "tanggal": "2026-08-09", "timestamp": "2026-08-09T13:57:00+07:00", "satelit": "NASA-NOAA20", "confidence": "Medium"}}, {"type": "Feature", "geometry": {"type": "Point", "coordinates": [109.27066, 0.11199]}, "properties": {"kab_kota": "MEMPAWAH", "kecamatan": "Siantan", "desa": "Wajok Hilir", "tanggal": "2026-08-09", "timestamp": "2026-08-09T13:57:00+07:00", "satelit": "NASA-NOAA20", "confidence": "Medium"}}, {"type": "Feature", "geometry": {"type": "Point", "coordinates": [109.26562, 0.10586]}, "properties": {"kab_kota": "MEMPAWAH", "kecamatan": "Siantan", "desa": "Wajok Hilir", "tanggal": "2026-08-10", "timestamp": "2026-08-10T00:56:00+07:00", "satelit": "NASA-NOAA20", "confidence": "Medium"}}, {"type": "Feature", "geometry": {"type": "Point", "coordinates": [109.27106, 0.10896]}, "properties": {"kab_kota": "MEMPAWAH", "kecamatan": "Siantan", "desa": "Wajok Hilir", "tanggal": "2026-08-10", "timestamp": "2026-08-10T00:56:00+07:00", "satelit": "NASA-NOAA20", "confidence": "Medium"}}, {"type": "Feature", "geometry": {"type": "Point", "coordinates": [109.26623, 0.10972]}, "properties": {"kab_kota": "MEMPAWAH", "kecamatan": "Siantan", "desa": "Wajok Hilir", "tanggal": "2026-08-10", "timestamp": "2026-08-10T00:56:00+07:00", "satelit": "NASA-NOAA20", "confidence": "Medium"}}, {"type": "Feature", "geometry": {"type": "Point", "coordinates": [109.27647, 0.11206]}, "properties": {"kab_kota": "MEMPAWAH", "kecamatan": "Siantan", "desa": "Wajok Hilir", "tanggal": "2026-08-10", "timestamp": "2026-08-10T00:56:00+07:00", "satelit": "NASA-NOAA20", "confidence": "Medium"}}, {"type": "Feature", "geometry": {"type": "Point", "coordinates": [109.27168, 0.11282]}, "properties": {"kab_kota": "MEMPAWAH", "kecamatan": "Siantan", "desa": "Wajok Hilir", "tanggal": "2026-08-10", "timestamp": "2026-08-10T00:56:00+07:00", "satelit": "NASA-NOAA20", "confidence": "Medium"}}, {"type": "Feature", "geometry": {"type": "Point", "coordinates": [109.26685, 0.11358]}, "properties": {"kab_kota": "MEMPAWAH", "kecamatan": "Siantan", "desa": "Wajok Hilir", "tanggal": "2026-08-10", "timestamp": "2026-08-10T00:56:00+07:00", "satelit": "NASA-NOAA20", "confidence": "Medium"}}, {"type": "Feature", "geometry": {"type": "Point", "coordinates": [109.27229, 0.11668]}, "properties": {"kab_kota": "MEMPAWAH", "kecamatan": "Siantan", "desa": "Wajok Hilir", "tanggal": "2026-08-10", "timestamp": "2026-08-10T00:56:00+07:00", "satelit": "NASA-NOAA20", "confidence": "Medium"}}, {"type": "Feature", "geometry": {"type": "Point", "coordinates": [109.26718, 0.10878]}, "properties": {"kab_kota": "MEMPAWAH", "kecamatan": "Siantan", "desa": "Wajok Hilir", "tanggal": "2026-08-10", "timestamp": "2026-08-10T13:35:00+07:00", "satelit": "NASA-NOAA20", "confidence": "Medium"}}, {"type": "Feature", "geometry": {"type": "Point", "coordinates": [109.27532, 0.11007]}, "properties": {"kab_kota": "MEMPAWAH", "kecamatan": "Siantan", "desa": "Wajok Hilir", "tanggal": "2026-08-10", "timestamp": "2026-08-10T13:35:00+07:00", "satelit": "NASA-NOAA20", "confidence": "Medium"}}, {"type": "Feature", "geometry": {"type": "Point", "coordinates": [109.26661, 0.11079]}, "properties": {"kab_kota": "MEMPAWAH", "kecamatan": "Siantan", "desa": "Wajok Hilir", "tanggal": "2026-08-10", "timestamp": "2026-08-10T13:35:00+07:00", "satelit": "NASA-NOAA20", "confidence": "Medium"}}, {"type": "Feature", "geometry": {"type": "Point", "coordinates": [109.27068, 0.1114]}, "properties": {"kab_kota": "MEMPAWAH", "kecamatan": "Siantan", "desa": "Wajok Hilir", "tanggal": "2026-08-10", "timestamp": "2026-08-10T13:35:00+07:00", "satelit": "NASA-NOAA20", "confidence": "Medium"}}, {"type": "Feature", "geometry": {"type": "Point", "coordinates": [109.27477, 0.11202]}, "properties": {"kab_kota": "MEMPAWAH", "kecamatan": "Siantan", "desa": "Wajok Hilir", "tanggal": "2026-08-10", "timestamp": "2026-08-10T13:35:00+07:00", "satelit": "NASA-NOAA20", "confidence": "Medium"}}, {"type": "Feature", "geometry": {"type": "Point", "coordinates": [109.26653, 0.1131]}, "properties": {"kab_kota": "MEMPAWAH", "kecamatan": "Siantan", "desa": "Wajok Hilir", "tanggal": "2026-08-10", "timestamp": "2026-08-10T13:35:00+07:00", "satelit": "NASA-NOAA20", "confidence": "Medium"}}, {"type": "Feature", "geometry": {"type": "Point", "coordinates": [109.27468, 0.11439]}, "properties": {"kab_kota": "MEMPAWAH", "kecamatan": "Siantan", "desa": "Wajok Hilir", "tanggal": "2026-08-10", "timestamp": "2026-08-10T13:35:00+07:00", "satelit": "NASA-NOAA20", "confidence": "Medium"}}, {"type": "Feature", "geometry": {"type": "Point", "coordinates": [109.27525, 0.11086]}, "properties": {"kab_kota": "MEMPAWAH", "kecamatan": "Siantan", "desa": "Wajok Hilir", "tanggal": "2026-08-11", "timestamp": "2026-08-11T00:34:00+07:00", "satelit": "NASA-NOAA20", "confidence": "Medium"}}, {"type": "Feature", "geometry": {"type": "Point", "coordinates": [109.27192, 0.11138]}, "properties": {"kab_kota": "MEMPAWAH", "kecamatan": "Siantan", "desa": "Wajok Hilir", "tanggal": "2026-08-11", "timestamp": "2026-08-11T00:34:00+07:00", "satelit": "NASA-NOAA20", "confidence": "Medium"}}, {"type": "Feature", "geometry": {"type": "Point", "coordinates": [109.26519, 0.11244]}, "properties": {"kab_kota": "MEMPAWAH", "kecamatan": "Siantan", "desa": "Wajok Hilir", "tanggal": "2026-08-11", "timestamp": "2026-08-11T00:34:00+07:00", "satelit": "NASA-NOAA20", "confidence": "Medium"}}, {"type": "Feature", "geometry": {"type": "Point", "coordinates": [109.27691, 0.11009]}, "properties": {"kab_kota": "MEMPAWAH", "kecamatan": "Siantan", "desa": "Wajok Hilir", "tanggal": "2026-08-11", "timestamp": "2026-08-11T13:18:00+07:00", "satelit": "NASA-NOAA20", "confidence": "Medium"}}, {"type": "Feature", "geometry": {"type": "Point", "coordinates": [109.27379, 0.11236]}, "properties": {"kab_kota": "MEMPAWAH", "kecamatan": "Siantan", "desa": "Wajok Hilir", "tanggal": "2026-08-12", "timestamp": "2026-08-12T01:58:00+07:00", "satelit": "NASA-NOAA20", "confidence": "Medium"}}, {"type": "Feature", "geometry": {"type": "Point", "coordinates": [109.27831, 0.11073]}, "properties": {"kab_kota": "MEMPAWAH", "kecamatan": "Siantan", "desa": "Wajok Hilir", "tanggal": "2026-08-13", "timestamp": "2026-08-13T01:41:00+07:00", "satelit": "NASA-NOAA20", "confidence": "Medium"}}, {"type": "Feature", "geometry": {"type": "Point", "coordinates": [109.27374, 0.11145]}, "properties": {"kab_kota": "MEMPAWAH", "kecamatan": "Siantan", "desa": "Wajok Hilir", "tanggal": "2026-08-13", "timestamp": "2026-08-13T01:41:00+07:00", "satelit": "NASA-NOAA20", "confidence": "Medium"}}, {"type": "Feature", "geometry": {"type": "Point", "coordinates": [109.26387, 0.11094]}, "properties": {"kab_kota": "MEMPAWAH", "kecamatan": "Siantan", "desa": "Wajok Hilir", "tanggal": "2026-08-16", "timestamp": "2026-08-16T13:25:00+07:00", "satelit": "NASA-NOAA20", "confidence": "Medium"}}, {"type": "Feature", "geometry": {"type": "Point", "coordinates": [109.26337, 0.11384]}, "properties": {"kab_kota": "MEMPAWAH", "kecamatan": "Siantan", "desa": "Wajok Hilir", "tanggal": "2026-08-16", "timestamp": "2026-08-16T13:25:00+07:00", "satelit": "NASA-NOAA20", "confidence": "Medium"}}, {"type": "Feature", "geometry": {"type": "Point", "coordinates": [109.26554, 0.11231]}, "properties": {"kab_kota": "MEMPAWAH", "kecamatan": "Siantan", "desa": "Wajok Hilir", "tanggal": "2026-08-25", "timestamp": "2026-08-25T01:13:00+07:00", "satelit": "NASA-NOAA20", "confidence": "Medium"}}, {"type": "Feature", "geometry": {"type": "Point", "coordinates": [109.27985, 0.10668]}, "properties": {"kab_kota": "MEMPAWAH", "kecamatan": "Siantan", "desa": "Wajok Hilir", "tanggal": "2026-08-28", "timestamp": "2026-08-28T12:59:00+07:00", "satelit": "NASA-NOAA20", "confidence": "Medium"}}, {"type": "Feature", "geometry": {"type": "Point", "coordinates": [109.37822, 0.07275]}, "properties": {"kab_kota": "MEMPAWAH", "kecamatan": "Siantan", "desa": "Wajok Hulu", "tanggal": "2026-08-01", "timestamp": "2026-08-01T13:03:00+07:00", "satelit": "NASA-NOAA20", "confidence": "Medium"}}, {"type": "Feature", "geometry": {"type": "Point", "coordinates": [109.37401, 0.08213]}, "properties": {"kab_kota": "MEMPAWAH", "kecamatan": "Siantan", "desa": "Wajok Hulu", "tanggal": "2026-08-02", "timestamp": "2026-08-02T01:45:00+07:00", "satelit": "NASA-NOAA20", "confidence": "Medium"}}, {"type": "Feature", "geometry": {"type": "Point", "coordinates": [109.37312, 0.07686]}, "properties": {"kab_kota": "MEMPAWAH", "kecamatan": "Siantan", "desa": "Wajok Hulu", "tanggal": "2026-08-03", "timestamp": "2026-08-03T12:27:00+07:00", "satelit": "NASA-NOAA20", "confidence": "Medium"}}, {"type": "Feature", "geometry": {"type": "Point", "coordinates": [109.3788, 0.07375]}, "properties": {"kab_kota": "MEMPAWAH", "kecamatan": "Siantan", "desa": "Wajok Hulu", "tanggal": "2026-08-04", "timestamp": "2026-08-04T01:09:00+07:00", "satelit": "NASA-NOAA20", "confidence": "Medium"}}, {"type": "Feature", "geometry": {"type": "Point", "coordinates": [109.37923, 0.07673]}, "properties": {"kab_kota": "MEMPAWAH", "kecamatan": "Siantan", "desa": "Wajok Hulu", "tanggal": "2026-08-04", "timestamp": "2026-08-04T13:50:00+07:00", "satelit": "NASA-NOAA20", "confidence": "Medium"}}, {"type": "Feature", "geometry": {"type": "Point", "coordinates": [109.37215, 0.07638]}, "properties": {"kab_kota": "MEMPAWAH", "kecamatan": "Siantan", "desa": "Wajok Hulu", "tanggal": "2026-08-09", "timestamp": "2026-08-09T01:13:00+07:00", "satelit": "NASA-NOAA20", "confidence": "Medium"}}, {"type": "Feature", "geometry": {"type": "Point", "coordinates": [109.28058, 0.05702]}, "properties": {"kab_kota": "MEMPAWAH", "kecamatan": "Siantan", "desa": "Wajok Hulu", "tanggal": "2026-08-11", "timestamp": "2026-08-11T00:34:00+07:00", "satelit": "NASA-NOAA20", "confidence": "Medium"}}, {"type": "Feature", "geometry": {"type": "Point", "coordinates": [109.2848, 0.06179]}, "properties": {"kab_kota": "MEMPAWAH", "kecamatan": "Siantan", "desa": "Wajok Hulu", "tanggal": "2026-08-11", "timestamp": "2026-08-11T00:34:00+07:00", "satelit": "NASA-NOAA20", "confidence": "Medium"}}, {"type": "Feature", "geometry": {"type": "Point", "coordinates": [109.35055, 0.03334]}, "properties": {"kab_kota": "MEMPAWAH", "kecamatan": "Siantan", "desa": "Wajok Hulu", "tanggal": "2026-08-11", "timestamp": "2026-08-11T13:18:00+07:00", "satelit": "NASA-NOAA20", "confidence": "Medium"}}, {"type": "Feature", "geometry": {"type": "Point", "coordinates": [109.35, 0.03527]}, "properties": {"kab_kota": "MEMPAWAH", "kecamatan": "Siantan", "desa": "Wajok Hulu", "tanggal": "2026-08-11", "timestamp": "2026-08-11T13:18:00+07:00", "satelit": "NASA-NOAA20", "confidence": "Medium"}}, {"type": "Feature", "geometry": {"type": "Point", "coordinates": [109.36303, 0.04142]}, "properties": {"kab_kota": "MEMPAWAH", "kecamatan": "Siantan", "desa": "Wajok Hulu", "tanggal": "2026-08-14", "timestamp": "2026-08-14T01:19:00+07:00", "satelit": "NASA-NOAA20", "confidence": "Medium"}}, {"type": "Feature", "geometry": {"type": "Point", "coordinates": [109.35928, 0.042]}, "properties": {"kab_kota": "MEMPAWAH", "kecamatan": "Siantan", "desa": "Wajok Hulu", "tanggal": "2026-08-14", "timestamp": "2026-08-14T01:19:00+07:00", "satelit": "NASA-NOAA20", "confidence": "Medium"}}, {"type": "Feature", "geometry": {"type": "Point", "coordinates": [109.28707, 0.06388]}, "properties": {"kab_kota": "MEMPAWAH", "kecamatan": "Siantan", "desa": "Wajok Hulu", "tanggal": "2026-08-15", "timestamp": "2026-08-15T01:02:00+07:00", "satelit": "NASA-NOAA20", "confidence": "Medium"}}, {"type": "Feature", "geometry": {"type": "Point", "coordinates": [109.30978, 0.03799]}, "properties": {"kab_kota": "MEMPAWAH", "kecamatan": "Siantan", "desa": "Wajok Hulu", "tanggal": "2026-08-27", "timestamp": "2026-08-27T13:18:00+07:00", "satelit": "NASA-NOAA20", "confidence": "Medium"}}, {"type": "Feature", "geometry": {"type": "Point", "coordinates": [109.34782, 0.04896]}, "properties": {"kab_kota": "MEMPAWAH", "kecamatan": "Siantan", "desa": "Wajok Hulu", "tanggal": "2026-08-30", "timestamp": "2026-08-30T01:21:00+07:00", "satelit": "NASA-NOAA20", "confidence": "Medium"}}, {"type": "Feature", "geometry": {"type": "Point", "coordinates": [109.296, 0.0607]}, "properties": {"kab_kota": "MEMPAWAH", "kecamatan": "Siantan", "desa": "Wajok Hulu", "tanggal": "2026-08-30", "timestamp": "2026-08-30T01:21:00+07:00", "satelit": "NASA-NOAA20", "confidence": "Medium"}}, {"type": "Feature", "geometry": {"type": "Point", "coordinates": [109.29967, 0.06035]}, "properties": {"kab_kota": "MEMPAWAH", "kecamatan": "Siantan", "desa": "Wajok Hulu", "tanggal": "2026-08-30", "timestamp": "2026-08-30T14:01:00+07:00", "satelit": "NASA-NOAA20", "confidence": "Medium"}}, {"type": "Feature", "geometry": {"type": "Point", "coordinates": [109.30261, 0.0627]}, "properties": {"kab_kota": "MEMPAWAH", "kecamatan": "Siantan", "desa": "Wajok Hulu", "tanggal": "2026-08-30", "timestamp": "2026-08-30T14:01:00+07:00", "satelit": "NASA-NOAA20", "confidence": "Medium"}}, {"type": "Feature", "geometry": {"type": "Point", "coordinates": [109.30389, 0.05996]}, "properties": {"kab_kota": "MEMPAWAH", "kecamatan": "Siantan", "desa": "Wajok Hulu", "tanggal": "2026-08-31", "timestamp": "2026-08-31T01:02:00+07:00", "satelit": "NASA-NOAA20", "confidence": "Medium"}}, {"type": "Feature", "geometry": {"type": "Point", "coordinates": [109.29994, 0.06058]}, "properties": {"kab_kota": "MEMPAWAH", "kecamatan": "Siantan", "desa": "Wajok Hulu", "tanggal": "2026-08-31", "timestamp": "2026-08-31T01:02:00+07:00", "satelit": "NASA-NOAA20", "confidence": "Medium"}}, {"type": "Feature", "geometry": {"type": "Point", "coordinates": [109.29598, 0.0612]}, "properties": {"kab_kota": "MEMPAWAH", "kecamatan": "Siantan", "desa": "Wajok Hulu", "tanggal": "2026-08-31", "timestamp": "2026-08-31T01:02:00+07:00", "satelit": "NASA-NOAA20", "confidence": "Medium"}}, {"type": "Feature", "geometry": {"type": "Point", "coordinates": [109.30322, 0.05651]}, "properties": {"kab_kota": "MEMPAWAH", "kecamatan": "Siantan", "desa": "Wajok Hulu", "tanggal": "2026-08-31", "timestamp": "2026-08-31T13:44:00+07:00", "satelit": "NASA-NOAA20", "confidence": "Medium"}}, {"type": "Feature", "geometry": {"type": "Point", "coordinates": [108.99586, 0.5266]}, "properties": {"kab_kota": "MEMPAWAH", "kecamatan": "Sungai Kunyit", "desa": "Bukit Batu", "tanggal": "2026-08-09", "timestamp": "2026-08-09T01:13:00+07:00", "satelit": "NASA-NOAA20", "confidence": "Medium"}}, {"type": "Feature", "geometry": {"type": "Point", "coordinates": [109.00717, 0.53157]}, "properties": {"kab_kota": "MEMPAWAH", "kecamatan": "Sungai Kunyit", "desa": "Bukit Batu", "tanggal": "2026-08-09", "timestamp": "2026-08-09T01:13:00+07:00", "satelit": "NASA-NOAA20", "confidence": "Medium"}}, {"type": "Feature", "geometry": {"type": "Point", "coordinates": [109.00788, 0.53525]}, "properties": {"kab_kota": "MEMPAWAH", "kecamatan": "Sungai Kunyit", "desa": "Bukit Batu", "tanggal": "2026-08-09", "timestamp": "2026-08-09T01:13:00+07:00", "satelit": "NASA-NOAA20", "confidence": "Medium"}}, {"type": "Feature", "geometry": {"type": "Point", "coordinates": [109.00445, 0.5358]}, "properties": {"kab_kota": "MEMPAWAH", "kecamatan": "Sungai Kunyit", "desa": "Bukit Batu", "tanggal": "2026-08-09", "timestamp": "2026-08-09T01:13:00+07:00", "satelit": "NASA-NOAA20", "confidence": "Medium"}}, {"type": "Feature", "geometry": {"type": "Point", "coordinates": [109.00677, 0.53212]}, "properties": {"kab_kota": "MEMPAWAH", "kecamatan": "Sungai Kunyit", "desa": "Bukit Batu", "tanggal": "2026-08-09", "timestamp": "2026-08-09T13:57:00+07:00", "satelit": "NASA-NOAA20", "confidence": "Medium"}}, {"type": "Feature", "geometry": {"type": "Point", "coordinates": [109.01102, 0.53277]}, "properties": {"kab_kota": "MEMPAWAH", "kecamatan": "Sungai Kunyit", "desa": "Bukit Batu", "tanggal": "2026-08-09", "timestamp": "2026-08-09T13:57:00+07:00", "satelit": "NASA-NOAA20", "confidence": "Medium"}}, {"type": "Feature", "geometry": {"type": "Point", "coordinates": [109.00813, 0.5312]}, "properties": {"kab_kota": "MEMPAWAH", "kecamatan": "Sungai Kunyit", "desa": "Bukit Batu", "tanggal": "2026-08-10", "timestamp": "2026-08-10T00:56:00+07:00", "satelit": "NASA-NOAA20", "confidence": "Medium"}}, {"type": "Feature", "geometry": {"type": "Point", "coordinates": [109.00726, 0.53221]}, "properties": {"kab_kota": "MEMPAWAH", "kecamatan": "Sungai Kunyit", "desa": "Bukit Batu", "tanggal": "2026-08-10", "timestamp": "2026-08-10T00:56:00+07:00", "satelit": "NASA-NOAA20", "confidence": "Medium"}}, {"type": "Feature", "geometry": {"type": "Point", "coordinates": [109.00369, 0.53592]}, "properties": {"kab_kota": "MEMPAWAH", "kecamatan": "Sungai Kunyit", "desa": "Bukit Batu", "tanggal": "2026-08-10", "timestamp": "2026-08-10T00:56:00+07:00", "satelit": "NASA-NOAA20", "confidence": "Medium"}}, {"type": "Feature", "geometry": {"type": "Point", "coordinates": [108.99863, 0.53669]}, "properties": {"kab_kota": "MEMPAWAH", "kecamatan": "Sungai Kunyit", "desa": "Bukit Batu", "tanggal": "2026-08-10", "timestamp": "2026-08-10T00:56:00+07:00", "satelit": "NASA-NOAA20", "confidence": "Medium"}}, {"type": "Feature", "geometry": {"type": "Point", "coordinates": [109.00283, 0.53696]}, "properties": {"kab_kota": "MEMPAWAH", "kecamatan": "Sungai Kunyit", "desa": "Bukit Batu", "tanggal": "2026-08-10", "timestamp": "2026-08-10T00:56:00+07:00", "satelit": "NASA-NOAA20", "confidence": "Medium"}}, {"type": "Feature", "geometry": {"type": "Point", "coordinates": [109.00431, 0.53987]}, "properties": {"kab_kota": "MEMPAWAH", "kecamatan": "Sungai Kunyit", "desa": "Bukit Batu", "tanggal": "2026-08-10", "timestamp": "2026-08-10T00:56:00+07:00", "satelit": "NASA-NOAA20", "confidence": "Medium"}}, {"type": "Feature", "geometry": {"type": "Point", "coordinates": [109.00343, 0.54091]}, "properties": {"kab_kota": "MEMPAWAH", "kecamatan": "Sungai Kunyit", "desa": "Bukit Batu", "tanggal": "2026-08-10", "timestamp": "2026-08-10T00:56:00+07:00", "satelit": "NASA-NOAA20", "confidence": "Medium"}}, {"type": "Feature", "geometry": {"type": "Point", "coordinates": [109.01118, 0.53071]}, "properties": {"kab_kota": "MEMPAWAH", "kecamatan": "Sungai Kunyit", "desa": "Bukit Batu", "tanggal": "2026-08-10", "timestamp": "2026-08-10T13:35:00+07:00", "satelit": "NASA-NOAA20", "confidence": "Medium"}}, {"type": "Feature", "geometry": {"type": "Point", "coordinates": [108.99857, 0.53317]}, "properties": {"kab_kota": "MEMPAWAH", "kecamatan": "Sungai Kunyit", "desa": "Bukit Batu", "tanggal": "2026-08-10", "timestamp": "2026-08-10T13:35:00+07:00", "satelit": "NASA-NOAA20", "confidence": "Medium"}}, {"type": "Feature", "geometry": {"type": "Point", "coordinates": [109.00256, 0.53377]}, "properties": {"kab_kota": "MEMPAWAH", "kecamatan": "Sungai Kunyit", "desa": "Bukit Batu", "tanggal": "2026-08-10", "timestamp": "2026-08-10T13:35:00+07:00", "satelit": "NASA-NOAA20", "confidence": "Medium"}}, {"type": "Feature", "geometry": {"type": "Point", "coordinates": [109.00194, 0.53805]}, "properties": {"kab_kota": "MEMPAWAH", "kecamatan": "Sungai Kunyit", "desa": "Bukit Batu", "tanggal": "2026-08-10", "timestamp": "2026-08-10T13:35:00+07:00", "satelit": "NASA-NOAA20", "confidence": "Medium"}}, {"type": "Feature", "geometry": {"type": "Point", "coordinates": [109.00594, 0.53865]}, "properties": {"kab_kota": "MEMPAWAH", "kecamatan": "Sungai Kunyit", "desa": "Bukit Batu", "tanggal": "2026-08-10", "timestamp": "2026-08-10T13:35:00+07:00", "satelit": "NASA-NOAA20", "confidence": "Medium"}}, {"type": "Feature", "geometry": {"type": "Point", "coordinates": [109.00175, 0.52532]}, "properties": {"kab_kota": "MEMPAWAH", "kecamatan": "Sungai Kunyit", "desa": "Bukit Batu", "tanggal": "2026-08-11", "timestamp": "2026-08-11T13:18:00+07:00", "satelit": "NASA-NOAA20", "confidence": "Medium"}}, {"type": "Feature", "geometry": {"type": "Point", "coordinates": [109.00829, 0.52973]}, "properties": {"kab_kota": "MEMPAWAH", "kecamatan": "Sungai Kunyit", "desa": "Bukit Batu", "tanggal": "2026-08-11", "timestamp": "2026-08-11T13:18:00+07:00", "satelit": "NASA-NOAA20", "confidence": "Medium"}}, {"type": "Feature", "geometry": {"type": "Point", "coordinates": [109.00426, 0.53254]}, "properties": {"kab_kota": "MEMPAWAH", "kecamatan": "Sungai Kunyit", "desa": "Bukit Batu", "tanggal": "2026-08-11", "timestamp": "2026-08-11T13:18:00+07:00", "satelit": "NASA-NOAA20", "confidence": "Medium"}}, {"type": "Feature", "geometry": {"type": "Point", "coordinates": [109.0113, 0.53361]}, "properties": {"kab_kota": "MEMPAWAH", "kecamatan": "Sungai Kunyit", "desa": "Bukit Batu", "tanggal": "2026-08-11", "timestamp": "2026-08-11T13:18:00+07:00", "satelit": "NASA-NOAA20", "confidence": "Medium"}}, {"type": "Feature", "geometry": {"type": "Point", "coordinates": [109.00024, 0.53535]}, "properties": {"kab_kota": "MEMPAWAH", "kecamatan": "Sungai Kunyit", "desa": "Bukit Batu", "tanggal": "2026-08-11", "timestamp": "2026-08-11T13:18:00+07:00", "satelit": "NASA-NOAA20", "confidence": "Medium"}}, {"type": "Feature", "geometry": {"type": "Point", "coordinates": [109.00677, 0.53976]}, "properties": {"kab_kota": "MEMPAWAH", "kecamatan": "Sungai Kunyit", "desa": "Bukit Batu", "tanggal": "2026-08-11", "timestamp": "2026-08-11T13:18:00+07:00", "satelit": "NASA-NOAA20", "confidence": "Medium"}}, {"type": "Feature", "geometry": {"type": "Point", "coordinates": [109.00628, 0.54311]}, "properties": {"kab_kota": "MEMPAWAH", "kecamatan": "Sungai Kunyit", "desa": "Bukit Batu", "tanggal": "2026-08-11", "timestamp": "2026-08-11T13:18:00+07:00", "satelit": "NASA-NOAA20", "confidence": "Medium"}}, {"type": "Feature", "geometry": {"type": "Point", "coordinates": [109.03783, 0.53908]}, "properties": {"kab_kota": "MEMPAWAH", "kecamatan": "Sungai Kunyit", "desa": "Bukit Batu", "tanggal": "2026-08-16", "timestamp": "2026-08-16T13:25:00+07:00", "satelit": "NASA-NOAA20", "confidence": "Medium"}}, {"type": "Feature", "geometry": {"type": "Point", "coordinates": [109.01244, 0.5201]}, "properties": {"kab_kota": "MEMPAWAH", "kecamatan": "Sungai Kunyit", "desa": "Bukit Batu", "tanggal": "2026-08-18", "timestamp": "2026-08-18T12:46:00+07:00", "satelit": "NASA-NOAA20", "confidence": "Medium"}}, {"type": "Feature", "geometry": {"type": "Point", "coordinates": [109.00712, 0.52395]}, "properties": {"kab_kota": "MEMPAWAH", "kecamatan": "Sungai Kunyit", "desa": "Bukit Batu", "tanggal": "2026-08-18", "timestamp": "2026-08-18T12:46:00+07:00", "satelit": "NASA-NOAA20", "confidence": "Medium"}}, {"type": "Feature", "geometry": {"type": "Point", "coordinates": [109.01174, 0.52466]}, "properties": {"kab_kota": "MEMPAWAH", "kecamatan": "Sungai Kunyit", "desa": "Bukit Batu", "tanggal": "2026-08-18", "timestamp": "2026-08-18T12:46:00+07:00", "satelit": "NASA-NOAA20", "confidence": "Medium"}}, {"type": "Feature", "geometry": {"type": "Point", "coordinates": [109.01637, 0.52537]}, "properties": {"kab_kota": "MEMPAWAH", "kecamatan": "Sungai Kunyit", "desa": "Bukit Batu", "tanggal": "2026-08-18", "timestamp": "2026-08-18T12:46:00+07:00", "satelit": "NASA-NOAA20", "confidence": "Medium"}}, {"type": "Feature", "geometry": {"type": "Point", "coordinates": [108.99717, 0.52708]}, "properties": {"kab_kota": "MEMPAWAH", "kecamatan": "Sungai Kunyit", "desa": "Bukit Batu", "tanggal": "2026-08-18", "timestamp": "2026-08-18T12:46:00+07:00", "satelit": "NASA-NOAA20", "confidence": "Medium"}}, {"type": "Feature", "geometry": {"type": "Point", "coordinates": [109.0018, 0.52779]}, "properties": {"kab_kota": "MEMPAWAH", "kecamatan": "Sungai Kunyit", "desa": "Bukit Batu", "tanggal": "2026-08-18", "timestamp": "2026-08-18T12:46:00+07:00", "satelit": "NASA-NOAA20", "confidence": "Medium"}}, {"type": "Feature", "geometry": {"type": "Point", "coordinates": [109.00642, 0.5285]}, "properties": {"kab_kota": "MEMPAWAH", "kecamatan": "Sungai Kunyit", "desa": "Bukit Batu", "tanggal": "2026-08-18", "timestamp": "2026-08-18T12:46:00+07:00", "satelit": "NASA-NOAA20", "confidence": "Medium"}}, {"type": "Feature", "geometry": {"type": "Point", "coordinates": [109.01035, 0.53376]}, "properties": {"kab_kota": "MEMPAWAH", "kecamatan": "Sungai Kunyit", "desa": "Bukit Batu", "tanggal": "2026-08-18", "timestamp": "2026-08-18T12:46:00+07:00", "satelit": "NASA-NOAA20", "confidence": "Medium"}}, {"type": "Feature", "geometry": {"type": "Point", "coordinates": [109.01684, 0.52467]}, "properties": {"kab_kota": "MEMPAWAH", "kecamatan": "Sungai Kunyit", "desa": "Bukit Batu", "tanggal": "2026-08-19", "timestamp": "2026-08-19T01:28:00+07:00", "satelit": "NASA-NOAA20", "confidence": "Medium"}}, {"type": "Feature", "geometry": {"type": "Point", "coordinates": [109.00848, 0.52598]}, "properties": {"kab_kota": "MEMPAWAH", "kecamatan": "Sungai Kunyit", "desa": "Bukit Batu", "tanggal": "2026-08-19", "timestamp": "2026-08-19T01:28:00+07:00", "satelit": "NASA-NOAA20", "confidence": "Medium"}}, {"type": "Feature", "geometry": {"type": "Point", "coordinates": [109.00429, 0.52664]}, "properties": {"kab_kota": "MEMPAWAH", "kecamatan": "Sungai Kunyit", "desa": "Bukit Batu", "tanggal": "2026-08-19", "timestamp": "2026-08-19T01:28:00+07:00", "satelit": "NASA-NOAA20", "confidence": "Medium"}}, {"type": "Feature", "geometry": {"type": "Point", "coordinates": [109.00989, 0.52748]}, "properties": {"kab_kota": "MEMPAWAH", "kecamatan": "Sungai Kunyit", "desa": "Bukit Batu", "tanggal": "2026-08-19", "timestamp": "2026-08-19T12:27:00+07:00", "satelit": "NASA-NOAA20", "confidence": "Medium"}}, {"type": "Feature", "geometry": {"type": "Point", "coordinates": [109.0071, 0.5295]}, "properties": {"kab_kota": "MEMPAWAH", "kecamatan": "Sungai Kunyit", "desa": "Bukit Batu", "tanggal": "2026-08-19", "timestamp": "2026-08-19T12:27:00+07:00", "satelit": "NASA-NOAA20", "confidence": "Medium"}}, {"type": "Feature", "geometry": {"type": "Point", "coordinates": [109.00764, 0.52355]}, "properties": {"kab_kota": "MEMPAWAH", "kecamatan": "Sungai Kunyit", "desa": "Bukit Batu", "tanggal": "2026-08-19", "timestamp": "2026-08-19T14:07:00+07:00", "satelit": "NASA-NOAA20", "confidence": "Medium"}}, {"type": "Feature", "geometry": {"type": "Point", "coordinates": [109.01468, 0.52464]}, "properties": {"kab_kota": "MEMPAWAH", "kecamatan": "Sungai Kunyit", "desa": "Bukit Batu", "tanggal": "2026-08-19", "timestamp": "2026-08-19T14:07:00+07:00", "satelit": "NASA-NOAA20", "confidence": "Medium"}}, {"type": "Feature", "geometry": {"type": "Point", "coordinates": [109.00916, 0.52805]}, "properties": {"kab_kota": "MEMPAWAH", "kecamatan": "Sungai Kunyit", "desa": "Bukit Batu", "tanggal": "2026-08-19", "timestamp": "2026-08-19T14:07:00+07:00", "satelit": "NASA-NOAA20", "confidence": "Medium"}}, {"type": "Feature", "geometry": {"type": "Point", "coordinates": [109.01614, 0.52918]}, "properties": {"kab_kota": "MEMPAWAH", "kecamatan": "Sungai Kunyit", "desa": "Bukit Batu", "tanggal": "2026-08-19", "timestamp": "2026-08-19T14:07:00+07:00", "satelit": "NASA-NOAA20", "confidence": "Medium"}}, {"type": "Feature", "geometry": {"type": "Point", "coordinates": [109.00657, 0.53071]}, "properties": {"kab_kota": "MEMPAWAH", "kecamatan": "Sungai Kunyit", "desa": "Bukit Batu", "tanggal": "2026-08-19", "timestamp": "2026-08-19T14:07:00+07:00", "satelit": "NASA-NOAA20", "confidence": "Medium"}}, {"type": "Feature", "geometry": {"type": "Point", "coordinates": [109.0191, 0.52116]}, "properties": {"kab_kota": "MEMPAWAH", "kecamatan": "Sungai Kunyit", "desa": "Bukit Batu", "tanggal": "2026-08-20", "timestamp": "2026-08-20T01:09:00+07:00", "satelit": "NASA-NOAA20", "confidence": "Medium"}}, {"type": "Feature", "geometry": {"type": "Point", "coordinates": [109.02322, 0.52396]}, "properties": {"kab_kota": "MEMPAWAH", "kecamatan": "Sungai Kunyit", "desa": "Bukit Batu", "tanggal": "2026-08-20", "timestamp": "2026-08-20T01:09:00+07:00", "satelit": "NASA-NOAA20", "confidence": "Medium"}}, {"type": "Feature", "geometry": {"type": "Point", "coordinates": [109.01963, 0.52453]}, "properties": {"kab_kota": "MEMPAWAH", "kecamatan": "Sungai Kunyit", "desa": "Bukit Batu", "tanggal": "2026-08-20", "timestamp": "2026-08-20T01:09:00+07:00", "satelit": "NASA-NOAA20", "confidence": "Medium"}}, {"type": "Feature", "geometry": {"type": "Point", "coordinates": [109.00886, 0.52624]}, "properties": {"kab_kota": "MEMPAWAH", "kecamatan": "Sungai Kunyit", "desa": "Bukit Batu", "tanggal": "2026-08-20", "timestamp": "2026-08-20T01:09:00+07:00", "satelit": "NASA-NOAA20", "confidence": "Medium"}}, {"type": "Feature", "geometry": {"type": "Point", "coordinates": [109.02016, 0.5279]}, "properties": {"kab_kota": "MEMPAWAH", "kecamatan": "Sungai Kunyit", "desa": "Bukit Batu", "tanggal": "2026-08-20", "timestamp": "2026-08-20T01:09:00+07:00", "satelit": "NASA-NOAA20", "confidence": "Medium"}}, {"type": "Feature", "geometry": {"type": "Point", "coordinates": [109.00991, 0.52303]}, "properties": {"kab_kota": "MEMPAWAH", "kecamatan": "Sungai Kunyit", "desa": "Bukit Batu", "tanggal": "2026-08-20", "timestamp": "2026-08-20T13:50:00+07:00", "satelit": "NASA-NOAA20", "confidence": "Medium"}}, {"type": "Feature", "geometry": {"type": "Point", "coordinates": [109.02307, 0.52504]}, "properties": {"kab_kota": "MEMPAWAH", "kecamatan": "Sungai Kunyit", "desa": "Bukit Batu", "tanggal": "2026-08-20", "timestamp": "2026-08-20T13:50:00+07:00", "satelit": "NASA-NOAA20", "confidence": "Medium"}}, {"type": "Feature", "geometry": {"type": "Point", "coordinates": [109.00252, 0.52734]}, "properties": {"kab_kota": "MEMPAWAH", "kecamatan": "Sungai Kunyit", "desa": "Bukit Batu", "tanggal": "2026-08-20", "timestamp": "2026-08-20T13:50:00+07:00", "satelit": "NASA-NOAA20", "confidence": "Medium"}}, {"type": "Feature", "geometry": {"type": "Point", "coordinates": [109.00581, 0.52784]}, "properties": {"kab_kota": "MEMPAWAH", "kecamatan": "Sungai Kunyit", "desa": "Bukit Batu", "tanggal": "2026-08-20", "timestamp": "2026-08-20T13:50:00+07:00", "satelit": "NASA-NOAA20", "confidence": "Medium"}}, {"type": "Feature", "geometry": {"type": "Point", "coordinates": [109.01163, 0.53418]}, "properties": {"kab_kota": "MEMPAWAH", "kecamatan": "Sungai Kunyit", "desa": "Bukit Batu", "tanggal": "2026-08-20", "timestamp": "2026-08-20T13:50:00+07:00", "satelit": "NASA-NOAA20", "confidence": "Medium"}}, {"type": "Feature", "geometry": {"type": "Point", "coordinates": [109.01492, 0.53468]}, "properties": {"kab_kota": "MEMPAWAH", "kecamatan": "Sungai Kunyit", "desa": "Bukit Batu", "tanggal": "2026-08-20", "timestamp": "2026-08-20T13:50:00+07:00", "satelit": "NASA-NOAA20", "confidence": "Medium"}}, {"type": "Feature", "geometry": {"type": "Point", "coordinates": [109.02232, 0.52299]}, "properties": {"kab_kota": "MEMPAWAH", "kecamatan": "Sungai Kunyit", "desa": "Bukit Batu", "tanggal": "2026-08-21", "timestamp": "2026-08-21T00:49:00+07:00", "satelit": "NASA-NOAA20", "confidence": "Medium"}}, {"type": "Feature", "geometry": {"type": "Point", "coordinates": [109.01807, 0.52367]}, "properties": {"kab_kota": "MEMPAWAH", "kecamatan": "Sungai Kunyit", "desa": "Bukit Batu", "tanggal": "2026-08-21", "timestamp": "2026-08-21T00:49:00+07:00", "satelit": "NASA-NOAA20", "confidence": "Medium"}}, {"type": "Feature", "geometry": {"type": "Point", "coordinates": [109.02573, 0.52397]}, "properties": {"kab_kota": "MEMPAWAH", "kecamatan": "Sungai Kunyit", "desa": "Bukit Batu", "tanggal": "2026-08-21", "timestamp": "2026-08-21T13:29:00+07:00", "satelit": "NASA-NOAA20", "confidence": "Medium"}}, {"type": "Feature", "geometry": {"type": "Point", "coordinates": [109.01459, 0.52562]}, "properties": {"kab_kota": "MEMPAWAH", "kecamatan": "Sungai Kunyit", "desa": "Bukit Batu", "tanggal": "2026-08-23", "timestamp": "2026-08-23T12:53:00+07:00", "satelit": "NASA-NOAA20", "confidence": "Medium"}}, {"type": "Feature", "geometry": {"type": "Point", "coordinates": [109.00555, 0.51323]}, "properties": {"kab_kota": "MEMPAWAH", "kecamatan": "Sungai Kunyit", "desa": "Bukit Batu", "tanggal": "2026-08-28", "timestamp": "2026-08-28T12:59:00+07:00", "satelit": "NASA-NOAA20", "confidence": "Medium"}}, {"type": "Feature", "geometry": {"type": "Point", "coordinates": [108.99893, 0.52737]}, "properties": {"kab_kota": "MEMPAWAH", "kecamatan": "Sungai Kunyit", "desa": "Bukit Batu", "tanggal": "2026-08-28", "timestamp": "2026-08-28T12:59:00+07:00", "satelit": "NASA-NOAA20", "confidence": "Medium"}}, {"type": "Feature", "geometry": {"type": "Point", "coordinates": [108.99837, 0.53107]}, "properties": {"kab_kota": "MEMPAWAH", "kecamatan": "Sungai Kunyit", "desa": "Bukit Batu", "tanggal": "2026-08-28", "timestamp": "2026-08-28T12:59:00+07:00", "satelit": "NASA-NOAA20", "confidence": "Medium"}}, {"type": "Feature", "geometry": {"type": "Point", "coordinates": [109.00219, 0.53544]}, "properties": {"kab_kota": "MEMPAWAH", "kecamatan": "Sungai Kunyit", "desa": "Bukit Batu", "tanggal": "2026-08-28", "timestamp": "2026-08-28T12:59:00+07:00", "satelit": "NASA-NOAA20", "confidence": "Medium"}}, {"type": "Feature", "geometry": {"type": "Point", "coordinates": [108.99815, 0.51551]}, "properties": {"kab_kota": "MEMPAWAH", "kecamatan": "Sungai Kunyit", "desa": "Bukit Batu", "tanggal": "2026-08-29", "timestamp": "2026-08-29T12:40:00+07:00", "satelit": "NASA-NOAA20", "confidence": "Medium"}}, {"type": "Feature", "geometry": {"type": "Point", "coordinates": [109.00112, 0.51599]}, "properties": {"kab_kota": "MEMPAWAH", "kecamatan": "Sungai Kunyit", "desa": "Bukit Batu", "tanggal": "2026-08-29", "timestamp": "2026-08-29T12:40:00+07:00", "satelit": "NASA-NOAA20", "confidence": "Medium"}}, {"type": "Feature", "geometry": {"type": "Point", "coordinates": [109.02023, 0.55019]}, "properties": {"kab_kota": "MEMPAWAH", "kecamatan": "Sungai Kunyit", "desa": "Bukit Batu", "tanggal": "2026-08-29", "timestamp": "2026-08-29T12:40:00+07:00", "satelit": "NASA-NOAA20", "confidence": "Medium"}}, {"type": "Feature", "geometry": {"type": "Point", "coordinates": [109.01774, 0.56538]}, "properties": {"kab_kota": "MEMPAWAH", "kecamatan": "Sungai Kunyit", "desa": "Bukit Batu", "tanggal": "2026-08-29", "timestamp": "2026-08-29T12:40:00+07:00", "satelit": "NASA-NOAA20", "confidence": "Medium"}}, {"type": "Feature", "geometry": {"type": "Point", "coordinates": [108.96624, 0.51307]}, "properties": {"kab_kota": "MEMPAWAH", "kecamatan": "Sungai Kunyit", "desa": "Bukit Batu", "tanggal": "2026-08-30", "timestamp": "2026-08-30T01:21:00+07:00", "satelit": "NASA-NOAA20", "confidence": "Medium"}}, {"type": "Feature", "geometry": {"type": "Point", "coordinates": [108.99987, 0.51465]}, "properties": {"kab_kota": "MEMPAWAH", "kecamatan": "Sungai Kunyit", "desa": "Bukit Batu", "tanggal": "2026-08-30", "timestamp": "2026-08-30T01:21:00+07:00", "satelit": "NASA-NOAA20", "confidence": "Medium"}}, {"type": "Feature", "geometry": {"type": "Point", "coordinates": [108.99625, 0.51523]}, "properties": {"kab_kota": "MEMPAWAH", "kecamatan": "Sungai Kunyit", "desa": "Bukit Batu", "tanggal": "2026-08-30", "timestamp": "2026-08-30T01:21:00+07:00", "satelit": "NASA-NOAA20", "confidence": "Medium"}}, {"type": "Feature", "geometry": {"type": "Point", "coordinates": [109.0004, 0.51804]}, "properties": {"kab_kota": "MEMPAWAH", "kecamatan": "Sungai Kunyit", "desa": "Bukit Batu", "tanggal": "2026-08-30", "timestamp": "2026-08-30T01:21:00+07:00", "satelit": "NASA-NOAA20", "confidence": "Medium"}}, {"type": "Feature", "geometry": {"type": "Point", "coordinates": [108.99837, 0.52879]}, "properties": {"kab_kota": "MEMPAWAH", "kecamatan": "Sungai Kunyit", "desa": "Bukit Batu", "tanggal": "2026-08-30", "timestamp": "2026-08-30T01:21:00+07:00", "satelit": "NASA-NOAA20", "confidence": "Medium"}}, {"type": "Feature", "geometry": {"type": "Point", "coordinates": [109.01392, 0.53326]}, "properties": {"kab_kota": "MEMPAWAH", "kecamatan": "Sungai Kunyit", "desa": "Bukit Batu", "tanggal": "2026-08-30", "timestamp": "2026-08-30T01:21:00+07:00", "satelit": "NASA-NOAA20", "confidence": "Medium"}}, {"type": "Feature", "geometry": {"type": "Point", "coordinates": [108.97085, 0.51267]}, "properties": {"kab_kota": "MEMPAWAH", "kecamatan": "Sungai Kunyit", "desa": "Bukit Batu", "tanggal": "2026-08-30", "timestamp": "2026-08-30T12:23:00+07:00", "satelit": "NASA-NOAA20", "confidence": "Medium"}}, {"type": "Feature", "geometry": {"type": "Point", "coordinates": [109.00288, 0.51784]}, "properties": {"kab_kota": "MEMPAWAH", "kecamatan": "Sungai Kunyit", "desa": "Bukit Batu", "tanggal": "2026-08-30", "timestamp": "2026-08-30T12:23:00+07:00", "satelit": "NASA-NOAA20", "confidence": "Medium"}}, {"type": "Feature", "geometry": {"type": "Point", "coordinates": [108.97047, 0.51485]}, "properties": {"kab_kota": "MEMPAWAH", "kecamatan": "Sungai Kunyit", "desa": "Bukit Batu", "tanggal": "2026-08-30", "timestamp": "2026-08-30T14:01:00+07:00", "satelit": "NASA-NOAA20", "confidence": "Medium"}}, {"type": "Feature", "geometry": {"type": "Point", "coordinates": [109.01965, 0.54882]}, "properties": {"kab_kota": "MEMPAWAH", "kecamatan": "Sungai Kunyit", "desa": "Bukit Batu", "tanggal": "2026-08-30", "timestamp": "2026-08-30T14:01:00+07:00", "satelit": "NASA-NOAA20", "confidence": "Medium"}}, {"type": "Feature", "geometry": {"type": "Point", "coordinates": [109.02119, 0.54956]}, "properties": {"kab_kota": "MEMPAWAH", "kecamatan": "Sungai Kunyit", "desa": "Bukit Batu", "tanggal": "2026-08-30", "timestamp": "2026-08-30T14:01:00+07:00", "satelit": "NASA-NOAA20", "confidence": "Medium"}}, {"type": "Feature", "geometry": {"type": "Point", "coordinates": [108.99855, 0.51297]}, "properties": {"kab_kota": "MEMPAWAH", "kecamatan": "Sungai Kunyit", "desa": "Bukit Batu", "tanggal": "2026-08-31", "timestamp": "2026-08-31T01:02:00+07:00", "satelit": "NASA-NOAA20", "confidence": "Medium"}}, {"type": "Feature", "geometry": {"type": "Point", "coordinates": [108.96904, 0.51388]}, "properties": {"kab_kota": "MEMPAWAH", "kecamatan": "Sungai Kunyit", "desa": "Bukit Batu", "tanggal": "2026-08-31", "timestamp": "2026-08-31T01:02:00+07:00", "satelit": "NASA-NOAA20", "confidence": "Medium"}}, {"type": "Feature", "geometry": {"type": "Point", "coordinates": [108.99911, 0.51657]}, "properties": {"kab_kota": "MEMPAWAH", "kecamatan": "Sungai Kunyit", "desa": "Bukit Batu", "tanggal": "2026-08-31", "timestamp": "2026-08-31T01:02:00+07:00", "satelit": "NASA-NOAA20", "confidence": "Medium"}}, {"type": "Feature", "geometry": {"type": "Point", "coordinates": [108.96962, 0.51748]}, "properties": {"kab_kota": "MEMPAWAH", "kecamatan": "Sungai Kunyit", "desa": "Bukit Batu", "tanggal": "2026-08-31", "timestamp": "2026-08-31T01:02:00+07:00", "satelit": "NASA-NOAA20", "confidence": "Medium"}}, {"type": "Feature", "geometry": {"type": "Point", "coordinates": [108.99556, 0.52081]}, "properties": {"kab_kota": "MEMPAWAH", "kecamatan": "Sungai Kunyit", "desa": "Bukit Batu", "tanggal": "2026-08-31", "timestamp": "2026-08-31T01:02:00+07:00", "satelit": "NASA-NOAA20", "confidence": "Medium"}}, {"type": "Feature", "geometry": {"type": "Point", "coordinates": [109.0143, 0.53262]}, "properties": {"kab_kota": "MEMPAWAH", "kecamatan": "Sungai Kunyit", "desa": "Bukit Batu", "tanggal": "2026-08-31", "timestamp": "2026-08-31T01:02:00+07:00", "satelit": "NASA-NOAA20", "confidence": "Medium"}}, {"type": "Feature", "geometry": {"type": "Point", "coordinates": [108.97239, 0.50963]}, "properties": {"kab_kota": "MEMPAWAH", "kecamatan": "Sungai Kunyit", "desa": "Bukit Batu", "tanggal": "2026-08-31", "timestamp": "2026-08-31T13:44:00+07:00", "satelit": "NASA-NOAA20", "confidence": "Medium"}}, {"type": "Feature", "geometry": {"type": "Point", "coordinates": [108.97169, 0.51439]}, "properties": {"kab_kota": "MEMPAWAH", "kecamatan": "Sungai Kunyit", "desa": "Bukit Batu", "tanggal": "2026-08-31", "timestamp": "2026-08-31T13:44:00+07:00", "satelit": "NASA-NOAA20", "confidence": "Medium"}}, {"type": "Feature", "geometry": {"type": "Point", "coordinates": [109.01177, 0.52547]}, "properties": {"kab_kota": "MEMPAWAH", "kecamatan": "Sungai Kunyit", "desa": "Bukit Batu", "tanggal": "2026-08-31", "timestamp": "2026-08-31T13:44:00+07:00", "satelit": "NASA-NOAA20", "confidence": "Medium"}}, {"type": "Feature", "geometry": {"type": "Point", "coordinates": [109.00523, 0.53422]}, "properties": {"kab_kota": "MEMPAWAH", "kecamatan": "Sungai Kunyit", "desa": "Bukit Batu", "tanggal": "2026-08-31", "timestamp": "2026-08-31T13:44:00+07:00", "satelit": "NASA-NOAA20", "confidence": "Medium"}}, {"type": "Feature", "geometry": {"type": "Point", "coordinates": [109.00898, 0.54457]}, "properties": {"kab_kota": "MEMPAWAH", "kecamatan": "Sungai Kunyit", "desa": "Bukit Batu", "tanggal": "2026-08-31", "timestamp": "2026-08-31T13:44:00+07:00", "satelit": "NASA-NOAA20", "confidence": "Medium"}}, {"type": "Feature", "geometry": {"type": "Point", "coordinates": [109.0192, 0.54616]}, "properties": {"kab_kota": "MEMPAWAH", "kecamatan": "Sungai Kunyit", "desa": "Bukit Batu", "tanggal": "2026-08-31", "timestamp": "2026-08-31T13:44:00+07:00", "satelit": "NASA-NOAA20", "confidence": "Medium"}}, {"type": "Feature", "geometry": {"type": "Point", "coordinates": [108.98847, 0.47856]}, "properties": {"kab_kota": "MEMPAWAH", "kecamatan": "Sungai Kunyit", "desa": "Semparong Parit Raden", "tanggal": "2026-08-10", "timestamp": "2026-08-10T00:56:00+07:00", "satelit": "NASA-NOAA20", "confidence": "Medium"}}, {"type": "Feature", "geometry": {"type": "Point", "coordinates": [108.98376, 0.47835]}, "properties": {"kab_kota": "MEMPAWAH", "kecamatan": "Sungai Kunyit", "desa": "Semparong Parit Raden", "tanggal": "2026-08-11", "timestamp": "2026-08-11T00:34:00+07:00", "satelit": "NASA-NOAA20", "confidence": "Medium"}}, {"type": "Feature", "geometry": {"type": "Point", "coordinates": [108.96976, 0.47884]}, "properties": {"kab_kota": "MEMPAWAH", "kecamatan": "Sungai Kunyit", "desa": "Semparong Parit Raden", "tanggal": "2026-08-15", "timestamp": "2026-08-15T13:44:00+07:00", "satelit": "NASA-NOAA20", "confidence": "Medium"}}, {"type": "Feature", "geometry": {"type": "Point", "coordinates": [108.96719, 0.48258]}, "properties": {"kab_kota": "MEMPAWAH", "kecamatan": "Sungai Kunyit", "desa": "Semparong Parit Raden", "tanggal": "2026-08-15", "timestamp": "2026-08-15T13:44:00+07:00", "satelit": "NASA-NOAA20", "confidence": "Medium"}}, {"type": "Feature", "geometry": {"type": "Point", "coordinates": [108.96902, 0.48359]}, "properties": {"kab_kota": "MEMPAWAH", "kecamatan": "Sungai Kunyit", "desa": "Semparong Parit Raden", "tanggal": "2026-08-15", "timestamp": "2026-08-15T13:44:00+07:00", "satelit": "NASA-NOAA20", "confidence": "Medium"}}, {"type": "Feature", "geometry": {"type": "Point", "coordinates": [108.98629, 0.47546]}, "properties": {"kab_kota": "MEMPAWAH", "kecamatan": "Sungai Kunyit", "desa": "Semudun", "tanggal": "2026-08-10", "timestamp": "2026-08-10T13:35:00+07:00", "satelit": "NASA-NOAA20", "confidence": "Medium"}}, {"type": "Feature", "geometry": {"type": "Point", "coordinates": [108.98695, 0.46897]}, "properties": {"kab_kota": "MEMPAWAH", "kecamatan": "Sungai Kunyit", "desa": "Semudun", "tanggal": "2026-08-25", "timestamp": "2026-08-25T01:13:00+07:00", "satelit": "NASA-NOAA20", "confidence": "Medium"}}, {"type": "Feature", "geometry": {"type": "Point", "coordinates": [108.98536, 0.46836]}, "properties": {"kab_kota": "MEMPAWAH", "kecamatan": "Sungai Kunyit", "desa": "Semudun", "tanggal": "2026-08-28", "timestamp": "2026-08-28T12:59:00+07:00", "satelit": "NASA-NOAA20", "confidence": "Medium"}}, {"type": "Feature", "geometry": {"type": "Point", "coordinates": [109.05592, 0.50591]}, "properties": {"kab_kota": "MEMPAWAH", "kecamatan": "Sungai Kunyit", "desa": "Semudun", "tanggal": "2026-08-28", "timestamp": "2026-08-28T12:59:00+07:00", "satelit": "NASA-NOAA20", "confidence": "Medium"}}, {"type": "Feature", "geometry": {"type": "Point", "coordinates": [108.98534, 0.4674]}, "properties": {"kab_kota": "MEMPAWAH", "kecamatan": "Sungai Kunyit", "desa": "Semudun", "tanggal": "2026-08-30", "timestamp": "2026-08-30T01:21:00+07:00", "satelit": "NASA-NOAA20", "confidence": "Medium"}}, {"type": "Feature", "geometry": {"type": "Point", "coordinates": [108.99055, 0.477]}, "properties": {"kab_kota": "MEMPAWAH", "kecamatan": "Sungai Kunyit", "desa": "Semudun", "tanggal": "2026-08-30", "timestamp": "2026-08-30T01:21:00+07:00", "satelit": "NASA-NOAA20", "confidence": "Medium"}}, {"type": "Feature", "geometry": {"type": "Point", "coordinates": [109.05432, 0.50596]}, "properties": {"kab_kota": "MEMPAWAH", "kecamatan": "Sungai Kunyit", "desa": "Semudun", "tanggal": "2026-08-30", "timestamp": "2026-08-30T01:21:00+07:00", "satelit": "NASA-NOAA20", "confidence": "Medium"}}, {"type": "Feature", "geometry": {"type": "Point", "coordinates": [109.05849, 0.50877]}, "properties": {"kab_kota": "MEMPAWAH", "kecamatan": "Sungai Kunyit", "desa": "Semudun", "tanggal": "2026-08-30", "timestamp": "2026-08-30T01:21:00+07:00", "satelit": "NASA-NOAA20", "confidence": "Medium"}}, {"type": "Feature", "geometry": {"type": "Point", "coordinates": [108.99355, 0.47514]}, "properties": {"kab_kota": "MEMPAWAH", "kecamatan": "Sungai Kunyit", "desa": "Semudun", "tanggal": "2026-08-31", "timestamp": "2026-08-31T01:02:00+07:00", "satelit": "NASA-NOAA20", "confidence": "Medium"}}, {"type": "Feature", "geometry": {"type": "Point", "coordinates": [109.06021, 0.50336]}, "properties": {"kab_kota": "MEMPAWAH", "kecamatan": "Sungai Kunyit", "desa": "Semudun", "tanggal": "2026-08-31", "timestamp": "2026-08-31T01:02:00+07:00", "satelit": "NASA-NOAA20", "confidence": "Medium"}}, {"type": "Feature", "geometry": {"type": "Point", "coordinates": [108.99324, 0.47386]}, "properties": {"kab_kota": "MEMPAWAH", "kecamatan": "Sungai Kunyit", "desa": "Semudun", "tanggal": "2026-08-31", "timestamp": "2026-08-31T13:44:00+07:00", "satelit": "NASA-NOAA20", "confidence": "Medium"}}, {"type": "Feature", "geometry": {"type": "Point", "coordinates": [108.99834, 0.47464]}, "properties": {"kab_kota": "MEMPAWAH", "kecamatan": "Sungai Kunyit", "desa": "Semudun", "tanggal": "2026-08-31", "timestamp": "2026-08-31T13:44:00+07:00", "satelit": "NASA-NOAA20", "confidence": "Medium"}}, {"type": "Feature", "geometry": {"type": "Point", "coordinates": [109.0622, 0.50389]}, "properties": {"kab_kota": "MEMPAWAH", "kecamatan": "Sungai Kunyit", "desa": "Semudun", "tanggal": "2026-08-31", "timestamp": "2026-08-31T13:44:00+07:00", "satelit": "NASA-NOAA20", "confidence": "Medium"}}, {"type": "Feature", "geometry": {"type": "Point", "coordinates": [109.02437, 0.522]}, "properties": {"kab_kota": "MEMPAWAH", "kecamatan": "Sungai Kunyit", "desa": "Sungai Kunyit Hulu", "tanggal": "2026-08-21", "timestamp": "2026-08-21T13:29:00+07:00", "satelit": "NASA-NOAA20", "confidence": "Medium"}}, {"type": "Feature", "geometry": {"type": "Point", "coordinates": [109.10708, 0.27212]}, "properties": {"kab_kota": "MEMPAWAH", "kecamatan": "Sungai Pinyuh", "desa": "Nusapati", "tanggal": "2026-08-11", "timestamp": "2026-08-11T00:34:00+07:00", "satelit": "NASA-NOAA20", "confidence": "Medium"}}, {"type": "Feature", "geometry": {"type": "Point", "coordinates": [109.10625, 0.27117]}, "properties": {"kab_kota": "MEMPAWAH", "kecamatan": "Sungai Pinyuh", "desa": "Nusapati", "tanggal": "2026-08-19", "timestamp": "2026-08-19T01:28:00+07:00", "satelit": "NASA-NOAA20", "confidence": "Medium"}}, {"type": "Feature", "geometry": {"type": "Point", "coordinates": [109.10682, 0.27482]}, "properties": {"kab_kota": "MEMPAWAH", "kecamatan": "Sungai Pinyuh", "desa": "Nusapati", "tanggal": "2026-08-19", "timestamp": "2026-08-19T01:28:00+07:00", "satelit": "NASA-NOAA20", "confidence": "Medium"}}, {"type": "Feature", "geometry": {"type": "Point", "coordinates": [109.10953, 0.27554]}, "properties": {"kab_kota": "MEMPAWAH", "kecamatan": "Sungai Pinyuh", "desa": "Nusapati", "tanggal": "2026-08-20", "timestamp": "2026-08-20T01:09:00+07:00", "satelit": "NASA-NOAA20", "confidence": "Medium"}}, {"type": "Feature", "geometry": {"type": "Point", "coordinates": [109.10596, 0.2761]}, "properties": {"kab_kota": "MEMPAWAH", "kecamatan": "Sungai Pinyuh", "desa": "Nusapati", "tanggal": "2026-08-20", "timestamp": "2026-08-20T01:09:00+07:00", "satelit": "NASA-NOAA20", "confidence": "Medium"}}, {"type": "Feature", "geometry": {"type": "Point", "coordinates": [109.11035, 0.27471]}, "properties": {"kab_kota": "MEMPAWAH", "kecamatan": "Sungai Pinyuh", "desa": "Nusapati", "tanggal": "2026-08-28", "timestamp": "2026-08-28T12:59:00+07:00", "satelit": "NASA-NOAA20", "confidence": "Medium"}}, {"type": "Feature", "geometry": {"type": "Point", "coordinates": [109.10898, 0.27572]}, "properties": {"kab_kota": "MEMPAWAH", "kecamatan": "Sungai Pinyuh", "desa": "Nusapati", "tanggal": "2026-08-28", "timestamp": "2026-08-28T12:59:00+07:00", "satelit": "NASA-NOAA20", "confidence": "Medium"}}, {"type": "Feature", "geometry": {"type": "Point", "coordinates": [109.11451, 0.27413]}, "properties": {"kab_kota": "MEMPAWAH", "kecamatan": "Sungai Pinyuh", "desa": "Nusapati", "tanggal": "2026-08-31", "timestamp": "2026-08-31T01:02:00+07:00", "satelit": "NASA-NOAA20", "confidence": "Medium"}}, {"type": "Feature", "geometry": {"type": "Point", "coordinates": [109.11046, 0.27476]}, "properties": {"kab_kota": "MEMPAWAH", "kecamatan": "Sungai Pinyuh", "desa": "Nusapati", "tanggal": "2026-08-31", "timestamp": "2026-08-31T01:02:00+07:00", "satelit": "NASA-NOAA20", "confidence": "Medium"}}, {"type": "Feature", "geometry": {"type": "Point", "coordinates": [109.11102, 0.27833]}, "properties": {"kab_kota": "MEMPAWAH", "kecamatan": "Sungai Pinyuh", "desa": "Nusapati", "tanggal": "2026-08-31", "timestamp": "2026-08-31T01:02:00+07:00", "satelit": "NASA-NOAA20", "confidence": "Medium"}}, {"type": "Feature", "geometry": {"type": "Point", "coordinates": [109.08876, 0.31635]}, "properties": {"kab_kota": "MEMPAWAH", "kecamatan": "Sungai Pinyuh", "desa": "Sungai Rasau", "tanggal": "2026-08-27", "timestamp": "2026-08-27T13:18:00+07:00", "satelit": "NASA-NOAA20", "confidence": "Medium"}}, {"type": "Feature", "geometry": {"type": "Point", "coordinates": [109.09007, 0.32069]}, "properties": {"kab_kota": "MEMPAWAH", "kecamatan": "Sungai Pinyuh", "desa": "Sungai Rasau", "tanggal": "2026-08-28", "timestamp": "2026-08-28T12:59:00+07:00", "satelit": "NASA-NOAA20", "confidence": "Medium"}}, {"type": "Feature", "geometry": {"type": "Point", "coordinates": [109.08899, 0.31458]}, "properties": {"kab_kota": "MEMPAWAH", "kecamatan": "Sungai Pinyuh", "desa": "Sungai Rasau", "tanggal": "2026-08-29", "timestamp": "2026-08-29T12:40:00+07:00", "satelit": "NASA-NOAA20", "confidence": "Medium"}}, {"type": "Feature", "geometry": {"type": "Point", "coordinates": [109.09194, 0.31505]}, "properties": {"kab_kota": "MEMPAWAH", "kecamatan": "Sungai Pinyuh", "desa": "Sungai Rasau", "tanggal": "2026-08-29", "timestamp": "2026-08-29T12:40:00+07:00", "satelit": "NASA-NOAA20", "confidence": "Medium"}}, {"type": "Feature", "geometry": {"type": "Point", "coordinates": [109.09267, 0.30796]}, "properties": {"kab_kota": "MEMPAWAH", "kecamatan": "Sungai Pinyuh", "desa": "Sungai Rasau", "tanggal": "2026-08-30", "timestamp": "2026-08-30T14:01:00+07:00", "satelit": "NASA-NOAA20", "confidence": "Medium"}}, {"type": "Feature", "geometry": {"type": "Point", "coordinates": [109.09064, 0.30714]}, "properties": {"kab_kota": "MEMPAWAH", "kecamatan": "Sungai Pinyuh", "desa": "Sungai Rasau", "tanggal": "2026-08-31", "timestamp": "2026-08-31T01:02:00+07:00", "satelit": "NASA-NOAA20", "confidence": "Medium"}}, {"type": "Feature", "geometry": {"type": "Point", "coordinates": [109.0929, 0.30777]}, "properties": {"kab_kota": "MEMPAWAH", "kecamatan": "Sungai Pinyuh", "desa": "Sungai Rasau", "tanggal": "2026-08-31", "timestamp": "2026-08-31T13:44:00+07:00", "satelit": "NASA-NOAA20", "confidence": "Medium"}}, {"type": "Feature", "geometry": {"type": "Point", "coordinates": [109.06644, 0.32872]}, "properties": {"kab_kota": "MEMPAWAH", "kecamatan": "Sungai Pinyuh", "desa": "Sungai Rasau Besar Darat", "tanggal": "2026-08-18", "timestamp": "2026-08-18T01:45:00+07:00", "satelit": "NASA-NOAA20", "confidence": "Medium"}}, {"type": "Feature", "geometry": {"type": "Point", "coordinates": [109.06567, 0.33024]}, "properties": {"kab_kota": "MEMPAWAH", "kecamatan": "Sungai Pinyuh", "desa": "Sungai Rasau Besar Darat", "tanggal": "2026-08-19", "timestamp": "2026-08-19T01:28:00+07:00", "satelit": "NASA-NOAA20", "confidence": "Medium"}}, {"type": "Feature", "geometry": {"type": "Point", "coordinates": [109.05885, 0.32667]}, "properties": {"kab_kota": "MEMPAWAH", "kecamatan": "Sungai Pinyuh", "desa": "Sungai Rasau Besar Darat", "tanggal": "2026-08-20", "timestamp": "2026-08-20T01:09:00+07:00", "satelit": "NASA-NOAA20", "confidence": "Medium"}}, {"type": "Feature", "geometry": {"type": "Point", "coordinates": [109.06268, 0.32699]}, "properties": {"kab_kota": "MEMPAWAH", "kecamatan": "Sungai Pinyuh", "desa": "Sungai Rasau Besar Darat", "tanggal": "2026-08-21", "timestamp": "2026-08-21T00:49:00+07:00", "satelit": "NASA-NOAA20", "confidence": "Medium"}}, {"type": "Feature", "geometry": {"type": "Point", "coordinates": [109.06192, 0.32823]}, "properties": {"kab_kota": "MEMPAWAH", "kecamatan": "Sungai Pinyuh", "desa": "Sungai Rasau Besar Darat", "tanggal": "2026-08-21", "timestamp": "2026-08-21T00:49:00+07:00", "satelit": "NASA-NOAA20", "confidence": "Medium"}}, {"type": "Feature", "geometry": {"type": "Point", "coordinates": [109.0585, 0.33883]}, "properties": {"kab_kota": "MEMPAWAH", "kecamatan": "Sungai Pinyuh", "desa": "Sungai Rasau Besar Darat", "tanggal": "2026-08-25", "timestamp": "2026-08-25T01:13:00+07:00", "satelit": "NASA-NOAA20", "confidence": "Medium"}}, {"type": "Feature", "geometry": {"type": "Point", "coordinates": [109.06123, 0.34042]}, "properties": {"kab_kota": "MEMPAWAH", "kecamatan": "Sungai Pinyuh", "desa": "Sungai Rasau Besar Darat", "tanggal": "2026-08-25", "timestamp": "2026-08-25T13:57:00+07:00", "satelit": "NASA-NOAA20", "confidence": "Medium"}}, {"type": "Feature", "geometry": {"type": "Point", "coordinates": [109.07417, 0.3415]}, "properties": {"kab_kota": "MEMPAWAH", "kecamatan": "Sungai Pinyuh", "desa": "Sungai Rasau Besar Darat", "tanggal": "2026-08-27", "timestamp": "2026-08-27T13:18:00+07:00", "satelit": "NASA-NOAA20", "confidence": "Medium"}}, {"type": "Feature", "geometry": {"type": "Point", "coordinates": [109.07417, 0.33716]}, "properties": {"kab_kota": "MEMPAWAH", "kecamatan": "Sungai Pinyuh", "desa": "Sungai Rasau Besar Darat", "tanggal": "2026-08-28", "timestamp": "2026-08-28T12:59:00+07:00", "satelit": "NASA-NOAA20", "confidence": "Medium"}}, {"type": "Feature", "geometry": {"type": "Point", "coordinates": [109.0736, 0.34086]}, "properties": {"kab_kota": "MEMPAWAH", "kecamatan": "Sungai Pinyuh", "desa": "Sungai Rasau Besar Darat", "tanggal": "2026-08-28", "timestamp": "2026-08-28T12:59:00+07:00", "satelit": "NASA-NOAA20", "confidence": "Medium"}}, {"type": "Feature", "geometry": {"type": "Point", "coordinates": [109.07249, 0.34825]}, "properties": {"kab_kota": "MEMPAWAH", "kecamatan": "Sungai Pinyuh", "desa": "Sungai Rasau Besar Darat", "tanggal": "2026-08-28", "timestamp": "2026-08-28T12:59:00+07:00", "satelit": "NASA-NOAA20", "confidence": "Medium"}}, {"type": "Feature", "geometry": {"type": "Point", "coordinates": [109.07193, 0.35195]}, "properties": {"kab_kota": "MEMPAWAH", "kecamatan": "Sungai Pinyuh", "desa": "Sungai Rasau Besar Darat", "tanggal": "2026-08-28", "timestamp": "2026-08-28T12:59:00+07:00", "satelit": "NASA-NOAA20", "confidence": "Medium"}}, {"type": "Feature", "geometry": {"type": "Point", "coordinates": [109.07111, 0.33253]}, "properties": {"kab_kota": "MEMPAWAH", "kecamatan": "Sungai Pinyuh", "desa": "Sungai Rasau Besar Darat", "tanggal": "2026-08-29", "timestamp": "2026-08-29T12:40:00+07:00", "satelit": "NASA-NOAA20", "confidence": "Medium"}}, {"type": "Feature", "geometry": {"type": "Point", "coordinates": [109.07407, 0.33299]}, "properties": {"kab_kota": "MEMPAWAH", "kecamatan": "Sungai Pinyuh", "desa": "Sungai Rasau Besar Darat", "tanggal": "2026-08-29", "timestamp": "2026-08-29T12:40:00+07:00", "satelit": "NASA-NOAA20", "confidence": "Medium"}}, {"type": "Feature", "geometry": {"type": "Point", "coordinates": [109.07034, 0.3376]}, "properties": {"kab_kota": "MEMPAWAH", "kecamatan": "Sungai Pinyuh", "desa": "Sungai Rasau Besar Darat", "tanggal": "2026-08-29", "timestamp": "2026-08-29T12:40:00+07:00", "satelit": "NASA-NOAA20", "confidence": "Medium"}}, {"type": "Feature", "geometry": {"type": "Point", "coordinates": [109.07333, 0.33807]}, "properties": {"kab_kota": "MEMPAWAH", "kecamatan": "Sungai Pinyuh", "desa": "Sungai Rasau Besar Darat", "tanggal": "2026-08-29", "timestamp": "2026-08-29T12:40:00+07:00", "satelit": "NASA-NOAA20", "confidence": "Medium"}}, {"type": "Feature", "geometry": {"type": "Point", "coordinates": [109.08144, 0.34452]}, "properties": {"kab_kota": "MEMPAWAH", "kecamatan": "Sungai Pinyuh", "desa": "Sungai Rasau Besar Darat", "tanggal": "2026-08-29", "timestamp": "2026-08-29T12:40:00+07:00", "satelit": "NASA-NOAA20", "confidence": "Medium"}}, {"type": "Feature", "geometry": {"type": "Point", "coordinates": [109.08439, 0.34498]}, "properties": {"kab_kota": "MEMPAWAH", "kecamatan": "Sungai Pinyuh", "desa": "Sungai Rasau Besar Darat", "tanggal": "2026-08-29", "timestamp": "2026-08-29T12:40:00+07:00", "satelit": "NASA-NOAA20", "confidence": "Medium"}}, {"type": "Feature", "geometry": {"type": "Point", "coordinates": [109.06385, 0.32534]}, "properties": {"kab_kota": "MEMPAWAH", "kecamatan": "Sungai Pinyuh", "desa": "Sungai Rasau Besar Darat", "tanggal": "2026-08-30", "timestamp": "2026-08-30T01:21:00+07:00", "satelit": "NASA-NOAA20", "confidence": "Medium"}}, {"type": "Feature", "geometry": {"type": "Point", "coordinates": [109.0602, 0.32592]}, "properties": {"kab_kota": "MEMPAWAH", "kecamatan": "Sungai Pinyuh", "desa": "Sungai Rasau Besar Darat", "tanggal": "2026-08-30", "timestamp": "2026-08-30T01:21:00+07:00", "satelit": "NASA-NOAA20", "confidence": "Medium"}}, {"type": "Feature", "geometry": {"type": "Point", "coordinates": [109.07273, 0.33439]}, "properties": {"kab_kota": "MEMPAWAH", "kecamatan": "Sungai Pinyuh", "desa": "Sungai Rasau Besar Darat", "tanggal": "2026-08-30", "timestamp": "2026-08-30T01:21:00+07:00", "satelit": "NASA-NOAA20", "confidence": "Medium"}}, {"type": "Feature", "geometry": {"type": "Point", "coordinates": [109.06908, 0.33497]}, "properties": {"kab_kota": "MEMPAWAH", "kecamatan": "Sungai Pinyuh", "desa": "Sungai Rasau Besar Darat", "tanggal": "2026-08-30", "timestamp": "2026-08-30T01:21:00+07:00", "satelit": "NASA-NOAA20", "confidence": "Medium"}}, {"type": "Feature", "geometry": {"type": "Point", "coordinates": [109.07327, 0.3378]}, "properties": {"kab_kota": "MEMPAWAH", "kecamatan": "Sungai Pinyuh", "desa": "Sungai Rasau Besar Darat", "tanggal": "2026-08-30", "timestamp": "2026-08-30T01:21:00+07:00", "satelit": "NASA-NOAA20", "confidence": "Medium"}}, {"type": "Feature", "geometry": {"type": "Point", "coordinates": [109.06962, 0.33837]}, "properties": {"kab_kota": "MEMPAWAH", "kecamatan": "Sungai Pinyuh", "desa": "Sungai Rasau Besar Darat", "tanggal": "2026-08-30", "timestamp": "2026-08-30T01:21:00+07:00", "satelit": "NASA-NOAA20", "confidence": "Medium"}}, {"type": "Feature", "geometry": {"type": "Point", "coordinates": [109.07014, 0.34178]}, "properties": {"kab_kota": "MEMPAWAH", "kecamatan": "Sungai Pinyuh", "desa": "Sungai Rasau Besar Darat", "tanggal": "2026-08-30", "timestamp": "2026-08-30T01:21:00+07:00", "satelit": "NASA-NOAA20", "confidence": "Medium"}}, {"type": "Feature", "geometry": {"type": "Point", "coordinates": [109.06808, 0.33035]}, "properties": {"kab_kota": "MEMPAWAH", "kecamatan": "Sungai Pinyuh", "desa": "Sungai Rasau Besar Darat", "tanggal": "2026-08-30", "timestamp": "2026-08-30T14:01:00+07:00", "satelit": "NASA-NOAA20", "confidence": "Medium"}}, {"type": "Feature", "geometry": {"type": "Point", "coordinates": [109.06681, 0.33063]}, "properties": {"kab_kota": "MEMPAWAH", "kecamatan": "Sungai Pinyuh", "desa": "Sungai Rasau Besar Darat", "tanggal": "2026-08-30", "timestamp": "2026-08-30T14:01:00+07:00", "satelit": "NASA-NOAA20", "confidence": "Medium"}}, {"type": "Feature", "geometry": {"type": "Point", "coordinates": [109.06555, 0.33309]}, "properties": {"kab_kota": "MEMPAWAH", "kecamatan": "Sungai Pinyuh", "desa": "Sungai Rasau Besar Darat", "tanggal": "2026-08-31", "timestamp": "2026-08-31T01:02:00+07:00", "satelit": "NASA-NOAA20", "confidence": "Medium"}}, {"type": "Feature", "geometry": {"type": "Point", "coordinates": [109.0841, 0.34481]}, "properties": {"kab_kota": "MEMPAWAH", "kecamatan": "Sungai Pinyuh", "desa": "Sungai Rasau Besar Darat", "tanggal": "2026-08-31", "timestamp": "2026-08-31T01:02:00+07:00", "satelit": "NASA-NOAA20", "confidence": "Medium"}}, {"type": "Feature", "geometry": {"type": "Point", "coordinates": [109.06806, 0.33326]}, "properties": {"kab_kota": "MEMPAWAH", "kecamatan": "Sungai Pinyuh", "desa": "Sungai Rasau Besar Darat", "tanggal": "2026-08-31", "timestamp": "2026-08-31T13:44:00+07:00", "satelit": "NASA-NOAA20", "confidence": "Medium"}}, {"type": "Feature", "geometry": {"type": "Point", "coordinates": [109.08269, 0.34044]}, "properties": {"kab_kota": "MEMPAWAH", "kecamatan": "Sungai Pinyuh", "desa": "Sungai Rasau Besar Darat", "tanggal": "2026-08-31", "timestamp": "2026-08-31T13:44:00+07:00", "satelit": "NASA-NOAA20", "confidence": "Medium"}}, {"type": "Feature", "geometry": {"type": "Point", "coordinates": [109.08715, 0.34603]}, "properties": {"kab_kota": "MEMPAWAH", "kecamatan": "Sungai Pinyuh", "desa": "Sungai Rasau Besar Darat", "tanggal": "2026-08-31", "timestamp": "2026-08-31T13:44:00+07:00", "satelit": "NASA-NOAA20", "confidence": "Medium"}}, {"type": "Feature", "geometry": {"type": "Point", "coordinates": [109.28027, 0.35608]}, "properties": {"kab_kota": "MEMPAWAH", "kecamatan": "Toho", "desa": "Sambora", "tanggal": "2026-08-10", "timestamp": "2026-08-10T00:56:00+07:00", "satelit": "NASA-NOAA20", "confidence": "Medium"}}, {"type": "Feature", "geometry": {"type": "Point", "coordinates": [109.27294, 0.36447]}, "properties": {"kab_kota": "MEMPAWAH", "kecamatan": "Toho", "desa": "Sambora", "tanggal": "2026-08-25", "timestamp": "2026-08-25T13:57:00+07:00", "satelit": "NASA-NOAA20", "confidence": "Medium"}}, {"type": "Feature", "geometry": {"type": "Point", "coordinates": [109.27016, 0.36648]}, "properties": {"kab_kota": "MEMPAWAH", "kecamatan": "Toho", "desa": "Sambora", "tanggal": "2026-08-25", "timestamp": "2026-08-25T13:57:00+07:00", "satelit": "NASA-NOAA20", "confidence": "Medium"}}, {"type": "Feature", "geometry": {"type": "Point", "coordinates": [109.15478, 0.46273]}, "properties": {"kab_kota": "MEMPAWAH", "kecamatan": "Toho", "desa": "Toho Hilir", "tanggal": "2026-08-16", "timestamp": "2026-08-16T13:25:00+07:00", "satelit": "NASA-NOAA20", "confidence": "Medium"}}, {"type": "Feature", "geometry": {"type": "Point", "coordinates": [109.08031, 0.46976]}, "properties": {"kab_kota": "MEMPAWAH", "kecamatan": "Mempawah Hilir", "desa": "Malikian", "tanggal": "2026-08-18", "timestamp": "2026-08-18T12:27:00+07:00", "satelit": "NASA-SNPP", "confidence": "High"}}, {"type": "Feature", "geometry": {"type": "Point", "coordinates": [109.08213, 0.47028]}, "properties": {"kab_kota": "MEMPAWAH", "kecamatan": "Mempawah Hilir", "desa": "Malikian", "tanggal": "2026-08-18", "timestamp": "2026-08-18T12:27:00+07:00", "satelit": "NASA-SNPP", "confidence": "High"}}, {"type": "Feature", "geometry": {"type": "Point", "coordinates": [109.08354, 0.46843]}, "properties": {"kab_kota": "MEMPAWAH", "kecamatan": "Mempawah Hilir", "desa": "Malikian", "tanggal": "2026-08-18", "timestamp": "2026-08-18T14:07:00+07:00", "satelit": "NASA-SNPP", "confidence": "High"}}, {"type": "Feature", "geometry": {"type": "Point", "coordinates": [108.99479, 0.46733]}, "properties": {"kab_kota": "MEMPAWAH", "kecamatan": "Mempawah Hilir", "desa": "Malikian", "tanggal": "2026-08-28", "timestamp": "2026-08-28T12:40:00+07:00", "satelit": "NASA-SNPP", "confidence": "High"}}, {"type": "Feature", "geometry": {"type": "Point", "coordinates": [109.02396, 0.41717]}, "properties": {"kab_kota": "MEMPAWAH", "kecamatan": "Mempawah Hilir", "desa": "Pasir", "tanggal": "2026-08-30", "timestamp": "2026-08-30T01:02:00+07:00", "satelit": "NASA-SNPP", "confidence": "High"}}, {"type": "Feature", "geometry": {"type": "Point", "coordinates": [109.02731, 0.41614]}, "properties": {"kab_kota": "MEMPAWAH", "kecamatan": "Mempawah Hilir", "desa": "Pasir", "tanggal": "2026-08-30", "timestamp": "2026-08-30T13:44:00+07:00", "satelit": "NASA-SNPP", "confidence": "High"}}, {"type": "Feature", "geometry": {"type": "Point", "coordinates": [108.99747, 0.42595]}, "properties": {"kab_kota": "MEMPAWAH", "kecamatan": "Mempawah Hilir", "desa": "Penibung", "tanggal": "2026-08-07", "timestamp": "2026-08-07T14:14:00+07:00", "satelit": "NASA-SNPP", "confidence": "High"}}, {"type": "Feature", "geometry": {"type": "Point", "coordinates": [108.99979, 0.42962]}, "properties": {"kab_kota": "MEMPAWAH", "kecamatan": "Mempawah Hilir", "desa": "Sengkubang", "tanggal": "2026-08-07", "timestamp": "2026-08-07T12:33:00+07:00", "satelit": "NASA-SNPP", "confidence": "High"}}, {"type": "Feature", "geometry": {"type": "Point", "coordinates": [108.99637, 0.43311]}, "properties": {"kab_kota": "MEMPAWAH", "kecamatan": "Mempawah Hilir", "desa": "Sengkubang", "tanggal": "2026-08-07", "timestamp": "2026-08-07T14:14:00+07:00", "satelit": "NASA-SNPP", "confidence": "High"}}, {"type": "Feature", "geometry": {"type": "Point", "coordinates": [109.04906, 0.45241]}, "properties": {"kab_kota": "MEMPAWAH", "kecamatan": "Mempawah Hilir", "desa": "Sengkubang", "tanggal": "2026-08-28", "timestamp": "2026-08-28T12:40:00+07:00", "satelit": "NASA-SNPP", "confidence": "High"}}, {"type": "Feature", "geometry": {"type": "Point", "coordinates": [109.07551, 0.46242]}, "properties": {"kab_kota": "MEMPAWAH", "kecamatan": "Mempawah Hilir", "desa": "Sengkubang", "tanggal": "2026-08-28", "timestamp": "2026-08-28T12:40:00+07:00", "satelit": "NASA-SNPP", "confidence": "High"}}, {"type": "Feature", "geometry": {"type": "Point", "coordinates": [109.25832, 0.15334]}, "properties": {"kab_kota": "MEMPAWAH", "kecamatan": "Segedong", "desa": "Peniti Dalam I", "tanggal": "2026-08-08", "timestamp": "2026-08-08T13:57:00+07:00", "satelit": "NASA-SNPP", "confidence": "High"}}, {"type": "Feature", "geometry": {"type": "Point", "coordinates": [109.37573, 0.184]}, "properties": {"kab_kota": "MEMPAWAH", "kecamatan": "Segedong", "desa": "Peniti Dalam I", "tanggal": "2026-08-28", "timestamp": "2026-08-28T12:40:00+07:00", "satelit": "NASA-SNPP", "confidence": "High"}}, {"type": "Feature", "geometry": {"type": "Point", "coordinates": [109.26165, 0.15387]}, "properties": {"kab_kota": "MEMPAWAH", "kecamatan": "Segedong", "desa": "Peniti Dalam Ii", "tanggal": "2026-08-08", "timestamp": "2026-08-08T13:57:00+07:00", "satelit": "NASA-SNPP", "confidence": "High"}}, {"type": "Feature", "geometry": {"type": "Point", "coordinates": [109.25846, 0.15559]}, "properties": {"kab_kota": "MEMPAWAH", "kecamatan": "Segedong", "desa": "Peniti Dalam Ii", "tanggal": "2026-08-08", "timestamp": "2026-08-08T13:57:00+07:00", "satelit": "NASA-SNPP", "confidence": "High"}}, {"type": "Feature", "geometry": {"type": "Point", "coordinates": [109.2618, 0.1561]}, "properties": {"kab_kota": "MEMPAWAH", "kecamatan": "Segedong", "desa": "Peniti Dalam Ii", "tanggal": "2026-08-08", "timestamp": "2026-08-08T13:57:00+07:00", "satelit": "NASA-SNPP", "confidence": "High"}}, {"type": "Feature", "geometry": {"type": "Point", "coordinates": [109.25047, 0.17019]}, "properties": {"kab_kota": "MEMPAWAH", "kecamatan": "Segedong", "desa": "Peniti Dalam Ii", "tanggal": "2026-08-28", "timestamp": "2026-08-28T12:40:00+07:00", "satelit": "NASA-SNPP", "confidence": "High"}}, {"type": "Feature", "geometry": {"type": "Point", "coordinates": [109.2722, 0.10582]}, "properties": {"kab_kota": "MEMPAWAH", "kecamatan": "Siantan", "desa": "Wajok Hilir", "tanggal": "2026-08-08", "timestamp": "2026-08-08T13:57:00+07:00", "satelit": "NASA-SNPP", "confidence": "High"}}, {"type": "Feature", "geometry": {"type": "Point", "coordinates": [109.27139, 0.11122]}, "properties": {"kab_kota": "MEMPAWAH", "kecamatan": "Siantan", "desa": "Wajok Hilir", "tanggal": "2026-08-08", "timestamp": "2026-08-08T13:57:00+07:00", "satelit": "NASA-SNPP", "confidence": "High"}}, {"type": "Feature", "geometry": {"type": "Point", "coordinates": [109.34852, 0.04965]}, "properties": {"kab_kota": "MEMPAWAH", "kecamatan": "Siantan", "desa": "Wajok Hulu", "tanggal": "2026-08-28", "timestamp": "2026-08-28T12:40:00+07:00", "satelit": "NASA-SNPP", "confidence": "High"}}, {"type": "Feature", "geometry": {"type": "Point", "coordinates": [109.00455, 0.53401]}, "properties": {"kab_kota": "MEMPAWAH", "kecamatan": "Sungai Kunyit", "desa": "Bukit Batu", "tanggal": "2026-08-09", "timestamp": "2026-08-09T13:35:00+07:00", "satelit": "NASA-SNPP", "confidence": "High"}}, {"type": "Feature", "geometry": {"type": "Point", "coordinates": [109.008, 0.512]}, "properties": {"kab_kota": "MEMPAWAH", "kecamatan": "Sungai Kunyit", "desa": "Sungai Kunyit Hulu", "tanggal": "2026-08-28", "timestamp": "2026-08-28T12:40:00+07:00", "satelit": "NASA-SNPP", "confidence": "High"}}, {"type": "Feature", "geometry": {"type": "Point", "coordinates": [109.08597, 0.31683]}, "properties": {"kab_kota": "MEMPAWAH", "kecamatan": "Sungai Pinyuh", "desa": "Sungai Rasau", "tanggal": "2026-08-28", "timestamp": "2026-08-28T12:40:00+07:00", "satelit": "NASA-SNPP", "confidence": "High"}}, {"type": "Feature", "geometry": {"type": "Point", "coordinates": [109.02934, 0.41869]}, "properties": {"kab_kota": "MEMPAWAH", "kecamatan": "Mempawah Hilir", "desa": "Pasir", "tanggal": "2026-08-29", "timestamp": "2026-08-29T14:01:00+07:00", "satelit": "NASA-SNPP", "confidence": "Low"}}, {"type": "Feature", "geometry": {"type": "Point", "coordinates": [109.02846, 0.42459]}, "properties": {"kab_kota": "MEMPAWAH", "kecamatan": "Mempawah Hilir", "desa": "Pasir", "tanggal": "2026-08-29", "timestamp": "2026-08-29T14:01:00+07:00", "satelit": "NASA-SNPP", "confidence": "Low"}}, {"type": "Feature", "geometry": {"type": "Point", "coordinates": [109.02499, 0.41318]}, "properties": {"kab_kota": "MEMPAWAH", "kecamatan": "Mempawah Hilir", "desa": "Pasir", "tanggal": "2026-08-31", "timestamp": "2026-08-31T13:22:00+07:00", "satelit": "NASA-SNPP", "confidence": "Low"}}, {"type": "Feature", "geometry": {"type": "Point", "coordinates": [109.028, 0.41707]}, "properties": {"kab_kota": "MEMPAWAH", "kecamatan": "Mempawah Hilir", "desa": "Pasir", "tanggal": "2026-08-31", "timestamp": "2026-08-31T13:22:00+07:00", "satelit": "NASA-SNPP", "confidence": "Low"}}, {"type": "Feature", "geometry": {"type": "Point", "coordinates": [109.04604, 0.45152]}, "properties": {"kab_kota": "MEMPAWAH", "kecamatan": "Mempawah Hilir", "desa": "Sengkubang", "tanggal": "2026-08-29", "timestamp": "2026-08-29T14:01:00+07:00", "satelit": "NASA-SNPP", "confidence": "Low"}}, {"type": "Feature", "geometry": {"type": "Point", "coordinates": [109.04936, 0.4581]}, "properties": {"kab_kota": "MEMPAWAH", "kecamatan": "Mempawah Hilir", "desa": "Sengkubang", "tanggal": "2026-08-29", "timestamp": "2026-08-29T14:01:00+07:00", "satelit": "NASA-SNPP", "confidence": "Low"}}, {"type": "Feature", "geometry": {"type": "Point", "coordinates": [109.05969, 0.44594]}, "properties": {"kab_kota": "MEMPAWAH", "kecamatan": "Mempawah Hilir", "desa": "Sengkubang", "tanggal": "2026-08-31", "timestamp": "2026-08-31T13:22:00+07:00", "satelit": "NASA-SNPP", "confidence": "Low"}}, {"type": "Feature", "geometry": {"type": "Point", "coordinates": [109.05164, 0.45158]}, "properties": {"kab_kota": "MEMPAWAH", "kecamatan": "Mempawah Hilir", "desa": "Sengkubang", "tanggal": "2026-08-31", "timestamp": "2026-08-31T13:22:00+07:00", "satelit": "NASA-SNPP", "confidence": "Low"}}, {"type": "Feature", "geometry": {"type": "Point", "coordinates": [109.04358, 0.45721]}, "properties": {"kab_kota": "MEMPAWAH", "kecamatan": "Mempawah Hilir", "desa": "Sengkubang", "tanggal": "2026-08-31", "timestamp": "2026-08-31T13:22:00+07:00", "satelit": "NASA-SNPP", "confidence": "Low"}}, {"type": "Feature", "geometry": {"type": "Point", "coordinates": [109.1796, 0.51372]}, "properties": {"kab_kota": "MEMPAWAH", "kecamatan": "Sadaniang", "desa": "Sekabuk", "tanggal": "2026-08-31", "timestamp": "2026-08-31T13:22:00+07:00", "satelit": "NASA-SNPP", "confidence": "Low"}}, {"type": "Feature", "geometry": {"type": "Point", "coordinates": [109.27653, 0.11318]}, "properties": {"kab_kota": "MEMPAWAH", "kecamatan": "Siantan", "desa": "Wajok Hilir", "tanggal": "2026-08-10", "timestamp": "2026-08-10T13:18:00+07:00", "satelit": "NASA-SNPP", "confidence": "Low"}}, {"type": "Feature", "geometry": {"type": "Point", "coordinates": [109.37595, 0.07959]}, "properties": {"kab_kota": "MEMPAWAH", "kecamatan": "Siantan", "desa": "Wajok Hulu", "tanggal": "2026-08-05", "timestamp": "2026-08-05T13:10:00+07:00", "satelit": "NASA-SNPP", "confidence": "Low"}}, {"type": "Feature", "geometry": {"type": "Point", "coordinates": [109.00574, 0.53015]}, "properties": {"kab_kota": "MEMPAWAH", "kecamatan": "Sungai Kunyit", "desa": "Bukit Batu", "tanggal": "2026-08-08", "timestamp": "2026-08-08T13:57:00+07:00", "satelit": "NASA-SNPP", "confidence": "Low"}}, {"type": "Feature", "geometry": {"type": "Point", "coordinates": [109.00496, 0.53549]}, "properties": {"kab_kota": "MEMPAWAH", "kecamatan": "Sungai Kunyit", "desa": "Bukit Batu", "tanggal": "2026-08-08", "timestamp": "2026-08-08T13:57:00+07:00", "satelit": "NASA-SNPP", "confidence": "Low"}}, {"type": "Feature", "geometry": {"type": "Point", "coordinates": [109.0024, 0.51429]}, "properties": {"kab_kota": "MEMPAWAH", "kecamatan": "Sungai Kunyit", "desa": "Bukit Batu", "tanggal": "2026-08-31", "timestamp": "2026-08-31T13:22:00+07:00", "satelit": "NASA-SNPP", "confidence": "Low"}}, {"type": "Feature", "geometry": {"type": "Point", "coordinates": [108.97999, 0.47099]}, "properties": {"kab_kota": "MEMPAWAH", "kecamatan": "Sungai Kunyit", "desa": "Semparong Parit Raden", "tanggal": "2026-08-09", "timestamp": "2026-08-09T13:35:00+07:00", "satelit": "NASA-SNPP", "confidence": "Low"}}, {"type": "Feature", "geometry": {"type": "Point", "coordinates": [108.98412, 0.47557]}, "properties": {"kab_kota": "MEMPAWAH", "kecamatan": "Sungai Kunyit", "desa": "Semparong Parit Raden", "tanggal": "2026-08-09", "timestamp": "2026-08-09T13:35:00+07:00", "satelit": "NASA-SNPP", "confidence": "Low"}}, {"type": "Feature", "geometry": {"type": "Point", "coordinates": [109.11205, 0.27538]}, "properties": {"kab_kota": "MEMPAWAH", "kecamatan": "Sungai Pinyuh", "desa": "Nusapati", "tanggal": "2026-08-31", "timestamp": "2026-08-31T13:22:00+07:00", "satelit": "NASA-SNPP", "confidence": "Low"}}, {"type": "Feature", "geometry": {"type": "Point", "coordinates": [109.08269, 0.34448]}, "properties": {"kab_kota": "MEMPAWAH", "kecamatan": "Sungai Pinyuh", "desa": "Sungai Rasau Besar Darat", "tanggal": "2026-08-31", "timestamp": "2026-08-31T13:22:00+07:00", "satelit": "NASA-SNPP", "confidence": "Low"}}, {"type": "Feature", "geometry": {"type": "Point", "coordinates": [109.08308, 0.46335]}, "properties": {"kab_kota": "MEMPAWAH", "kecamatan": "Mempawah Hilir", "desa": "Malikian", "tanggal": "2026-08-18", "timestamp": "2026-08-18T12:27:00+07:00", "satelit": "NASA-SNPP", "confidence": "Medium"}}, {"type": "Feature", "geometry": {"type": "Point", "coordinates": [109.07578, 0.46928]}, "properties": {"kab_kota": "MEMPAWAH", "kecamatan": "Mempawah Hilir", "desa": "Malikian", "tanggal": "2026-08-18", "timestamp": "2026-08-18T12:27:00+07:00", "satelit": "NASA-SNPP", "confidence": "Medium"}}, {"type": "Feature", "geometry": {"type": "Point", "coordinates": [109.08228, 0.4627]}, "properties": {"kab_kota": "MEMPAWAH", "kecamatan": "Mempawah Hilir", "desa": "Malikian", "tanggal": "2026-08-18", "timestamp": "2026-08-18T14:07:00+07:00", "satelit": "NASA-SNPP", "confidence": "Medium"}}, {"type": "Feature", "geometry": {"type": "Point", "coordinates": [109.08781, 0.46358]}, "properties": {"kab_kota": "MEMPAWAH", "kecamatan": "Mempawah Hilir", "desa": "Malikian", "tanggal": "2026-08-18", "timestamp": "2026-08-18T14:07:00+07:00", "satelit": "NASA-SNPP", "confidence": "Medium"}}, {"type": "Feature", "geometry": {"type": "Point", "coordinates": [109.07798, 0.46759]}, "properties": {"kab_kota": "MEMPAWAH", "kecamatan": "Mempawah Hilir", "desa": "Malikian", "tanggal": "2026-08-18", "timestamp": "2026-08-18T14:07:00+07:00", "satelit": "NASA-SNPP", "confidence": "Medium"}}, {"type": "Feature", "geometry": {"type": "Point", "coordinates": [109.08122, 0.46924]}, "properties": {"kab_kota": "MEMPAWAH", "kecamatan": "Mempawah Hilir", "desa": "Malikian", "tanggal": "2026-08-18", "timestamp": "2026-08-18T14:07:00+07:00", "satelit": "NASA-SNPP", "confidence": "Medium"}}, {"type": "Feature", "geometry": {"type": "Point", "coordinates": [109.08677, 0.47012]}, "properties": {"kab_kota": "MEMPAWAH", "kecamatan": "Mempawah Hilir", "desa": "Malikian", "tanggal": "2026-08-18", "timestamp": "2026-08-18T14:07:00+07:00", "satelit": "NASA-SNPP", "confidence": "Medium"}}, {"type": "Feature", "geometry": {"type": "Point", "coordinates": [109.07877, 0.4668]}, "properties": {"kab_kota": "MEMPAWAH", "kecamatan": "Mempawah Hilir", "desa": "Malikian", "tanggal": "2026-08-19", "timestamp": "2026-08-19T01:09:00+07:00", "satelit": "NASA-SNPP", "confidence": "Medium"}}, {"type": "Feature", "geometry": {"type": "Point", "coordinates": [109.08346, 0.46976]}, "properties": {"kab_kota": "MEMPAWAH", "kecamatan": "Mempawah Hilir", "desa": "Malikian", "tanggal": "2026-08-19", "timestamp": "2026-08-19T01:09:00+07:00", "satelit": "NASA-SNPP", "confidence": "Medium"}}, {"type": "Feature", "geometry": {"type": "Point", "coordinates": [109.0846, 0.47697]}, "properties": {"kab_kota": "MEMPAWAH", "kecamatan": "Mempawah Hilir", "desa": "Malikian", "tanggal": "2026-08-19", "timestamp": "2026-08-19T01:09:00+07:00", "satelit": "NASA-SNPP", "confidence": "Medium"}}, {"type": "Feature", "geometry": {"type": "Point", "coordinates": [109.0756, 0.46848]}, "properties": {"kab_kota": "MEMPAWAH", "kecamatan": "Mempawah Hilir", "desa": "Malikian", "tanggal": "2026-08-19", "timestamp": "2026-08-19T13:50:00+07:00", "satelit": "NASA-SNPP", "confidence": "Medium"}}, {"type": "Feature", "geometry": {"type": "Point", "coordinates": [109.07368, 0.46901]}, "properties": {"kab_kota": "MEMPAWAH", "kecamatan": "Mempawah Hilir", "desa": "Malikian", "tanggal": "2026-08-19", "timestamp": "2026-08-19T13:50:00+07:00", "satelit": "NASA-SNPP", "confidence": "Medium"}}, {"type": "Feature", "geometry": {"type": "Point", "coordinates": [109.08457, 0.46251]}, "properties": {"kab_kota": "MEMPAWAH", "kecamatan": "Mempawah Hilir", "desa": "Malikian", "tanggal": "2026-08-20", "timestamp": "2026-08-20T13:29:00+07:00", "satelit": "NASA-SNPP", "confidence": "Medium"}}, {"type": "Feature", "geometry": {"type": "Point", "coordinates": [108.991, 0.46617]}, "properties": {"kab_kota": "MEMPAWAH", "kecamatan": "Mempawah Hilir", "desa": "Malikian", "tanggal": "2026-08-20", "timestamp": "2026-08-20T13:29:00+07:00", "satelit": "NASA-SNPP", "confidence": "Medium"}}, {"type": "Feature", "geometry": {"type": "Point", "coordinates": [108.99493, 0.46678]}, "properties": {"kab_kota": "MEMPAWAH", "kecamatan": "Mempawah Hilir", "desa": "Malikian", "tanggal": "2026-08-20", "timestamp": "2026-08-20T13:29:00+07:00", "satelit": "NASA-SNPP", "confidence": "Medium"}}, {"type": "Feature", "geometry": {"type": "Point", "coordinates": [108.99871, 0.46794]}, "properties": {"kab_kota": "MEMPAWAH", "kecamatan": "Mempawah Hilir", "desa": "Malikian", "tanggal": "2026-08-28", "timestamp": "2026-08-28T12:40:00+07:00", "satelit": "NASA-SNPP", "confidence": "Medium"}}, {"type": "Feature", "geometry": {"type": "Point", "coordinates": [109.0739, 0.47384]}, "properties": {"kab_kota": "MEMPAWAH", "kecamatan": "Mempawah Hilir", "desa": "Malikian", "tanggal": "2026-08-28", "timestamp": "2026-08-28T12:40:00+07:00", "satelit": "NASA-SNPP", "confidence": "Medium"}}, {"type": "Feature", "geometry": {"type": "Point", "coordinates": [109.07778, 0.47444]}, "properties": {"kab_kota": "MEMPAWAH", "kecamatan": "Mempawah Hilir", "desa": "Malikian", "tanggal": "2026-08-28", "timestamp": "2026-08-28T12:40:00+07:00", "satelit": "NASA-SNPP", "confidence": "Medium"}}, {"type": "Feature", "geometry": {"type": "Point", "coordinates": [109.08163, 0.47504]}, "properties": {"kab_kota": "MEMPAWAH", "kecamatan": "Mempawah Hilir", "desa": "Malikian", "tanggal": "2026-08-28", "timestamp": "2026-08-28T12:40:00+07:00", "satelit": "NASA-SNPP", "confidence": "Medium"}}, {"type": "Feature", "geometry": {"type": "Point", "coordinates": [109.10614, 0.49634]}, "properties": {"kab_kota": "MEMPAWAH", "kecamatan": "Mempawah Hilir", "desa": "Malikian", "tanggal": "2026-08-28", "timestamp": "2026-08-28T12:40:00+07:00", "satelit": "NASA-SNPP", "confidence": "Medium"}}, {"type": "Feature", "geometry": {"type": "Point", "coordinates": [109.10565, 0.49857]}, "properties": {"kab_kota": "MEMPAWAH", "kecamatan": "Mempawah Hilir", "desa": "Malikian", "tanggal": "2026-08-28", "timestamp": "2026-08-28T12:40:00+07:00", "satelit": "NASA-SNPP", "confidence": "Medium"}}, {"type": "Feature", "geometry": {"type": "Point", "coordinates": [109.04348, 0.46481]}, "properties": {"kab_kota": "MEMPAWAH", "kecamatan": "Mempawah Hilir", "desa": "Malikian", "tanggal": "2026-08-30", "timestamp": "2026-08-30T01:02:00+07:00", "satelit": "NASA-SNPP", "confidence": "Medium"}}, {"type": "Feature", "geometry": {"type": "Point", "coordinates": [109.06958, 0.46485]}, "properties": {"kab_kota": "MEMPAWAH", "kecamatan": "Mempawah Hilir", "desa": "Malikian", "tanggal": "2026-08-30", "timestamp": "2026-08-30T01:02:00+07:00", "satelit": "NASA-SNPP", "confidence": "Medium"}}, {"type": "Feature", "geometry": {"type": "Point", "coordinates": [109.04736, 0.46638]}, "properties": {"kab_kota": "MEMPAWAH", "kecamatan": "Mempawah Hilir", "desa": "Malikian", "tanggal": "2026-08-30", "timestamp": "2026-08-30T01:02:00+07:00", "satelit": "NASA-SNPP", "confidence": "Medium"}}, {"type": "Feature", "geometry": {"type": "Point", "coordinates": [108.99512, 0.46666]}, "properties": {"kab_kota": "MEMPAWAH", "kecamatan": "Mempawah Hilir", "desa": "Malikian", "tanggal": "2026-08-30", "timestamp": "2026-08-30T01:02:00+07:00", "satelit": "NASA-SNPP", "confidence": "Medium"}}, {"type": "Feature", "geometry": {"type": "Point", "coordinates": [108.99686, 0.46792]}, "properties": {"kab_kota": "MEMPAWAH", "kecamatan": "Mempawah Hilir", "desa": "Malikian", "tanggal": "2026-08-30", "timestamp": "2026-08-30T01:02:00+07:00", "satelit": "NASA-SNPP", "confidence": "Medium"}}, {"type": "Feature", "geometry": {"type": "Point", "coordinates": [109.07022, 0.46881]}, "properties": {"kab_kota": "MEMPAWAH", "kecamatan": "Mempawah Hilir", "desa": "Malikian", "tanggal": "2026-08-30", "timestamp": "2026-08-30T01:02:00+07:00", "satelit": "NASA-SNPP", "confidence": "Medium"}}, {"type": "Feature", "geometry": {"type": "Point", "coordinates": [109.07275, 0.48468]}, "properties": {"kab_kota": "MEMPAWAH", "kecamatan": "Mempawah Hilir", "desa": "Malikian", "tanggal": "2026-08-30", "timestamp": "2026-08-30T01:02:00+07:00", "satelit": "NASA-SNPP", "confidence": "Medium"}}, {"type": "Feature", "geometry": {"type": "Point", "coordinates": [108.99545, 0.46679]}, "properties": {"kab_kota": "MEMPAWAH", "kecamatan": "Mempawah Hilir", "desa": "Malikian", "tanggal": "2026-08-30", "timestamp": "2026-08-30T13:44:00+07:00", "satelit": "NASA-SNPP", "confidence": "Medium"}}, {"type": "Feature", "geometry": {"type": "Point", "coordinates": [109.04797, 0.4674]}, "properties": {"kab_kota": "MEMPAWAH", "kecamatan": "Mempawah Hilir", "desa": "Malikian", "tanggal": "2026-08-30", "timestamp": "2026-08-30T13:44:00+07:00", "satelit": "NASA-SNPP", "confidence": "Medium"}}, {"type": "Feature", "geometry": {"type": "Point", "coordinates": [108.99538, 0.46785]}, "properties": {"kab_kota": "MEMPAWAH", "kecamatan": "Mempawah Hilir", "desa": "Malikian", "tanggal": "2026-08-30", "timestamp": "2026-08-30T13:44:00+07:00", "satelit": "NASA-SNPP", "confidence": "Medium"}}, {"type": "Feature", "geometry": {"type": "Point", "coordinates": [109.07774, 0.48523]}, "properties": {"kab_kota": "MEMPAWAH", "kecamatan": "Mempawah Hilir", "desa": "Malikian", "tanggal": "2026-08-30", "timestamp": "2026-08-30T13:44:00+07:00", "satelit": "NASA-SNPP", "confidence": "Medium"}}, {"type": "Feature", "geometry": {"type": "Point", "coordinates": [109.07736, 0.48783]}, "properties": {"kab_kota": "MEMPAWAH", "kecamatan": "Mempawah Hilir", "desa": "Malikian", "tanggal": "2026-08-30", "timestamp": "2026-08-30T13:44:00+07:00", "satelit": "NASA-SNPP", "confidence": "Medium"}}, {"type": "Feature", "geometry": {"type": "Point", "coordinates": [109.05057, 0.46924]}, "properties": {"kab_kota": "MEMPAWAH", "kecamatan": "Mempawah Hilir", "desa": "Malikian", "tanggal": "2026-08-31", "timestamp": "2026-08-31T00:43:00+07:00", "satelit": "NASA-SNPP", "confidence": "Medium"}}, {"type": "Feature", "geometry": {"type": "Point", "coordinates": [109.04874, 0.46965]}, "properties": {"kab_kota": "MEMPAWAH", "kecamatan": "Mempawah Hilir", "desa": "Malikian", "tanggal": "2026-08-31", "timestamp": "2026-08-31T00:43:00+07:00", "satelit": "NASA-SNPP", "confidence": "Medium"}}, {"type": "Feature", "geometry": {"type": "Point", "coordinates": [109.07738, 0.48773]}, "properties": {"kab_kota": "MEMPAWAH", "kecamatan": "Mempawah Hilir", "desa": "Malikian", "tanggal": "2026-08-31", "timestamp": "2026-08-31T00:43:00+07:00", "satelit": "NASA-SNPP", "confidence": "Medium"}}, {"type": "Feature", "geometry": {"type": "Point", "coordinates": [109.07381, 0.48829]}, "properties": {"kab_kota": "MEMPAWAH", "kecamatan": "Mempawah Hilir", "desa": "Malikian", "tanggal": "2026-08-31", "timestamp": "2026-08-31T00:43:00+07:00", "satelit": "NASA-SNPP", "confidence": "Medium"}}, {"type": "Feature", "geometry": {"type": "Point", "coordinates": [108.99429, 0.44966]}, "properties": {"kab_kota": "MEMPAWAH", "kecamatan": "Mempawah Hilir", "desa": "Malikian", "tanggal": "2026-08-31", "timestamp": "2026-08-31T13:22:00+07:00", "satelit": "NASA-SNPP", "confidence": "Medium"}}, {"type": "Feature", "geometry": {"type": "Point", "coordinates": [108.9978, 0.4502]}, "properties": {"kab_kota": "MEMPAWAH", "kecamatan": "Mempawah Hilir", "desa": "Malikian", "tanggal": "2026-08-31", "timestamp": "2026-08-31T13:22:00+07:00", "satelit": "NASA-SNPP", "confidence": "Medium"}}, {"type": "Feature", "geometry": {"type": "Point", "coordinates": [109.05313, 0.46555]}, "properties": {"kab_kota": "MEMPAWAH", "kecamatan": "Mempawah Hilir", "desa": "Malikian", "tanggal": "2026-08-31", "timestamp": "2026-08-31T13:22:00+07:00", "satelit": "NASA-SNPP", "confidence": "Medium"}}, {"type": "Feature", "geometry": {"type": "Point", "coordinates": [109.0491, 0.46836]}, "properties": {"kab_kota": "MEMPAWAH", "kecamatan": "Mempawah Hilir", "desa": "Malikian", "tanggal": "2026-08-31", "timestamp": "2026-08-31T13:22:00+07:00", "satelit": "NASA-SNPP", "confidence": "Medium"}}, {"type": "Feature", "geometry": {"type": "Point", "coordinates": [109.12022, 0.47584]}, "properties": {"kab_kota": "MEMPAWAH", "kecamatan": "Mempawah Hilir", "desa": "Malikian", "tanggal": "2026-08-31", "timestamp": "2026-08-31T13:22:00+07:00", "satelit": "NASA-SNPP", "confidence": "Medium"}}, {"type": "Feature", "geometry": {"type": "Point", "coordinates": [109.0788, 0.48667]}, "properties": {"kab_kota": "MEMPAWAH", "kecamatan": "Mempawah Hilir", "desa": "Malikian", "tanggal": "2026-08-31", "timestamp": "2026-08-31T13:22:00+07:00", "satelit": "NASA-SNPP", "confidence": "Medium"}}, {"type": "Feature", "geometry": {"type": "Point", "coordinates": [109.03696, 0.42709]}, "properties": {"kab_kota": "MEMPAWAH", "kecamatan": "Mempawah Hilir", "desa": "Pasir", "tanggal": "2026-08-28", "timestamp": "2026-08-28T12:40:00+07:00", "satelit": "NASA-SNPP", "confidence": "Medium"}}, {"type": "Feature", "geometry": {"type": "Point", "coordinates": [109.02094, 0.41738]}, "properties": {"kab_kota": "MEMPAWAH", "kecamatan": "Mempawah Hilir", "desa": "Pasir", "tanggal": "2026-08-29", "timestamp": "2026-08-29T14:01:00+07:00", "satelit": "NASA-SNPP", "confidence": "Medium"}}, {"type": "Feature", "geometry": {"type": "Point", "coordinates": [109.03352, 0.41935]}, "properties": {"kab_kota": "MEMPAWAH", "kecamatan": "Mempawah Hilir", "desa": "Pasir", "tanggal": "2026-08-29", "timestamp": "2026-08-29T14:01:00+07:00", "satelit": "NASA-SNPP", "confidence": "Medium"}}, {"type": "Feature", "geometry": {"type": "Point", "coordinates": [109.02005, 0.42327]}, "properties": {"kab_kota": "MEMPAWAH", "kecamatan": "Mempawah Hilir", "desa": "Pasir", "tanggal": "2026-08-29", "timestamp": "2026-08-29T14:01:00+07:00", "satelit": "NASA-SNPP", "confidence": "Medium"}}, {"type": "Feature", "geometry": {"type": "Point", "coordinates": [109.02425, 0.42393]}, "properties": {"kab_kota": "MEMPAWAH", "kecamatan": "Mempawah Hilir", "desa": "Pasir", "tanggal": "2026-08-29", "timestamp": "2026-08-29T14:01:00+07:00", "satelit": "NASA-SNPP", "confidence": "Medium"}}, {"type": "Feature", "geometry": {"type": "Point", "coordinates": [109.02332, 0.4132]}, "properties": {"kab_kota": "MEMPAWAH", "kecamatan": "Mempawah Hilir", "desa": "Pasir", "tanggal": "2026-08-30", "timestamp": "2026-08-30T01:02:00+07:00", "satelit": "NASA-SNPP", "confidence": "Medium"}}, {"type": "Feature", "geometry": {"type": "Point", "coordinates": [109.02905, 0.41636]}, "properties": {"kab_kota": "MEMPAWAH", "kecamatan": "Mempawah Hilir", "desa": "Pasir", "tanggal": "2026-08-30", "timestamp": "2026-08-30T01:02:00+07:00", "satelit": "NASA-SNPP", "confidence": "Medium"}}, {"type": "Feature", "geometry": {"type": "Point", "coordinates": [109.01886, 0.41798]}, "properties": {"kab_kota": "MEMPAWAH", "kecamatan": "Mempawah Hilir", "desa": "Pasir", "tanggal": "2026-08-30", "timestamp": "2026-08-30T01:02:00+07:00", "satelit": "NASA-SNPP", "confidence": "Medium"}}, {"type": "Feature", "geometry": {"type": "Point", "coordinates": [109.02967, 0.42034]}, "properties": {"kab_kota": "MEMPAWAH", "kecamatan": "Mempawah Hilir", "desa": "Pasir", "tanggal": "2026-08-30", "timestamp": "2026-08-30T01:02:00+07:00", "satelit": "NASA-SNPP", "confidence": "Medium"}}, {"type": "Feature", "geometry": {"type": "Point", "coordinates": [109.02459, 0.42114]}, "properties": {"kab_kota": "MEMPAWAH", "kecamatan": "Mempawah Hilir", "desa": "Pasir", "tanggal": "2026-08-30", "timestamp": "2026-08-30T01:02:00+07:00", "satelit": "NASA-SNPP", "confidence": "Medium"}}, {"type": "Feature", "geometry": {"type": "Point", "coordinates": [109.01949, 0.42195]}, "properties": {"kab_kota": "MEMPAWAH", "kecamatan": "Mempawah Hilir", "desa": "Pasir", "tanggal": "2026-08-30", "timestamp": "2026-08-30T01:02:00+07:00", "satelit": "NASA-SNPP", "confidence": "Medium"}}, {"type": "Feature", "geometry": {"type": "Point", "coordinates": [109.03663, 0.43145]}, "properties": {"kab_kota": "MEMPAWAH", "kecamatan": "Mempawah Hilir", "desa": "Pasir", "tanggal": "2026-08-30", "timestamp": "2026-08-30T01:02:00+07:00", "satelit": "NASA-SNPP", "confidence": "Medium"}}, {"type": "Feature", "geometry": {"type": "Point", "coordinates": [109.03726, 0.43542]}, "properties": {"kab_kota": "MEMPAWAH", "kecamatan": "Mempawah Hilir", "desa": "Pasir", "tanggal": "2026-08-30", "timestamp": "2026-08-30T01:02:00+07:00", "satelit": "NASA-SNPP", "confidence": "Medium"}}, {"type": "Feature", "geometry": {"type": "Point", "coordinates": [109.024, 0.41127]}, "properties": {"kab_kota": "MEMPAWAH", "kecamatan": "Mempawah Hilir", "desa": "Pasir", "tanggal": "2026-08-30", "timestamp": "2026-08-30T13:44:00+07:00", "satelit": "NASA-SNPP", "confidence": "Medium"}}, {"type": "Feature", "geometry": {"type": "Point", "coordinates": [109.02335, 0.41553]}, "properties": {"kab_kota": "MEMPAWAH", "kecamatan": "Mempawah Hilir", "desa": "Pasir", "tanggal": "2026-08-30", "timestamp": "2026-08-30T13:44:00+07:00", "satelit": "NASA-SNPP", "confidence": "Medium"}}, {"type": "Feature", "geometry": {"type": "Point", "coordinates": [109.02271, 0.41979]}, "properties": {"kab_kota": "MEMPAWAH", "kecamatan": "Mempawah Hilir", "desa": "Pasir", "tanggal": "2026-08-30", "timestamp": "2026-08-30T13:44:00+07:00", "satelit": "NASA-SNPP", "confidence": "Medium"}}, {"type": "Feature", "geometry": {"type": "Point", "coordinates": [109.02666, 0.4204]}, "properties": {"kab_kota": "MEMPAWAH", "kecamatan": "Mempawah Hilir", "desa": "Pasir", "tanggal": "2026-08-30", "timestamp": "2026-08-30T13:44:00+07:00", "satelit": "NASA-SNPP", "confidence": "Medium"}}, {"type": "Feature", "geometry": {"type": "Point", "coordinates": [109.03062, 0.42101]}, "properties": {"kab_kota": "MEMPAWAH", "kecamatan": "Mempawah Hilir", "desa": "Pasir", "tanggal": "2026-08-30", "timestamp": "2026-08-30T13:44:00+07:00", "satelit": "NASA-SNPP", "confidence": "Medium"}}, {"type": "Feature", "geometry": {"type": "Point", "coordinates": [109.02207, 0.42406]}, "properties": {"kab_kota": "MEMPAWAH", "kecamatan": "Mempawah Hilir", "desa": "Pasir", "tanggal": "2026-08-30", "timestamp": "2026-08-30T13:44:00+07:00", "satelit": "NASA-SNPP", "confidence": "Medium"}}, {"type": "Feature", "geometry": {"type": "Point", "coordinates": [109.03725, 0.43077]}, "properties": {"kab_kota": "MEMPAWAH", "kecamatan": "Mempawah Hilir", "desa": "Pasir", "tanggal": "2026-08-30", "timestamp": "2026-08-30T13:44:00+07:00", "satelit": "NASA-SNPP", "confidence": "Medium"}}, {"type": "Feature", "geometry": {"type": "Point", "coordinates": [109.04057, 0.43565]}, "properties": {"kab_kota": "MEMPAWAH", "kecamatan": "Mempawah Hilir", "desa": "Pasir", "tanggal": "2026-08-30", "timestamp": "2026-08-30T13:44:00+07:00", "satelit": "NASA-SNPP", "confidence": "Medium"}}, {"type": "Feature", "geometry": {"type": "Point", "coordinates": [109.04453, 0.43626]}, "properties": {"kab_kota": "MEMPAWAH", "kecamatan": "Mempawah Hilir", "desa": "Pasir", "tanggal": "2026-08-30", "timestamp": "2026-08-30T13:44:00+07:00", "satelit": "NASA-SNPP", "confidence": "Medium"}}, {"type": "Feature", "geometry": {"type": "Point", "coordinates": [109.02298, 0.41163]}, "properties": {"kab_kota": "MEMPAWAH", "kecamatan": "Mempawah Hilir", "desa": "Pasir", "tanggal": "2026-08-31", "timestamp": "2026-08-31T00:43:00+07:00", "satelit": "NASA-SNPP", "confidence": "Medium"}}, {"type": "Feature", "geometry": {"type": "Point", "coordinates": [109.02746, 0.41656]}, "properties": {"kab_kota": "MEMPAWAH", "kecamatan": "Mempawah Hilir", "desa": "Pasir", "tanggal": "2026-08-31", "timestamp": "2026-08-31T00:43:00+07:00", "satelit": "NASA-SNPP", "confidence": "Medium"}}, {"type": "Feature", "geometry": {"type": "Point", "coordinates": [109.0239, 0.41712]}, "properties": {"kab_kota": "MEMPAWAH", "kecamatan": "Mempawah Hilir", "desa": "Pasir", "tanggal": "2026-08-31", "timestamp": "2026-08-31T00:43:00+07:00", "satelit": "NASA-SNPP", "confidence": "Medium"}}, {"type": "Feature", "geometry": {"type": "Point", "coordinates": [109.02035, 0.41768]}, "properties": {"kab_kota": "MEMPAWAH", "kecamatan": "Mempawah Hilir", "desa": "Pasir", "tanggal": "2026-08-31", "timestamp": "2026-08-31T00:43:00+07:00", "satelit": "NASA-SNPP", "confidence": "Medium"}}, {"type": "Feature", "geometry": {"type": "Point", "coordinates": [109.02835, 0.42206]}, "properties": {"kab_kota": "MEMPAWAH", "kecamatan": "Mempawah Hilir", "desa": "Pasir", "tanggal": "2026-08-31", "timestamp": "2026-08-31T00:43:00+07:00", "satelit": "NASA-SNPP", "confidence": "Medium"}}, {"type": "Feature", "geometry": {"type": "Point", "coordinates": [109.02124, 0.42318]}, "properties": {"kab_kota": "MEMPAWAH", "kecamatan": "Mempawah Hilir", "desa": "Pasir", "tanggal": "2026-08-31", "timestamp": "2026-08-31T00:43:00+07:00", "satelit": "NASA-SNPP", "confidence": "Medium"}}, {"type": "Feature", "geometry": {"type": "Point", "coordinates": [109.02448, 0.41653]}, "properties": {"kab_kota": "MEMPAWAH", "kecamatan": "Mempawah Hilir", "desa": "Pasir", "tanggal": "2026-08-31", "timestamp": "2026-08-31T13:22:00+07:00", "satelit": "NASA-SNPP", "confidence": "Medium"}}, {"type": "Feature", "geometry": {"type": "Point", "coordinates": [109.0275, 0.42042]}, "properties": {"kab_kota": "MEMPAWAH", "kecamatan": "Mempawah Hilir", "desa": "Pasir", "tanggal": "2026-08-31", "timestamp": "2026-08-31T13:22:00+07:00", "satelit": "NASA-SNPP", "confidence": "Medium"}}, {"type": "Feature", "geometry": {"type": "Point", "coordinates": [109.03102, 0.42096]}, "properties": {"kab_kota": "MEMPAWAH", "kecamatan": "Mempawah Hilir", "desa": "Pasir", "tanggal": "2026-08-31", "timestamp": "2026-08-31T13:22:00+07:00", "satelit": "NASA-SNPP", "confidence": "Medium"}}, {"type": "Feature", "geometry": {"type": "Point", "coordinates": [109.01995, 0.4227]}, "properties": {"kab_kota": "MEMPAWAH", "kecamatan": "Mempawah Hilir", "desa": "Pasir", "tanggal": "2026-08-31", "timestamp": "2026-08-31T13:22:00+07:00", "satelit": "NASA-SNPP", "confidence": "Medium"}}, {"type": "Feature", "geometry": {"type": "Point", "coordinates": [109.02348, 0.42324]}, "properties": {"kab_kota": "MEMPAWAH", "kecamatan": "Mempawah Hilir", "desa": "Pasir", "tanggal": "2026-08-31", "timestamp": "2026-08-31T13:22:00+07:00", "satelit": "NASA-SNPP", "confidence": "Medium"}}, {"type": "Feature", "geometry": {"type": "Point", "coordinates": [109.03654, 0.4321]}, "properties": {"kab_kota": "MEMPAWAH", "kecamatan": "Mempawah Hilir", "desa": "Pasir", "tanggal": "2026-08-31", "timestamp": "2026-08-31T13:22:00+07:00", "satelit": "NASA-SNPP", "confidence": "Medium"}}, {"type": "Feature", "geometry": {"type": "Point", "coordinates": [109.03957, 0.436]}, "properties": {"kab_kota": "MEMPAWAH", "kecamatan": "Mempawah Hilir", "desa": "Pasir", "tanggal": "2026-08-31", "timestamp": "2026-08-31T13:22:00+07:00", "satelit": "NASA-SNPP", "confidence": "Medium"}}, {"type": "Feature", "geometry": {"type": "Point", "coordinates": [109.00239, 0.42102]}, "properties": {"kab_kota": "MEMPAWAH", "kecamatan": "Mempawah Hilir", "desa": "Penibung", "tanggal": "2026-08-30", "timestamp": "2026-08-30T13:44:00+07:00", "satelit": "NASA-SNPP", "confidence": "Medium"}}, {"type": "Feature", "geometry": {"type": "Point", "coordinates": [108.99473, 0.42881]}, "properties": {"kab_kota": "MEMPAWAH", "kecamatan": "Mempawah Hilir", "desa": "Sengkubang", "tanggal": "2026-08-07", "timestamp": "2026-08-07T12:33:00+07:00", "satelit": "NASA-SNPP", "confidence": "Medium"}}, {"type": "Feature", "geometry": {"type": "Point", "coordinates": [108.99715, 0.43648]}, "properties": {"kab_kota": "MEMPAWAH", "kecamatan": "Mempawah Hilir", "desa": "Sengkubang", "tanggal": "2026-08-09", "timestamp": "2026-08-09T13:35:00+07:00", "satelit": "NASA-SNPP", "confidence": "Medium"}}, {"type": "Feature", "geometry": {"type": "Point", "coordinates": [108.99464, 0.4377]}, "properties": {"kab_kota": "MEMPAWAH", "kecamatan": "Mempawah Hilir", "desa": "Sengkubang", "tanggal": "2026-08-09", "timestamp": "2026-08-09T13:35:00+07:00", "satelit": "NASA-SNPP", "confidence": "Medium"}}, {"type": "Feature", "geometry": {"type": "Point", "coordinates": [108.99657, 0.44034]}, "properties": {"kab_kota": "MEMPAWAH", "kecamatan": "Mempawah Hilir", "desa": "Sengkubang", "tanggal": "2026-08-09", "timestamp": "2026-08-09T13:35:00+07:00", "satelit": "NASA-SNPP", "confidence": "Medium"}}, {"type": "Feature", "geometry": {"type": "Point", "coordinates": [108.99406, 0.44156]}, "properties": {"kab_kota": "MEMPAWAH", "kecamatan": "Mempawah Hilir", "desa": "Sengkubang", "tanggal": "2026-08-09", "timestamp": "2026-08-09T13:35:00+07:00", "satelit": "NASA-SNPP", "confidence": "Medium"}}, {"type": "Feature", "geometry": {"type": "Point", "coordinates": [108.99424, 0.43063]}, "properties": {"kab_kota": "MEMPAWAH", "kecamatan": "Mempawah Hilir", "desa": "Sengkubang", "tanggal": "2026-08-10", "timestamp": "2026-08-10T00:37:00+07:00", "satelit": "NASA-SNPP", "confidence": "Medium"}}, {"type": "Feature", "geometry": {"type": "Point", "coordinates": [108.99295, 0.43077]}, "properties": {"kab_kota": "MEMPAWAH", "kecamatan": "Mempawah Hilir", "desa": "Sengkubang", "tanggal": "2026-08-10", "timestamp": "2026-08-10T00:37:00+07:00", "satelit": "NASA-SNPP", "confidence": "Medium"}}, {"type": "Feature", "geometry": {"type": "Point", "coordinates": [108.99316, 0.42873]}, "properties": {"kab_kota": "MEMPAWAH", "kecamatan": "Mempawah Hilir", "desa": "Sengkubang", "tanggal": "2026-08-10", "timestamp": "2026-08-10T13:18:00+07:00", "satelit": "NASA-SNPP", "confidence": "Medium"}}, {"type": "Feature", "geometry": {"type": "Point", "coordinates": [108.99664, 0.42926]}, "properties": {"kab_kota": "MEMPAWAH", "kecamatan": "Mempawah Hilir", "desa": "Sengkubang", "tanggal": "2026-08-10", "timestamp": "2026-08-10T13:18:00+07:00", "satelit": "NASA-SNPP", "confidence": "Medium"}}, {"type": "Feature", "geometry": {"type": "Point", "coordinates": [108.99184, 0.43373]}, "properties": {"kab_kota": "MEMPAWAH", "kecamatan": "Mempawah Hilir", "desa": "Sengkubang", "tanggal": "2026-08-20", "timestamp": "2026-08-20T13:29:00+07:00", "satelit": "NASA-SNPP", "confidence": "Medium"}}, {"type": "Feature", "geometry": {"type": "Point", "coordinates": [109.08512, 0.45896]}, "properties": {"kab_kota": "MEMPAWAH", "kecamatan": "Mempawah Hilir", "desa": "Sengkubang", "tanggal": "2026-08-20", "timestamp": "2026-08-20T13:29:00+07:00", "satelit": "NASA-SNPP", "confidence": "Medium"}}, {"type": "Feature", "geometry": {"type": "Point", "coordinates": [109.0806, 0.4619]}, "properties": {"kab_kota": "MEMPAWAH", "kecamatan": "Mempawah Hilir", "desa": "Sengkubang", "tanggal": "2026-08-20", "timestamp": "2026-08-20T13:29:00+07:00", "satelit": "NASA-SNPP", "confidence": "Medium"}}, {"type": "Feature", "geometry": {"type": "Point", "coordinates": [109.07819, 0.45728]}, "properties": {"kab_kota": "MEMPAWAH", "kecamatan": "Mempawah Hilir", "desa": "Sengkubang", "tanggal": "2026-08-22", "timestamp": "2026-08-22T01:51:00+07:00", "satelit": "NASA-SNPP", "confidence": "Medium"}}, {"type": "Feature", "geometry": {"type": "Point", "coordinates": [109.08327, 0.45803]}, "properties": {"kab_kota": "MEMPAWAH", "kecamatan": "Mempawah Hilir", "desa": "Sengkubang", "tanggal": "2026-08-22", "timestamp": "2026-08-22T12:53:00+07:00", "satelit": "NASA-SNPP", "confidence": "Medium"}}, {"type": "Feature", "geometry": {"type": "Point", "coordinates": [108.99795, 0.43433]}, "properties": {"kab_kota": "MEMPAWAH", "kecamatan": "Mempawah Hilir", "desa": "Sengkubang", "tanggal": "2026-08-24", "timestamp": "2026-08-24T13:57:00+07:00", "satelit": "NASA-SNPP", "confidence": "Medium"}}, {"type": "Feature", "geometry": {"type": "Point", "coordinates": [109.06505, 0.45721]}, "properties": {"kab_kota": "MEMPAWAH", "kecamatan": "Mempawah Hilir", "desa": "Sengkubang", "tanggal": "2026-08-25", "timestamp": "2026-08-25T00:56:00+07:00", "satelit": "NASA-SNPP", "confidence": "Medium"}}, {"type": "Feature", "geometry": {"type": "Point", "coordinates": [109.05174, 0.44976]}, "properties": {"kab_kota": "MEMPAWAH", "kecamatan": "Mempawah Hilir", "desa": "Sengkubang", "tanggal": "2026-08-27", "timestamp": "2026-08-27T12:57:00+07:00", "satelit": "NASA-SNPP", "confidence": "Medium"}}, {"type": "Feature", "geometry": {"type": "Point", "coordinates": [109.07622, 0.46198]}, "properties": {"kab_kota": "MEMPAWAH", "kecamatan": "Mempawah Hilir", "desa": "Sengkubang", "tanggal": "2026-08-27", "timestamp": "2026-08-27T12:57:00+07:00", "satelit": "NASA-SNPP", "confidence": "Medium"}}, {"type": "Feature", "geometry": {"type": "Point", "coordinates": [109.06252, 0.44285]}, "properties": {"kab_kota": "MEMPAWAH", "kecamatan": "Mempawah Hilir", "desa": "Sengkubang", "tanggal": "2026-08-28", "timestamp": "2026-08-28T12:40:00+07:00", "satelit": "NASA-SNPP", "confidence": "Medium"}}, {"type": "Feature", "geometry": {"type": "Point", "coordinates": [109.04996, 0.44671]}, "properties": {"kab_kota": "MEMPAWAH", "kecamatan": "Mempawah Hilir", "desa": "Sengkubang", "tanggal": "2026-08-28", "timestamp": "2026-08-28T12:40:00+07:00", "satelit": "NASA-SNPP", "confidence": "Medium"}}, {"type": "Feature", "geometry": {"type": "Point", "coordinates": [109.06164, 0.44855]}, "properties": {"kab_kota": "MEMPAWAH", "kecamatan": "Mempawah Hilir", "desa": "Sengkubang", "tanggal": "2026-08-28", "timestamp": "2026-08-28T12:40:00+07:00", "satelit": "NASA-SNPP", "confidence": "Medium"}}, {"type": "Feature", "geometry": {"type": "Point", "coordinates": [109.04516, 0.4518]}, "properties": {"kab_kota": "MEMPAWAH", "kecamatan": "Mempawah Hilir", "desa": "Sengkubang", "tanggal": "2026-08-28", "timestamp": "2026-08-28T12:40:00+07:00", "satelit": "NASA-SNPP", "confidence": "Medium"}}, {"type": "Feature", "geometry": {"type": "Point", "coordinates": [109.05296, 0.45303]}, "properties": {"kab_kota": "MEMPAWAH", "kecamatan": "Mempawah Hilir", "desa": "Sengkubang", "tanggal": "2026-08-28", "timestamp": "2026-08-28T12:40:00+07:00", "satelit": "NASA-SNPP", "confidence": "Medium"}}, {"type": "Feature", "geometry": {"type": "Point", "coordinates": [109.06384, 0.46058]}, "properties": {"kab_kota": "MEMPAWAH", "kecamatan": "Mempawah Hilir", "desa": "Sengkubang", "tanggal": "2026-08-28", "timestamp": "2026-08-28T12:40:00+07:00", "satelit": "NASA-SNPP", "confidence": "Medium"}}, {"type": "Feature", "geometry": {"type": "Point", "coordinates": [109.04688, 0.44561]}, "properties": {"kab_kota": "MEMPAWAH", "kecamatan": "Mempawah Hilir", "desa": "Sengkubang", "tanggal": "2026-08-29", "timestamp": "2026-08-29T14:01:00+07:00", "satelit": "NASA-SNPP", "confidence": "Medium"}}, {"type": "Feature", "geometry": {"type": "Point", "coordinates": [109.04514, 0.45743]}, "properties": {"kab_kota": "MEMPAWAH", "kecamatan": "Mempawah Hilir", "desa": "Sengkubang", "tanggal": "2026-08-29", "timestamp": "2026-08-29T14:01:00+07:00", "satelit": "NASA-SNPP", "confidence": "Medium"}}, {"type": "Feature", "geometry": {"type": "Point", "coordinates": [109.05947, 0.44408]}, "properties": {"kab_kota": "MEMPAWAH", "kecamatan": "Mempawah Hilir", "desa": "Sengkubang", "tanggal": "2026-08-30", "timestamp": "2026-08-30T01:02:00+07:00", "satelit": "NASA-SNPP", "confidence": "Medium"}}, {"type": "Feature", "geometry": {"type": "Point", "coordinates": [109.04931, 0.44571]}, "properties": {"kab_kota": "MEMPAWAH", "kecamatan": "Mempawah Hilir", "desa": "Sengkubang", "tanggal": "2026-08-30", "timestamp": "2026-08-30T01:02:00+07:00", "satelit": "NASA-SNPP", "confidence": "Medium"}}, {"type": "Feature", "geometry": {"type": "Point", "coordinates": [109.06131, 0.4458]}, "properties": {"kab_kota": "MEMPAWAH", "kecamatan": "Mempawah Hilir", "desa": "Sengkubang", "tanggal": "2026-08-30", "timestamp": "2026-08-30T01:02:00+07:00", "satelit": "NASA-SNPP", "confidence": "Medium"}}, {"type": "Feature", "geometry": {"type": "Point", "coordinates": [109.04422, 0.44652]}, "properties": {"kab_kota": "MEMPAWAH", "kecamatan": "Mempawah Hilir", "desa": "Sengkubang", "tanggal": "2026-08-30", "timestamp": "2026-08-30T01:02:00+07:00", "satelit": "NASA-SNPP", "confidence": "Medium"}}, {"type": "Feature", "geometry": {"type": "Point", "coordinates": [109.05624, 0.44658]}, "properties": {"kab_kota": "MEMPAWAH", "kecamatan": "Mempawah Hilir", "desa": "Sengkubang", "tanggal": "2026-08-30", "timestamp": "2026-08-30T01:02:00+07:00", "satelit": "NASA-SNPP", "confidence": "Medium"}}, {"type": "Feature", "geometry": {"type": "Point", "coordinates": [109.0601, 0.44804]}, "properties": {"kab_kota": "MEMPAWAH", "kecamatan": "Mempawah Hilir", "desa": "Sengkubang", "tanggal": "2026-08-30", "timestamp": "2026-08-30T01:02:00+07:00", "satelit": "NASA-SNPP", "confidence": "Medium"}}, {"type": "Feature", "geometry": {"type": "Point", "coordinates": [109.04604, 0.44814]}, "properties": {"kab_kota": "MEMPAWAH", "kecamatan": "Mempawah Hilir", "desa": "Sengkubang", "tanggal": "2026-08-30", "timestamp": "2026-08-30T01:02:00+07:00", "satelit": "NASA-SNPP", "confidence": "Medium"}}, {"type": "Feature", "geometry": {"type": "Point", "coordinates": [109.03405, 0.44815]}, "properties": {"kab_kota": "MEMPAWAH", "kecamatan": "Mempawah Hilir", "desa": "Sengkubang", "tanggal": "2026-08-30", "timestamp": "2026-08-30T01:02:00+07:00", "satelit": "NASA-SNPP", "confidence": "Medium"}}, {"type": "Feature", "geometry": {"type": "Point", "coordinates": [109.03585, 0.4497]}, "properties": {"kab_kota": "MEMPAWAH", "kecamatan": "Mempawah Hilir", "desa": "Sengkubang", "tanggal": "2026-08-30", "timestamp": "2026-08-30T01:02:00+07:00", "satelit": "NASA-SNPP", "confidence": "Medium"}}, {"type": "Feature", "geometry": {"type": "Point", "coordinates": [109.06194, 0.44976]}, "properties": {"kab_kota": "MEMPAWAH", "kecamatan": "Mempawah Hilir", "desa": "Sengkubang", "tanggal": "2026-08-30", "timestamp": "2026-08-30T01:02:00+07:00", "satelit": "NASA-SNPP", "confidence": "Medium"}}, {"type": "Feature", "geometry": {"type": "Point", "coordinates": [109.04485, 0.45049]}, "properties": {"kab_kota": "MEMPAWAH", "kecamatan": "Mempawah Hilir", "desa": "Sengkubang", "tanggal": "2026-08-30", "timestamp": "2026-08-30T01:02:00+07:00", "satelit": "NASA-SNPP", "confidence": "Medium"}}, {"type": "Feature", "geometry": {"type": "Point", "coordinates": [109.05176, 0.45133]}, "properties": {"kab_kota": "MEMPAWAH", "kecamatan": "Mempawah Hilir", "desa": "Sengkubang", "tanggal": "2026-08-30", "timestamp": "2026-08-30T01:02:00+07:00", "satelit": "NASA-SNPP", "confidence": "Medium"}}, {"type": "Feature", "geometry": {"type": "Point", "coordinates": [109.06071, 0.45201]}, "properties": {"kab_kota": "MEMPAWAH", "kecamatan": "Mempawah Hilir", "desa": "Sengkubang", "tanggal": "2026-08-30", "timestamp": "2026-08-30T01:02:00+07:00", "satelit": "NASA-SNPP", "confidence": "Medium"}}, {"type": "Feature", "geometry": {"type": "Point", "coordinates": [109.04665, 0.45211]}, "properties": {"kab_kota": "MEMPAWAH", "kecamatan": "Mempawah Hilir", "desa": "Sengkubang", "tanggal": "2026-08-30", "timestamp": "2026-08-30T01:02:00+07:00", "satelit": "NASA-SNPP", "confidence": "Medium"}}, {"type": "Feature", "geometry": {"type": "Point", "coordinates": [109.04157, 0.45289]}, "properties": {"kab_kota": "MEMPAWAH", "kecamatan": "Mempawah Hilir", "desa": "Sengkubang", "tanggal": "2026-08-30", "timestamp": "2026-08-30T01:02:00+07:00", "satelit": "NASA-SNPP", "confidence": "Medium"}}, {"type": "Feature", "geometry": {"type": "Point", "coordinates": [109.05055, 0.45365]}, "properties": {"kab_kota": "MEMPAWAH", "kecamatan": "Mempawah Hilir", "desa": "Sengkubang", "tanggal": "2026-08-30", "timestamp": "2026-08-30T01:02:00+07:00", "satelit": "NASA-SNPP", "confidence": "Medium"}}, {"type": "Feature", "geometry": {"type": "Point", "coordinates": [109.04546, 0.45447]}, "properties": {"kab_kota": "MEMPAWAH", "kecamatan": "Mempawah Hilir", "desa": "Sengkubang", "tanggal": "2026-08-30", "timestamp": "2026-08-30T01:02:00+07:00", "satelit": "NASA-SNPP", "confidence": "Medium"}}, {"type": "Feature", "geometry": {"type": "Point", "coordinates": [109.04038, 0.45528]}, "properties": {"kab_kota": "MEMPAWAH", "kecamatan": "Mempawah Hilir", "desa": "Sengkubang", "tanggal": "2026-08-30", "timestamp": "2026-08-30T01:02:00+07:00", "satelit": "NASA-SNPP", "confidence": "Medium"}}, {"type": "Feature", "geometry": {"type": "Point", "coordinates": [109.05238, 0.4553]}, "properties": {"kab_kota": "MEMPAWAH", "kecamatan": "Mempawah Hilir", "desa": "Sengkubang", "tanggal": "2026-08-30", "timestamp": "2026-08-30T01:02:00+07:00", "satelit": "NASA-SNPP", "confidence": "Medium"}}, {"type": "Feature", "geometry": {"type": "Point", "coordinates": [109.04729, 0.45608]}, "properties": {"kab_kota": "MEMPAWAH", "kecamatan": "Mempawah Hilir", "desa": "Sengkubang", "tanggal": "2026-08-30", "timestamp": "2026-08-30T01:02:00+07:00", "satelit": "NASA-SNPP", "confidence": "Medium"}}, {"type": "Feature", "geometry": {"type": "Point", "coordinates": [109.0422, 0.45687]}, "properties": {"kab_kota": "MEMPAWAH", "kecamatan": "Mempawah Hilir", "desa": "Sengkubang", "tanggal": "2026-08-30", "timestamp": "2026-08-30T01:02:00+07:00", "satelit": "NASA-SNPP", "confidence": "Medium"}}, {"type": "Feature", "geometry": {"type": "Point", "coordinates": [109.0683, 0.45692]}, "properties": {"kab_kota": "MEMPAWAH", "kecamatan": "Mempawah Hilir", "desa": "Sengkubang", "tanggal": "2026-08-30", "timestamp": "2026-08-30T01:02:00+07:00", "satelit": "NASA-SNPP", "confidence": "Medium"}}, {"type": "Feature", "geometry": {"type": "Point", "coordinates": [109.05119, 0.45762]}, "properties": {"kab_kota": "MEMPAWAH", "kecamatan": "Mempawah Hilir", "desa": "Sengkubang", "tanggal": "2026-08-30", "timestamp": "2026-08-30T01:02:00+07:00", "satelit": "NASA-SNPP", "confidence": "Medium"}}, {"type": "Feature", "geometry": {"type": "Point", "coordinates": [109.07212, 0.4583]}, "properties": {"kab_kota": "MEMPAWAH", "kecamatan": "Mempawah Hilir", "desa": "Sengkubang", "tanggal": "2026-08-30", "timestamp": "2026-08-30T01:02:00+07:00", "satelit": "NASA-SNPP", "confidence": "Medium"}}, {"type": "Feature", "geometry": {"type": "Point", "coordinates": [109.0461, 0.45844]}, "properties": {"kab_kota": "MEMPAWAH", "kecamatan": "Mempawah Hilir", "desa": "Sengkubang", "tanggal": "2026-08-30", "timestamp": "2026-08-30T01:02:00+07:00", "satelit": "NASA-SNPP", "confidence": "Medium"}}, {"type": "Feature", "geometry": {"type": "Point", "coordinates": [109.06705, 0.45912]}, "properties": {"kab_kota": "MEMPAWAH", "kecamatan": "Mempawah Hilir", "desa": "Sengkubang", "tanggal": "2026-08-30", "timestamp": "2026-08-30T01:02:00+07:00", "satelit": "NASA-SNPP", "confidence": "Medium"}}, {"type": "Feature", "geometry": {"type": "Point", "coordinates": [109.04102, 0.45926]}, "properties": {"kab_kota": "MEMPAWAH", "kecamatan": "Mempawah Hilir", "desa": "Sengkubang", "tanggal": "2026-08-30", "timestamp": "2026-08-30T01:02:00+07:00", "satelit": "NASA-SNPP", "confidence": "Medium"}}, {"type": "Feature", "geometry": {"type": "Point", "coordinates": [109.04793, 0.46005]}, "properties": {"kab_kota": "MEMPAWAH", "kecamatan": "Mempawah Hilir", "desa": "Sengkubang", "tanggal": "2026-08-30", "timestamp": "2026-08-30T01:02:00+07:00", "satelit": "NASA-SNPP", "confidence": "Medium"}}, {"type": "Feature", "geometry": {"type": "Point", "coordinates": [109.04284, 0.46084]}, "properties": {"kab_kota": "MEMPAWAH", "kecamatan": "Mempawah Hilir", "desa": "Sengkubang", "tanggal": "2026-08-30", "timestamp": "2026-08-30T01:02:00+07:00", "satelit": "NASA-SNPP", "confidence": "Medium"}}, {"type": "Feature", "geometry": {"type": "Point", "coordinates": [109.06894, 0.46088]}, "properties": {"kab_kota": "MEMPAWAH", "kecamatan": "Mempawah Hilir", "desa": "Sengkubang", "tanggal": "2026-08-30", "timestamp": "2026-08-30T01:02:00+07:00", "satelit": "NASA-SNPP", "confidence": "Medium"}}, {"type": "Feature", "geometry": {"type": "Point", "coordinates": [109.07276, 0.46227]}, "properties": {"kab_kota": "MEMPAWAH", "kecamatan": "Mempawah Hilir", "desa": "Sengkubang", "tanggal": "2026-08-30", "timestamp": "2026-08-30T01:02:00+07:00", "satelit": "NASA-SNPP", "confidence": "Medium"}}, {"type": "Feature", "geometry": {"type": "Point", "coordinates": [109.04672, 0.46241]}, "properties": {"kab_kota": "MEMPAWAH", "kecamatan": "Mempawah Hilir", "desa": "Sengkubang", "tanggal": "2026-08-30", "timestamp": "2026-08-30T01:02:00+07:00", "satelit": "NASA-SNPP", "confidence": "Medium"}}, {"type": "Feature", "geometry": {"type": "Point", "coordinates": [109.06769, 0.46309]}, "properties": {"kab_kota": "MEMPAWAH", "kecamatan": "Mempawah Hilir", "desa": "Sengkubang", "tanggal": "2026-08-30", "timestamp": "2026-08-30T01:02:00+07:00", "satelit": "NASA-SNPP", "confidence": "Medium"}}, {"type": "Feature", "geometry": {"type": "Point", "coordinates": [109.04164, 0.46323]}, "properties": {"kab_kota": "MEMPAWAH", "kecamatan": "Mempawah Hilir", "desa": "Sengkubang", "tanggal": "2026-08-30", "timestamp": "2026-08-30T01:02:00+07:00", "satelit": "NASA-SNPP", "confidence": "Medium"}}, {"type": "Feature", "geometry": {"type": "Point", "coordinates": [109.04858, 0.46402]}, "properties": {"kab_kota": "MEMPAWAH", "kecamatan": "Mempawah Hilir", "desa": "Sengkubang", "tanggal": "2026-08-30", "timestamp": "2026-08-30T01:02:00+07:00", "satelit": "NASA-SNPP", "confidence": "Medium"}}, {"type": "Feature", "geometry": {"type": "Point", "coordinates": [109.00044, 0.43378]}, "properties": {"kab_kota": "MEMPAWAH", "kecamatan": "Mempawah Hilir", "desa": "Sengkubang", "tanggal": "2026-08-30", "timestamp": "2026-08-30T13:44:00+07:00", "satelit": "NASA-SNPP", "confidence": "Medium"}}, {"type": "Feature", "geometry": {"type": "Point", "coordinates": [109.04389, 0.44054]}, "properties": {"kab_kota": "MEMPAWAH", "kecamatan": "Mempawah Hilir", "desa": "Sengkubang", "tanggal": "2026-08-30", "timestamp": "2026-08-30T13:44:00+07:00", "satelit": "NASA-SNPP", "confidence": "Medium"}}, {"type": "Feature", "geometry": {"type": "Point", "coordinates": [109.05116, 0.44604]}, "properties": {"kab_kota": "MEMPAWAH", "kecamatan": "Mempawah Hilir", "desa": "Sengkubang", "tanggal": "2026-08-30", "timestamp": "2026-08-30T13:44:00+07:00", "satelit": "NASA-SNPP", "confidence": "Medium"}}, {"type": "Feature", "geometry": {"type": "Point", "coordinates": [109.06306, 0.44789]}, "properties": {"kab_kota": "MEMPAWAH", "kecamatan": "Mempawah Hilir", "desa": "Sengkubang", "tanggal": "2026-08-30", "timestamp": "2026-08-30T13:44:00+07:00", "satelit": "NASA-SNPP", "confidence": "Medium"}}, {"type": "Feature", "geometry": {"type": "Point", "coordinates": [109.0545, 0.45093]}, "properties": {"kab_kota": "MEMPAWAH", "kecamatan": "Mempawah Hilir", "desa": "Sengkubang", "tanggal": "2026-08-30", "timestamp": "2026-08-30T13:44:00+07:00", "satelit": "NASA-SNPP", "confidence": "Medium"}}, {"type": "Feature", "geometry": {"type": "Point", "coordinates": [109.03407, 0.45211]}, "properties": {"kab_kota": "MEMPAWAH", "kecamatan": "Mempawah Hilir", "desa": "Sengkubang", "tanggal": "2026-08-30", "timestamp": "2026-08-30T13:44:00+07:00", "satelit": "NASA-SNPP", "confidence": "Medium"}}, {"type": "Feature", "geometry": {"type": "Point", "coordinates": [109.03802, 0.45273]}, "properties": {"kab_kota": "MEMPAWAH", "kecamatan": "Mempawah Hilir", "desa": "Sengkubang", "tanggal": "2026-08-30", "timestamp": "2026-08-30T13:44:00+07:00", "satelit": "NASA-SNPP", "confidence": "Medium"}}, {"type": "Feature", "geometry": {"type": "Point", "coordinates": [109.04198, 0.45335]}, "properties": {"kab_kota": "MEMPAWAH", "kecamatan": "Mempawah Hilir", "desa": "Sengkubang", "tanggal": "2026-08-30", "timestamp": "2026-08-30T13:44:00+07:00", "satelit": "NASA-SNPP", "confidence": "Medium"}}, {"type": "Feature", "geometry": {"type": "Point", "coordinates": [109.05387, 0.45521]}, "properties": {"kab_kota": "MEMPAWAH", "kecamatan": "Mempawah Hilir", "desa": "Sengkubang", "tanggal": "2026-08-30", "timestamp": "2026-08-30T13:44:00+07:00", "satelit": "NASA-SNPP", "confidence": "Medium"}}, {"type": "Feature", "geometry": {"type": "Point", "coordinates": [109.0453, 0.45824]}, "properties": {"kab_kota": "MEMPAWAH", "kecamatan": "Mempawah Hilir", "desa": "Sengkubang", "tanggal": "2026-08-30", "timestamp": "2026-08-30T13:44:00+07:00", "satelit": "NASA-SNPP", "confidence": "Medium"}}, {"type": "Feature", "geometry": {"type": "Point", "coordinates": [109.04927, 0.45886]}, "properties": {"kab_kota": "MEMPAWAH", "kecamatan": "Mempawah Hilir", "desa": "Sengkubang", "tanggal": "2026-08-30", "timestamp": "2026-08-30T13:44:00+07:00", "satelit": "NASA-SNPP", "confidence": "Medium"}}, {"type": "Feature", "geometry": {"type": "Point", "coordinates": [109.04466, 0.46251]}, "properties": {"kab_kota": "MEMPAWAH", "kecamatan": "Mempawah Hilir", "desa": "Sengkubang", "tanggal": "2026-08-30", "timestamp": "2026-08-30T13:44:00+07:00", "satelit": "NASA-SNPP", "confidence": "Medium"}}, {"type": "Feature", "geometry": {"type": "Point", "coordinates": [109.04862, 0.46313]}, "properties": {"kab_kota": "MEMPAWAH", "kecamatan": "Mempawah Hilir", "desa": "Sengkubang", "tanggal": "2026-08-30", "timestamp": "2026-08-30T13:44:00+07:00", "satelit": "NASA-SNPP", "confidence": "Medium"}}, {"type": "Feature", "geometry": {"type": "Point", "coordinates": [109.04167, 0.43685]}, "properties": {"kab_kota": "MEMPAWAH", "kecamatan": "Mempawah Hilir", "desa": "Sengkubang", "tanggal": "2026-08-31", "timestamp": "2026-08-31T00:43:00+07:00", "satelit": "NASA-SNPP", "confidence": "Medium"}}, {"type": "Feature", "geometry": {"type": "Point", "coordinates": [109.03275, 0.44955]}, "properties": {"kab_kota": "MEMPAWAH", "kecamatan": "Mempawah Hilir", "desa": "Sengkubang", "tanggal": "2026-08-31", "timestamp": "2026-08-31T00:43:00+07:00", "satelit": "NASA-SNPP", "confidence": "Medium"}}, {"type": "Feature", "geometry": {"type": "Point", "coordinates": [109.0621, 0.45048]}, "properties": {"kab_kota": "MEMPAWAH", "kecamatan": "Mempawah Hilir", "desa": "Sengkubang", "tanggal": "2026-08-31", "timestamp": "2026-08-31T00:43:00+07:00", "satelit": "NASA-SNPP", "confidence": "Medium"}}, {"type": "Feature", "geometry": {"type": "Point", "coordinates": [109.05142, 0.4522]}, "properties": {"kab_kota": "MEMPAWAH", "kecamatan": "Mempawah Hilir", "desa": "Sengkubang", "tanggal": "2026-08-31", "timestamp": "2026-08-31T00:43:00+07:00", "satelit": "NASA-SNPP", "confidence": "Medium"}}, {"type": "Feature", "geometry": {"type": "Point", "coordinates": [109.05231, 0.45769]}, "properties": {"kab_kota": "MEMPAWAH", "kecamatan": "Mempawah Hilir", "desa": "Sengkubang", "tanggal": "2026-08-31", "timestamp": "2026-08-31T00:43:00+07:00", "satelit": "NASA-SNPP", "confidence": "Medium"}}, {"type": "Feature", "geometry": {"type": "Point", "coordinates": [109.05048, 0.45812]}, "properties": {"kab_kota": "MEMPAWAH", "kecamatan": "Mempawah Hilir", "desa": "Sengkubang", "tanggal": "2026-08-31", "timestamp": "2026-08-31T00:43:00+07:00", "satelit": "NASA-SNPP", "confidence": "Medium"}}, {"type": "Feature", "geometry": {"type": "Point", "coordinates": [109.0469, 0.45867]}, "properties": {"kab_kota": "MEMPAWAH", "kecamatan": "Mempawah Hilir", "desa": "Sengkubang", "tanggal": "2026-08-31", "timestamp": "2026-08-31T00:43:00+07:00", "satelit": "NASA-SNPP", "confidence": "Medium"}}, {"type": "Feature", "geometry": {"type": "Point", "coordinates": [109.04519, 0.45883]}, "properties": {"kab_kota": "MEMPAWAH", "kecamatan": "Mempawah Hilir", "desa": "Sengkubang", "tanggal": "2026-08-31", "timestamp": "2026-08-31T00:43:00+07:00", "satelit": "NASA-SNPP", "confidence": "Medium"}}, {"type": "Feature", "geometry": {"type": "Point", "coordinates": [109.04334, 0.45922]}, "properties": {"kab_kota": "MEMPAWAH", "kecamatan": "Mempawah Hilir", "desa": "Sengkubang", "tanggal": "2026-08-31", "timestamp": "2026-08-31T00:43:00+07:00", "satelit": "NASA-SNPP", "confidence": "Medium"}}, {"type": "Feature", "geometry": {"type": "Point", "coordinates": [109.04783, 0.46416]}, "properties": {"kab_kota": "MEMPAWAH", "kecamatan": "Mempawah Hilir", "desa": "Sengkubang", "tanggal": "2026-08-31", "timestamp": "2026-08-31T00:43:00+07:00", "satelit": "NASA-SNPP", "confidence": "Medium"}}, {"type": "Feature", "geometry": {"type": "Point", "coordinates": [109.0461, 0.46432]}, "properties": {"kab_kota": "MEMPAWAH", "kecamatan": "Mempawah Hilir", "desa": "Sengkubang", "tanggal": "2026-08-31", "timestamp": "2026-08-31T00:43:00+07:00", "satelit": "NASA-SNPP", "confidence": "Medium"}}, {"type": "Feature", "geometry": {"type": "Point", "coordinates": [109.04259, 0.43989]}, "properties": {"kab_kota": "MEMPAWAH", "kecamatan": "Mempawah Hilir", "desa": "Sengkubang", "tanggal": "2026-08-31", "timestamp": "2026-08-31T13:22:00+07:00", "satelit": "NASA-SNPP", "confidence": "Medium"}}, {"type": "Feature", "geometry": {"type": "Point", "coordinates": [109.04912, 0.44432]}, "properties": {"kab_kota": "MEMPAWAH", "kecamatan": "Mempawah Hilir", "desa": "Sengkubang", "tanggal": "2026-08-31", "timestamp": "2026-08-31T13:22:00+07:00", "satelit": "NASA-SNPP", "confidence": "Medium"}}, {"type": "Feature", "geometry": {"type": "Point", "coordinates": [109.03402, 0.44888]}, "properties": {"kab_kota": "MEMPAWAH", "kecamatan": "Mempawah Hilir", "desa": "Sengkubang", "tanggal": "2026-08-31", "timestamp": "2026-08-31T13:22:00+07:00", "satelit": "NASA-SNPP", "confidence": "Medium"}}, {"type": "Feature", "geometry": {"type": "Point", "coordinates": [109.03704, 0.45278]}, "properties": {"kab_kota": "MEMPAWAH", "kecamatan": "Mempawah Hilir", "desa": "Sengkubang", "tanggal": "2026-08-31", "timestamp": "2026-08-31T13:22:00+07:00", "satelit": "NASA-SNPP", "confidence": "Medium"}}, {"type": "Feature", "geometry": {"type": "Point", "coordinates": [109.05112, 0.45493]}, "properties": {"kab_kota": "MEMPAWAH", "kecamatan": "Mempawah Hilir", "desa": "Sengkubang", "tanggal": "2026-08-31", "timestamp": "2026-08-31T13:22:00+07:00", "satelit": "NASA-SNPP", "confidence": "Medium"}}, {"type": "Feature", "geometry": {"type": "Point", "coordinates": [109.0471, 0.45775]}, "properties": {"kab_kota": "MEMPAWAH", "kecamatan": "Mempawah Hilir", "desa": "Sengkubang", "tanggal": "2026-08-31", "timestamp": "2026-08-31T13:22:00+07:00", "satelit": "NASA-SNPP", "confidence": "Medium"}}, {"type": "Feature", "geometry": {"type": "Point", "coordinates": [109.05062, 0.45829]}, "properties": {"kab_kota": "MEMPAWAH", "kecamatan": "Mempawah Hilir", "desa": "Sengkubang", "tanggal": "2026-08-31", "timestamp": "2026-08-31T13:22:00+07:00", "satelit": "NASA-SNPP", "confidence": "Medium"}}, {"type": "Feature", "geometry": {"type": "Point", "coordinates": [109.06824, 0.46099]}, "properties": {"kab_kota": "MEMPAWAH", "kecamatan": "Mempawah Hilir", "desa": "Sengkubang", "tanggal": "2026-08-31", "timestamp": "2026-08-31T13:22:00+07:00", "satelit": "NASA-SNPP", "confidence": "Medium"}}, {"type": "Feature", "geometry": {"type": "Point", "coordinates": [109.04659, 0.46111]}, "properties": {"kab_kota": "MEMPAWAH", "kecamatan": "Mempawah Hilir", "desa": "Sengkubang", "tanggal": "2026-08-31", "timestamp": "2026-08-31T13:22:00+07:00", "satelit": "NASA-SNPP", "confidence": "Medium"}}, {"type": "Feature", "geometry": {"type": "Point", "coordinates": [109.03111, 0.38037]}, "properties": {"kab_kota": "MEMPAWAH", "kecamatan": "Mempawah Timur", "desa": "Antibar", "tanggal": "2026-08-22", "timestamp": "2026-08-22T12:53:00+07:00", "satelit": "NASA-SNPP", "confidence": "Medium"}}, {"type": "Feature", "geometry": {"type": "Point", "coordinates": [109.02685, 0.37616]}, "properties": {"kab_kota": "MEMPAWAH", "kecamatan": "Mempawah Timur", "desa": "Antibar", "tanggal": "2026-08-24", "timestamp": "2026-08-24T01:13:00+07:00", "satelit": "NASA-SNPP", "confidence": "Medium"}}, {"type": "Feature", "geometry": {"type": "Point", "coordinates": [109.03185, 0.38104]}, "properties": {"kab_kota": "MEMPAWAH", "kecamatan": "Mempawah Timur", "desa": "Antibar", "tanggal": "2026-08-25", "timestamp": "2026-08-25T13:35:00+07:00", "satelit": "NASA-SNPP", "confidence": "Medium"}}, {"type": "Feature", "geometry": {"type": "Point", "coordinates": [109.05781, 0.37087]}, "properties": {"kab_kota": "MEMPAWAH", "kecamatan": "Mempawah Timur", "desa": "Antibar", "tanggal": "2026-08-28", "timestamp": "2026-08-28T12:40:00+07:00", "satelit": "NASA-SNPP", "confidence": "Medium"}}, {"type": "Feature", "geometry": {"type": "Point", "coordinates": [109.05701, 0.34742]}, "properties": {"kab_kota": "MEMPAWAH", "kecamatan": "Mempawah Timur", "desa": "Parit Banjar", "tanggal": "2026-08-31", "timestamp": "2026-08-31T13:22:00+07:00", "satelit": "NASA-SNPP", "confidence": "Medium"}}, {"type": "Feature", "geometry": {"type": "Point", "coordinates": [109.03489, 0.35089]}, "properties": {"kab_kota": "MEMPAWAH", "kecamatan": "Mempawah Timur", "desa": "Parit Banjar", "tanggal": "2026-08-31", "timestamp": "2026-08-31T13:22:00+07:00", "satelit": "NASA-SNPP", "confidence": "Medium"}}, {"type": "Feature", "geometry": {"type": "Point", "coordinates": [109.01574, 0.35284]}, "properties": {"kab_kota": "MEMPAWAH", "kecamatan": "Mempawah Timur", "desa": "Pasir Palembang", "tanggal": "2026-08-18", "timestamp": "2026-08-18T01:26:00+07:00", "satelit": "NASA-SNPP", "confidence": "Medium"}}, {"type": "Feature", "geometry": {"type": "Point", "coordinates": [109.01264, 0.35682]}, "properties": {"kab_kota": "MEMPAWAH", "kecamatan": "Mempawah Timur", "desa": "Pasir Palembang", "tanggal": "2026-08-18", "timestamp": "2026-08-18T01:26:00+07:00", "satelit": "NASA-SNPP", "confidence": "Medium"}}, {"type": "Feature", "geometry": {"type": "Point", "coordinates": [109.0373, 0.38747]}, "properties": {"kab_kota": "MEMPAWAH", "kecamatan": "Mempawah Timur", "desa": "Sejegi", "tanggal": "2026-08-15", "timestamp": "2026-08-15T13:22:00+07:00", "satelit": "NASA-SNPP", "confidence": "Medium"}}, {"type": "Feature", "geometry": {"type": "Point", "coordinates": [109.03509, 0.39115]}, "properties": {"kab_kota": "MEMPAWAH", "kecamatan": "Mempawah Timur", "desa": "Sejegi", "tanggal": "2026-08-30", "timestamp": "2026-08-30T13:44:00+07:00", "satelit": "NASA-SNPP", "confidence": "Medium"}}, {"type": "Feature", "geometry": {"type": "Point", "coordinates": [109.04614, 0.39237]}, "properties": {"kab_kota": "MEMPAWAH", "kecamatan": "Mempawah Timur", "desa": "Sejegi", "tanggal": "2026-08-31", "timestamp": "2026-08-31T13:22:00+07:00", "satelit": "NASA-SNPP", "confidence": "Medium"}}, {"type": "Feature", "geometry": {"type": "Point", "coordinates": [109.14013, 0.55657]}, "properties": {"kab_kota": "MEMPAWAH", "kecamatan": "Sadaniang", "desa": "Amawang", "tanggal": "2026-08-24", "timestamp": "2026-08-24T01:13:00+07:00", "satelit": "NASA-SNPP", "confidence": "Medium"}}, {"type": "Feature", "geometry": {"type": "Point", "coordinates": [109.14, 0.55766]}, "properties": {"kab_kota": "MEMPAWAH", "kecamatan": "Sadaniang", "desa": "Amawang", "tanggal": "2026-08-24", "timestamp": "2026-08-24T01:13:00+07:00", "satelit": "NASA-SNPP", "confidence": "Medium"}}, {"type": "Feature", "geometry": {"type": "Point", "coordinates": [109.24321, 0.65162]}, "properties": {"kab_kota": "MEMPAWAH", "kecamatan": "Sadaniang", "desa": "Ansiap", "tanggal": "2026-08-05", "timestamp": "2026-08-05T13:12:00+07:00", "satelit": "NASA-SNPP", "confidence": "Medium"}}, {"type": "Feature", "geometry": {"type": "Point", "coordinates": [109.24336, 0.65261]}, "properties": {"kab_kota": "MEMPAWAH", "kecamatan": "Sadaniang", "desa": "Ansiap", "tanggal": "2026-08-05", "timestamp": "2026-08-05T13:12:00+07:00", "satelit": "NASA-SNPP", "confidence": "Medium"}}, {"type": "Feature", "geometry": {"type": "Point", "coordinates": [109.1849, 0.62059]}, "properties": {"kab_kota": "MEMPAWAH", "kecamatan": "Sadaniang", "desa": "Ansiap", "tanggal": "2026-08-07", "timestamp": "2026-08-07T14:14:00+07:00", "satelit": "NASA-SNPP", "confidence": "Medium"}}, {"type": "Feature", "geometry": {"type": "Point", "coordinates": [109.18859, 0.62201]}, "properties": {"kab_kota": "MEMPAWAH", "kecamatan": "Sadaniang", "desa": "Ansiap", "tanggal": "2026-08-07", "timestamp": "2026-08-07T14:14:00+07:00", "satelit": "NASA-SNPP", "confidence": "Medium"}}, {"type": "Feature", "geometry": {"type": "Point", "coordinates": [109.20161, 0.56296]}, "properties": {"kab_kota": "MEMPAWAH", "kecamatan": "Sadaniang", "desa": "Ansiap", "tanggal": "2026-08-16", "timestamp": "2026-08-16T13:03:00+07:00", "satelit": "NASA-SNPP", "confidence": "Medium"}}, {"type": "Feature", "geometry": {"type": "Point", "coordinates": [109.20916, 0.56164]}, "properties": {"kab_kota": "MEMPAWAH", "kecamatan": "Sadaniang", "desa": "Ansiap", "tanggal": "2026-08-28", "timestamp": "2026-08-28T12:40:00+07:00", "satelit": "NASA-SNPP", "confidence": "Medium"}}, {"type": "Feature", "geometry": {"type": "Point", "coordinates": [109.20822, 0.56727]}, "properties": {"kab_kota": "MEMPAWAH", "kecamatan": "Sadaniang", "desa": "Ansiap", "tanggal": "2026-08-28", "timestamp": "2026-08-28T12:40:00+07:00", "satelit": "NASA-SNPP", "confidence": "Medium"}}, {"type": "Feature", "geometry": {"type": "Point", "coordinates": [109.19176, 0.57758]}, "properties": {"kab_kota": "MEMPAWAH", "kecamatan": "Sadaniang", "desa": "Ansiap", "tanggal": "2026-08-31", "timestamp": "2026-08-31T13:22:00+07:00", "satelit": "NASA-SNPP", "confidence": "Medium"}}, {"type": "Feature", "geometry": {"type": "Point", "coordinates": [109.05827, 0.57434]}, "properties": {"kab_kota": "MEMPAWAH", "kecamatan": "Sadaniang", "desa": "Bum-Bun", "tanggal": "2026-08-31", "timestamp": "2026-08-31T13:22:00+07:00", "satelit": "NASA-SNPP", "confidence": "Medium"}}, {"type": "Feature", "geometry": {"type": "Point", "coordinates": [109.23279, 0.53845]}, "properties": {"kab_kota": "MEMPAWAH", "kecamatan": "Sadaniang", "desa": "Pentek", "tanggal": "2026-08-18", "timestamp": "2026-08-18T14:07:00+07:00", "satelit": "NASA-SNPP", "confidence": "Medium"}}, {"type": "Feature", "geometry": {"type": "Point", "coordinates": [109.23592, 0.54123]}, "properties": {"kab_kota": "MEMPAWAH", "kecamatan": "Sadaniang", "desa": "Pentek", "tanggal": "2026-08-18", "timestamp": "2026-08-18T14:07:00+07:00", "satelit": "NASA-SNPP", "confidence": "Medium"}}, {"type": "Feature", "geometry": {"type": "Point", "coordinates": [109.23183, 0.54508]}, "properties": {"kab_kota": "MEMPAWAH", "kecamatan": "Sadaniang", "desa": "Pentek", "tanggal": "2026-08-18", "timestamp": "2026-08-18T14:07:00+07:00", "satelit": "NASA-SNPP", "confidence": "Medium"}}, {"type": "Feature", "geometry": {"type": "Point", "coordinates": [109.1827, 0.51706]}, "properties": {"kab_kota": "MEMPAWAH", "kecamatan": "Sadaniang", "desa": "Sekabuk", "tanggal": "2026-08-11", "timestamp": "2026-08-11T01:58:00+07:00", "satelit": "NASA-SNPP", "confidence": "Medium"}}, {"type": "Feature", "geometry": {"type": "Point", "coordinates": [109.18208, 0.5173]}, "properties": {"kab_kota": "MEMPAWAH", "kecamatan": "Sadaniang", "desa": "Sekabuk", "tanggal": "2026-08-13", "timestamp": "2026-08-13T01:19:00+07:00", "satelit": "NASA-SNPP", "confidence": "Medium"}}, {"type": "Feature", "geometry": {"type": "Point", "coordinates": [109.18604, 0.52007]}, "properties": {"kab_kota": "MEMPAWAH", "kecamatan": "Sadaniang", "desa": "Sekabuk", "tanggal": "2026-08-13", "timestamp": "2026-08-13T01:19:00+07:00", "satelit": "NASA-SNPP", "confidence": "Medium"}}, {"type": "Feature", "geometry": {"type": "Point", "coordinates": [109.1826, 0.52061]}, "properties": {"kab_kota": "MEMPAWAH", "kecamatan": "Sadaniang", "desa": "Sekabuk", "tanggal": "2026-08-13", "timestamp": "2026-08-13T01:19:00+07:00", "satelit": "NASA-SNPP", "confidence": "Medium"}}, {"type": "Feature", "geometry": {"type": "Point", "coordinates": [109.17575, 0.51839]}, "properties": {"kab_kota": "MEMPAWAH", "kecamatan": "Sadaniang", "desa": "Sekabuk", "tanggal": "2026-08-22", "timestamp": "2026-08-22T01:51:00+07:00", "satelit": "NASA-SNPP", "confidence": "Medium"}}, {"type": "Feature", "geometry": {"type": "Point", "coordinates": [109.17456, 0.5185]}, "properties": {"kab_kota": "MEMPAWAH", "kecamatan": "Sadaniang", "desa": "Sekabuk", "tanggal": "2026-08-22", "timestamp": "2026-08-22T01:51:00+07:00", "satelit": "NASA-SNPP", "confidence": "Medium"}}, {"type": "Feature", "geometry": {"type": "Point", "coordinates": [109.19422, 0.5063]}, "properties": {"kab_kota": "MEMPAWAH", "kecamatan": "Sadaniang", "desa": "Sekabuk", "tanggal": "2026-08-24", "timestamp": "2026-08-24T13:57:00+07:00", "satelit": "NASA-SNPP", "confidence": "Medium"}}, {"type": "Feature", "geometry": {"type": "Point", "coordinates": [109.1968, 0.49371]}, "properties": {"kab_kota": "MEMPAWAH", "kecamatan": "Sadaniang", "desa": "Sekabuk", "tanggal": "2026-08-29", "timestamp": "2026-08-29T14:01:00+07:00", "satelit": "NASA-SNPP", "confidence": "Medium"}}, {"type": "Feature", "geometry": {"type": "Point", "coordinates": [109.196, 0.49593]}, "properties": {"kab_kota": "MEMPAWAH", "kecamatan": "Sadaniang", "desa": "Sekabuk", "tanggal": "2026-08-29", "timestamp": "2026-08-29T14:01:00+07:00", "satelit": "NASA-SNPP", "confidence": "Medium"}}, {"type": "Feature", "geometry": {"type": "Point", "coordinates": [109.19501, 0.50564]}, "properties": {"kab_kota": "MEMPAWAH", "kecamatan": "Sadaniang", "desa": "Sekabuk", "tanggal": "2026-08-29", "timestamp": "2026-08-29T14:01:00+07:00", "satelit": "NASA-SNPP", "confidence": "Medium"}}, {"type": "Feature", "geometry": {"type": "Point", "coordinates": [109.19419, 0.50787]}, "properties": {"kab_kota": "MEMPAWAH", "kecamatan": "Sadaniang", "desa": "Sekabuk", "tanggal": "2026-08-29", "timestamp": "2026-08-29T14:01:00+07:00", "satelit": "NASA-SNPP", "confidence": "Medium"}}, {"type": "Feature", "geometry": {"type": "Point", "coordinates": [109.18552, 0.51023]}, "properties": {"kab_kota": "MEMPAWAH", "kecamatan": "Sadaniang", "desa": "Sekabuk", "tanggal": "2026-08-29", "timestamp": "2026-08-29T14:01:00+07:00", "satelit": "NASA-SNPP", "confidence": "Medium"}}, {"type": "Feature", "geometry": {"type": "Point", "coordinates": [109.19412, 0.51161]}, "properties": {"kab_kota": "MEMPAWAH", "kecamatan": "Sadaniang", "desa": "Sekabuk", "tanggal": "2026-08-29", "timestamp": "2026-08-29T14:01:00+07:00", "satelit": "NASA-SNPP", "confidence": "Medium"}}, {"type": "Feature", "geometry": {"type": "Point", "coordinates": [109.18463, 0.51251]}, "properties": {"kab_kota": "MEMPAWAH", "kecamatan": "Sadaniang", "desa": "Sekabuk", "tanggal": "2026-08-29", "timestamp": "2026-08-29T14:01:00+07:00", "satelit": "NASA-SNPP", "confidence": "Medium"}}, {"type": "Feature", "geometry": {"type": "Point", "coordinates": [109.19328, 0.51384]}, "properties": {"kab_kota": "MEMPAWAH", "kecamatan": "Sadaniang", "desa": "Sekabuk", "tanggal": "2026-08-29", "timestamp": "2026-08-29T14:01:00+07:00", "satelit": "NASA-SNPP", "confidence": "Medium"}}, {"type": "Feature", "geometry": {"type": "Point", "coordinates": [109.18376, 0.51848]}, "properties": {"kab_kota": "MEMPAWAH", "kecamatan": "Sadaniang", "desa": "Sekabuk", "tanggal": "2026-08-29", "timestamp": "2026-08-29T14:01:00+07:00", "satelit": "NASA-SNPP", "confidence": "Medium"}}, {"type": "Feature", "geometry": {"type": "Point", "coordinates": [109.18468, 0.50758]}, "properties": {"kab_kota": "MEMPAWAH", "kecamatan": "Sadaniang", "desa": "Sekabuk", "tanggal": "2026-08-30", "timestamp": "2026-08-30T01:02:00+07:00", "satelit": "NASA-SNPP", "confidence": "Medium"}}, {"type": "Feature", "geometry": {"type": "Point", "coordinates": [109.18531, 0.51151]}, "properties": {"kab_kota": "MEMPAWAH", "kecamatan": "Sadaniang", "desa": "Sekabuk", "tanggal": "2026-08-30", "timestamp": "2026-08-30T01:02:00+07:00", "satelit": "NASA-SNPP", "confidence": "Medium"}}, {"type": "Feature", "geometry": {"type": "Point", "coordinates": [109.18036, 0.5123]}, "properties": {"kab_kota": "MEMPAWAH", "kecamatan": "Sadaniang", "desa": "Sekabuk", "tanggal": "2026-08-30", "timestamp": "2026-08-30T01:02:00+07:00", "satelit": "NASA-SNPP", "confidence": "Medium"}}, {"type": "Feature", "geometry": {"type": "Point", "coordinates": [109.18098, 0.51624]}, "properties": {"kab_kota": "MEMPAWAH", "kecamatan": "Sadaniang", "desa": "Sekabuk", "tanggal": "2026-08-30", "timestamp": "2026-08-30T01:02:00+07:00", "satelit": "NASA-SNPP", "confidence": "Medium"}}, {"type": "Feature", "geometry": {"type": "Point", "coordinates": [109.20512, 0.51591]}, "properties": {"kab_kota": "MEMPAWAH", "kecamatan": "Sadaniang", "desa": "Sekabuk", "tanggal": "2026-08-30", "timestamp": "2026-08-30T13:44:00+07:00", "satelit": "NASA-SNPP", "confidence": "Medium"}}, {"type": "Feature", "geometry": {"type": "Point", "coordinates": [109.17606, 0.51318]}, "properties": {"kab_kota": "MEMPAWAH", "kecamatan": "Sadaniang", "desa": "Sekabuk", "tanggal": "2026-08-31", "timestamp": "2026-08-31T13:22:00+07:00", "satelit": "NASA-SNPP", "confidence": "Medium"}}, {"type": "Feature", "geometry": {"type": "Point", "coordinates": [109.19762, 0.51528]}, "properties": {"kab_kota": "MEMPAWAH", "kecamatan": "Sadaniang", "desa": "Sekabuk", "tanggal": "2026-08-31", "timestamp": "2026-08-31T13:22:00+07:00", "satelit": "NASA-SNPP", "confidence": "Medium"}}, {"type": "Feature", "geometry": {"type": "Point", "coordinates": [109.19736, 0.51641]}, "properties": {"kab_kota": "MEMPAWAH", "kecamatan": "Sadaniang", "desa": "Sekabuk", "tanggal": "2026-08-31", "timestamp": "2026-08-31T13:22:00+07:00", "satelit": "NASA-SNPP", "confidence": "Medium"}}, {"type": "Feature", "geometry": {"type": "Point", "coordinates": [109.18204, 0.62099]}, "properties": {"kab_kota": "MEMPAWAH", "kecamatan": "Sadaniang", "desa": "Suak Barangan", "tanggal": "2026-08-07", "timestamp": "2026-08-07T14:14:00+07:00", "satelit": "NASA-SNPP", "confidence": "Medium"}}, {"type": "Feature", "geometry": {"type": "Point", "coordinates": [109.19666, 0.65451]}, "properties": {"kab_kota": "MEMPAWAH", "kecamatan": "Sadaniang", "desa": "Suak Barangan", "tanggal": "2026-08-28", "timestamp": "2026-08-28T12:40:00+07:00", "satelit": "NASA-SNPP", "confidence": "Medium"}}, {"type": "Feature", "geometry": {"type": "Point", "coordinates": [109.19884, 0.6664]}, "properties": {"kab_kota": "MEMPAWAH", "kecamatan": "Sadaniang", "desa": "Suak Barangan", "tanggal": "2026-08-28", "timestamp": "2026-08-28T12:40:00+07:00", "satelit": "NASA-SNPP", "confidence": "Medium"}}, {"type": "Feature", "geometry": {"type": "Point", "coordinates": [109.22914, 0.21912]}, "properties": {"kab_kota": "MEMPAWAH", "kecamatan": "Segedong", "desa": "Peniti Besar", "tanggal": "2026-08-14", "timestamp": "2026-08-14T01:02:00+07:00", "satelit": "NASA-SNPP", "confidence": "Medium"}}, {"type": "Feature", "geometry": {"type": "Point", "coordinates": [109.22425, 0.21988]}, "properties": {"kab_kota": "MEMPAWAH", "kecamatan": "Segedong", "desa": "Peniti Besar", "tanggal": "2026-08-14", "timestamp": "2026-08-14T01:02:00+07:00", "satelit": "NASA-SNPP", "confidence": "Medium"}}, {"type": "Feature", "geometry": {"type": "Point", "coordinates": [109.22359, 0.21939]}, "properties": {"kab_kota": "MEMPAWAH", "kecamatan": "Segedong", "desa": "Peniti Besar", "tanggal": "2026-08-14", "timestamp": "2026-08-14T13:42:00+07:00", "satelit": "NASA-SNPP", "confidence": "Medium"}}, {"type": "Feature", "geometry": {"type": "Point", "coordinates": [109.22764, 0.22003]}, "properties": {"kab_kota": "MEMPAWAH", "kecamatan": "Segedong", "desa": "Peniti Besar", "tanggal": "2026-08-14", "timestamp": "2026-08-14T13:42:00+07:00", "satelit": "NASA-SNPP", "confidence": "Medium"}}, {"type": "Feature", "geometry": {"type": "Point", "coordinates": [109.22433, 0.22062]}, "properties": {"kab_kota": "MEMPAWAH", "kecamatan": "Segedong", "desa": "Peniti Besar", "tanggal": "2026-08-14", "timestamp": "2026-08-14T13:42:00+07:00", "satelit": "NASA-SNPP", "confidence": "Medium"}}, {"type": "Feature", "geometry": {"type": "Point", "coordinates": [109.21077, 0.22741]}, "properties": {"kab_kota": "MEMPAWAH", "kecamatan": "Segedong", "desa": "Peniti Besar", "tanggal": "2026-08-14", "timestamp": "2026-08-14T13:42:00+07:00", "satelit": "NASA-SNPP", "confidence": "Medium"}}, {"type": "Feature", "geometry": {"type": "Point", "coordinates": [109.21484, 0.22803]}, "properties": {"kab_kota": "MEMPAWAH", "kecamatan": "Segedong", "desa": "Peniti Besar", "tanggal": "2026-08-14", "timestamp": "2026-08-14T13:42:00+07:00", "satelit": "NASA-SNPP", "confidence": "Medium"}}, {"type": "Feature", "geometry": {"type": "Point", "coordinates": [109.22612, 0.2187]}, "properties": {"kab_kota": "MEMPAWAH", "kecamatan": "Segedong", "desa": "Peniti Besar", "tanggal": "2026-08-15", "timestamp": "2026-08-15T00:41:00+07:00", "satelit": "NASA-SNPP", "confidence": "Medium"}}, {"type": "Feature", "geometry": {"type": "Point", "coordinates": [109.22272, 0.21925]}, "properties": {"kab_kota": "MEMPAWAH", "kecamatan": "Segedong", "desa": "Peniti Besar", "tanggal": "2026-08-15", "timestamp": "2026-08-15T00:41:00+07:00", "satelit": "NASA-SNPP", "confidence": "Medium"}}, {"type": "Feature", "geometry": {"type": "Point", "coordinates": [109.22637, 0.22093]}, "properties": {"kab_kota": "MEMPAWAH", "kecamatan": "Segedong", "desa": "Peniti Besar", "tanggal": "2026-08-15", "timestamp": "2026-08-15T00:41:00+07:00", "satelit": "NASA-SNPP", "confidence": "Medium"}}, {"type": "Feature", "geometry": {"type": "Point", "coordinates": [109.22296, 0.22146]}, "properties": {"kab_kota": "MEMPAWAH", "kecamatan": "Segedong", "desa": "Peniti Besar", "tanggal": "2026-08-15", "timestamp": "2026-08-15T00:41:00+07:00", "satelit": "NASA-SNPP", "confidence": "Medium"}}, {"type": "Feature", "geometry": {"type": "Point", "coordinates": [109.22742, 0.21488]}, "properties": {"kab_kota": "MEMPAWAH", "kecamatan": "Segedong", "desa": "Peniti Besar", "tanggal": "2026-08-28", "timestamp": "2026-08-28T12:40:00+07:00", "satelit": "NASA-SNPP", "confidence": "Medium"}}, {"type": "Feature", "geometry": {"type": "Point", "coordinates": [109.22361, 0.21821]}, "properties": {"kab_kota": "MEMPAWAH", "kecamatan": "Segedong", "desa": "Peniti Besar", "tanggal": "2026-08-28", "timestamp": "2026-08-28T12:40:00+07:00", "satelit": "NASA-SNPP", "confidence": "Medium"}}, {"type": "Feature", "geometry": {"type": "Point", "coordinates": [109.22743, 0.21879]}, "properties": {"kab_kota": "MEMPAWAH", "kecamatan": "Segedong", "desa": "Peniti Besar", "tanggal": "2026-08-28", "timestamp": "2026-08-28T12:40:00+07:00", "satelit": "NASA-SNPP", "confidence": "Medium"}}, {"type": "Feature", "geometry": {"type": "Point", "coordinates": [109.22681, 0.22467]}, "properties": {"kab_kota": "MEMPAWAH", "kecamatan": "Segedong", "desa": "Peniti Besar", "tanggal": "2026-08-30", "timestamp": "2026-08-30T01:02:00+07:00", "satelit": "NASA-SNPP", "confidence": "Medium"}}, {"type": "Feature", "geometry": {"type": "Point", "coordinates": [109.22575, 0.2171]}, "properties": {"kab_kota": "MEMPAWAH", "kecamatan": "Segedong", "desa": "Peniti Besar", "tanggal": "2026-08-31", "timestamp": "2026-08-31T13:22:00+07:00", "satelit": "NASA-SNPP", "confidence": "Medium"}}, {"type": "Feature", "geometry": {"type": "Point", "coordinates": [109.37772, 0.18629]}, "properties": {"kab_kota": "MEMPAWAH", "kecamatan": "Segedong", "desa": "Peniti Dalam I", "tanggal": "2026-08-06", "timestamp": "2026-08-06T01:51:00+07:00", "satelit": "NASA-SNPP", "confidence": "Medium"}}, {"type": "Feature", "geometry": {"type": "Point", "coordinates": [109.38067, 0.18401]}, "properties": {"kab_kota": "MEMPAWAH", "kecamatan": "Segedong", "desa": "Peniti Dalam I", "tanggal": "2026-08-06", "timestamp": "2026-08-06T12:53:00+07:00", "satelit": "NASA-SNPP", "confidence": "Medium"}}, {"type": "Feature", "geometry": {"type": "Point", "coordinates": [109.38039, 0.1834]}, "properties": {"kab_kota": "MEMPAWAH", "kecamatan": "Segedong", "desa": "Peniti Dalam I", "tanggal": "2026-08-07", "timestamp": "2026-08-07T01:32:00+07:00", "satelit": "NASA-SNPP", "confidence": "Medium"}}, {"type": "Feature", "geometry": {"type": "Point", "coordinates": [109.37596, 0.18409]}, "properties": {"kab_kota": "MEMPAWAH", "kecamatan": "Segedong", "desa": "Peniti Dalam I", "tanggal": "2026-08-07", "timestamp": "2026-08-07T01:32:00+07:00", "satelit": "NASA-SNPP", "confidence": "Medium"}}, {"type": "Feature", "geometry": {"type": "Point", "coordinates": [109.38163, 0.18346]}, "properties": {"kab_kota": "MEMPAWAH", "kecamatan": "Segedong", "desa": "Peniti Dalam I", "tanggal": "2026-08-08", "timestamp": "2026-08-08T01:13:00+07:00", "satelit": "NASA-SNPP", "confidence": "Medium"}}, {"type": "Feature", "geometry": {"type": "Point", "coordinates": [109.37811, 0.18402]}, "properties": {"kab_kota": "MEMPAWAH", "kecamatan": "Segedong", "desa": "Peniti Dalam I", "tanggal": "2026-08-08", "timestamp": "2026-08-08T01:13:00+07:00", "satelit": "NASA-SNPP", "confidence": "Medium"}}, {"type": "Feature", "geometry": {"type": "Point", "coordinates": [109.25992, 0.14255]}, "properties": {"kab_kota": "MEMPAWAH", "kecamatan": "Segedong", "desa": "Peniti Dalam I", "tanggal": "2026-08-08", "timestamp": "2026-08-08T13:57:00+07:00", "satelit": "NASA-SNPP", "confidence": "Medium"}}, {"type": "Feature", "geometry": {"type": "Point", "coordinates": [109.26187, 0.15174]}, "properties": {"kab_kota": "MEMPAWAH", "kecamatan": "Segedong", "desa": "Peniti Dalam I", "tanggal": "2026-08-09", "timestamp": "2026-08-09T00:56:00+07:00", "satelit": "NASA-SNPP", "confidence": "Medium"}}, {"type": "Feature", "geometry": {"type": "Point", "coordinates": [109.38234, 0.18144]}, "properties": {"kab_kota": "MEMPAWAH", "kecamatan": "Segedong", "desa": "Peniti Dalam I", "tanggal": "2026-08-09", "timestamp": "2026-08-09T00:56:00+07:00", "satelit": "NASA-SNPP", "confidence": "Medium"}}, {"type": "Feature", "geometry": {"type": "Point", "coordinates": [109.37836, 0.18206]}, "properties": {"kab_kota": "MEMPAWAH", "kecamatan": "Segedong", "desa": "Peniti Dalam I", "tanggal": "2026-08-09", "timestamp": "2026-08-09T00:56:00+07:00", "satelit": "NASA-SNPP", "confidence": "Medium"}}, {"type": "Feature", "geometry": {"type": "Point", "coordinates": [109.36237, 0.18458]}, "properties": {"kab_kota": "MEMPAWAH", "kecamatan": "Segedong", "desa": "Peniti Dalam I", "tanggal": "2026-08-09", "timestamp": "2026-08-09T00:56:00+07:00", "satelit": "NASA-SNPP", "confidence": "Medium"}}, {"type": "Feature", "geometry": {"type": "Point", "coordinates": [109.36343, 0.1855]}, "properties": {"kab_kota": "MEMPAWAH", "kecamatan": "Segedong", "desa": "Peniti Dalam I", "tanggal": "2026-08-09", "timestamp": "2026-08-09T13:35:00+07:00", "satelit": "NASA-SNPP", "confidence": "Medium"}}, {"type": "Feature", "geometry": {"type": "Point", "coordinates": [109.36285, 0.18944]}, "properties": {"kab_kota": "MEMPAWAH", "kecamatan": "Segedong", "desa": "Peniti Dalam I", "tanggal": "2026-08-09", "timestamp": "2026-08-09T13:35:00+07:00", "satelit": "NASA-SNPP", "confidence": "Medium"}}, {"type": "Feature", "geometry": {"type": "Point", "coordinates": [109.38539, 0.18369]}, "properties": {"kab_kota": "MEMPAWAH", "kecamatan": "Segedong", "desa": "Peniti Dalam I", "tanggal": "2026-08-10", "timestamp": "2026-08-10T13:18:00+07:00", "satelit": "NASA-SNPP", "confidence": "Medium"}}, {"type": "Feature", "geometry": {"type": "Point", "coordinates": [109.37942, 0.18458]}, "properties": {"kab_kota": "MEMPAWAH", "kecamatan": "Segedong", "desa": "Peniti Dalam I", "tanggal": "2026-08-28", "timestamp": "2026-08-28T12:40:00+07:00", "satelit": "NASA-SNPP", "confidence": "Medium"}}, {"type": "Feature", "geometry": {"type": "Point", "coordinates": [109.3597, 0.19169]}, "properties": {"kab_kota": "MEMPAWAH", "kecamatan": "Segedong", "desa": "Peniti Dalam I", "tanggal": "2026-08-30", "timestamp": "2026-08-30T01:02:00+07:00", "satelit": "NASA-SNPP", "confidence": "Medium"}}, {"type": "Feature", "geometry": {"type": "Point", "coordinates": [109.26501, 0.1544]}, "properties": {"kab_kota": "MEMPAWAH", "kecamatan": "Segedong", "desa": "Peniti Dalam Ii", "tanggal": "2026-08-08", "timestamp": "2026-08-08T13:57:00+07:00", "satelit": "NASA-SNPP", "confidence": "Medium"}}, {"type": "Feature", "geometry": {"type": "Point", "coordinates": [109.26516, 0.1566]}, "properties": {"kab_kota": "MEMPAWAH", "kecamatan": "Segedong", "desa": "Peniti Dalam Ii", "tanggal": "2026-08-08", "timestamp": "2026-08-08T13:57:00+07:00", "satelit": "NASA-SNPP", "confidence": "Medium"}}, {"type": "Feature", "geometry": {"type": "Point", "coordinates": [109.26085, 0.15926]}, "properties": {"kab_kota": "MEMPAWAH", "kecamatan": "Segedong", "desa": "Peniti Dalam Ii", "tanggal": "2026-08-08", "timestamp": "2026-08-08T13:57:00+07:00", "satelit": "NASA-SNPP", "confidence": "Medium"}}, {"type": "Feature", "geometry": {"type": "Point", "coordinates": [109.2642, 0.1598]}, "properties": {"kab_kota": "MEMPAWAH", "kecamatan": "Segedong", "desa": "Peniti Dalam Ii", "tanggal": "2026-08-08", "timestamp": "2026-08-08T13:57:00+07:00", "satelit": "NASA-SNPP", "confidence": "Medium"}}, {"type": "Feature", "geometry": {"type": "Point", "coordinates": [109.26359, 0.15386]}, "properties": {"kab_kota": "MEMPAWAH", "kecamatan": "Segedong", "desa": "Peniti Dalam Ii", "tanggal": "2026-08-09", "timestamp": "2026-08-09T00:56:00+07:00", "satelit": "NASA-SNPP", "confidence": "Medium"}}, {"type": "Feature", "geometry": {"type": "Point", "coordinates": [109.2595, 0.15452]}, "properties": {"kab_kota": "MEMPAWAH", "kecamatan": "Segedong", "desa": "Peniti Dalam Ii", "tanggal": "2026-08-09", "timestamp": "2026-08-09T00:56:00+07:00", "satelit": "NASA-SNPP", "confidence": "Medium"}}, {"type": "Feature", "geometry": {"type": "Point", "coordinates": [109.26257, 0.15605]}, "properties": {"kab_kota": "MEMPAWAH", "kecamatan": "Segedong", "desa": "Peniti Dalam Ii", "tanggal": "2026-08-09", "timestamp": "2026-08-09T00:56:00+07:00", "satelit": "NASA-SNPP", "confidence": "Medium"}}, {"type": "Feature", "geometry": {"type": "Point", "coordinates": [109.25847, 0.15668]}, "properties": {"kab_kota": "MEMPAWAH", "kecamatan": "Segedong", "desa": "Peniti Dalam Ii", "tanggal": "2026-08-09", "timestamp": "2026-08-09T00:56:00+07:00", "satelit": "NASA-SNPP", "confidence": "Medium"}}, {"type": "Feature", "geometry": {"type": "Point", "coordinates": [109.26111, 0.16074]}, "properties": {"kab_kota": "MEMPAWAH", "kecamatan": "Segedong", "desa": "Peniti Dalam Ii", "tanggal": "2026-08-15", "timestamp": "2026-08-15T13:22:00+07:00", "satelit": "NASA-SNPP", "confidence": "Medium"}}, {"type": "Feature", "geometry": {"type": "Point", "coordinates": [109.26263, 0.2201]}, "properties": {"kab_kota": "MEMPAWAH", "kecamatan": "Segedong", "desa": "Peniti Dalam Ii", "tanggal": "2026-08-25", "timestamp": "2026-08-25T13:35:00+07:00", "satelit": "NASA-SNPP", "confidence": "Medium"}}, {"type": "Feature", "geometry": {"type": "Point", "coordinates": [109.25954, 0.16609]}, "properties": {"kab_kota": "MEMPAWAH", "kecamatan": "Segedong", "desa": "Peniti Dalam Ii", "tanggal": "2026-08-31", "timestamp": "2026-08-31T00:43:00+07:00", "satelit": "NASA-SNPP", "confidence": "Medium"}}, {"type": "Feature", "geometry": {"type": "Point", "coordinates": [109.25945, 0.16556]}, "properties": {"kab_kota": "MEMPAWAH", "kecamatan": "Segedong", "desa": "Peniti Dalam Ii", "tanggal": "2026-08-31", "timestamp": "2026-08-31T13:22:00+07:00", "satelit": "NASA-SNPP", "confidence": "Medium"}}, {"type": "Feature", "geometry": {"type": "Point", "coordinates": [109.18205, 0.15025]}, "properties": {"kab_kota": "MEMPAWAH", "kecamatan": "Segedong", "desa": "Sungai Burung", "tanggal": "2026-08-31", "timestamp": "2026-08-31T13:22:00+07:00", "satelit": "NASA-SNPP", "confidence": "Medium"}}, {"type": "Feature", "geometry": {"type": "Point", "coordinates": [109.26884, 0.1053]}, "properties": {"kab_kota": "MEMPAWAH", "kecamatan": "Siantan", "desa": "Wajok Hilir", "tanggal": "2026-08-08", "timestamp": "2026-08-08T13:57:00+07:00", "satelit": "NASA-SNPP", "confidence": "Medium"}}, {"type": "Feature", "geometry": {"type": "Point", "coordinates": [109.26802, 0.11069]}, "properties": {"kab_kota": "MEMPAWAH", "kecamatan": "Siantan", "desa": "Wajok Hilir", "tanggal": "2026-08-08", "timestamp": "2026-08-08T13:57:00+07:00", "satelit": "NASA-SNPP", "confidence": "Medium"}}, {"type": "Feature", "geometry": {"type": "Point", "coordinates": [109.26827, 0.10452]}, "properties": {"kab_kota": "MEMPAWAH", "kecamatan": "Siantan", "desa": "Wajok Hilir", "tanggal": "2026-08-09", "timestamp": "2026-08-09T00:56:00+07:00", "satelit": "NASA-SNPP", "confidence": "Medium"}}, {"type": "Feature", "geometry": {"type": "Point", "coordinates": [109.2642, 0.10517]}, "properties": {"kab_kota": "MEMPAWAH", "kecamatan": "Siantan", "desa": "Wajok Hilir", "tanggal": "2026-08-09", "timestamp": "2026-08-09T00:56:00+07:00", "satelit": "NASA-SNPP", "confidence": "Medium"}}, {"type": "Feature", "geometry": {"type": "Point", "coordinates": [109.27305, 0.10818]}, "properties": {"kab_kota": "MEMPAWAH", "kecamatan": "Siantan", "desa": "Wajok Hilir", "tanggal": "2026-08-09", "timestamp": "2026-08-09T00:56:00+07:00", "satelit": "NASA-SNPP", "confidence": "Medium"}}, {"type": "Feature", "geometry": {"type": "Point", "coordinates": [109.26897, 0.10883]}, "properties": {"kab_kota": "MEMPAWAH", "kecamatan": "Siantan", "desa": "Wajok Hilir", "tanggal": "2026-08-09", "timestamp": "2026-08-09T00:56:00+07:00", "satelit": "NASA-SNPP", "confidence": "Medium"}}, {"type": "Feature", "geometry": {"type": "Point", "coordinates": [109.26488, 0.10948]}, "properties": {"kab_kota": "MEMPAWAH", "kecamatan": "Siantan", "desa": "Wajok Hilir", "tanggal": "2026-08-09", "timestamp": "2026-08-09T00:56:00+07:00", "satelit": "NASA-SNPP", "confidence": "Medium"}}, {"type": "Feature", "geometry": {"type": "Point", "coordinates": [109.27373, 0.11249]}, "properties": {"kab_kota": "MEMPAWAH", "kecamatan": "Siantan", "desa": "Wajok Hilir", "tanggal": "2026-08-09", "timestamp": "2026-08-09T00:56:00+07:00", "satelit": "NASA-SNPP", "confidence": "Medium"}}, {"type": "Feature", "geometry": {"type": "Point", "coordinates": [109.26967, 0.11313]}, "properties": {"kab_kota": "MEMPAWAH", "kecamatan": "Siantan", "desa": "Wajok Hilir", "tanggal": "2026-08-09", "timestamp": "2026-08-09T00:56:00+07:00", "satelit": "NASA-SNPP", "confidence": "Medium"}}, {"type": "Feature", "geometry": {"type": "Point", "coordinates": [109.27441, 0.11679]}, "properties": {"kab_kota": "MEMPAWAH", "kecamatan": "Siantan", "desa": "Wajok Hilir", "tanggal": "2026-08-09", "timestamp": "2026-08-09T00:56:00+07:00", "satelit": "NASA-SNPP", "confidence": "Medium"}}, {"type": "Feature", "geometry": {"type": "Point", "coordinates": [109.26787, 0.10739]}, "properties": {"kab_kota": "MEMPAWAH", "kecamatan": "Siantan", "desa": "Wajok Hilir", "tanggal": "2026-08-09", "timestamp": "2026-08-09T13:35:00+07:00", "satelit": "NASA-SNPP", "confidence": "Medium"}}, {"type": "Feature", "geometry": {"type": "Point", "coordinates": [109.27273, 0.10814]}, "properties": {"kab_kota": "MEMPAWAH", "kecamatan": "Siantan", "desa": "Wajok Hilir", "tanggal": "2026-08-09", "timestamp": "2026-08-09T13:35:00+07:00", "satelit": "NASA-SNPP", "confidence": "Medium"}}, {"type": "Feature", "geometry": {"type": "Point", "coordinates": [109.26728, 0.1113]}, "properties": {"kab_kota": "MEMPAWAH", "kecamatan": "Siantan", "desa": "Wajok Hilir", "tanggal": "2026-08-09", "timestamp": "2026-08-09T13:35:00+07:00", "satelit": "NASA-SNPP", "confidence": "Medium"}}, {"type": "Feature", "geometry": {"type": "Point", "coordinates": [109.27214, 0.11205]}, "properties": {"kab_kota": "MEMPAWAH", "kecamatan": "Siantan", "desa": "Wajok Hilir", "tanggal": "2026-08-09", "timestamp": "2026-08-09T13:35:00+07:00", "satelit": "NASA-SNPP", "confidence": "Medium"}}, {"type": "Feature", "geometry": {"type": "Point", "coordinates": [109.27702, 0.1128]}, "properties": {"kab_kota": "MEMPAWAH", "kecamatan": "Siantan", "desa": "Wajok Hilir", "tanggal": "2026-08-09", "timestamp": "2026-08-09T13:35:00+07:00", "satelit": "NASA-SNPP", "confidence": "Medium"}}, {"type": "Feature", "geometry": {"type": "Point", "coordinates": [109.27156, 0.11595]}, "properties": {"kab_kota": "MEMPAWAH", "kecamatan": "Siantan", "desa": "Wajok Hilir", "tanggal": "2026-08-09", "timestamp": "2026-08-09T13:35:00+07:00", "satelit": "NASA-SNPP", "confidence": "Medium"}}, {"type": "Feature", "geometry": {"type": "Point", "coordinates": [109.27644, 0.11671]}, "properties": {"kab_kota": "MEMPAWAH", "kecamatan": "Siantan", "desa": "Wajok Hilir", "tanggal": "2026-08-09", "timestamp": "2026-08-09T13:35:00+07:00", "satelit": "NASA-SNPP", "confidence": "Medium"}}, {"type": "Feature", "geometry": {"type": "Point", "coordinates": [109.26544, 0.10652]}, "properties": {"kab_kota": "MEMPAWAH", "kecamatan": "Siantan", "desa": "Wajok Hilir", "tanggal": "2026-08-10", "timestamp": "2026-08-10T00:37:00+07:00", "satelit": "NASA-SNPP", "confidence": "Medium"}}, {"type": "Feature", "geometry": {"type": "Point", "coordinates": [109.27516, 0.11109]}, "properties": {"kab_kota": "MEMPAWAH", "kecamatan": "Siantan", "desa": "Wajok Hilir", "tanggal": "2026-08-10", "timestamp": "2026-08-10T00:37:00+07:00", "satelit": "NASA-SNPP", "confidence": "Medium"}}, {"type": "Feature", "geometry": {"type": "Point", "coordinates": [109.27082, 0.11178]}, "properties": {"kab_kota": "MEMPAWAH", "kecamatan": "Siantan", "desa": "Wajok Hilir", "tanggal": "2026-08-10", "timestamp": "2026-08-10T00:37:00+07:00", "satelit": "NASA-SNPP", "confidence": "Medium"}}, {"type": "Feature", "geometry": {"type": "Point", "coordinates": [109.26643, 0.11247]}, "properties": {"kab_kota": "MEMPAWAH", "kecamatan": "Siantan", "desa": "Wajok Hilir", "tanggal": "2026-08-10", "timestamp": "2026-08-10T00:37:00+07:00", "satelit": "NASA-SNPP", "confidence": "Medium"}}, {"type": "Feature", "geometry": {"type": "Point", "coordinates": [109.27179, 0.11773]}, "properties": {"kab_kota": "MEMPAWAH", "kecamatan": "Siantan", "desa": "Wajok Hilir", "tanggal": "2026-08-10", "timestamp": "2026-08-10T00:37:00+07:00", "satelit": "NASA-SNPP", "confidence": "Medium"}}, {"type": "Feature", "geometry": {"type": "Point", "coordinates": [109.27357, 0.10932]}, "properties": {"kab_kota": "MEMPAWAH", "kecamatan": "Siantan", "desa": "Wajok Hilir", "tanggal": "2026-08-10", "timestamp": "2026-08-10T13:18:00+07:00", "satelit": "NASA-SNPP", "confidence": "Medium"}}, {"type": "Feature", "geometry": {"type": "Point", "coordinates": [109.27306, 0.11265]}, "properties": {"kab_kota": "MEMPAWAH", "kecamatan": "Siantan", "desa": "Wajok Hilir", "tanggal": "2026-08-10", "timestamp": "2026-08-10T13:18:00+07:00", "satelit": "NASA-SNPP", "confidence": "Medium"}}, {"type": "Feature", "geometry": {"type": "Point", "coordinates": [109.27425, 0.10948]}, "properties": {"kab_kota": "MEMPAWAH", "kecamatan": "Siantan", "desa": "Wajok Hilir", "tanggal": "2026-08-11", "timestamp": "2026-08-11T01:58:00+07:00", "satelit": "NASA-SNPP", "confidence": "Medium"}}, {"type": "Feature", "geometry": {"type": "Point", "coordinates": [109.27048, 0.11007]}, "properties": {"kab_kota": "MEMPAWAH", "kecamatan": "Siantan", "desa": "Wajok Hilir", "tanggal": "2026-08-11", "timestamp": "2026-08-11T01:58:00+07:00", "satelit": "NASA-SNPP", "confidence": "Medium"}}, {"type": "Feature", "geometry": {"type": "Point", "coordinates": [109.26672, 0.11067]}, "properties": {"kab_kota": "MEMPAWAH", "kecamatan": "Siantan", "desa": "Wajok Hilir", "tanggal": "2026-08-11", "timestamp": "2026-08-11T01:58:00+07:00", "satelit": "NASA-SNPP", "confidence": "Medium"}}, {"type": "Feature", "geometry": {"type": "Point", "coordinates": [109.27554, 0.11139]}, "properties": {"kab_kota": "MEMPAWAH", "kecamatan": "Siantan", "desa": "Wajok Hilir", "tanggal": "2026-08-11", "timestamp": "2026-08-11T12:57:00+07:00", "satelit": "NASA-SNPP", "confidence": "Medium"}}, {"type": "Feature", "geometry": {"type": "Point", "coordinates": [109.27575, 0.11035]}, "properties": {"kab_kota": "MEMPAWAH", "kecamatan": "Siantan", "desa": "Wajok Hilir", "tanggal": "2026-08-12", "timestamp": "2026-08-12T01:41:00+07:00", "satelit": "NASA-SNPP", "confidence": "Medium"}}, {"type": "Feature", "geometry": {"type": "Point", "coordinates": [109.26501, 0.11204]}, "properties": {"kab_kota": "MEMPAWAH", "kecamatan": "Siantan", "desa": "Wajok Hilir", "tanggal": "2026-08-12", "timestamp": "2026-08-12T01:41:00+07:00", "satelit": "NASA-SNPP", "confidence": "Medium"}}, {"type": "Feature", "geometry": {"type": "Point", "coordinates": [109.28005, 0.10908]}, "properties": {"kab_kota": "MEMPAWAH", "kecamatan": "Siantan", "desa": "Wajok Hilir", "tanggal": "2026-08-13", "timestamp": "2026-08-13T01:19:00+07:00", "satelit": "NASA-SNPP", "confidence": "Medium"}}, {"type": "Feature", "geometry": {"type": "Point", "coordinates": [109.2766, 0.10963]}, "properties": {"kab_kota": "MEMPAWAH", "kecamatan": "Siantan", "desa": "Wajok Hilir", "tanggal": "2026-08-13", "timestamp": "2026-08-13T01:19:00+07:00", "satelit": "NASA-SNPP", "confidence": "Medium"}}, {"type": "Feature", "geometry": {"type": "Point", "coordinates": [109.28435, 0.10472]}, "properties": {"kab_kota": "MEMPAWAH", "kecamatan": "Siantan", "desa": "Wajok Hilir", "tanggal": "2026-08-15", "timestamp": "2026-08-15T13:25:00+07:00", "satelit": "NASA-SNPP", "confidence": "Medium"}}, {"type": "Feature", "geometry": {"type": "Point", "coordinates": [109.28233, 0.10718]}, "properties": {"kab_kota": "MEMPAWAH", "kecamatan": "Siantan", "desa": "Wajok Hilir", "tanggal": "2026-08-16", "timestamp": "2026-08-16T13:03:00+07:00", "satelit": "NASA-SNPP", "confidence": "Medium"}}, {"type": "Feature", "geometry": {"type": "Point", "coordinates": [109.2666, 0.11044]}, "properties": {"kab_kota": "MEMPAWAH", "kecamatan": "Siantan", "desa": "Wajok Hilir", "tanggal": "2026-08-25", "timestamp": "2026-08-25T00:56:00+07:00", "satelit": "NASA-SNPP", "confidence": "Medium"}}, {"type": "Feature", "geometry": {"type": "Point", "coordinates": [109.2662, 0.11177]}, "properties": {"kab_kota": "MEMPAWAH", "kecamatan": "Siantan", "desa": "Wajok Hilir", "tanggal": "2026-08-25", "timestamp": "2026-08-25T00:56:00+07:00", "satelit": "NASA-SNPP", "confidence": "Medium"}}, {"type": "Feature", "geometry": {"type": "Point", "coordinates": [109.26694, 0.11263]}, "properties": {"kab_kota": "MEMPAWAH", "kecamatan": "Siantan", "desa": "Wajok Hilir", "tanggal": "2026-08-25", "timestamp": "2026-08-25T13:35:00+07:00", "satelit": "NASA-SNPP", "confidence": "Medium"}}, {"type": "Feature", "geometry": {"type": "Point", "coordinates": [109.28165, 0.10857]}, "properties": {"kab_kota": "MEMPAWAH", "kecamatan": "Siantan", "desa": "Wajok Hilir", "tanggal": "2026-08-28", "timestamp": "2026-08-28T12:40:00+07:00", "satelit": "NASA-SNPP", "confidence": "Medium"}}, {"type": "Feature", "geometry": {"type": "Point", "coordinates": [109.37733, 0.07326]}, "properties": {"kab_kota": "MEMPAWAH", "kecamatan": "Siantan", "desa": "Wajok Hulu", "tanggal": "2026-08-02", "timestamp": "2026-08-02T01:26:00+07:00", "satelit": "NASA-SNPP", "confidence": "Medium"}}, {"type": "Feature", "geometry": {"type": "Point", "coordinates": [109.37411, 0.0773]}, "properties": {"kab_kota": "MEMPAWAH", "kecamatan": "Siantan", "desa": "Wajok Hulu", "tanggal": "2026-08-02", "timestamp": "2026-08-02T01:26:00+07:00", "satelit": "NASA-SNPP", "confidence": "Medium"}}, {"type": "Feature", "geometry": {"type": "Point", "coordinates": [109.37466, 0.08076]}, "properties": {"kab_kota": "MEMPAWAH", "kecamatan": "Siantan", "desa": "Wajok Hulu", "tanggal": "2026-08-02", "timestamp": "2026-08-02T01:26:00+07:00", "satelit": "NASA-SNPP", "confidence": "Medium"}}, {"type": "Feature", "geometry": {"type": "Point", "coordinates": [109.37331, 0.07216]}, "properties": {"kab_kota": "MEMPAWAH", "kecamatan": "Siantan", "desa": "Wajok Hulu", "tanggal": "2026-08-05", "timestamp": "2026-08-05T13:10:00+07:00", "satelit": "NASA-SNPP", "confidence": "Medium"}}, {"type": "Feature", "geometry": {"type": "Point", "coordinates": [109.37279, 0.07559]}, "properties": {"kab_kota": "MEMPAWAH", "kecamatan": "Siantan", "desa": "Wajok Hulu", "tanggal": "2026-08-05", "timestamp": "2026-08-05T13:10:00+07:00", "satelit": "NASA-SNPP", "confidence": "Medium"}}, {"type": "Feature", "geometry": {"type": "Point", "coordinates": [109.37647, 0.07616]}, "properties": {"kab_kota": "MEMPAWAH", "kecamatan": "Siantan", "desa": "Wajok Hulu", "tanggal": "2026-08-05", "timestamp": "2026-08-05T13:10:00+07:00", "satelit": "NASA-SNPP", "confidence": "Medium"}}, {"type": "Feature", "geometry": {"type": "Point", "coordinates": [109.37312, 0.07605]}, "properties": {"kab_kota": "MEMPAWAH", "kecamatan": "Siantan", "desa": "Wajok Hulu", "tanggal": "2026-08-08", "timestamp": "2026-08-08T13:57:00+07:00", "satelit": "NASA-SNPP", "confidence": "Medium"}}, {"type": "Feature", "geometry": {"type": "Point", "coordinates": [109.37073, 0.07669]}, "properties": {"kab_kota": "MEMPAWAH", "kecamatan": "Siantan", "desa": "Wajok Hulu", "tanggal": "2026-08-08", "timestamp": "2026-08-08T13:57:00+07:00", "satelit": "NASA-SNPP", "confidence": "Medium"}}, {"type": "Feature", "geometry": {"type": "Point", "coordinates": [109.28615, 0.06124]}, "properties": {"kab_kota": "MEMPAWAH", "kecamatan": "Siantan", "desa": "Wajok Hulu", "tanggal": "2026-08-11", "timestamp": "2026-08-11T01:58:00+07:00", "satelit": "NASA-SNPP", "confidence": "Medium"}}, {"type": "Feature", "geometry": {"type": "Point", "coordinates": [109.36037, 0.04189]}, "properties": {"kab_kota": "MEMPAWAH", "kecamatan": "Siantan", "desa": "Wajok Hulu", "tanggal": "2026-08-14", "timestamp": "2026-08-14T01:02:00+07:00", "satelit": "NASA-SNPP", "confidence": "Medium"}}, {"type": "Feature", "geometry": {"type": "Point", "coordinates": [109.28481, 0.06386]}, "properties": {"kab_kota": "MEMPAWAH", "kecamatan": "Siantan", "desa": "Wajok Hulu", "tanggal": "2026-08-15", "timestamp": "2026-08-15T00:43:00+07:00", "satelit": "NASA-SNPP", "confidence": "Medium"}}, {"type": "Feature", "geometry": {"type": "Point", "coordinates": [109.31159, 0.03804]}, "properties": {"kab_kota": "MEMPAWAH", "kecamatan": "Siantan", "desa": "Wajok Hulu", "tanggal": "2026-08-28", "timestamp": "2026-08-28T12:40:00+07:00", "satelit": "NASA-SNPP", "confidence": "Medium"}}, {"type": "Feature", "geometry": {"type": "Point", "coordinates": [109.28035, 0.03889]}, "properties": {"kab_kota": "MEMPAWAH", "kecamatan": "Siantan", "desa": "Wajok Hulu", "tanggal": "2026-08-28", "timestamp": "2026-08-28T12:40:00+07:00", "satelit": "NASA-SNPP", "confidence": "Medium"}}, {"type": "Feature", "geometry": {"type": "Point", "coordinates": [109.28416, 0.03949]}, "properties": {"kab_kota": "MEMPAWAH", "kecamatan": "Siantan", "desa": "Wajok Hulu", "tanggal": "2026-08-28", "timestamp": "2026-08-28T12:40:00+07:00", "satelit": "NASA-SNPP", "confidence": "Medium"}}, {"type": "Feature", "geometry": {"type": "Point", "coordinates": [109.33348, 0.04728]}, "properties": {"kab_kota": "MEMPAWAH", "kecamatan": "Siantan", "desa": "Wajok Hulu", "tanggal": "2026-08-28", "timestamp": "2026-08-28T12:40:00+07:00", "satelit": "NASA-SNPP", "confidence": "Medium"}}, {"type": "Feature", "geometry": {"type": "Point", "coordinates": [109.34476, 0.04906]}, "properties": {"kab_kota": "MEMPAWAH", "kecamatan": "Siantan", "desa": "Wajok Hulu", "tanggal": "2026-08-28", "timestamp": "2026-08-28T12:40:00+07:00", "satelit": "NASA-SNPP", "confidence": "Medium"}}, {"type": "Feature", "geometry": {"type": "Point", "coordinates": [109.27863, 0.05021]}, "properties": {"kab_kota": "MEMPAWAH", "kecamatan": "Siantan", "desa": "Wajok Hulu", "tanggal": "2026-08-28", "timestamp": "2026-08-28T12:40:00+07:00", "satelit": "NASA-SNPP", "confidence": "Medium"}}, {"type": "Feature", "geometry": {"type": "Point", "coordinates": [109.31297, 0.0556]}, "properties": {"kab_kota": "MEMPAWAH", "kecamatan": "Siantan", "desa": "Wajok Hulu", "tanggal": "2026-08-28", "timestamp": "2026-08-28T12:40:00+07:00", "satelit": "NASA-SNPP", "confidence": "Medium"}}, {"type": "Feature", "geometry": {"type": "Point", "coordinates": [109.34637, 0.04818]}, "properties": {"kab_kota": "MEMPAWAH", "kecamatan": "Siantan", "desa": "Wajok Hulu", "tanggal": "2026-08-29", "timestamp": "2026-08-29T01:19:00+07:00", "satelit": "NASA-SNPP", "confidence": "Medium"}}, {"type": "Feature", "geometry": {"type": "Point", "coordinates": [109.34687, 0.05151]}, "properties": {"kab_kota": "MEMPAWAH", "kecamatan": "Siantan", "desa": "Wajok Hulu", "tanggal": "2026-08-29", "timestamp": "2026-08-29T01:19:00+07:00", "satelit": "NASA-SNPP", "confidence": "Medium"}}, {"type": "Feature", "geometry": {"type": "Point", "coordinates": [109.31187, 0.05365]}, "properties": {"kab_kota": "MEMPAWAH", "kecamatan": "Siantan", "desa": "Wajok Hulu", "tanggal": "2026-08-29", "timestamp": "2026-08-29T01:19:00+07:00", "satelit": "NASA-SNPP", "confidence": "Medium"}}, {"type": "Feature", "geometry": {"type": "Point", "coordinates": [109.29741, 0.06157]}, "properties": {"kab_kota": "MEMPAWAH", "kecamatan": "Siantan", "desa": "Wajok Hulu", "tanggal": "2026-08-30", "timestamp": "2026-08-30T01:02:00+07:00", "satelit": "NASA-SNPP", "confidence": "Medium"}}, {"type": "Feature", "geometry": {"type": "Point", "coordinates": [109.30174, 0.05819]}, "properties": {"kab_kota": "MEMPAWAH", "kecamatan": "Siantan", "desa": "Wajok Hulu", "tanggal": "2026-08-31", "timestamp": "2026-08-31T00:43:00+07:00", "satelit": "NASA-SNPP", "confidence": "Medium"}}, {"type": "Feature", "geometry": {"type": "Point", "coordinates": [109.29837, 0.05873]}, "properties": {"kab_kota": "MEMPAWAH", "kecamatan": "Siantan", "desa": "Wajok Hulu", "tanggal": "2026-08-31", "timestamp": "2026-08-31T00:43:00+07:00", "satelit": "NASA-SNPP", "confidence": "Medium"}}, {"type": "Feature", "geometry": {"type": "Point", "coordinates": [109.30194, 0.05725]}, "properties": {"kab_kota": "MEMPAWAH", "kecamatan": "Siantan", "desa": "Wajok Hulu", "tanggal": "2026-08-31", "timestamp": "2026-08-31T13:22:00+07:00", "satelit": "NASA-SNPP", "confidence": "Medium"}}, {"type": "Feature", "geometry": {"type": "Point", "coordinates": [109.28014, 0.05735]}, "properties": {"kab_kota": "MEMPAWAH", "kecamatan": "Siantan", "desa": "Wajok Hulu", "tanggal": "2026-08-31", "timestamp": "2026-08-31T13:22:00+07:00", "satelit": "NASA-SNPP", "confidence": "Medium"}}, {"type": "Feature", "geometry": {"type": "Point", "coordinates": [109.29787, 0.06007]}, "properties": {"kab_kota": "MEMPAWAH", "kecamatan": "Siantan", "desa": "Wajok Hulu", "tanggal": "2026-08-31", "timestamp": "2026-08-31T13:22:00+07:00", "satelit": "NASA-SNPP", "confidence": "Medium"}}, {"type": "Feature", "geometry": {"type": "Point", "coordinates": [109.30143, 0.06062]}, "properties": {"kab_kota": "MEMPAWAH", "kecamatan": "Siantan", "desa": "Wajok Hulu", "tanggal": "2026-08-31", "timestamp": "2026-08-31T13:22:00+07:00", "satelit": "NASA-SNPP", "confidence": "Medium"}}, {"type": "Feature", "geometry": {"type": "Point", "coordinates": [109.00167, 0.53497]}, "properties": {"kab_kota": "MEMPAWAH", "kecamatan": "Sungai Kunyit", "desa": "Bukit Batu", "tanggal": "2026-08-08", "timestamp": "2026-08-08T13:57:00+07:00", "satelit": "NASA-SNPP", "confidence": "Medium"}}, {"type": "Feature", "geometry": {"type": "Point", "coordinates": [109.00824, 0.53601]}, "properties": {"kab_kota": "MEMPAWAH", "kecamatan": "Sungai Kunyit", "desa": "Bukit Batu", "tanggal": "2026-08-08", "timestamp": "2026-08-08T13:57:00+07:00", "satelit": "NASA-SNPP", "confidence": "Medium"}}, {"type": "Feature", "geometry": {"type": "Point", "coordinates": [108.95778, 0.53148]}, "properties": {"kab_kota": "MEMPAWAH", "kecamatan": "Sungai Kunyit", "desa": "Bukit Batu", "tanggal": "2026-08-09", "timestamp": "2026-08-09T00:56:00+07:00", "satelit": "NASA-SNPP", "confidence": "Medium"}}, {"type": "Feature", "geometry": {"type": "Point", "coordinates": [109.00511, 0.53014]}, "properties": {"kab_kota": "MEMPAWAH", "kecamatan": "Sungai Kunyit", "desa": "Bukit Batu", "tanggal": "2026-08-09", "timestamp": "2026-08-09T13:35:00+07:00", "satelit": "NASA-SNPP", "confidence": "Medium"}}, {"type": "Feature", "geometry": {"type": "Point", "coordinates": [109.00931, 0.53475]}, "properties": {"kab_kota": "MEMPAWAH", "kecamatan": "Sungai Kunyit", "desa": "Bukit Batu", "tanggal": "2026-08-09", "timestamp": "2026-08-09T13:35:00+07:00", "satelit": "NASA-SNPP", "confidence": "Medium"}}, {"type": "Feature", "geometry": {"type": "Point", "coordinates": [109.00865, 0.53221]}, "properties": {"kab_kota": "MEMPAWAH", "kecamatan": "Sungai Kunyit", "desa": "Bukit Batu", "tanggal": "2026-08-10", "timestamp": "2026-08-10T13:18:00+07:00", "satelit": "NASA-SNPP", "confidence": "Medium"}}, {"type": "Feature", "geometry": {"type": "Point", "coordinates": [109.00304, 0.53393]}, "properties": {"kab_kota": "MEMPAWAH", "kecamatan": "Sungai Kunyit", "desa": "Bukit Batu", "tanggal": "2026-08-11", "timestamp": "2026-08-11T12:57:00+07:00", "satelit": "NASA-SNPP", "confidence": "Medium"}}, {"type": "Feature", "geometry": {"type": "Point", "coordinates": [109.01038, 0.53505]}, "properties": {"kab_kota": "MEMPAWAH", "kecamatan": "Sungai Kunyit", "desa": "Bukit Batu", "tanggal": "2026-08-11", "timestamp": "2026-08-11T12:57:00+07:00", "satelit": "NASA-SNPP", "confidence": "Medium"}}, {"type": "Feature", "geometry": {"type": "Point", "coordinates": [109.00779, 0.52942]}, "properties": {"kab_kota": "MEMPAWAH", "kecamatan": "Sungai Kunyit", "desa": "Bukit Batu", "tanggal": "2026-08-12", "timestamp": "2026-08-12T01:41:00+07:00", "satelit": "NASA-SNPP", "confidence": "Medium"}}, {"type": "Feature", "geometry": {"type": "Point", "coordinates": [109.01124, 0.52792]}, "properties": {"kab_kota": "MEMPAWAH", "kecamatan": "Sungai Kunyit", "desa": "Bukit Batu", "tanggal": "2026-08-13", "timestamp": "2026-08-13T01:19:00+07:00", "satelit": "NASA-SNPP", "confidence": "Medium"}}, {"type": "Feature", "geometry": {"type": "Point", "coordinates": [109.0078, 0.52847]}, "properties": {"kab_kota": "MEMPAWAH", "kecamatan": "Sungai Kunyit", "desa": "Bukit Batu", "tanggal": "2026-08-13", "timestamp": "2026-08-13T01:19:00+07:00", "satelit": "NASA-SNPP", "confidence": "Medium"}}, {"type": "Feature", "geometry": {"type": "Point", "coordinates": [109.01198, 0.52975]}, "properties": {"kab_kota": "MEMPAWAH", "kecamatan": "Sungai Kunyit", "desa": "Bukit Batu", "tanggal": "2026-08-14", "timestamp": "2026-08-14T01:02:00+07:00", "satelit": "NASA-SNPP", "confidence": "Medium"}}, {"type": "Feature", "geometry": {"type": "Point", "coordinates": [109.01183, 0.52079]}, "properties": {"kab_kota": "MEMPAWAH", "kecamatan": "Sungai Kunyit", "desa": "Bukit Batu", "tanggal": "2026-08-18", "timestamp": "2026-08-18T01:26:00+07:00", "satelit": "NASA-SNPP", "confidence": "Medium"}}, {"type": "Feature", "geometry": {"type": "Point", "coordinates": [109.00822, 0.52136]}, "properties": {"kab_kota": "MEMPAWAH", "kecamatan": "Sungai Kunyit", "desa": "Bukit Batu", "tanggal": "2026-08-18", "timestamp": "2026-08-18T01:26:00+07:00", "satelit": "NASA-SNPP", "confidence": "Medium"}}, {"type": "Feature", "geometry": {"type": "Point", "coordinates": [109.01598, 0.52361]}, "properties": {"kab_kota": "MEMPAWAH", "kecamatan": "Sungai Kunyit", "desa": "Bukit Batu", "tanggal": "2026-08-18", "timestamp": "2026-08-18T01:26:00+07:00", "satelit": "NASA-SNPP", "confidence": "Medium"}}, {"type": "Feature", "geometry": {"type": "Point", "coordinates": [109.01237, 0.52418]}, "properties": {"kab_kota": "MEMPAWAH", "kecamatan": "Sungai Kunyit", "desa": "Bukit Batu", "tanggal": "2026-08-18", "timestamp": "2026-08-18T01:26:00+07:00", "satelit": "NASA-SNPP", "confidence": "Medium"}}, {"type": "Feature", "geometry": {"type": "Point", "coordinates": [109.00875, 0.52475]}, "properties": {"kab_kota": "MEMPAWAH", "kecamatan": "Sungai Kunyit", "desa": "Bukit Batu", "tanggal": "2026-08-18", "timestamp": "2026-08-18T01:26:00+07:00", "satelit": "NASA-SNPP", "confidence": "Medium"}}, {"type": "Feature", "geometry": {"type": "Point", "coordinates": [109.00513, 0.52533]}, "properties": {"kab_kota": "MEMPAWAH", "kecamatan": "Sungai Kunyit", "desa": "Bukit Batu", "tanggal": "2026-08-18", "timestamp": "2026-08-18T01:26:00+07:00", "satelit": "NASA-SNPP", "confidence": "Medium"}}, {"type": "Feature", "geometry": {"type": "Point", "coordinates": [109.01652, 0.527]}, "properties": {"kab_kota": "MEMPAWAH", "kecamatan": "Sungai Kunyit", "desa": "Bukit Batu", "tanggal": "2026-08-18", "timestamp": "2026-08-18T01:26:00+07:00", "satelit": "NASA-SNPP", "confidence": "Medium"}}, {"type": "Feature", "geometry": {"type": "Point", "coordinates": [109.0129, 0.52758]}, "properties": {"kab_kota": "MEMPAWAH", "kecamatan": "Sungai Kunyit", "desa": "Bukit Batu", "tanggal": "2026-08-18", "timestamp": "2026-08-18T01:26:00+07:00", "satelit": "NASA-SNPP", "confidence": "Medium"}}, {"type": "Feature", "geometry": {"type": "Point", "coordinates": [109.00928, 0.52815]}, "properties": {"kab_kota": "MEMPAWAH", "kecamatan": "Sungai Kunyit", "desa": "Bukit Batu", "tanggal": "2026-08-18", "timestamp": "2026-08-18T01:26:00+07:00", "satelit": "NASA-SNPP", "confidence": "Medium"}}, {"type": "Feature", "geometry": {"type": "Point", "coordinates": [109.01304, 0.52268]}, "properties": {"kab_kota": "MEMPAWAH", "kecamatan": "Sungai Kunyit", "desa": "Bukit Batu", "tanggal": "2026-08-18", "timestamp": "2026-08-18T12:27:00+07:00", "satelit": "NASA-SNPP", "confidence": "Medium"}}, {"type": "Feature", "geometry": {"type": "Point", "coordinates": [109.00834, 0.52383]}, "properties": {"kab_kota": "MEMPAWAH", "kecamatan": "Sungai Kunyit", "desa": "Bukit Batu", "tanggal": "2026-08-18", "timestamp": "2026-08-18T14:07:00+07:00", "satelit": "NASA-SNPP", "confidence": "Medium"}}, {"type": "Feature", "geometry": {"type": "Point", "coordinates": [109.00193, 0.52951]}, "properties": {"kab_kota": "MEMPAWAH", "kecamatan": "Sungai Kunyit", "desa": "Bukit Batu", "tanggal": "2026-08-18", "timestamp": "2026-08-18T14:07:00+07:00", "satelit": "NASA-SNPP", "confidence": "Medium"}}, {"type": "Feature", "geometry": {"type": "Point", "coordinates": [109.0128, 0.53121]}, "properties": {"kab_kota": "MEMPAWAH", "kecamatan": "Sungai Kunyit", "desa": "Bukit Batu", "tanggal": "2026-08-18", "timestamp": "2026-08-18T14:07:00+07:00", "satelit": "NASA-SNPP", "confidence": "Medium"}}, {"type": "Feature", "geometry": {"type": "Point", "coordinates": [109.01986, 0.52416]}, "properties": {"kab_kota": "MEMPAWAH", "kecamatan": "Sungai Kunyit", "desa": "Bukit Batu", "tanggal": "2026-08-19", "timestamp": "2026-08-19T01:09:00+07:00", "satelit": "NASA-SNPP", "confidence": "Medium"}}, {"type": "Feature", "geometry": {"type": "Point", "coordinates": [108.9943, 0.52448]}, "properties": {"kab_kota": "MEMPAWAH", "kecamatan": "Sungai Kunyit", "desa": "Bukit Batu", "tanggal": "2026-08-19", "timestamp": "2026-08-19T01:09:00+07:00", "satelit": "NASA-SNPP", "confidence": "Medium"}}, {"type": "Feature", "geometry": {"type": "Point", "coordinates": [109.01569, 0.52482]}, "properties": {"kab_kota": "MEMPAWAH", "kecamatan": "Sungai Kunyit", "desa": "Bukit Batu", "tanggal": "2026-08-19", "timestamp": "2026-08-19T01:09:00+07:00", "satelit": "NASA-SNPP", "confidence": "Medium"}}, {"type": "Feature", "geometry": {"type": "Point", "coordinates": [109.00738, 0.52613]}, "properties": {"kab_kota": "MEMPAWAH", "kecamatan": "Sungai Kunyit", "desa": "Bukit Batu", "tanggal": "2026-08-19", "timestamp": "2026-08-19T01:09:00+07:00", "satelit": "NASA-SNPP", "confidence": "Medium"}}, {"type": "Feature", "geometry": {"type": "Point", "coordinates": [109.02035, 0.52371]}, "properties": {"kab_kota": "MEMPAWAH", "kecamatan": "Sungai Kunyit", "desa": "Bukit Batu", "tanggal": "2026-08-19", "timestamp": "2026-08-19T13:50:00+07:00", "satelit": "NASA-SNPP", "confidence": "Medium"}}, {"type": "Feature", "geometry": {"type": "Point", "coordinates": [109.00951, 0.52692]}, "properties": {"kab_kota": "MEMPAWAH", "kecamatan": "Sungai Kunyit", "desa": "Bukit Batu", "tanggal": "2026-08-19", "timestamp": "2026-08-19T13:50:00+07:00", "satelit": "NASA-SNPP", "confidence": "Medium"}}, {"type": "Feature", "geometry": {"type": "Point", "coordinates": [109.0037, 0.5309]}, "properties": {"kab_kota": "MEMPAWAH", "kecamatan": "Sungai Kunyit", "desa": "Bukit Batu", "tanggal": "2026-08-19", "timestamp": "2026-08-19T13:50:00+07:00", "satelit": "NASA-SNPP", "confidence": "Medium"}}, {"type": "Feature", "geometry": {"type": "Point", "coordinates": [109.00878, 0.53169]}, "properties": {"kab_kota": "MEMPAWAH", "kecamatan": "Sungai Kunyit", "desa": "Bukit Batu", "tanggal": "2026-08-19", "timestamp": "2026-08-19T13:50:00+07:00", "satelit": "NASA-SNPP", "confidence": "Medium"}}, {"type": "Feature", "geometry": {"type": "Point", "coordinates": [109.00579, 0.52434]}, "properties": {"kab_kota": "MEMPAWAH", "kecamatan": "Sungai Kunyit", "desa": "Bukit Batu", "tanggal": "2026-08-20", "timestamp": "2026-08-20T00:49:00+07:00", "satelit": "NASA-SNPP", "confidence": "Medium"}}, {"type": "Feature", "geometry": {"type": "Point", "coordinates": [109.00658, 0.52928]}, "properties": {"kab_kota": "MEMPAWAH", "kecamatan": "Sungai Kunyit", "desa": "Bukit Batu", "tanggal": "2026-08-20", "timestamp": "2026-08-20T00:49:00+07:00", "satelit": "NASA-SNPP", "confidence": "Medium"}}, {"type": "Feature", "geometry": {"type": "Point", "coordinates": [109.01907, 0.52085]}, "properties": {"kab_kota": "MEMPAWAH", "kecamatan": "Sungai Kunyit", "desa": "Bukit Batu", "tanggal": "2026-08-20", "timestamp": "2026-08-20T13:29:00+07:00", "satelit": "NASA-SNPP", "confidence": "Medium"}}, {"type": "Feature", "geometry": {"type": "Point", "coordinates": [109.01854, 0.52439]}, "properties": {"kab_kota": "MEMPAWAH", "kecamatan": "Sungai Kunyit", "desa": "Bukit Batu", "tanggal": "2026-08-20", "timestamp": "2026-08-20T13:29:00+07:00", "satelit": "NASA-SNPP", "confidence": "Medium"}}, {"type": "Feature", "geometry": {"type": "Point", "coordinates": [109.02249, 0.525]}, "properties": {"kab_kota": "MEMPAWAH", "kecamatan": "Sungai Kunyit", "desa": "Bukit Batu", "tanggal": "2026-08-20", "timestamp": "2026-08-20T13:29:00+07:00", "satelit": "NASA-SNPP", "confidence": "Medium"}}, {"type": "Feature", "geometry": {"type": "Point", "coordinates": [109.00616, 0.52613]}, "properties": {"kab_kota": "MEMPAWAH", "kecamatan": "Sungai Kunyit", "desa": "Bukit Batu", "tanggal": "2026-08-20", "timestamp": "2026-08-20T13:29:00+07:00", "satelit": "NASA-SNPP", "confidence": "Medium"}}, {"type": "Feature", "geometry": {"type": "Point", "coordinates": [109.01012, 0.52673]}, "properties": {"kab_kota": "MEMPAWAH", "kecamatan": "Sungai Kunyit", "desa": "Bukit Batu", "tanggal": "2026-08-20", "timestamp": "2026-08-20T13:29:00+07:00", "satelit": "NASA-SNPP", "confidence": "Medium"}}, {"type": "Feature", "geometry": {"type": "Point", "coordinates": [109.01801, 0.52794]}, "properties": {"kab_kota": "MEMPAWAH", "kecamatan": "Sungai Kunyit", "desa": "Bukit Batu", "tanggal": "2026-08-20", "timestamp": "2026-08-20T13:29:00+07:00", "satelit": "NASA-SNPP", "confidence": "Medium"}}, {"type": "Feature", "geometry": {"type": "Point", "coordinates": [109.00563, 0.52967]}, "properties": {"kab_kota": "MEMPAWAH", "kecamatan": "Sungai Kunyit", "desa": "Bukit Batu", "tanggal": "2026-08-20", "timestamp": "2026-08-20T13:29:00+07:00", "satelit": "NASA-SNPP", "confidence": "Medium"}}, {"type": "Feature", "geometry": {"type": "Point", "coordinates": [109.01246, 0.53796]}, "properties": {"kab_kota": "MEMPAWAH", "kecamatan": "Sungai Kunyit", "desa": "Bukit Batu", "tanggal": "2026-08-20", "timestamp": "2026-08-20T13:29:00+07:00", "satelit": "NASA-SNPP", "confidence": "Medium"}}, {"type": "Feature", "geometry": {"type": "Point", "coordinates": [109.02228, 0.52237]}, "properties": {"kab_kota": "MEMPAWAH", "kecamatan": "Sungai Kunyit", "desa": "Bukit Batu", "tanggal": "2026-08-21", "timestamp": "2026-08-21T02:10:00+07:00", "satelit": "NASA-SNPP", "confidence": "Medium"}}, {"type": "Feature", "geometry": {"type": "Point", "coordinates": [108.99872, 0.52919]}, "properties": {"kab_kota": "MEMPAWAH", "kecamatan": "Sungai Kunyit", "desa": "Bukit Batu", "tanggal": "2026-08-22", "timestamp": "2026-08-22T12:53:00+07:00", "satelit": "NASA-SNPP", "confidence": "Medium"}}, {"type": "Feature", "geometry": {"type": "Point", "coordinates": [108.99933, 0.51646]}, "properties": {"kab_kota": "MEMPAWAH", "kecamatan": "Sungai Kunyit", "desa": "Bukit Batu", "tanggal": "2026-08-28", "timestamp": "2026-08-28T12:40:00+07:00", "satelit": "NASA-SNPP", "confidence": "Medium"}}, {"type": "Feature", "geometry": {"type": "Point", "coordinates": [109.00324, 0.51709]}, "properties": {"kab_kota": "MEMPAWAH", "kecamatan": "Sungai Kunyit", "desa": "Bukit Batu", "tanggal": "2026-08-28", "timestamp": "2026-08-28T12:40:00+07:00", "satelit": "NASA-SNPP", "confidence": "Medium"}}, {"type": "Feature", "geometry": {"type": "Point", "coordinates": [109.00715, 0.51772]}, "properties": {"kab_kota": "MEMPAWAH", "kecamatan": "Sungai Kunyit", "desa": "Bukit Batu", "tanggal": "2026-08-28", "timestamp": "2026-08-28T12:40:00+07:00", "satelit": "NASA-SNPP", "confidence": "Medium"}}, {"type": "Feature", "geometry": {"type": "Point", "coordinates": [108.9976, 0.52791]}, "properties": {"kab_kota": "MEMPAWAH", "kecamatan": "Sungai Kunyit", "desa": "Bukit Batu", "tanggal": "2026-08-28", "timestamp": "2026-08-28T12:40:00+07:00", "satelit": "NASA-SNPP", "confidence": "Medium"}}, {"type": "Feature", "geometry": {"type": "Point", "coordinates": [108.99671, 0.53363]}, "properties": {"kab_kota": "MEMPAWAH", "kecamatan": "Sungai Kunyit", "desa": "Bukit Batu", "tanggal": "2026-08-28", "timestamp": "2026-08-28T12:40:00+07:00", "satelit": "NASA-SNPP", "confidence": "Medium"}}, {"type": "Feature", "geometry": {"type": "Point", "coordinates": [108.96714, 0.51343]}, "properties": {"kab_kota": "MEMPAWAH", "kecamatan": "Sungai Kunyit", "desa": "Bukit Batu", "tanggal": "2026-08-30", "timestamp": "2026-08-30T01:02:00+07:00", "satelit": "NASA-SNPP", "confidence": "Medium"}}, {"type": "Feature", "geometry": {"type": "Point", "coordinates": [108.99928, 0.51656]}, "properties": {"kab_kota": "MEMPAWAH", "kecamatan": "Sungai Kunyit", "desa": "Bukit Batu", "tanggal": "2026-08-30", "timestamp": "2026-08-30T01:02:00+07:00", "satelit": "NASA-SNPP", "confidence": "Medium"}}, {"type": "Feature", "geometry": {"type": "Point", "coordinates": [108.99632, 0.51485]}, "properties": {"kab_kota": "MEMPAWAH", "kecamatan": "Sungai Kunyit", "desa": "Bukit Batu", "tanggal": "2026-08-30", "timestamp": "2026-08-30T13:44:00+07:00", "satelit": "NASA-SNPP", "confidence": "Medium"}}, {"type": "Feature", "geometry": {"type": "Point", "coordinates": [108.96819, 0.51488]}, "properties": {"kab_kota": "MEMPAWAH", "kecamatan": "Sungai Kunyit", "desa": "Bukit Batu", "tanggal": "2026-08-30", "timestamp": "2026-08-30T13:44:00+07:00", "satelit": "NASA-SNPP", "confidence": "Medium"}}, {"type": "Feature", "geometry": {"type": "Point", "coordinates": [109.00027, 0.51545]}, "properties": {"kab_kota": "MEMPAWAH", "kecamatan": "Sungai Kunyit", "desa": "Bukit Batu", "tanggal": "2026-08-30", "timestamp": "2026-08-30T13:44:00+07:00", "satelit": "NASA-SNPP", "confidence": "Medium"}}, {"type": "Feature", "geometry": {"type": "Point", "coordinates": [108.97213, 0.51549]}, "properties": {"kab_kota": "MEMPAWAH", "kecamatan": "Sungai Kunyit", "desa": "Bukit Batu", "tanggal": "2026-08-30", "timestamp": "2026-08-30T13:44:00+07:00", "satelit": "NASA-SNPP", "confidence": "Medium"}}, {"type": "Feature", "geometry": {"type": "Point", "coordinates": [108.99962, 0.51972]}, "properties": {"kab_kota": "MEMPAWAH", "kecamatan": "Sungai Kunyit", "desa": "Bukit Batu", "tanggal": "2026-08-30", "timestamp": "2026-08-30T13:44:00+07:00", "satelit": "NASA-SNPP", "confidence": "Medium"}}, {"type": "Feature", "geometry": {"type": "Point", "coordinates": [109.01557, 0.54837]}, "properties": {"kab_kota": "MEMPAWAH", "kecamatan": "Sungai Kunyit", "desa": "Bukit Batu", "tanggal": "2026-08-30", "timestamp": "2026-08-30T13:44:00+07:00", "satelit": "NASA-SNPP", "confidence": "Medium"}}, {"type": "Feature", "geometry": {"type": "Point", "coordinates": [109.01952, 0.54898]}, "properties": {"kab_kota": "MEMPAWAH", "kecamatan": "Sungai Kunyit", "desa": "Bukit Batu", "tanggal": "2026-08-30", "timestamp": "2026-08-30T13:44:00+07:00", "satelit": "NASA-SNPP", "confidence": "Medium"}}, {"type": "Feature", "geometry": {"type": "Point", "coordinates": [108.96786, 0.51611]}, "properties": {"kab_kota": "MEMPAWAH", "kecamatan": "Sungai Kunyit", "desa": "Bukit Batu", "tanggal": "2026-08-31", "timestamp": "2026-08-31T00:43:00+07:00", "satelit": "NASA-SNPP", "confidence": "Medium"}}, {"type": "Feature", "geometry": {"type": "Point", "coordinates": [108.99768, 0.5171]}, "properties": {"kab_kota": "MEMPAWAH", "kecamatan": "Sungai Kunyit", "desa": "Bukit Batu", "tanggal": "2026-08-31", "timestamp": "2026-08-31T00:43:00+07:00", "satelit": "NASA-SNPP", "confidence": "Medium"}}, {"type": "Feature", "geometry": {"type": "Point", "coordinates": [108.99407, 0.51767]}, "properties": {"kab_kota": "MEMPAWAH", "kecamatan": "Sungai Kunyit", "desa": "Bukit Batu", "tanggal": "2026-08-31", "timestamp": "2026-08-31T00:43:00+07:00", "satelit": "NASA-SNPP", "confidence": "Medium"}}, {"type": "Feature", "geometry": {"type": "Point", "coordinates": [108.99496, 0.52319]}, "properties": {"kab_kota": "MEMPAWAH", "kecamatan": "Sungai Kunyit", "desa": "Bukit Batu", "tanggal": "2026-08-31", "timestamp": "2026-08-31T00:43:00+07:00", "satelit": "NASA-SNPP", "confidence": "Medium"}}, {"type": "Feature", "geometry": {"type": "Point", "coordinates": [108.97025, 0.51282]}, "properties": {"kab_kota": "MEMPAWAH", "kecamatan": "Sungai Kunyit", "desa": "Bukit Batu", "tanggal": "2026-08-31", "timestamp": "2026-08-31T13:22:00+07:00", "satelit": "NASA-SNPP", "confidence": "Medium"}}, {"type": "Feature", "geometry": {"type": "Point", "coordinates": [108.99887, 0.51375]}, "properties": {"kab_kota": "MEMPAWAH", "kecamatan": "Sungai Kunyit", "desa": "Bukit Batu", "tanggal": "2026-08-31", "timestamp": "2026-08-31T13:22:00+07:00", "satelit": "NASA-SNPP", "confidence": "Medium"}}, {"type": "Feature", "geometry": {"type": "Point", "coordinates": [108.96973, 0.51617]}, "properties": {"kab_kota": "MEMPAWAH", "kecamatan": "Sungai Kunyit", "desa": "Bukit Batu", "tanggal": "2026-08-31", "timestamp": "2026-08-31T13:22:00+07:00", "satelit": "NASA-SNPP", "confidence": "Medium"}}, {"type": "Feature", "geometry": {"type": "Point", "coordinates": [108.99786, 0.52046]}, "properties": {"kab_kota": "MEMPAWAH", "kecamatan": "Sungai Kunyit", "desa": "Bukit Batu", "tanggal": "2026-08-31", "timestamp": "2026-08-31T13:22:00+07:00", "satelit": "NASA-SNPP", "confidence": "Medium"}}, {"type": "Feature", "geometry": {"type": "Point", "coordinates": [109.01144, 0.52596]}, "properties": {"kab_kota": "MEMPAWAH", "kecamatan": "Sungai Kunyit", "desa": "Bukit Batu", "tanggal": "2026-08-31", "timestamp": "2026-08-31T13:22:00+07:00", "satelit": "NASA-SNPP", "confidence": "Medium"}}, {"type": "Feature", "geometry": {"type": "Point", "coordinates": [109.00288, 0.53496]}, "properties": {"kab_kota": "MEMPAWAH", "kecamatan": "Sungai Kunyit", "desa": "Bukit Batu", "tanggal": "2026-08-31", "timestamp": "2026-08-31T13:22:00+07:00", "satelit": "NASA-SNPP", "confidence": "Medium"}}, {"type": "Feature", "geometry": {"type": "Point", "coordinates": [109.00892, 0.54274]}, "properties": {"kab_kota": "MEMPAWAH", "kecamatan": "Sungai Kunyit", "desa": "Bukit Batu", "tanggal": "2026-08-31", "timestamp": "2026-08-31T13:22:00+07:00", "satelit": "NASA-SNPP", "confidence": "Medium"}}, {"type": "Feature", "geometry": {"type": "Point", "coordinates": [109.00842, 0.5461]}, "properties": {"kab_kota": "MEMPAWAH", "kecamatan": "Sungai Kunyit", "desa": "Bukit Batu", "tanggal": "2026-08-31", "timestamp": "2026-08-31T13:22:00+07:00", "satelit": "NASA-SNPP", "confidence": "Medium"}}, {"type": "Feature", "geometry": {"type": "Point", "coordinates": [109.01897, 0.54771]}, "properties": {"kab_kota": "MEMPAWAH", "kecamatan": "Sungai Kunyit", "desa": "Bukit Batu", "tanggal": "2026-08-31", "timestamp": "2026-08-31T13:22:00+07:00", "satelit": "NASA-SNPP", "confidence": "Medium"}}, {"type": "Feature", "geometry": {"type": "Point", "coordinates": [109.00791, 0.54945]}, "properties": {"kab_kota": "MEMPAWAH", "kecamatan": "Sungai Kunyit", "desa": "Bukit Batu", "tanggal": "2026-08-31", "timestamp": "2026-08-31T13:22:00+07:00", "satelit": "NASA-SNPP", "confidence": "Medium"}}, {"type": "Feature", "geometry": {"type": "Point", "coordinates": [108.98496, 0.47742]}, "properties": {"kab_kota": "MEMPAWAH", "kecamatan": "Sungai Kunyit", "desa": "Semparong Parit Raden", "tanggal": "2026-08-10", "timestamp": "2026-08-10T13:18:00+07:00", "satelit": "NASA-SNPP", "confidence": "Medium"}}, {"type": "Feature", "geometry": {"type": "Point", "coordinates": [108.98844, 0.47796]}, "properties": {"kab_kota": "MEMPAWAH", "kecamatan": "Sungai Kunyit", "desa": "Semparong Parit Raden", "tanggal": "2026-08-10", "timestamp": "2026-08-10T13:18:00+07:00", "satelit": "NASA-SNPP", "confidence": "Medium"}}, {"type": "Feature", "geometry": {"type": "Point", "coordinates": [108.97354, 0.4825]}, "properties": {"kab_kota": "MEMPAWAH", "kecamatan": "Sungai Kunyit", "desa": "Semparong Parit Raden", "tanggal": "2026-08-10", "timestamp": "2026-08-10T13:18:00+07:00", "satelit": "NASA-SNPP", "confidence": "Medium"}}, {"type": "Feature", "geometry": {"type": "Point", "coordinates": [108.97304, 0.48583]}, "properties": {"kab_kota": "MEMPAWAH", "kecamatan": "Sungai Kunyit", "desa": "Semparong Parit Raden", "tanggal": "2026-08-10", "timestamp": "2026-08-10T13:18:00+07:00", "satelit": "NASA-SNPP", "confidence": "Medium"}}, {"type": "Feature", "geometry": {"type": "Point", "coordinates": [108.97803, 0.47059]}, "properties": {"kab_kota": "MEMPAWAH", "kecamatan": "Sungai Kunyit", "desa": "Semparong Parit Raden", "tanggal": "2026-08-28", "timestamp": "2026-08-28T12:40:00+07:00", "satelit": "NASA-SNPP", "confidence": "Medium"}}, {"type": "Feature", "geometry": {"type": "Point", "coordinates": [108.97781, 0.4719]}, "properties": {"kab_kota": "MEMPAWAH", "kecamatan": "Sungai Kunyit", "desa": "Semparong Parit Raden", "tanggal": "2026-08-28", "timestamp": "2026-08-28T12:40:00+07:00", "satelit": "NASA-SNPP", "confidence": "Medium"}}, {"type": "Feature", "geometry": {"type": "Point", "coordinates": [108.97719, 0.47633]}, "properties": {"kab_kota": "MEMPAWAH", "kecamatan": "Sungai Kunyit", "desa": "Semparong Parit Raden", "tanggal": "2026-08-28", "timestamp": "2026-08-28T12:40:00+07:00", "satelit": "NASA-SNPP", "confidence": "Medium"}}, {"type": "Feature", "geometry": {"type": "Point", "coordinates": [108.99337, 0.47849]}, "properties": {"kab_kota": "MEMPAWAH", "kecamatan": "Sungai Kunyit", "desa": "Semparong Parit Raden", "tanggal": "2026-08-31", "timestamp": "2026-08-31T00:43:00+07:00", "satelit": "NASA-SNPP", "confidence": "Medium"}}, {"type": "Feature", "geometry": {"type": "Point", "coordinates": [108.98869, 0.4744]}, "properties": {"kab_kota": "MEMPAWAH", "kecamatan": "Sungai Kunyit", "desa": "Semudun", "tanggal": "2026-08-01", "timestamp": "2026-08-01T12:46:00+07:00", "satelit": "NASA-SNPP", "confidence": "Medium"}}, {"type": "Feature", "geometry": {"type": "Point", "coordinates": [109.05553, 0.50771]}, "properties": {"kab_kota": "MEMPAWAH", "kecamatan": "Sungai Kunyit", "desa": "Semudun", "tanggal": "2026-08-30", "timestamp": "2026-08-30T01:02:00+07:00", "satelit": "NASA-SNPP", "confidence": "Medium"}}, {"type": "Feature", "geometry": {"type": "Point", "coordinates": [109.09013, 0.51168]}, "properties": {"kab_kota": "MEMPAWAH", "kecamatan": "Sungai Kunyit", "desa": "Semudun", "tanggal": "2026-08-30", "timestamp": "2026-08-30T13:44:00+07:00", "satelit": "NASA-SNPP", "confidence": "Medium"}}, {"type": "Feature", "geometry": {"type": "Point", "coordinates": [108.99249, 0.47297]}, "properties": {"kab_kota": "MEMPAWAH", "kecamatan": "Sungai Kunyit", "desa": "Semudun", "tanggal": "2026-08-31", "timestamp": "2026-08-31T00:43:00+07:00", "satelit": "NASA-SNPP", "confidence": "Medium"}}, {"type": "Feature", "geometry": {"type": "Point", "coordinates": [108.99427, 0.47367]}, "properties": {"kab_kota": "MEMPAWAH", "kecamatan": "Sungai Kunyit", "desa": "Semudun", "tanggal": "2026-08-31", "timestamp": "2026-08-31T13:22:00+07:00", "satelit": "NASA-SNPP", "confidence": "Medium"}}, {"type": "Feature", "geometry": {"type": "Point", "coordinates": [108.99377, 0.47703]}, "properties": {"kab_kota": "MEMPAWAH", "kecamatan": "Sungai Kunyit", "desa": "Semudun", "tanggal": "2026-08-31", "timestamp": "2026-08-31T13:22:00+07:00", "satelit": "NASA-SNPP", "confidence": "Medium"}}, {"type": "Feature", "geometry": {"type": "Point", "coordinates": [108.99728, 0.47757]}, "properties": {"kab_kota": "MEMPAWAH", "kecamatan": "Sungai Kunyit", "desa": "Semudun", "tanggal": "2026-08-31", "timestamp": "2026-08-31T13:22:00+07:00", "satelit": "NASA-SNPP", "confidence": "Medium"}}, {"type": "Feature", "geometry": {"type": "Point", "coordinates": [109.05829, 0.50219]}, "properties": {"kab_kota": "MEMPAWAH", "kecamatan": "Sungai Kunyit", "desa": "Semudun", "tanggal": "2026-08-31", "timestamp": "2026-08-31T13:22:00+07:00", "satelit": "NASA-SNPP", "confidence": "Medium"}}, {"type": "Feature", "geometry": {"type": "Point", "coordinates": [109.06181, 0.50272]}, "properties": {"kab_kota": "MEMPAWAH", "kecamatan": "Sungai Kunyit", "desa": "Semudun", "tanggal": "2026-08-31", "timestamp": "2026-08-31T13:22:00+07:00", "satelit": "NASA-SNPP", "confidence": "Medium"}}, {"type": "Feature", "geometry": {"type": "Point", "coordinates": [109.0041, 0.51137]}, "properties": {"kab_kota": "MEMPAWAH", "kecamatan": "Sungai Kunyit", "desa": "Sungai Kunyit Hulu", "tanggal": "2026-08-28", "timestamp": "2026-08-28T12:40:00+07:00", "satelit": "NASA-SNPP", "confidence": "Medium"}}, {"type": "Feature", "geometry": {"type": "Point", "coordinates": [108.99865, 0.51257]}, "properties": {"kab_kota": "MEMPAWAH", "kecamatan": "Sungai Kunyit", "desa": "Sungai Kunyit Hulu", "tanggal": "2026-08-30", "timestamp": "2026-08-30T01:02:00+07:00", "satelit": "NASA-SNPP", "confidence": "Medium"}}, {"type": "Feature", "geometry": {"type": "Point", "coordinates": [109.10734, 0.2717]}, "properties": {"kab_kota": "MEMPAWAH", "kecamatan": "Sungai Pinyuh", "desa": "Nusapati", "tanggal": "2026-08-11", "timestamp": "2026-08-11T01:58:00+07:00", "satelit": "NASA-SNPP", "confidence": "Medium"}}, {"type": "Feature", "geometry": {"type": "Point", "coordinates": [109.10513, 0.27387]}, "properties": {"kab_kota": "MEMPAWAH", "kecamatan": "Sungai Pinyuh", "desa": "Nusapati", "tanggal": "2026-08-12", "timestamp": "2026-08-12T01:41:00+07:00", "satelit": "NASA-SNPP", "confidence": "Medium"}}, {"type": "Feature", "geometry": {"type": "Point", "coordinates": [109.10661, 0.27377]}, "properties": {"kab_kota": "MEMPAWAH", "kecamatan": "Sungai Pinyuh", "desa": "Nusapati", "tanggal": "2026-08-18", "timestamp": "2026-08-18T14:07:00+07:00", "satelit": "NASA-SNPP", "confidence": "Medium"}}, {"type": "Feature", "geometry": {"type": "Point", "coordinates": [109.10955, 0.27523]}, "properties": {"kab_kota": "MEMPAWAH", "kecamatan": "Sungai Pinyuh", "desa": "Nusapati", "tanggal": "2026-08-18", "timestamp": "2026-08-18T14:07:00+07:00", "satelit": "NASA-SNPP", "confidence": "Medium"}}, {"type": "Feature", "geometry": {"type": "Point", "coordinates": [109.10976, 0.27152]}, "properties": {"kab_kota": "MEMPAWAH", "kecamatan": "Sungai Pinyuh", "desa": "Nusapati", "tanggal": "2026-08-19", "timestamp": "2026-08-19T01:09:00+07:00", "satelit": "NASA-SNPP", "confidence": "Medium"}}, {"type": "Feature", "geometry": {"type": "Point", "coordinates": [109.10568, 0.27216]}, "properties": {"kab_kota": "MEMPAWAH", "kecamatan": "Sungai Pinyuh", "desa": "Nusapati", "tanggal": "2026-08-19", "timestamp": "2026-08-19T01:09:00+07:00", "satelit": "NASA-SNPP", "confidence": "Medium"}}, {"type": "Feature", "geometry": {"type": "Point", "coordinates": [109.11033, 0.27511]}, "properties": {"kab_kota": "MEMPAWAH", "kecamatan": "Sungai Pinyuh", "desa": "Nusapati", "tanggal": "2026-08-19", "timestamp": "2026-08-19T01:09:00+07:00", "satelit": "NASA-SNPP", "confidence": "Medium"}}, {"type": "Feature", "geometry": {"type": "Point", "coordinates": [109.10624, 0.27575]}, "properties": {"kab_kota": "MEMPAWAH", "kecamatan": "Sungai Pinyuh", "desa": "Nusapati", "tanggal": "2026-08-19", "timestamp": "2026-08-19T01:09:00+07:00", "satelit": "NASA-SNPP", "confidence": "Medium"}}, {"type": "Feature", "geometry": {"type": "Point", "coordinates": [109.10765, 0.27447]}, "properties": {"kab_kota": "MEMPAWAH", "kecamatan": "Sungai Pinyuh", "desa": "Nusapati", "tanggal": "2026-08-19", "timestamp": "2026-08-19T13:50:00+07:00", "satelit": "NASA-SNPP", "confidence": "Medium"}}, {"type": "Feature", "geometry": {"type": "Point", "coordinates": [109.10892, 0.27346]}, "properties": {"kab_kota": "MEMPAWAH", "kecamatan": "Sungai Pinyuh", "desa": "Nusapati", "tanggal": "2026-08-20", "timestamp": "2026-08-20T00:49:00+07:00", "satelit": "NASA-SNPP", "confidence": "Medium"}}, {"type": "Feature", "geometry": {"type": "Point", "coordinates": [109.11366, 0.27543]}, "properties": {"kab_kota": "MEMPAWAH", "kecamatan": "Sungai Pinyuh", "desa": "Nusapati", "tanggal": "2026-08-30", "timestamp": "2026-08-30T13:44:00+07:00", "satelit": "NASA-SNPP", "confidence": "Medium"}}, {"type": "Feature", "geometry": {"type": "Point", "coordinates": [109.11068, 0.27445]}, "properties": {"kab_kota": "MEMPAWAH", "kecamatan": "Sungai Pinyuh", "desa": "Nusapati", "tanggal": "2026-08-31", "timestamp": "2026-08-31T00:43:00+07:00", "satelit": "NASA-SNPP", "confidence": "Medium"}}, {"type": "Feature", "geometry": {"type": "Point", "coordinates": [109.08986, 0.31746]}, "properties": {"kab_kota": "MEMPAWAH", "kecamatan": "Sungai Pinyuh", "desa": "Sungai Rasau", "tanggal": "2026-08-28", "timestamp": "2026-08-28T12:40:00+07:00", "satelit": "NASA-SNPP", "confidence": "Medium"}}, {"type": "Feature", "geometry": {"type": "Point", "coordinates": [109.09283, 0.30568]}, "properties": {"kab_kota": "MEMPAWAH", "kecamatan": "Sungai Pinyuh", "desa": "Sungai Rasau", "tanggal": "2026-08-30", "timestamp": "2026-08-30T13:44:00+07:00", "satelit": "NASA-SNPP", "confidence": "Medium"}}, {"type": "Feature", "geometry": {"type": "Point", "coordinates": [109.09052, 0.30563]}, "properties": {"kab_kota": "MEMPAWAH", "kecamatan": "Sungai Pinyuh", "desa": "Sungai Rasau", "tanggal": "2026-08-31", "timestamp": "2026-08-31T00:43:00+07:00", "satelit": "NASA-SNPP", "confidence": "Medium"}}, {"type": "Feature", "geometry": {"type": "Point", "coordinates": [109.0918, 0.30809]}, "properties": {"kab_kota": "MEMPAWAH", "kecamatan": "Sungai Pinyuh", "desa": "Sungai Rasau", "tanggal": "2026-08-31", "timestamp": "2026-08-31T13:22:00+07:00", "satelit": "NASA-SNPP", "confidence": "Medium"}}, {"type": "Feature", "geometry": {"type": "Point", "coordinates": [109.08672, 0.34167]}, "properties": {"kab_kota": "MEMPAWAH", "kecamatan": "Sungai Pinyuh", "desa": "Sungai Rasau", "tanggal": "2026-08-31", "timestamp": "2026-08-31T13:22:00+07:00", "satelit": "NASA-SNPP", "confidence": "Medium"}}, {"type": "Feature", "geometry": {"type": "Point", "coordinates": [109.06842, 0.33004]}, "properties": {"kab_kota": "MEMPAWAH", "kecamatan": "Sungai Pinyuh", "desa": "Sungai Rasau Besar Darat", "tanggal": "2026-08-18", "timestamp": "2026-08-18T01:26:00+07:00", "satelit": "NASA-SNPP", "confidence": "Medium"}}, {"type": "Feature", "geometry": {"type": "Point", "coordinates": [109.0679, 0.32608]}, "properties": {"kab_kota": "MEMPAWAH", "kecamatan": "Sungai Pinyuh", "desa": "Sungai Rasau Besar Darat", "tanggal": "2026-08-19", "timestamp": "2026-08-19T01:09:00+07:00", "satelit": "NASA-SNPP", "confidence": "Medium"}}, {"type": "Feature", "geometry": {"type": "Point", "coordinates": [109.06847, 0.32968]}, "properties": {"kab_kota": "MEMPAWAH", "kecamatan": "Sungai Pinyuh", "desa": "Sungai Rasau Besar Darat", "tanggal": "2026-08-19", "timestamp": "2026-08-19T01:09:00+07:00", "satelit": "NASA-SNPP", "confidence": "Medium"}}, {"type": "Feature", "geometry": {"type": "Point", "coordinates": [109.06175, 0.32603]}, "properties": {"kab_kota": "MEMPAWAH", "kecamatan": "Sungai Pinyuh", "desa": "Sungai Rasau Besar Darat", "tanggal": "2026-08-20", "timestamp": "2026-08-20T00:49:00+07:00", "satelit": "NASA-SNPP", "confidence": "Medium"}}, {"type": "Feature", "geometry": {"type": "Point", "coordinates": [109.06462, 0.32608]}, "properties": {"kab_kota": "MEMPAWAH", "kecamatan": "Sungai Pinyuh", "desa": "Sungai Rasau Besar Darat", "tanggal": "2026-08-20", "timestamp": "2026-08-20T13:29:00+07:00", "satelit": "NASA-SNPP", "confidence": "Medium"}}, {"type": "Feature", "geometry": {"type": "Point", "coordinates": [109.07468, 0.34278]}, "properties": {"kab_kota": "MEMPAWAH", "kecamatan": "Sungai Pinyuh", "desa": "Sungai Rasau Besar Darat", "tanggal": "2026-08-23", "timestamp": "2026-08-23T14:14:00+07:00", "satelit": "NASA-SNPP", "confidence": "Medium"}}, {"type": "Feature", "geometry": {"type": "Point", "coordinates": [109.07736, 0.34293]}, "properties": {"kab_kota": "MEMPAWAH", "kecamatan": "Sungai Pinyuh", "desa": "Sungai Rasau Besar Darat", "tanggal": "2026-08-24", "timestamp": "2026-08-24T01:13:00+07:00", "satelit": "NASA-SNPP", "confidence": "Medium"}}, {"type": "Feature", "geometry": {"type": "Point", "coordinates": [109.07376, 0.3435]}, "properties": {"kab_kota": "MEMPAWAH", "kecamatan": "Sungai Pinyuh", "desa": "Sungai Rasau Besar Darat", "tanggal": "2026-08-24", "timestamp": "2026-08-24T01:13:00+07:00", "satelit": "NASA-SNPP", "confidence": "Medium"}}, {"type": "Feature", "geometry": {"type": "Point", "coordinates": [109.05965, 0.34018]}, "properties": {"kab_kota": "MEMPAWAH", "kecamatan": "Sungai Pinyuh", "desa": "Sungai Rasau Besar Darat", "tanggal": "2026-08-25", "timestamp": "2026-08-25T13:35:00+07:00", "satelit": "NASA-SNPP", "confidence": "Medium"}}, {"type": "Feature", "geometry": {"type": "Point", "coordinates": [109.07082, 0.33782]}, "properties": {"kab_kota": "MEMPAWAH", "kecamatan": "Sungai Pinyuh", "desa": "Sungai Rasau Besar Darat", "tanggal": "2026-08-28", "timestamp": "2026-08-28T12:40:00+07:00", "satelit": "NASA-SNPP", "confidence": "Medium"}}, {"type": "Feature", "geometry": {"type": "Point", "coordinates": [109.07476, 0.33844]}, "properties": {"kab_kota": "MEMPAWAH", "kecamatan": "Sungai Pinyuh", "desa": "Sungai Rasau Besar Darat", "tanggal": "2026-08-28", "timestamp": "2026-08-28T12:40:00+07:00", "satelit": "NASA-SNPP", "confidence": "Medium"}}, {"type": "Feature", "geometry": {"type": "Point", "coordinates": [109.06998, 0.34353]}, "properties": {"kab_kota": "MEMPAWAH", "kecamatan": "Sungai Pinyuh", "desa": "Sungai Rasau Besar Darat", "tanggal": "2026-08-28", "timestamp": "2026-08-28T12:40:00+07:00", "satelit": "NASA-SNPP", "confidence": "Medium"}}, {"type": "Feature", "geometry": {"type": "Point", "coordinates": [109.07304, 0.34986]}, "properties": {"kab_kota": "MEMPAWAH", "kecamatan": "Sungai Pinyuh", "desa": "Sungai Rasau Besar Darat", "tanggal": "2026-08-28", "timestamp": "2026-08-28T12:40:00+07:00", "satelit": "NASA-SNPP", "confidence": "Medium"}}, {"type": "Feature", "geometry": {"type": "Point", "coordinates": [109.08315, 0.34456]}, "properties": {"kab_kota": "MEMPAWAH", "kecamatan": "Sungai Pinyuh", "desa": "Sungai Rasau Besar Darat", "tanggal": "2026-08-29", "timestamp": "2026-08-29T14:01:00+07:00", "satelit": "NASA-SNPP", "confidence": "Medium"}}, {"type": "Feature", "geometry": {"type": "Point", "coordinates": [109.06404, 0.32697]}, "properties": {"kab_kota": "MEMPAWAH", "kecamatan": "Sungai Pinyuh", "desa": "Sungai Rasau Besar Darat", "tanggal": "2026-08-30", "timestamp": "2026-08-30T01:02:00+07:00", "satelit": "NASA-SNPP", "confidence": "Medium"}}, {"type": "Feature", "geometry": {"type": "Point", "coordinates": [109.07037, 0.33407]}, "properties": {"kab_kota": "MEMPAWAH", "kecamatan": "Sungai Pinyuh", "desa": "Sungai Rasau Besar Darat", "tanggal": "2026-08-30", "timestamp": "2026-08-30T01:02:00+07:00", "satelit": "NASA-SNPP", "confidence": "Medium"}}, {"type": "Feature", "geometry": {"type": "Point", "coordinates": [109.06849, 0.33705]}, "properties": {"kab_kota": "MEMPAWAH", "kecamatan": "Sungai Pinyuh", "desa": "Sungai Rasau Besar Darat", "tanggal": "2026-08-30", "timestamp": "2026-08-30T01:02:00+07:00", "satelit": "NASA-SNPP", "confidence": "Medium"}}, {"type": "Feature", "geometry": {"type": "Point", "coordinates": [109.071, 0.33803]}, "properties": {"kab_kota": "MEMPAWAH", "kecamatan": "Sungai Pinyuh", "desa": "Sungai Rasau Besar Darat", "tanggal": "2026-08-30", "timestamp": "2026-08-30T01:02:00+07:00", "satelit": "NASA-SNPP", "confidence": "Medium"}}, {"type": "Feature", "geometry": {"type": "Point", "coordinates": [109.07988, 0.34341]}, "properties": {"kab_kota": "MEMPAWAH", "kecamatan": "Sungai Pinyuh", "desa": "Sungai Rasau Besar Darat", "tanggal": "2026-08-30", "timestamp": "2026-08-30T01:02:00+07:00", "satelit": "NASA-SNPP", "confidence": "Medium"}}, {"type": "Feature", "geometry": {"type": "Point", "coordinates": [109.08234, 0.34432]}, "properties": {"kab_kota": "MEMPAWAH", "kecamatan": "Sungai Pinyuh", "desa": "Sungai Rasau Besar Darat", "tanggal": "2026-08-30", "timestamp": "2026-08-30T01:02:00+07:00", "satelit": "NASA-SNPP", "confidence": "Medium"}}, {"type": "Feature", "geometry": {"type": "Point", "coordinates": [109.06454, 0.33192]}, "properties": {"kab_kota": "MEMPAWAH", "kecamatan": "Sungai Pinyuh", "desa": "Sungai Rasau Besar Darat", "tanggal": "2026-08-30", "timestamp": "2026-08-30T13:44:00+07:00", "satelit": "NASA-SNPP", "confidence": "Medium"}}, {"type": "Feature", "geometry": {"type": "Point", "coordinates": [109.08302, 0.34354]}, "properties": {"kab_kota": "MEMPAWAH", "kecamatan": "Sungai Pinyuh", "desa": "Sungai Rasau Besar Darat", "tanggal": "2026-08-30", "timestamp": "2026-08-30T13:44:00+07:00", "satelit": "NASA-SNPP", "confidence": "Medium"}}, {"type": "Feature", "geometry": {"type": "Point", "coordinates": [109.08699, 0.34416]}, "properties": {"kab_kota": "MEMPAWAH", "kecamatan": "Sungai Pinyuh", "desa": "Sungai Rasau Besar Darat", "tanggal": "2026-08-30", "timestamp": "2026-08-30T13:44:00+07:00", "satelit": "NASA-SNPP", "confidence": "Medium"}}, {"type": "Feature", "geometry": {"type": "Point", "coordinates": [109.06591, 0.332]}, "properties": {"kab_kota": "MEMPAWAH", "kecamatan": "Sungai Pinyuh", "desa": "Sungai Rasau Besar Darat", "tanggal": "2026-08-31", "timestamp": "2026-08-31T00:43:00+07:00", "satelit": "NASA-SNPP", "confidence": "Medium"}}, {"type": "Feature", "geometry": {"type": "Point", "coordinates": [109.06234, 0.33257]}, "properties": {"kab_kota": "MEMPAWAH", "kecamatan": "Sungai Pinyuh", "desa": "Sungai Rasau Besar Darat", "tanggal": "2026-08-31", "timestamp": "2026-08-31T00:43:00+07:00", "satelit": "NASA-SNPP", "confidence": "Medium"}}, {"type": "Feature", "geometry": {"type": "Point", "coordinates": [109.08275, 0.34614]}, "properties": {"kab_kota": "MEMPAWAH", "kecamatan": "Sungai Pinyuh", "desa": "Sungai Rasau Besar Darat", "tanggal": "2026-08-31", "timestamp": "2026-08-31T00:43:00+07:00", "satelit": "NASA-SNPP", "confidence": "Medium"}}, {"type": "Feature", "geometry": {"type": "Point", "coordinates": [109.0666, 0.33172]}, "properties": {"kab_kota": "MEMPAWAH", "kecamatan": "Sungai Pinyuh", "desa": "Sungai Rasau Besar Darat", "tanggal": "2026-08-31", "timestamp": "2026-08-31T13:22:00+07:00", "satelit": "NASA-SNPP", "confidence": "Medium"}}, {"type": "Feature", "geometry": {"type": "Point", "coordinates": [109.06609, 0.33508]}, "properties": {"kab_kota": "MEMPAWAH", "kecamatan": "Sungai Pinyuh", "desa": "Sungai Rasau Besar Darat", "tanggal": "2026-08-31", "timestamp": "2026-08-31T13:22:00+07:00", "satelit": "NASA-SNPP", "confidence": "Medium"}}, {"type": "Feature", "geometry": {"type": "Point", "coordinates": [109.0832, 0.34113]}, "properties": {"kab_kota": "MEMPAWAH", "kecamatan": "Sungai Pinyuh", "desa": "Sungai Rasau Besar Darat", "tanggal": "2026-08-31", "timestamp": "2026-08-31T13:22:00+07:00", "satelit": "NASA-SNPP", "confidence": "Medium"}}, {"type": "Feature", "geometry": {"type": "Point", "coordinates": [109.05752, 0.34406]}, "properties": {"kab_kota": "MEMPAWAH", "kecamatan": "Sungai Pinyuh", "desa": "Sungai Rasau Besar Darat", "tanggal": "2026-08-31", "timestamp": "2026-08-31T13:22:00+07:00", "satelit": "NASA-SNPP", "confidence": "Medium"}}, {"type": "Feature", "geometry": {"type": "Point", "coordinates": [109.08622, 0.34502]}, "properties": {"kab_kota": "MEMPAWAH", "kecamatan": "Sungai Pinyuh", "desa": "Sungai Rasau Besar Darat", "tanggal": "2026-08-31", "timestamp": "2026-08-31T13:22:00+07:00", "satelit": "NASA-SNPP", "confidence": "Medium"}}, {"type": "Feature", "geometry": {"type": "Point", "coordinates": [109.27184, 0.36917]}, "properties": {"kab_kota": "MEMPAWAH", "kecamatan": "Toho", "desa": "Benuang", "tanggal": "2026-08-25", "timestamp": "2026-08-25T13:35:00+07:00", "satelit": "NASA-SNPP", "confidence": "Medium"}}, {"type": "Feature", "geometry": {"type": "Point", "coordinates": [109.21229, 0.37406]}, "properties": {"kab_kota": "MEMPAWAH", "kecamatan": "Toho", "desa": "Terap", "tanggal": "2026-08-23", "timestamp": "2026-08-23T14:14:00+07:00", "satelit": "NASA-SNPP", "confidence": "Medium"}}]}