{"type": "FeatureCollection", "features": [{"type": "Feature", "geometry": {"type": "Point", "coordinates": [111.1334, 0.27872]}, "properties": {"kab_kota": "SEKADAU", "kecamatan": "Belitang", "desa": "Menua Prama", "tanggal": "2026-08-06", "timestamp": "2026-08-06T15:09:00+07:00", "satelit": "NASA-MODIS", "confidence": "High"}}, {"type": "Feature", "geometry": {"type": "Point", "coordinates": [111.14949, 0.29002]}, "properties": {"kab_kota": "SEKADAU", "kecamatan": "Belitang", "desa": "Menua Prama", "tanggal": "2026-08-06", "timestamp": "2026-08-06T15:09:00+07:00", "satelit": "NASA-MODIS", "confidence": "High"}}, {"type": "Feature", "geometry": {"type": "Point", "coordinates": [111.14143, 0.27922]}, "properties": {"kab_kota": "SEKADAU", "kecamatan": "Belitang", "desa": "Menua Prama", "tanggal": "2026-08-08", "timestamp": "2026-08-08T14:46:00+07:00", "satelit": "NASA-MODIS", "confidence": "High"}}, {"type": "Feature", "geometry": {"type": "Point", "coordinates": [111.19904, 0.31516]}, "properties": {"kab_kota": "SEKADAU", "kecamatan": "Belitang", "desa": "Nanga Ansar", "tanggal": "2026-08-06", "timestamp": "2026-08-06T15:09:00+07:00", "satelit": "NASA-MODIS", "confidence": "High"}}, {"type": "Feature", "geometry": {"type": "Point", "coordinates": [111.16637, 0.26511]}, "properties": {"kab_kota": "SEKADAU", "kecamatan": "Belitang", "desa": "Padak", "tanggal": "2026-08-08", "timestamp": "2026-08-08T14:46:00+07:00", "satelit": "NASA-MODIS", "confidence": "High"}}, {"type": "Feature", "geometry": {"type": "Point", "coordinates": [111.19142, 0.25201]}, "properties": {"kab_kota": "SEKADAU", "kecamatan": "Belitang", "desa": "Padak", "tanggal": "2026-08-19", "timestamp": "2026-08-19T15:11:00+07:00", "satelit": "NASA-MODIS", "confidence": "High"}}, {"type": "Feature", "geometry": {"type": "Point", "coordinates": [111.25632, 0.23472]}, "properties": {"kab_kota": "SEKADAU", "kecamatan": "Belitang", "desa": "Setuntung", "tanggal": "2026-08-19", "timestamp": "2026-08-19T15:11:00+07:00", "satelit": "NASA-MODIS", "confidence": "High"}}, {"type": "Feature", "geometry": {"type": "Point", "coordinates": [111.05363, 0.18644]}, "properties": {"kab_kota": "SEKADAU", "kecamatan": "Belitang Hilir", "desa": "Empajak", "tanggal": "2026-08-08", "timestamp": "2026-08-08T14:46:00+07:00", "satelit": "NASA-MODIS", "confidence": "High"}}, {"type": "Feature", "geometry": {"type": "Point", "coordinates": [111.04181, 0.19136]}, "properties": {"kab_kota": "SEKADAU", "kecamatan": "Belitang Hilir", "desa": "Empajak", "tanggal": "2026-08-08", "timestamp": "2026-08-08T14:46:00+07:00", "satelit": "NASA-MODIS", "confidence": "High"}}, {"type": "Feature", "geometry": {"type": "Point", "coordinates": [111.12471, 0.27744]}, "properties": {"kab_kota": "SEKADAU", "kecamatan": "Belitang Hilir", "desa": "Kumpang Bis", "tanggal": "2026-08-06", "timestamp": "2026-08-06T15:09:00+07:00", "satelit": "NASA-MODIS", "confidence": "High"}}, {"type": "Feature", "geometry": {"type": "Point", "coordinates": [111.08737, 0.28982]}, "properties": {"kab_kota": "SEKADAU", "kecamatan": "Belitang Hilir", "desa": "Kumpang Bis", "tanggal": "2026-08-06", "timestamp": "2026-08-06T15:09:00+07:00", "satelit": "NASA-MODIS", "confidence": "High"}}, {"type": "Feature", "geometry": {"type": "Point", "coordinates": [111.10217, 0.30986]}, "properties": {"kab_kota": "SEKADAU", "kecamatan": "Belitang Hilir", "desa": "Kumpang Bis", "tanggal": "2026-08-06", "timestamp": "2026-08-06T15:09:00+07:00", "satelit": "NASA-MODIS", "confidence": "High"}}, {"type": "Feature", "geometry": {"type": "Point", "coordinates": [111.06792, 0.24898]}, "properties": {"kab_kota": "SEKADAU", "kecamatan": "Belitang Hilir", "desa": "Kumpang Bis", "tanggal": "2026-08-11", "timestamp": "2026-08-11T15:05:00+07:00", "satelit": "NASA-MODIS", "confidence": "High"}}, {"type": "Feature", "geometry": {"type": "Point", "coordinates": [111.0668, 0.2603]}, "properties": {"kab_kota": "SEKADAU", "kecamatan": "Belitang Hilir", "desa": "Kumpang Bis", "tanggal": "2026-08-16", "timestamp": "2026-08-16T14:56:00+07:00", "satelit": "NASA-MODIS", "confidence": "High"}}, {"type": "Feature", "geometry": {"type": "Point", "coordinates": [110.959, 0.25181]}, "properties": {"kab_kota": "SEKADAU", "kecamatan": "Belitang Hilir", "desa": "Menawai Tekam", "tanggal": "2026-08-11", "timestamp": "2026-08-11T15:05:00+07:00", "satelit": "NASA-MODIS", "confidence": "High"}}, {"type": "Feature", "geometry": {"type": "Point", "coordinates": [110.96871, 0.25323]}, "properties": {"kab_kota": "SEKADAU", "kecamatan": "Belitang Hilir", "desa": "Menawai Tekam", "tanggal": "2026-08-11", "timestamp": "2026-08-11T15:05:00+07:00", "satelit": "NASA-MODIS", "confidence": "High"}}, {"type": "Feature", "geometry": {"type": "Point", "coordinates": [110.97878, 0.25133]}, "properties": {"kab_kota": "SEKADAU", "kecamatan": "Belitang Hilir", "desa": "Menawai Tekam", "tanggal": "2026-08-24", "timestamp": "2026-08-24T15:07:00+07:00", "satelit": "NASA-MODIS", "confidence": "High"}}, {"type": "Feature", "geometry": {"type": "Point", "coordinates": [110.98817, 0.25272]}, "properties": {"kab_kota": "SEKADAU", "kecamatan": "Belitang Hilir", "desa": "Menawai Tekam", "tanggal": "2026-08-24", "timestamp": "2026-08-24T15:07:00+07:00", "satelit": "NASA-MODIS", "confidence": "High"}}, {"type": "Feature", "geometry": {"type": "Point", "coordinates": [111.0029, 0.2827]}, "properties": {"kab_kota": "SEKADAU", "kecamatan": "Belitang Hilir", "desa": "Menawai Tekam", "tanggal": "2026-08-24", "timestamp": "2026-08-24T15:07:00+07:00", "satelit": "NASA-MODIS", "confidence": "High"}}, {"type": "Feature", "geometry": {"type": "Point", "coordinates": [111.01228, 0.28409]}, "properties": {"kab_kota": "SEKADAU", "kecamatan": "Belitang Hilir", "desa": "Menawai Tekam", "tanggal": "2026-08-24", "timestamp": "2026-08-24T15:07:00+07:00", "satelit": "NASA-MODIS", "confidence": "High"}}, {"type": "Feature", "geometry": {"type": "Point", "coordinates": [111.02442, 0.17722]}, "properties": {"kab_kota": "SEKADAU", "kecamatan": "Belitang Hilir", "desa": "Merbang", "tanggal": "2026-08-14", "timestamp": "2026-08-14T15:20:00+07:00", "satelit": "NASA-MODIS", "confidence": "High"}}, {"type": "Feature", "geometry": {"type": "Point", "coordinates": [110.9994, 0.33874]}, "properties": {"kab_kota": "SEKADAU", "kecamatan": "Belitang Hilir", "desa": "Semadu", "tanggal": "2026-08-01", "timestamp": "2026-08-01T15:18:00+07:00", "satelit": "NASA-MODIS", "confidence": "High"}}, {"type": "Feature", "geometry": {"type": "Point", "coordinates": [111.07094, 0.34101]}, "properties": {"kab_kota": "SEKADAU", "kecamatan": "Belitang Hilir", "desa": "Semadu", "tanggal": "2026-08-06", "timestamp": "2026-08-06T15:09:00+07:00", "satelit": "NASA-MODIS", "confidence": "High"}}, {"type": "Feature", "geometry": {"type": "Point", "coordinates": [111.06002, 0.36988]}, "properties": {"kab_kota": "SEKADAU", "kecamatan": "Belitang Hilir", "desa": "Semadu", "tanggal": "2026-08-06", "timestamp": "2026-08-06T15:09:00+07:00", "satelit": "NASA-MODIS", "confidence": "High"}}, {"type": "Feature", "geometry": {"type": "Point", "coordinates": [110.98285, 0.35683]}, "properties": {"kab_kota": "SEKADAU", "kecamatan": "Belitang Hilir", "desa": "Semadu", "tanggal": "2026-08-22", "timestamp": "2026-08-22T15:28:00+07:00", "satelit": "NASA-MODIS", "confidence": "High"}}, {"type": "Feature", "geometry": {"type": "Point", "coordinates": [110.98814, 0.34464]}, "properties": {"kab_kota": "SEKADAU", "kecamatan": "Belitang Hilir", "desa": "Semadu", "tanggal": "2026-08-24", "timestamp": "2026-08-24T15:07:00+07:00", "satelit": "NASA-MODIS", "confidence": "High"}}, {"type": "Feature", "geometry": {"type": "Point", "coordinates": [111.04825, 0.14226]}, "properties": {"kab_kota": "SEKADAU", "kecamatan": "Belitang Hilir", "desa": "Sepantak", "tanggal": "2026-08-21", "timestamp": "2026-08-21T14:52:00+07:00", "satelit": "NASA-MODIS", "confidence": "High"}}, {"type": "Feature", "geometry": {"type": "Point", "coordinates": [111.12186, 0.03973]}, "properties": {"kab_kota": "SEKADAU", "kecamatan": "Belitang Hilir", "desa": "Sungaiayak Satu", "tanggal": "2026-08-24", "timestamp": "2026-08-24T20:18:00+07:00", "satelit": "NASA-MODIS", "confidence": "High"}}, {"type": "Feature", "geometry": {"type": "Point", "coordinates": [111.19386, 0.42528]}, "properties": {"kab_kota": "SEKADAU", "kecamatan": "Belitang Hulu", "desa": "Balai Sepuak", "tanggal": "2026-08-06", "timestamp": "2026-08-06T15:09:00+07:00", "satelit": "NASA-MODIS", "confidence": "High"}}, {"type": "Feature", "geometry": {"type": "Point", "coordinates": [111.23719, 0.47643]}, "properties": {"kab_kota": "SEKADAU", "kecamatan": "Belitang Hulu", "desa": "Balai Sepuak", "tanggal": "2026-08-27", "timestamp": "2026-08-27T15:22:00+07:00", "satelit": "NASA-MODIS", "confidence": "High"}}, {"type": "Feature", "geometry": {"type": "Point", "coordinates": [111.12342, 0.49641]}, "properties": {"kab_kota": "SEKADAU", "kecamatan": "Belitang Hulu", "desa": "Batuk Mulau", "tanggal": "2026-08-01", "timestamp": "2026-08-01T15:18:00+07:00", "satelit": "NASA-MODIS", "confidence": "High"}}, {"type": "Feature", "geometry": {"type": "Point", "coordinates": [111.20746, 0.41797]}, "properties": {"kab_kota": "SEKADAU", "kecamatan": "Belitang Hulu", "desa": "Batuk Mulau", "tanggal": "2026-08-21", "timestamp": "2026-08-21T14:52:00+07:00", "satelit": "NASA-MODIS", "confidence": "High"}}, {"type": "Feature", "geometry": {"type": "Point", "coordinates": [111.0925, 0.39812]}, "properties": {"kab_kota": "SEKADAU", "kecamatan": "Belitang Hulu", "desa": "Ijuk", "tanggal": "2026-08-03", "timestamp": "2026-08-03T14:54:00+07:00", "satelit": "NASA-MODIS", "confidence": "High"}}, {"type": "Feature", "geometry": {"type": "Point", "coordinates": [111.0856, 0.40043]}, "properties": {"kab_kota": "SEKADAU", "kecamatan": "Belitang Hulu", "desa": "Ijuk", "tanggal": "2026-08-03", "timestamp": "2026-08-03T14:54:00+07:00", "satelit": "NASA-MODIS", "confidence": "High"}}, {"type": "Feature", "geometry": {"type": "Point", "coordinates": [111.15566, 0.43401]}, "properties": {"kab_kota": "SEKADAU", "kecamatan": "Belitang Hulu", "desa": "Ijuk", "tanggal": "2026-08-21", "timestamp": "2026-08-21T14:52:00+07:00", "satelit": "NASA-MODIS", "confidence": "High"}}, {"type": "Feature", "geometry": {"type": "Point", "coordinates": [111.09829, 0.40227]}, "properties": {"kab_kota": "SEKADAU", "kecamatan": "Belitang Hulu", "desa": "Kumpang Ilong", "tanggal": "2026-08-03", "timestamp": "2026-08-03T14:54:00+07:00", "satelit": "NASA-MODIS", "confidence": "High"}}, {"type": "Feature", "geometry": {"type": "Point", "coordinates": [111.09093, 0.40856]}, "properties": {"kab_kota": "SEKADAU", "kecamatan": "Belitang Hulu", "desa": "Kumpang Ilong", "tanggal": "2026-08-03", "timestamp": "2026-08-03T14:54:00+07:00", "satelit": "NASA-MODIS", "confidence": "High"}}, {"type": "Feature", "geometry": {"type": "Point", "coordinates": [111.12173, 0.36134]}, "properties": {"kab_kota": "SEKADAU", "kecamatan": "Belitang Hulu", "desa": "Kumpang Ilong", "tanggal": "2026-08-21", "timestamp": "2026-08-21T14:52:00+07:00", "satelit": "NASA-MODIS", "confidence": "High"}}, {"type": "Feature", "geometry": {"type": "Point", "coordinates": [111.1598, 0.36688]}, "properties": {"kab_kota": "SEKADAU", "kecamatan": "Belitang Hulu", "desa": "Kumpang Ilong", "tanggal": "2026-08-22", "timestamp": "2026-08-22T15:28:00+07:00", "satelit": "NASA-MODIS", "confidence": "High"}}, {"type": "Feature", "geometry": {"type": "Point", "coordinates": [111.13589, 0.37578]}, "properties": {"kab_kota": "SEKADAU", "kecamatan": "Belitang Hulu", "desa": "Kumpang Ilong", "tanggal": "2026-08-24", "timestamp": "2026-08-24T15:07:00+07:00", "satelit": "NASA-MODIS", "confidence": "High"}}, {"type": "Feature", "geometry": {"type": "Point", "coordinates": [111.10932, 0.42712]}, "properties": {"kab_kota": "SEKADAU", "kecamatan": "Belitang Hulu", "desa": "Kumpang Ilong", "tanggal": "2026-08-24", "timestamp": "2026-08-24T15:07:00+07:00", "satelit": "NASA-MODIS", "confidence": "High"}}, {"type": "Feature", "geometry": {"type": "Point", "coordinates": [111.18752, 0.67711]}, "properties": {"kab_kota": "SEKADAU", "kecamatan": "Belitang Hulu", "desa": "Sungaiantu Hulu", "tanggal": "2026-08-19", "timestamp": "2026-08-19T15:13:00+07:00", "satelit": "NASA-MODIS", "confidence": "High"}}, {"type": "Feature", "geometry": {"type": "Point", "coordinates": [111.15134, 0.68075]}, "properties": {"kab_kota": "SEKADAU", "kecamatan": "Belitang Hulu", "desa": "Sungaiantu Hulu", "tanggal": "2026-08-19", "timestamp": "2026-08-19T15:13:00+07:00", "satelit": "NASA-MODIS", "confidence": "High"}}, {"type": "Feature", "geometry": {"type": "Point", "coordinates": [111.16006, 0.68203]}, "properties": {"kab_kota": "SEKADAU", "kecamatan": "Belitang Hulu", "desa": "Sungaiantu Hulu", "tanggal": "2026-08-19", "timestamp": "2026-08-19T15:13:00+07:00", "satelit": "NASA-MODIS", "confidence": "High"}}, {"type": "Feature", "geometry": {"type": "Point", "coordinates": [111.1775, 0.68459]}, "properties": {"kab_kota": "SEKADAU", "kecamatan": "Belitang Hulu", "desa": "Sungaiantu Hulu", "tanggal": "2026-08-19", "timestamp": "2026-08-19T15:13:00+07:00", "satelit": "NASA-MODIS", "confidence": "High"}}, {"type": "Feature", "geometry": {"type": "Point", "coordinates": [111.18621, 0.68587]}, "properties": {"kab_kota": "SEKADAU", "kecamatan": "Belitang Hulu", "desa": "Sungaiantu Hulu", "tanggal": "2026-08-19", "timestamp": "2026-08-19T15:13:00+07:00", "satelit": "NASA-MODIS", "confidence": "High"}}, {"type": "Feature", "geometry": {"type": "Point", "coordinates": [110.97113, 0.47842]}, "properties": {"kab_kota": "SEKADAU", "kecamatan": "Belitang Hulu", "desa": "Sungaitapah", "tanggal": "2026-08-19", "timestamp": "2026-08-19T15:13:00+07:00", "satelit": "NASA-MODIS", "confidence": "High"}}, {"type": "Feature", "geometry": {"type": "Point", "coordinates": [110.96115, 0.48588]}, "properties": {"kab_kota": "SEKADAU", "kecamatan": "Belitang Hulu", "desa": "Sungaitapah", "tanggal": "2026-08-19", "timestamp": "2026-08-19T15:13:00+07:00", "satelit": "NASA-MODIS", "confidence": "High"}}, {"type": "Feature", "geometry": {"type": "Point", "coordinates": [111.04068, 0.48864]}, "properties": {"kab_kota": "SEKADAU", "kecamatan": "Belitang Hulu", "desa": "Sungaitapah", "tanggal": "2026-08-19", "timestamp": "2026-08-19T15:13:00+07:00", "satelit": "NASA-MODIS", "confidence": "High"}}, {"type": "Feature", "geometry": {"type": "Point", "coordinates": [111.09359, 0.45862]}, "properties": {"kab_kota": "SEKADAU", "kecamatan": "Belitang Hulu", "desa": "Sungaitapah", "tanggal": "2026-08-29", "timestamp": "2026-08-29T20:18:00+07:00", "satelit": "NASA-MODIS", "confidence": "High"}}, {"type": "Feature", "geometry": {"type": "Point", "coordinates": [111.10237, 0.45983]}, "properties": {"kab_kota": "SEKADAU", "kecamatan": "Belitang Hulu", "desa": "Sungaitapah", "tanggal": "2026-08-29", "timestamp": "2026-08-29T20:18:00+07:00", "satelit": "NASA-MODIS", "confidence": "High"}}, {"type": "Feature", "geometry": {"type": "Point", "coordinates": [111.23922, 0.48689]}, "properties": {"kab_kota": "SEKADAU", "kecamatan": "Belitang Hulu", "desa": "Tabuk Hulu", "tanggal": "2026-08-14", "timestamp": "2026-08-14T15:20:00+07:00", "satelit": "NASA-MODIS", "confidence": "High"}}, {"type": "Feature", "geometry": {"type": "Point", "coordinates": [111.26282, 0.56304]}, "properties": {"kab_kota": "SEKADAU", "kecamatan": "Belitang Hulu", "desa": "Tabuk Hulu", "tanggal": "2026-08-14", "timestamp": "2026-08-14T15:20:00+07:00", "satelit": "NASA-MODIS", "confidence": "High"}}, {"type": "Feature", "geometry": {"type": "Point", "coordinates": [110.73281, -0.45074]}, "properties": {"kab_kota": "SEKADAU", "kecamatan": "Nanga Mahap", "desa": "Batu Pahat", "tanggal": "2026-08-29", "timestamp": "2026-08-29T15:01:00+07:00", "satelit": "NASA-MODIS", "confidence": "High"}}, {"type": "Feature", "geometry": {"type": "Point", "coordinates": [110.74373, -0.43853]}, "properties": {"kab_kota": "SEKADAU", "kecamatan": "Nanga Mahap", "desa": "Batu Pahat", "tanggal": "2026-08-29", "timestamp": "2026-08-29T15:01:00+07:00", "satelit": "NASA-MODIS", "confidence": "High"}}, {"type": "Feature", "geometry": {"type": "Point", "coordinates": [110.75626, -0.43673]}, "properties": {"kab_kota": "SEKADAU", "kecamatan": "Nanga Mahap", "desa": "Batu Pahat", "tanggal": "2026-08-29", "timestamp": "2026-08-29T15:01:00+07:00", "satelit": "NASA-MODIS", "confidence": "High"}}, {"type": "Feature", "geometry": {"type": "Point", "coordinates": [110.74992, -0.43085]}, "properties": {"kab_kota": "SEKADAU", "kecamatan": "Nanga Mahap", "desa": "Batu Pahat", "tanggal": "2026-08-29", "timestamp": "2026-08-29T15:01:00+07:00", "satelit": "NASA-MODIS", "confidence": "High"}}, {"type": "Feature", "geometry": {"type": "Point", "coordinates": [110.64872, -0.40191]}, "properties": {"kab_kota": "SEKADAU", "kecamatan": "Nanga Mahap", "desa": "Cenayan", "tanggal": "2026-08-08", "timestamp": "2026-08-08T14:46:00+07:00", "satelit": "NASA-MODIS", "confidence": "High"}}, {"type": "Feature", "geometry": {"type": "Point", "coordinates": [110.63467, -0.39637]}, "properties": {"kab_kota": "SEKADAU", "kecamatan": "Nanga Mahap", "desa": "Cenayan", "tanggal": "2026-08-09", "timestamp": "2026-08-09T15:24:00+07:00", "satelit": "NASA-MODIS", "confidence": "High"}}, {"type": "Feature", "geometry": {"type": "Point", "coordinates": [110.65434, -0.39689]}, "properties": {"kab_kota": "SEKADAU", "kecamatan": "Nanga Mahap", "desa": "Cenayan", "tanggal": "2026-08-16", "timestamp": "2026-08-16T14:56:00+07:00", "satelit": "NASA-MODIS", "confidence": "High"}}, {"type": "Feature", "geometry": {"type": "Point", "coordinates": [110.65929, -0.40759]}, "properties": {"kab_kota": "SEKADAU", "kecamatan": "Nanga Mahap", "desa": "Cenayan", "tanggal": "2026-08-19", "timestamp": "2026-08-19T15:11:00+07:00", "satelit": "NASA-MODIS", "confidence": "High"}}, {"type": "Feature", "geometry": {"type": "Point", "coordinates": [110.62058, -0.38644]}, "properties": {"kab_kota": "SEKADAU", "kecamatan": "Nanga Mahap", "desa": "Cenayan", "tanggal": "2026-08-19", "timestamp": "2026-08-19T15:11:00+07:00", "satelit": "NASA-MODIS", "confidence": "High"}}, {"type": "Feature", "geometry": {"type": "Point", "coordinates": [110.63577, -0.39962]}, "properties": {"kab_kota": "SEKADAU", "kecamatan": "Nanga Mahap", "desa": "Cenayan", "tanggal": "2026-08-24", "timestamp": "2026-08-24T15:07:00+07:00", "satelit": "NASA-MODIS", "confidence": "High"}}, {"type": "Feature", "geometry": {"type": "Point", "coordinates": [110.7179, -0.51878]}, "properties": {"kab_kota": "SEKADAU", "kecamatan": "Nanga Mahap", "desa": "Landau Apin", "tanggal": "2026-08-19", "timestamp": "2026-08-19T15:11:00+07:00", "satelit": "NASA-MODIS", "confidence": "High"}}, {"type": "Feature", "geometry": {"type": "Point", "coordinates": [110.67658, -0.48013]}, "properties": {"kab_kota": "SEKADAU", "kecamatan": "Nanga Mahap", "desa": "Landau Apin", "tanggal": "2026-08-19", "timestamp": "2026-08-19T15:11:00+07:00", "satelit": "NASA-MODIS", "confidence": "High"}}, {"type": "Feature", "geometry": {"type": "Point", "coordinates": [110.77464, -0.63339]}, "properties": {"kab_kota": "SEKADAU", "kecamatan": "Nanga Mahap", "desa": "Lembah Beringin", "tanggal": "2026-08-16", "timestamp": "2026-08-16T14:56:00+07:00", "satelit": "NASA-MODIS", "confidence": "High"}}, {"type": "Feature", "geometry": {"type": "Point", "coordinates": [110.7978, -0.41362]}, "properties": {"kab_kota": "SEKADAU", "kecamatan": "Nanga Mahap", "desa": "Nanga Suri", "tanggal": "2026-08-24", "timestamp": "2026-08-24T15:07:00+07:00", "satelit": "NASA-MODIS", "confidence": "High"}}, {"type": "Feature", "geometry": {"type": "Point", "coordinates": [110.69284, -0.39371]}, "properties": {"kab_kota": "SEKADAU", "kecamatan": "Nanga Mahap", "desa": "Tamang", "tanggal": "2026-08-19", "timestamp": "2026-08-19T15:11:00+07:00", "satelit": "NASA-MODIS", "confidence": "High"}}, {"type": "Feature", "geometry": {"type": "Point", "coordinates": [110.72661, -0.5175]}, "properties": {"kab_kota": "SEKADAU", "kecamatan": "Nanga Mahap", "desa": "Telukkebau", "tanggal": "2026-08-19", "timestamp": "2026-08-19T15:11:00+07:00", "satelit": "NASA-MODIS", "confidence": "High"}}, {"type": "Feature", "geometry": {"type": "Point", "coordinates": [110.82752, -0.56467]}, "properties": {"kab_kota": "SEKADAU", "kecamatan": "Nanga Mahap", "desa": "Tembesuk", "tanggal": "2026-08-01", "timestamp": "2026-08-01T15:18:00+07:00", "satelit": "NASA-MODIS", "confidence": "High"}}, {"type": "Feature", "geometry": {"type": "Point", "coordinates": [110.83482, -0.52471]}, "properties": {"kab_kota": "SEKADAU", "kecamatan": "Nanga Mahap", "desa": "Tembesuk", "tanggal": "2026-08-06", "timestamp": "2026-08-06T15:09:00+07:00", "satelit": "NASA-MODIS", "confidence": "High"}}, {"type": "Feature", "geometry": {"type": "Point", "coordinates": [110.77489, -0.32553]}, "properties": {"kab_kota": "SEKADAU", "kecamatan": "Nanga Taman", "desa": "Lubuk Tajau", "tanggal": "2026-08-19", "timestamp": "2026-08-19T15:11:00+07:00", "satelit": "NASA-MODIS", "confidence": "High"}}, {"type": "Feature", "geometry": {"type": "Point", "coordinates": [110.84978, -0.34458]}, "properties": {"kab_kota": "SEKADAU", "kecamatan": "Nanga Taman", "desa": "Lubuk Tajau", "tanggal": "2026-08-19", "timestamp": "2026-08-19T20:23:00+07:00", "satelit": "NASA-MODIS", "confidence": "High"}}, {"type": "Feature", "geometry": {"type": "Point", "coordinates": [110.85848, -0.34338]}, "properties": {"kab_kota": "SEKADAU", "kecamatan": "Nanga Taman", "desa": "Lubuk Tajau", "tanggal": "2026-08-19", "timestamp": "2026-08-19T20:23:00+07:00", "satelit": "NASA-MODIS", "confidence": "High"}}, {"type": "Feature", "geometry": {"type": "Point", "coordinates": [110.94666, -0.29454]}, "properties": {"kab_kota": "SEKADAU", "kecamatan": "Nanga Taman", "desa": "Meragun", "tanggal": "2026-08-11", "timestamp": "2026-08-11T15:05:00+07:00", "satelit": "NASA-MODIS", "confidence": "High"}}, {"type": "Feature", "geometry": {"type": "Point", "coordinates": [110.81688, -0.22035]}, "properties": {"kab_kota": "SEKADAU", "kecamatan": "Nanga Taman", "desa": "Nanga Kiungkang", "tanggal": "2026-08-16", "timestamp": "2026-08-16T14:56:00+07:00", "satelit": "NASA-MODIS", "confidence": "High"}}, {"type": "Feature", "geometry": {"type": "Point", "coordinates": [110.78682, -0.22104]}, "properties": {"kab_kota": "SEKADAU", "kecamatan": "Nanga Taman", "desa": "Nanga Kiungkang", "tanggal": "2026-08-24", "timestamp": "2026-08-24T15:07:00+07:00", "satelit": "NASA-MODIS", "confidence": "High"}}, {"type": "Feature", "geometry": {"type": "Point", "coordinates": [110.72511, -0.34131]}, "properties": {"kab_kota": "SEKADAU", "kecamatan": "Nanga Taman", "desa": "Nanga Koman", "tanggal": "2026-08-21", "timestamp": "2026-08-21T14:50:00+07:00", "satelit": "NASA-MODIS", "confidence": "High"}}, {"type": "Feature", "geometry": {"type": "Point", "coordinates": [110.73573, -0.33494]}, "properties": {"kab_kota": "SEKADAU", "kecamatan": "Nanga Taman", "desa": "Nanga Koman", "tanggal": "2026-08-21", "timestamp": "2026-08-21T14:50:00+07:00", "satelit": "NASA-MODIS", "confidence": "High"}}, {"type": "Feature", "geometry": {"type": "Point", "coordinates": [110.73951, -0.31839]}, "properties": {"kab_kota": "SEKADAU", "kecamatan": "Nanga Taman", "desa": "Nanga Koman", "tanggal": "2026-08-29", "timestamp": "2026-08-29T15:01:00+07:00", "satelit": "NASA-MODIS", "confidence": "High"}}, {"type": "Feature", "geometry": {"type": "Point", "coordinates": [110.80506, -0.28162]}, "properties": {"kab_kota": "SEKADAU", "kecamatan": "Nanga Taman", "desa": "Nanga Mentukak", "tanggal": "2026-08-16", "timestamp": "2026-08-16T14:56:00+07:00", "satelit": "NASA-MODIS", "confidence": "High"}}, {"type": "Feature", "geometry": {"type": "Point", "coordinates": [110.63997, -0.26648]}, "properties": {"kab_kota": "SEKADAU", "kecamatan": "Nanga Taman", "desa": "Nanga Mongko", "tanggal": "2026-08-11", "timestamp": "2026-08-11T15:05:00+07:00", "satelit": "NASA-MODIS", "confidence": "High"}}, {"type": "Feature", "geometry": {"type": "Point", "coordinates": [110.8231, -0.22518]}, "properties": {"kab_kota": "SEKADAU", "kecamatan": "Nanga Taman", "desa": "Rirang Jati", "tanggal": "2026-08-16", "timestamp": "2026-08-16T14:56:00+07:00", "satelit": "NASA-MODIS", "confidence": "High"}}, {"type": "Feature", "geometry": {"type": "Point", "coordinates": [110.84669, -0.2703]}, "properties": {"kab_kota": "SEKADAU", "kecamatan": "Nanga Taman", "desa": "Rirang Jati", "tanggal": "2026-08-19", "timestamp": "2026-08-19T15:11:00+07:00", "satelit": "NASA-MODIS", "confidence": "High"}}, {"type": "Feature", "geometry": {"type": "Point", "coordinates": [110.82063, -0.20548]}, "properties": {"kab_kota": "SEKADAU", "kecamatan": "Nanga Taman", "desa": "Rirang Jati", "tanggal": "2026-08-21", "timestamp": "2026-08-21T14:50:00+07:00", "satelit": "NASA-MODIS", "confidence": "High"}}, {"type": "Feature", "geometry": {"type": "Point", "coordinates": [110.76842, -0.2818]}, "properties": {"kab_kota": "SEKADAU", "kecamatan": "Nanga Taman", "desa": "Senangak", "tanggal": "2026-08-19", "timestamp": "2026-08-19T15:11:00+07:00", "satelit": "NASA-MODIS", "confidence": "High"}}, {"type": "Feature", "geometry": {"type": "Point", "coordinates": [110.67776, -0.22716]}, "properties": {"kab_kota": "SEKADAU", "kecamatan": "Nanga Taman", "desa": "Senangak", "tanggal": "2026-08-21", "timestamp": "2026-08-21T14:50:00+07:00", "satelit": "NASA-MODIS", "confidence": "High"}}, {"type": "Feature", "geometry": {"type": "Point", "coordinates": [110.77483, -0.2291]}, "properties": {"kab_kota": "SEKADAU", "kecamatan": "Nanga Taman", "desa": "Sungailawak", "tanggal": "2026-08-21", "timestamp": "2026-08-21T14:50:00+07:00", "satelit": "NASA-MODIS", "confidence": "High"}}, {"type": "Feature", "geometry": {"type": "Point", "coordinates": [110.7692, -0.22576]}, "properties": {"kab_kota": "SEKADAU", "kecamatan": "Nanga Taman", "desa": "Sungailawak", "tanggal": "2026-08-21", "timestamp": "2026-08-21T14:50:00+07:00", "satelit": "NASA-MODIS", "confidence": "High"}}, {"type": "Feature", "geometry": {"type": "Point", "coordinates": [110.74123, -0.17779]}, "properties": {"kab_kota": "SEKADAU", "kecamatan": "Nanga Taman", "desa": "Tapang Tingang", "tanggal": "2026-08-06", "timestamp": "2026-08-06T15:09:00+07:00", "satelit": "NASA-MODIS", "confidence": "High"}}, {"type": "Feature", "geometry": {"type": "Point", "coordinates": [110.75004, -0.17651]}, "properties": {"kab_kota": "SEKADAU", "kecamatan": "Nanga Taman", "desa": "Tapang Tingang", "tanggal": "2026-08-06", "timestamp": "2026-08-06T15:09:00+07:00", "satelit": "NASA-MODIS", "confidence": "High"}}, {"type": "Feature", "geometry": {"type": "Point", "coordinates": [110.64236, -0.15433]}, "properties": {"kab_kota": "SEKADAU", "kecamatan": "Nanga Taman", "desa": "Tapang Tingang", "tanggal": "2026-08-06", "timestamp": "2026-08-06T15:09:00+07:00", "satelit": "NASA-MODIS", "confidence": "High"}}, {"type": "Feature", "geometry": {"type": "Point", "coordinates": [110.68349, -0.1959]}, "properties": {"kab_kota": "SEKADAU", "kecamatan": "Nanga Taman", "desa": "Tapang Tingang", "tanggal": "2026-08-14", "timestamp": "2026-08-14T15:20:00+07:00", "satelit": "NASA-MODIS", "confidence": "High"}}, {"type": "Feature", "geometry": {"type": "Point", "coordinates": [110.63287, -0.15025]}, "properties": {"kab_kota": "SEKADAU", "kecamatan": "Nanga Taman", "desa": "Tapang Tingang", "tanggal": "2026-08-16", "timestamp": "2026-08-16T14:56:00+07:00", "satelit": "NASA-MODIS", "confidence": "High"}}, {"type": "Feature", "geometry": {"type": "Point", "coordinates": [110.71682, -0.19457]}, "properties": {"kab_kota": "SEKADAU", "kecamatan": "Nanga Taman", "desa": "Tapang Tingang", "tanggal": "2026-08-22", "timestamp": "2026-08-22T08:20:00+07:00", "satelit": "NASA-MODIS", "confidence": "High"}}, {"type": "Feature", "geometry": {"type": "Point", "coordinates": [111.12118, -0.11116]}, "properties": {"kab_kota": "SEKADAU", "kecamatan": "Sekadau Hilir", "desa": "Engkersik", "tanggal": "2026-08-16", "timestamp": "2026-08-16T14:56:00+07:00", "satelit": "NASA-MODIS", "confidence": "High"}}, {"type": "Feature", "geometry": {"type": "Point", "coordinates": [111.10578, -0.0521]}, "properties": {"kab_kota": "SEKADAU", "kecamatan": "Sekadau Hilir", "desa": "Engkersik", "tanggal": "2026-08-16", "timestamp": "2026-08-16T14:56:00+07:00", "satelit": "NASA-MODIS", "confidence": "High"}}, {"type": "Feature", "geometry": {"type": "Point", "coordinates": [111.10523, -0.11388]}, "properties": {"kab_kota": "SEKADAU", "kecamatan": "Sekadau Hilir", "desa": "Engkersik", "tanggal": "2026-08-21", "timestamp": "2026-08-21T14:50:00+07:00", "satelit": "NASA-MODIS", "confidence": "High"}}, {"type": "Feature", "geometry": {"type": "Point", "coordinates": [111.02625, -0.0167]}, "properties": {"kab_kota": "SEKADAU", "kecamatan": "Sekadau Hilir", "desa": "Gonis Tekam", "tanggal": "2026-08-14", "timestamp": "2026-08-14T15:20:00+07:00", "satelit": "NASA-MODIS", "confidence": "High"}}, {"type": "Feature", "geometry": {"type": "Point", "coordinates": [110.88273, 0.14693]}, "properties": {"kab_kota": "SEKADAU", "kecamatan": "Sekadau Hilir", "desa": "Landau Kodah", "tanggal": "2026-08-14", "timestamp": "2026-08-14T15:20:00+07:00", "satelit": "NASA-MODIS", "confidence": "High"}}, {"type": "Feature", "geometry": {"type": "Point", "coordinates": [110.94826, 0.09754]}, "properties": {"kab_kota": "SEKADAU", "kecamatan": "Sekadau Hilir", "desa": "Landau Kodah", "tanggal": "2026-08-22", "timestamp": "2026-08-22T15:28:00+07:00", "satelit": "NASA-MODIS", "confidence": "High"}}, {"type": "Feature", "geometry": {"type": "Point", "coordinates": [110.88804, 0.12501]}, "properties": {"kab_kota": "SEKADAU", "kecamatan": "Sekadau Hilir", "desa": "Landau Kodah", "tanggal": "2026-08-29", "timestamp": "2026-08-29T15:01:00+07:00", "satelit": "NASA-MODIS", "confidence": "High"}}, {"type": "Feature", "geometry": {"type": "Point", "coordinates": [110.74538, -0.04614]}, "properties": {"kab_kota": "SEKADAU", "kecamatan": "Sekadau Hilir", "desa": "Peniti", "tanggal": "2026-08-06", "timestamp": "2026-08-06T15:09:00+07:00", "satelit": "NASA-MODIS", "confidence": "High"}}, {"type": "Feature", "geometry": {"type": "Point", "coordinates": [110.90576, 0.06289]}, "properties": {"kab_kota": "SEKADAU", "kecamatan": "Sekadau Hilir", "desa": "Seberang Kapuas", "tanggal": "2026-08-16", "timestamp": "2026-08-16T14:56:00+07:00", "satelit": "NASA-MODIS", "confidence": "High"}}, {"type": "Feature", "geometry": {"type": "Point", "coordinates": [110.91071, 0.0714]}, "properties": {"kab_kota": "SEKADAU", "kecamatan": "Sekadau Hilir", "desa": "Seberang Kapuas", "tanggal": "2026-08-16", "timestamp": "2026-08-16T14:56:00+07:00", "satelit": "NASA-MODIS", "confidence": "High"}}, {"type": "Feature", "geometry": {"type": "Point", "coordinates": [110.90422, 0.0733]}, "properties": {"kab_kota": "SEKADAU", "kecamatan": "Sekadau Hilir", "desa": "Seberang Kapuas", "tanggal": "2026-08-16", "timestamp": "2026-08-16T14:56:00+07:00", "satelit": "NASA-MODIS", "confidence": "High"}}, {"type": "Feature", "geometry": {"type": "Point", "coordinates": [110.88091, -0.01958]}, "properties": {"kab_kota": "SEKADAU", "kecamatan": "Sekadau Hilir", "desa": "Selalong", "tanggal": "2026-08-14", "timestamp": "2026-08-14T15:20:00+07:00", "satelit": "NASA-MODIS", "confidence": "High"}}, {"type": "Feature", "geometry": {"type": "Point", "coordinates": [110.97804, 0.10723]}, "properties": {"kab_kota": "SEKADAU", "kecamatan": "Sekadau Hilir", "desa": "Seraras", "tanggal": "2026-08-27", "timestamp": "2026-08-27T15:22:00+07:00", "satelit": "NASA-MODIS", "confidence": "High"}}, {"type": "Feature", "geometry": {"type": "Point", "coordinates": [110.98784, 0.10868]}, "properties": {"kab_kota": "SEKADAU", "kecamatan": "Sekadau Hilir", "desa": "Seraras", "tanggal": "2026-08-27", "timestamp": "2026-08-27T15:22:00+07:00", "satelit": "NASA-MODIS", "confidence": "High"}}, {"type": "Feature", "geometry": {"type": "Point", "coordinates": [110.90468, 0.1623]}, "properties": {"kab_kota": "SEKADAU", "kecamatan": "Sekadau Hilir", "desa": "Timpuk", "tanggal": "2026-08-16", "timestamp": "2026-08-16T14:56:00+07:00", "satelit": "NASA-MODIS", "confidence": "High"}}, {"type": "Feature", "geometry": {"type": "Point", "coordinates": [110.90944, 0.16674]}, "properties": {"kab_kota": "SEKADAU", "kecamatan": "Sekadau Hilir", "desa": "Timpuk", "tanggal": "2026-08-16", "timestamp": "2026-08-16T14:56:00+07:00", "satelit": "NASA-MODIS", "confidence": "High"}}, {"type": "Feature", "geometry": {"type": "Point", "coordinates": [110.91319, 0.21109]}, "properties": {"kab_kota": "SEKADAU", "kecamatan": "Sekadau Hilir", "desa": "Timpuk", "tanggal": "2026-08-19", "timestamp": "2026-08-19T15:11:00+07:00", "satelit": "NASA-MODIS", "confidence": "High"}}, {"type": "Feature", "geometry": {"type": "Point", "coordinates": [110.94663, 0.22494]}, "properties": {"kab_kota": "SEKADAU", "kecamatan": "Sekadau Hilir", "desa": "Timpuk", "tanggal": "2026-08-19", "timestamp": "2026-08-19T15:11:00+07:00", "satelit": "NASA-MODIS", "confidence": "High"}}, {"type": "Feature", "geometry": {"type": "Point", "coordinates": [110.93557, -0.11498]}, "properties": {"kab_kota": "SEKADAU", "kecamatan": "Sekadau Hulu", "desa": "Boti", "tanggal": "2026-08-29", "timestamp": "2026-08-29T15:01:00+07:00", "satelit": "NASA-MODIS", "confidence": "High"}}, {"type": "Feature", "geometry": {"type": "Point", "coordinates": [110.9596, -0.11137]}, "properties": {"kab_kota": "SEKADAU", "kecamatan": "Sekadau Hulu", "desa": "Boti", "tanggal": "2026-08-29", "timestamp": "2026-08-29T15:01:00+07:00", "satelit": "NASA-MODIS", "confidence": "High"}}, {"type": "Feature", "geometry": {"type": "Point", "coordinates": [110.97162, -0.10957]}, "properties": {"kab_kota": "SEKADAU", "kecamatan": "Sekadau Hulu", "desa": "Boti", "tanggal": "2026-08-29", "timestamp": "2026-08-29T15:01:00+07:00", "satelit": "NASA-MODIS", "confidence": "High"}}, {"type": "Feature", "geometry": {"type": "Point", "coordinates": [110.98208, -0.09762]}, "properties": {"kab_kota": "SEKADAU", "kecamatan": "Sekadau Hulu", "desa": "Boti", "tanggal": "2026-08-29", "timestamp": "2026-08-29T15:01:00+07:00", "satelit": "NASA-MODIS", "confidence": "High"}}, {"type": "Feature", "geometry": {"type": "Point", "coordinates": [110.87419, -0.20004]}, "properties": {"kab_kota": "SEKADAU", "kecamatan": "Sekadau Hulu", "desa": "Cupang Gading", "tanggal": "2026-08-19", "timestamp": "2026-08-19T15:11:00+07:00", "satelit": "NASA-MODIS", "confidence": "High"}}, {"type": "Feature", "geometry": {"type": "Point", "coordinates": [110.88467, -0.22589]}, "properties": {"kab_kota": "SEKADAU", "kecamatan": "Sekadau Hulu", "desa": "Cupang Gading", "tanggal": "2026-08-29", "timestamp": "2026-08-29T15:01:00+07:00", "satelit": "NASA-MODIS", "confidence": "High"}}, {"type": "Feature", "geometry": {"type": "Point", "coordinates": [110.8968, -0.22406]}, "properties": {"kab_kota": "SEKADAU", "kecamatan": "Sekadau Hulu", "desa": "Cupang Gading", "tanggal": "2026-08-29", "timestamp": "2026-08-29T15:01:00+07:00", "satelit": "NASA-MODIS", "confidence": "High"}}, {"type": "Feature", "geometry": {"type": "Point", "coordinates": [111.00703, -0.22015]}, "properties": {"kab_kota": "SEKADAU", "kecamatan": "Sekadau Hulu", "desa": "Mondi", "tanggal": "2026-08-22", "timestamp": "2026-08-22T15:28:00+07:00", "satelit": "NASA-MODIS", "confidence": "High"}}, {"type": "Feature", "geometry": {"type": "Point", "coordinates": [110.96322, -0.28991]}, "properties": {"kab_kota": "SEKADAU", "kecamatan": "Sekadau Hulu", "desa": "Nanga Biaban", "tanggal": "2026-08-16", "timestamp": "2026-08-16T14:56:00+07:00", "satelit": "NASA-MODIS", "confidence": "High"}}, {"type": "Feature", "geometry": {"type": "Point", "coordinates": [110.95659, -0.28785]}, "properties": {"kab_kota": "SEKADAU", "kecamatan": "Sekadau Hulu", "desa": "Nanga Biaban", "tanggal": "2026-08-16", "timestamp": "2026-08-16T14:56:00+07:00", "satelit": "NASA-MODIS", "confidence": "High"}}, {"type": "Feature", "geometry": {"type": "Point", "coordinates": [110.96909, -0.28604]}, "properties": {"kab_kota": "SEKADAU", "kecamatan": "Sekadau Hulu", "desa": "Nanga Biaban", "tanggal": "2026-08-16", "timestamp": "2026-08-16T14:56:00+07:00", "satelit": "NASA-MODIS", "confidence": "High"}}, {"type": "Feature", "geometry": {"type": "Point", "coordinates": [110.99017, -0.03765]}, "properties": {"kab_kota": "SEKADAU", "kecamatan": "Sekadau Hulu", "desa": "Nanga Menterap", "tanggal": "2026-08-16", "timestamp": "2026-08-16T14:56:00+07:00", "satelit": "NASA-MODIS", "confidence": "High"}}, {"type": "Feature", "geometry": {"type": "Point", "coordinates": [111.01485, -0.07202]}, "properties": {"kab_kota": "SEKADAU", "kecamatan": "Sekadau Hulu", "desa": "Nanga Menterap", "tanggal": "2026-08-29", "timestamp": "2026-08-29T15:01:00+07:00", "satelit": "NASA-MODIS", "confidence": "High"}}, {"type": "Feature", "geometry": {"type": "Point", "coordinates": [110.89484, -0.15615]}, "properties": {"kab_kota": "SEKADAU", "kecamatan": "Sekadau Hulu", "desa": "Rawak Hilir", "tanggal": "2026-08-01", "timestamp": "2026-08-01T15:18:00+07:00", "satelit": "NASA-MODIS", "confidence": "High"}}, {"type": "Feature", "geometry": {"type": "Point", "coordinates": [110.88004, -0.12827]}, "properties": {"kab_kota": "SEKADAU", "kecamatan": "Sekadau Hulu", "desa": "Rawak Hilir", "tanggal": "2026-08-06", "timestamp": "2026-08-06T15:09:00+07:00", "satelit": "NASA-MODIS", "confidence": "High"}}, {"type": "Feature", "geometry": {"type": "Point", "coordinates": [110.8989, -0.11503]}, "properties": {"kab_kota": "SEKADAU", "kecamatan": "Sekadau Hulu", "desa": "Rawak Hilir", "tanggal": "2026-08-16", "timestamp": "2026-08-16T14:56:00+07:00", "satelit": "NASA-MODIS", "confidence": "High"}}, {"type": "Feature", "geometry": {"type": "Point", "coordinates": [110.90486, -0.11097]}, "properties": {"kab_kota": "SEKADAU", "kecamatan": "Sekadau Hulu", "desa": "Rawak Hilir", "tanggal": "2026-08-16", "timestamp": "2026-08-16T14:56:00+07:00", "satelit": "NASA-MODIS", "confidence": "High"}}, {"type": "Feature", "geometry": {"type": "Point", "coordinates": [111.03276, -0.08805]}, "properties": {"kab_kota": "SEKADAU", "kecamatan": "Sekadau Hulu", "desa": "Setawar", "tanggal": "2026-08-21", "timestamp": "2026-08-21T14:50:00+07:00", "satelit": "NASA-MODIS", "confidence": "High"}}, {"type": "Feature", "geometry": {"type": "Point", "coordinates": [111.00444, -0.08391]}, "properties": {"kab_kota": "SEKADAU", "kecamatan": "Sekadau Hulu", "desa": "Setawar", "tanggal": "2026-08-29", "timestamp": "2026-08-29T15:01:00+07:00", "satelit": "NASA-MODIS", "confidence": "High"}}, {"type": "Feature", "geometry": {"type": "Point", "coordinates": [110.90401, -0.15481]}, "properties": {"kab_kota": "SEKADAU", "kecamatan": "Sekadau Hulu", "desa": "Sungaisambang", "tanggal": "2026-08-01", "timestamp": "2026-08-01T15:18:00+07:00", "satelit": "NASA-MODIS", "confidence": "High"}}, {"type": "Feature", "geometry": {"type": "Point", "coordinates": [110.9819, -0.19527]}, "properties": {"kab_kota": "SEKADAU", "kecamatan": "Sekadau Hulu", "desa": "Sungaisambang", "tanggal": "2026-08-16", "timestamp": "2026-08-16T14:56:00+07:00", "satelit": "NASA-MODIS", "confidence": "High"}}, {"type": "Feature", "geometry": {"type": "Point", "coordinates": [110.97417, -0.19263]}, "properties": {"kab_kota": "SEKADAU", "kecamatan": "Sekadau Hulu", "desa": "Sungaisambang", "tanggal": "2026-08-16", "timestamp": "2026-08-16T14:56:00+07:00", "satelit": "NASA-MODIS", "confidence": "High"}}, {"type": "Feature", "geometry": {"type": "Point", "coordinates": [110.98672, -0.19082]}, "properties": {"kab_kota": "SEKADAU", "kecamatan": "Sekadau Hulu", "desa": "Sungaisambang", "tanggal": "2026-08-16", "timestamp": "2026-08-16T14:56:00+07:00", "satelit": "NASA-MODIS", "confidence": "High"}}, {"type": "Feature", "geometry": {"type": "Point", "coordinates": [110.96624, -0.1764]}, "properties": {"kab_kota": "SEKADAU", "kecamatan": "Sekadau Hulu", "desa": "Sungaisambang", "tanggal": "2026-08-16", "timestamp": "2026-08-16T14:56:00+07:00", "satelit": "NASA-MODIS", "confidence": "High"}}, {"type": "Feature", "geometry": {"type": "Point", "coordinates": [111.00553, -0.20974]}, "properties": {"kab_kota": "SEKADAU", "kecamatan": "Sekadau Hulu", "desa": "Sungaisambang", "tanggal": "2026-08-22", "timestamp": "2026-08-22T15:28:00+07:00", "satelit": "NASA-MODIS", "confidence": "High"}}, {"type": "Feature", "geometry": {"type": "Point", "coordinates": [110.93025, -0.17189]}, "properties": {"kab_kota": "SEKADAU", "kecamatan": "Sekadau Hulu", "desa": "Sungaisambang", "tanggal": "2026-08-22", "timestamp": "2026-08-22T15:28:00+07:00", "satelit": "NASA-MODIS", "confidence": "High"}}, {"type": "Feature", "geometry": {"type": "Point", "coordinates": [110.97459, -0.16538]}, "properties": {"kab_kota": "SEKADAU", "kecamatan": "Sekadau Hulu", "desa": "Sungaisambang", "tanggal": "2026-08-24", "timestamp": "2026-08-24T15:07:00+07:00", "satelit": "NASA-MODIS", "confidence": "High"}}, {"type": "Feature", "geometry": {"type": "Point", "coordinates": [111.01936, -0.31231]}, "properties": {"kab_kota": "SEKADAU", "kecamatan": "Sekadau Hulu", "desa": "Sunsong", "tanggal": "2026-08-11", "timestamp": "2026-08-11T15:05:00+07:00", "satelit": "NASA-MODIS", "confidence": "High"}}, {"type": "Feature", "geometry": {"type": "Point", "coordinates": [111.00829, -0.30449]}, "properties": {"kab_kota": "SEKADAU", "kecamatan": "Sekadau Hulu", "desa": "Sunsong", "tanggal": "2026-08-11", "timestamp": "2026-08-11T15:05:00+07:00", "satelit": "NASA-MODIS", "confidence": "High"}}, {"type": "Feature", "geometry": {"type": "Point", "coordinates": [111.02966, -0.32347]}, "properties": {"kab_kota": "SEKADAU", "kecamatan": "Sekadau Hulu", "desa": "Sunsong", "tanggal": "2026-08-24", "timestamp": "2026-08-24T15:07:00+07:00", "satelit": "NASA-MODIS", "confidence": "High"}}, {"type": "Feature", "geometry": {"type": "Point", "coordinates": [111.05571, -0.19064]}, "properties": {"kab_kota": "SEKADAU", "kecamatan": "Sekadau Hulu", "desa": "Tapang Perodah", "tanggal": "2026-08-24", "timestamp": "2026-08-24T15:07:00+07:00", "satelit": "NASA-MODIS", "confidence": "High"}}, {"type": "Feature", "geometry": {"type": "Point", "coordinates": [110.7853, -0.10766]}, "properties": {"kab_kota": "SEKADAU", "kecamatan": "Sekadau Hulu", "desa": "Tinting Boyok", "tanggal": "2026-08-09", "timestamp": "2026-08-09T15:24:00+07:00", "satelit": "NASA-MODIS", "confidence": "High"}}, {"type": "Feature", "geometry": {"type": "Point", "coordinates": [110.74752, -0.09285]}, "properties": {"kab_kota": "SEKADAU", "kecamatan": "Sekadau Hulu", "desa": "Tinting Boyok", "tanggal": "2026-08-09", "timestamp": "2026-08-09T15:24:00+07:00", "satelit": "NASA-MODIS", "confidence": "High"}}, {"type": "Feature", "geometry": {"type": "Point", "coordinates": [110.7524, -0.09115]}, "properties": {"kab_kota": "SEKADAU", "kecamatan": "Sekadau Hulu", "desa": "Tinting Boyok", "tanggal": "2026-08-09", "timestamp": "2026-08-09T15:24:00+07:00", "satelit": "NASA-MODIS", "confidence": "High"}}, {"type": "Feature", "geometry": {"type": "Point", "coordinates": [110.7707, -0.04797]}, "properties": {"kab_kota": "SEKADAU", "kecamatan": "Sekadau Hulu", "desa": "Tinting Boyok", "tanggal": "2026-08-29", "timestamp": "2026-08-29T15:01:00+07:00", "satelit": "NASA-MODIS", "confidence": "High"}}, {"type": "Feature", "geometry": {"type": "Point", "coordinates": [111.09794, 0.38414]}, "properties": {"kab_kota": "SEKADAU", "kecamatan": "Belitang Hulu", "desa": "Ijuk", "tanggal": "2026-08-22", "timestamp": "2026-08-22T15:28:00+07:00", "satelit": "NASA-MODIS", "confidence": "Low"}}, {"type": "Feature", "geometry": {"type": "Point", "coordinates": [110.74271, -0.47586]}, "properties": {"kab_kota": "SEKADAU", "kecamatan": "Nanga Mahap", "desa": "Batu Pahat", "tanggal": "2026-08-24", "timestamp": "2026-08-24T15:07:00+07:00", "satelit": "NASA-MODIS", "confidence": "Low"}}, {"type": "Feature", "geometry": {"type": "Point", "coordinates": [110.67388, -0.4859]}, "properties": {"kab_kota": "SEKADAU", "kecamatan": "Nanga Mahap", "desa": "Landau Apin", "tanggal": "2026-08-24", "timestamp": "2026-08-24T15:07:00+07:00", "satelit": "NASA-MODIS", "confidence": "Low"}}, {"type": "Feature", "geometry": {"type": "Point", "coordinates": [110.66489, -0.56884]}, "properties": {"kab_kota": "SEKADAU", "kecamatan": "Nanga Mahap", "desa": "Tembaga", "tanggal": "2026-08-16", "timestamp": "2026-08-16T14:56:00+07:00", "satelit": "NASA-MODIS", "confidence": "Low"}}, {"type": "Feature", "geometry": {"type": "Point", "coordinates": [110.65582, -0.48388]}, "properties": {"kab_kota": "SEKADAU", "kecamatan": "Nanga Mahap", "desa": "Tembaga", "tanggal": "2026-08-18", "timestamp": "2026-08-18T14:35:00+07:00", "satelit": "NASA-MODIS", "confidence": "Low"}}, {"type": "Feature", "geometry": {"type": "Point", "coordinates": [110.79214, -0.28355]}, "properties": {"kab_kota": "SEKADAU", "kecamatan": "Nanga Taman", "desa": "Lubuk Tajau", "tanggal": "2026-08-16", "timestamp": "2026-08-16T14:56:00+07:00", "satelit": "NASA-MODIS", "confidence": "Low"}}, {"type": "Feature", "geometry": {"type": "Point", "coordinates": [110.84923, -0.28569]}, "properties": {"kab_kota": "SEKADAU", "kecamatan": "Nanga Taman", "desa": "Meragun", "tanggal": "2026-08-03", "timestamp": "2026-08-03T14:54:00+07:00", "satelit": "NASA-MODIS", "confidence": "Low"}}, {"type": "Feature", "geometry": {"type": "Point", "coordinates": [110.82983, -0.21838]}, "properties": {"kab_kota": "SEKADAU", "kecamatan": "Nanga Taman", "desa": "Rirang Jati", "tanggal": "2026-08-16", "timestamp": "2026-08-16T14:56:00+07:00", "satelit": "NASA-MODIS", "confidence": "Low"}}, {"type": "Feature", "geometry": {"type": "Point", "coordinates": [110.65741, -0.23166]}, "properties": {"kab_kota": "SEKADAU", "kecamatan": "Nanga Taman", "desa": "Senangak", "tanggal": "2026-08-08", "timestamp": "2026-08-08T14:46:00+07:00", "satelit": "NASA-MODIS", "confidence": "Low"}}, {"type": "Feature", "geometry": {"type": "Point", "coordinates": [110.76057, -0.25187]}, "properties": {"kab_kota": "SEKADAU", "kecamatan": "Nanga Taman", "desa": "Sungailawak", "tanggal": "2026-08-18", "timestamp": "2026-08-18T14:35:00+07:00", "satelit": "NASA-MODIS", "confidence": "Low"}}, {"type": "Feature", "geometry": {"type": "Point", "coordinates": [110.72253, -0.19553]}, "properties": {"kab_kota": "SEKADAU", "kecamatan": "Nanga Taman", "desa": "Tapang Tingang", "tanggal": "2026-08-19", "timestamp": "2026-08-19T15:11:00+07:00", "satelit": "NASA-MODIS", "confidence": "Low"}}, {"type": "Feature", "geometry": {"type": "Point", "coordinates": [111.06826, -0.10538]}, "properties": {"kab_kota": "SEKADAU", "kecamatan": "Sekadau Hilir", "desa": "Engkersik", "tanggal": "2026-08-29", "timestamp": "2026-08-29T15:01:00+07:00", "satelit": "NASA-MODIS", "confidence": "Low"}}, {"type": "Feature", "geometry": {"type": "Point", "coordinates": [110.9121, 0.0453]}, "properties": {"kab_kota": "SEKADAU", "kecamatan": "Sekadau Hilir", "desa": "Seberang Kapuas", "tanggal": "2026-08-29", "timestamp": "2026-08-29T15:01:00+07:00", "satelit": "NASA-MODIS", "confidence": "Low"}}, {"type": "Feature", "geometry": {"type": "Point", "coordinates": [110.95215, -0.21708]}, "properties": {"kab_kota": "SEKADAU", "kecamatan": "Sekadau Hulu", "desa": "Mondi", "tanggal": "2026-08-16", "timestamp": "2026-08-16T14:56:00+07:00", "satelit": "NASA-MODIS", "confidence": "Low"}}, {"type": "Feature", "geometry": {"type": "Point", "coordinates": [110.97755, -0.06715]}, "properties": {"kab_kota": "SEKADAU", "kecamatan": "Sekadau Hulu", "desa": "Nanga Menterap", "tanggal": "2026-08-29", "timestamp": "2026-08-29T15:01:00+07:00", "satelit": "NASA-MODIS", "confidence": "Low"}}, {"type": "Feature", "geometry": {"type": "Point", "coordinates": [110.87002, -0.12079]}, "properties": {"kab_kota": "SEKADAU", "kecamatan": "Sekadau Hulu", "desa": "Rawak Hulu", "tanggal": "2026-08-06", "timestamp": "2026-08-06T15:09:00+07:00", "satelit": "NASA-MODIS", "confidence": "Low"}}, {"type": "Feature", "geometry": {"type": "Point", "coordinates": [110.98706, -0.21056]}, "properties": {"kab_kota": "SEKADAU", "kecamatan": "Sekadau Hulu", "desa": "Sungaisambang", "tanggal": "2026-08-09", "timestamp": "2026-08-09T15:24:00+07:00", "satelit": "NASA-MODIS", "confidence": "Low"}}, {"type": "Feature", "geometry": {"type": "Point", "coordinates": [111.02357, -0.34177]}, "properties": {"kab_kota": "SEKADAU", "kecamatan": "Sekadau Hulu", "desa": "Sunsong", "tanggal": "2026-08-26", "timestamp": "2026-08-26T14:44:00+07:00", "satelit": "NASA-MODIS", "confidence": "Low"}}, {"type": "Feature", "geometry": {"type": "Point", "coordinates": [110.81516, -0.11]}, "properties": {"kab_kota": "SEKADAU", "kecamatan": "Sekadau Hulu", "desa": "Tinting Boyok", "tanggal": "2026-08-03", "timestamp": "2026-08-03T14:54:00+07:00", "satelit": "NASA-MODIS", "confidence": "Low"}}, {"type": "Feature", "geometry": {"type": "Point", "coordinates": [111.21623, 0.14341]}, "properties": {"kab_kota": "SEKADAU", "kecamatan": "Belitang", "desa": "Belitang Dua", "tanggal": "2026-08-21", "timestamp": "2026-08-21T14:50:00+07:00", "satelit": "NASA-MODIS", "confidence": "Medium"}}, {"type": "Feature", "geometry": {"type": "Point", "coordinates": [111.26891, 0.16688]}, "properties": {"kab_kota": "SEKADAU", "kecamatan": "Belitang", "desa": "Belitang Satu", "tanggal": "2026-08-17", "timestamp": "2026-08-17T15:35:00+07:00", "satelit": "NASA-MODIS", "confidence": "Medium"}}, {"type": "Feature", "geometry": {"type": "Point", "coordinates": [111.20003, 0.14096]}, "properties": {"kab_kota": "SEKADAU", "kecamatan": "Belitang", "desa": "Maboh Permai", "tanggal": "2026-08-21", "timestamp": "2026-08-21T14:50:00+07:00", "satelit": "NASA-MODIS", "confidence": "Medium"}}, {"type": "Feature", "geometry": {"type": "Point", "coordinates": [111.16228, 0.22715]}, "properties": {"kab_kota": "SEKADAU", "kecamatan": "Belitang", "desa": "Melanjan Raya", "tanggal": "2026-08-03", "timestamp": "2026-08-03T14:54:00+07:00", "satelit": "NASA-MODIS", "confidence": "Medium"}}, {"type": "Feature", "geometry": {"type": "Point", "coordinates": [111.15475, 0.23358]}, "properties": {"kab_kota": "SEKADAU", "kecamatan": "Belitang", "desa": "Melanjan Raya", "tanggal": "2026-08-03", "timestamp": "2026-08-03T14:54:00+07:00", "satelit": "NASA-MODIS", "confidence": "Medium"}}, {"type": "Feature", "geometry": {"type": "Point", "coordinates": [111.12901, 0.22923]}, "properties": {"kab_kota": "SEKADAU", "kecamatan": "Belitang", "desa": "Melanjan Raya", "tanggal": "2026-08-14", "timestamp": "2026-08-14T15:20:00+07:00", "satelit": "NASA-MODIS", "confidence": "Medium"}}, {"type": "Feature", "geometry": {"type": "Point", "coordinates": [111.13872, 0.23064]}, "properties": {"kab_kota": "SEKADAU", "kecamatan": "Belitang", "desa": "Melanjan Raya", "tanggal": "2026-08-14", "timestamp": "2026-08-14T15:20:00+07:00", "satelit": "NASA-MODIS", "confidence": "Medium"}}, {"type": "Feature", "geometry": {"type": "Point", "coordinates": [111.13204, 0.23723]}, "properties": {"kab_kota": "SEKADAU", "kecamatan": "Belitang", "desa": "Melanjan Raya", "tanggal": "2026-08-22", "timestamp": "2026-08-22T15:28:00+07:00", "satelit": "NASA-MODIS", "confidence": "Medium"}}, {"type": "Feature", "geometry": {"type": "Point", "coordinates": [111.15012, 0.26485]}, "properties": {"kab_kota": "SEKADAU", "kecamatan": "Belitang", "desa": "Menua Prama", "tanggal": "2026-08-03", "timestamp": "2026-08-03T14:54:00+07:00", "satelit": "NASA-MODIS", "confidence": "Medium"}}, {"type": "Feature", "geometry": {"type": "Point", "coordinates": [111.18475, 0.29126]}, "properties": {"kab_kota": "SEKADAU", "kecamatan": "Belitang", "desa": "Menua Prama", "tanggal": "2026-08-03", "timestamp": "2026-08-03T14:54:00+07:00", "satelit": "NASA-MODIS", "confidence": "Medium"}}, {"type": "Feature", "geometry": {"type": "Point", "coordinates": [111.172, 0.28597]}, "properties": {"kab_kota": "SEKADAU", "kecamatan": "Belitang", "desa": "Menua Prama", "tanggal": "2026-08-05", "timestamp": "2026-08-05T14:31:00+07:00", "satelit": "NASA-MODIS", "confidence": "Medium"}}, {"type": "Feature", "geometry": {"type": "Point", "coordinates": [111.16664, 0.29226]}, "properties": {"kab_kota": "SEKADAU", "kecamatan": "Belitang", "desa": "Menua Prama", "tanggal": "2026-08-05", "timestamp": "2026-08-05T14:31:00+07:00", "satelit": "NASA-MODIS", "confidence": "Medium"}}, {"type": "Feature", "geometry": {"type": "Point", "coordinates": [111.1408, 0.28874]}, "properties": {"kab_kota": "SEKADAU", "kecamatan": "Belitang", "desa": "Menua Prama", "tanggal": "2026-08-06", "timestamp": "2026-08-06T15:09:00+07:00", "satelit": "NASA-MODIS", "confidence": "Medium"}}, {"type": "Feature", "geometry": {"type": "Point", "coordinates": [111.14735, 0.27458]}, "properties": {"kab_kota": "SEKADAU", "kecamatan": "Belitang", "desa": "Menua Prama", "tanggal": "2026-08-08", "timestamp": "2026-08-08T14:46:00+07:00", "satelit": "NASA-MODIS", "confidence": "Medium"}}, {"type": "Feature", "geometry": {"type": "Point", "coordinates": [111.14553, 0.2866]}, "properties": {"kab_kota": "SEKADAU", "kecamatan": "Belitang", "desa": "Menua Prama", "tanggal": "2026-08-08", "timestamp": "2026-08-08T14:46:00+07:00", "satelit": "NASA-MODIS", "confidence": "Medium"}}, {"type": "Feature", "geometry": {"type": "Point", "coordinates": [111.15148, 0.27271]}, "properties": {"kab_kota": "SEKADAU", "kecamatan": "Belitang", "desa": "Menua Prama", "tanggal": "2026-08-16", "timestamp": "2026-08-16T14:56:00+07:00", "satelit": "NASA-MODIS", "confidence": "Medium"}}, {"type": "Feature", "geometry": {"type": "Point", "coordinates": [111.20264, 0.26852]}, "properties": {"kab_kota": "SEKADAU", "kecamatan": "Belitang", "desa": "Nanga Ansar", "tanggal": "2026-08-06", "timestamp": "2026-08-06T15:09:00+07:00", "satelit": "NASA-MODIS", "confidence": "Medium"}}, {"type": "Feature", "geometry": {"type": "Point", "coordinates": [111.21289, 0.28147]}, "properties": {"kab_kota": "SEKADAU", "kecamatan": "Belitang", "desa": "Nanga Ansar", "tanggal": "2026-08-06", "timestamp": "2026-08-06T15:09:00+07:00", "satelit": "NASA-MODIS", "confidence": "Medium"}}, {"type": "Feature", "geometry": {"type": "Point", "coordinates": [111.23766, 0.29404]}, "properties": {"kab_kota": "SEKADAU", "kecamatan": "Belitang", "desa": "Nanga Ansar", "tanggal": "2026-08-06", "timestamp": "2026-08-06T15:09:00+07:00", "satelit": "NASA-MODIS", "confidence": "Medium"}}, {"type": "Feature", "geometry": {"type": "Point", "coordinates": [111.20033, 0.30642]}, "properties": {"kab_kota": "SEKADAU", "kecamatan": "Belitang", "desa": "Nanga Ansar", "tanggal": "2026-08-06", "timestamp": "2026-08-06T15:09:00+07:00", "satelit": "NASA-MODIS", "confidence": "Medium"}}, {"type": "Feature", "geometry": {"type": "Point", "coordinates": [111.17687, 0.25821]}, "properties": {"kab_kota": "SEKADAU", "kecamatan": "Belitang", "desa": "Padak", "tanggal": "2026-08-03", "timestamp": "2026-08-03T14:54:00+07:00", "satelit": "NASA-MODIS", "confidence": "Medium"}}, {"type": "Feature", "geometry": {"type": "Point", "coordinates": [111.20013, 0.2533]}, "properties": {"kab_kota": "SEKADAU", "kecamatan": "Belitang", "desa": "Padak", "tanggal": "2026-08-19", "timestamp": "2026-08-19T15:11:00+07:00", "satelit": "NASA-MODIS", "confidence": "Medium"}}, {"type": "Feature", "geometry": {"type": "Point", "coordinates": [111.23794, 0.26472]}, "properties": {"kab_kota": "SEKADAU", "kecamatan": "Belitang", "desa": "Setuntung", "tanggal": "2026-08-16", "timestamp": "2026-08-16T14:56:00+07:00", "satelit": "NASA-MODIS", "confidence": "Medium"}}, {"type": "Feature", "geometry": {"type": "Point", "coordinates": [111.03625, 0.18377]}, "properties": {"kab_kota": "SEKADAU", "kecamatan": "Belitang Hilir", "desa": "Empajak", "tanggal": "2026-08-08", "timestamp": "2026-08-08T14:46:00+07:00", "satelit": "NASA-MODIS", "confidence": "Medium"}}, {"type": "Feature", "geometry": {"type": "Point", "coordinates": [111.05929, 0.19389]}, "properties": {"kab_kota": "SEKADAU", "kecamatan": "Belitang Hilir", "desa": "Empajak", "tanggal": "2026-08-08", "timestamp": "2026-08-08T14:46:00+07:00", "satelit": "NASA-MODIS", "confidence": "Medium"}}, {"type": "Feature", "geometry": {"type": "Point", "coordinates": [111.04258, 0.21409]}, "properties": {"kab_kota": "SEKADAU", "kecamatan": "Belitang Hilir", "desa": "Empajak", "tanggal": "2026-08-09", "timestamp": "2026-08-09T20:25:00+07:00", "satelit": "NASA-MODIS", "confidence": "Medium"}}, {"type": "Feature", "geometry": {"type": "Point", "coordinates": [111.05607, 0.2053]}, "properties": {"kab_kota": "SEKADAU", "kecamatan": "Belitang Hilir", "desa": "Empajak", "tanggal": "2026-08-19", "timestamp": "2026-08-19T15:11:00+07:00", "satelit": "NASA-MODIS", "confidence": "Medium"}}, {"type": "Feature", "geometry": {"type": "Point", "coordinates": [111.04378, 0.27199]}, "properties": {"kab_kota": "SEKADAU", "kecamatan": "Belitang Hilir", "desa": "Kumpang Bis", "tanggal": "2026-08-01", "timestamp": "2026-08-01T15:18:00+07:00", "satelit": "NASA-MODIS", "confidence": "Medium"}}, {"type": "Feature", "geometry": {"type": "Point", "coordinates": [111.05314, 0.27337]}, "properties": {"kab_kota": "SEKADAU", "kecamatan": "Belitang Hilir", "desa": "Kumpang Bis", "tanggal": "2026-08-01", "timestamp": "2026-08-01T15:18:00+07:00", "satelit": "NASA-MODIS", "confidence": "Medium"}}, {"type": "Feature", "geometry": {"type": "Point", "coordinates": [111.06619, 0.23061]}, "properties": {"kab_kota": "SEKADAU", "kecamatan": "Belitang Hilir", "desa": "Kumpang Bis", "tanggal": "2026-08-06", "timestamp": "2026-08-06T15:09:00+07:00", "satelit": "NASA-MODIS", "confidence": "Medium"}}, {"type": "Feature", "geometry": {"type": "Point", "coordinates": [111.07868, 0.28854]}, "properties": {"kab_kota": "SEKADAU", "kecamatan": "Belitang Hilir", "desa": "Kumpang Bis", "tanggal": "2026-08-06", "timestamp": "2026-08-06T15:09:00+07:00", "satelit": "NASA-MODIS", "confidence": "Medium"}}, {"type": "Feature", "geometry": {"type": "Point", "coordinates": [111.09348, 0.30858]}, "properties": {"kab_kota": "SEKADAU", "kecamatan": "Belitang Hilir", "desa": "Kumpang Bis", "tanggal": "2026-08-06", "timestamp": "2026-08-06T15:09:00+07:00", "satelit": "NASA-MODIS", "confidence": "Medium"}}, {"type": "Feature", "geometry": {"type": "Point", "coordinates": [111.07964, 0.34228]}, "properties": {"kab_kota": "SEKADAU", "kecamatan": "Belitang Hilir", "desa": "Kumpang Bis", "tanggal": "2026-08-06", "timestamp": "2026-08-06T15:09:00+07:00", "satelit": "NASA-MODIS", "confidence": "Medium"}}, {"type": "Feature", "geometry": {"type": "Point", "coordinates": [111.08576, 0.26096]}, "properties": {"kab_kota": "SEKADAU", "kecamatan": "Belitang Hilir", "desa": "Kumpang Bis", "tanggal": "2026-08-11", "timestamp": "2026-08-11T15:05:00+07:00", "satelit": "NASA-MODIS", "confidence": "Medium"}}, {"type": "Feature", "geometry": {"type": "Point", "coordinates": [111.09535, 0.26236]}, "properties": {"kab_kota": "SEKADAU", "kecamatan": "Belitang Hilir", "desa": "Kumpang Bis", "tanggal": "2026-08-11", "timestamp": "2026-08-11T15:05:00+07:00", "satelit": "NASA-MODIS", "confidence": "Medium"}}, {"type": "Feature", "geometry": {"type": "Point", "coordinates": [111.08215, 0.20914]}, "properties": {"kab_kota": "SEKADAU", "kecamatan": "Belitang Hilir", "desa": "Kumpang Bis", "tanggal": "2026-08-19", "timestamp": "2026-08-19T15:11:00+07:00", "satelit": "NASA-MODIS", "confidence": "Medium"}}, {"type": "Feature", "geometry": {"type": "Point", "coordinates": [111.02646, 0.25477]}, "properties": {"kab_kota": "SEKADAU", "kecamatan": "Belitang Hilir", "desa": "Kumpang Bis", "tanggal": "2026-08-21", "timestamp": "2026-08-21T14:52:00+07:00", "satelit": "NASA-MODIS", "confidence": "Medium"}}, {"type": "Feature", "geometry": {"type": "Point", "coordinates": [111.04301, 0.25721]}, "properties": {"kab_kota": "SEKADAU", "kecamatan": "Belitang Hilir", "desa": "Kumpang Bis", "tanggal": "2026-08-21", "timestamp": "2026-08-21T14:52:00+07:00", "satelit": "NASA-MODIS", "confidence": "Medium"}}, {"type": "Feature", "geometry": {"type": "Point", "coordinates": [111.10926, 0.26695]}, "properties": {"kab_kota": "SEKADAU", "kecamatan": "Belitang Hilir", "desa": "Kumpang Bis", "tanggal": "2026-08-21", "timestamp": "2026-08-21T14:52:00+07:00", "satelit": "NASA-MODIS", "confidence": "Medium"}}, {"type": "Feature", "geometry": {"type": "Point", "coordinates": [110.98692, 0.24824]}, "properties": {"kab_kota": "SEKADAU", "kecamatan": "Belitang Hilir", "desa": "Menawai Tekam", "tanggal": "2026-08-06", "timestamp": "2026-08-06T15:09:00+07:00", "satelit": "NASA-MODIS", "confidence": "Medium"}}, {"type": "Feature", "geometry": {"type": "Point", "coordinates": [111.01912, 0.27085]}, "properties": {"kab_kota": "SEKADAU", "kecamatan": "Belitang Hilir", "desa": "Menawai Tekam", "tanggal": "2026-08-06", "timestamp": "2026-08-06T15:09:00+07:00", "satelit": "NASA-MODIS", "confidence": "Medium"}}, {"type": "Feature", "geometry": {"type": "Point", "coordinates": [111.01288, 0.28052]}, "properties": {"kab_kota": "SEKADAU", "kecamatan": "Belitang Hilir", "desa": "Menawai Tekam", "tanggal": "2026-08-22", "timestamp": "2026-08-22T15:28:00+07:00", "satelit": "NASA-MODIS", "confidence": "Medium"}}, {"type": "Feature", "geometry": {"type": "Point", "coordinates": [110.96935, 0.24993]}, "properties": {"kab_kota": "SEKADAU", "kecamatan": "Belitang Hilir", "desa": "Menawai Tekam", "tanggal": "2026-08-24", "timestamp": "2026-08-24T15:07:00+07:00", "satelit": "NASA-MODIS", "confidence": "Medium"}}, {"type": "Feature", "geometry": {"type": "Point", "coordinates": [110.98682, 0.26179]}, "properties": {"kab_kota": "SEKADAU", "kecamatan": "Belitang Hilir", "desa": "Menawai Tekam", "tanggal": "2026-08-24", "timestamp": "2026-08-24T15:07:00+07:00", "satelit": "NASA-MODIS", "confidence": "Medium"}}, {"type": "Feature", "geometry": {"type": "Point", "coordinates": [110.95419, 0.25712]}, "properties": {"kab_kota": "SEKADAU", "kecamatan": "Belitang Hilir", "desa": "Menawai Tekam", "tanggal": "2026-08-29", "timestamp": "2026-08-29T15:01:00+07:00", "satelit": "NASA-MODIS", "confidence": "Medium"}}, {"type": "Feature", "geometry": {"type": "Point", "coordinates": [111.00908, 0.16268]}, "properties": {"kab_kota": "SEKADAU", "kecamatan": "Belitang Hilir", "desa": "Merbang", "tanggal": "2026-08-19", "timestamp": "2026-08-19T15:11:00+07:00", "satelit": "NASA-MODIS", "confidence": "Medium"}}, {"type": "Feature", "geometry": {"type": "Point", "coordinates": [111.02664, 0.17541]}, "properties": {"kab_kota": "SEKADAU", "kecamatan": "Belitang Hilir", "desa": "Merbang", "tanggal": "2026-08-21", "timestamp": "2026-08-21T14:52:00+07:00", "satelit": "NASA-MODIS", "confidence": "Medium"}}, {"type": "Feature", "geometry": {"type": "Point", "coordinates": [111.02055, 0.1812]}, "properties": {"kab_kota": "SEKADAU", "kecamatan": "Belitang Hilir", "desa": "Merbang", "tanggal": "2026-08-21", "timestamp": "2026-08-21T14:52:00+07:00", "satelit": "NASA-MODIS", "confidence": "Medium"}}, {"type": "Feature", "geometry": {"type": "Point", "coordinates": [111.00015, 0.20237]}, "properties": {"kab_kota": "SEKADAU", "kecamatan": "Belitang Hilir", "desa": "Merbang", "tanggal": "2026-08-21", "timestamp": "2026-08-21T14:52:00+07:00", "satelit": "NASA-MODIS", "confidence": "Medium"}}, {"type": "Feature", "geometry": {"type": "Point", "coordinates": [110.98991, 0.21634]}, "properties": {"kab_kota": "SEKADAU", "kecamatan": "Belitang Hilir", "desa": "Merbang", "tanggal": "2026-08-22", "timestamp": "2026-08-22T15:28:00+07:00", "satelit": "NASA-MODIS", "confidence": "Medium"}}, {"type": "Feature", "geometry": {"type": "Point", "coordinates": [110.99007, 0.33737]}, "properties": {"kab_kota": "SEKADAU", "kecamatan": "Belitang Hilir", "desa": "Semadu", "tanggal": "2026-08-01", "timestamp": "2026-08-01T15:18:00+07:00", "satelit": "NASA-MODIS", "confidence": "Medium"}}, {"type": "Feature", "geometry": {"type": "Point", "coordinates": [111.03412, 0.3071]}, "properties": {"kab_kota": "SEKADAU", "kecamatan": "Belitang Hilir", "desa": "Semadu", "tanggal": "2026-08-03", "timestamp": "2026-08-03T14:54:00+07:00", "satelit": "NASA-MODIS", "confidence": "Medium"}}, {"type": "Feature", "geometry": {"type": "Point", "coordinates": [111.0687, 0.29601]}, "properties": {"kab_kota": "SEKADAU", "kecamatan": "Belitang Hilir", "desa": "Semadu", "tanggal": "2026-08-06", "timestamp": "2026-08-06T15:09:00+07:00", "satelit": "NASA-MODIS", "confidence": "Medium"}}, {"type": "Feature", "geometry": {"type": "Point", "coordinates": [111.05602, 0.29226]}, "properties": {"kab_kota": "SEKADAU", "kecamatan": "Belitang Hilir", "desa": "Semadu", "tanggal": "2026-08-11", "timestamp": "2026-08-11T15:05:00+07:00", "satelit": "NASA-MODIS", "confidence": "Medium"}}, {"type": "Feature", "geometry": {"type": "Point", "coordinates": [111.05332, 0.31059]}, "properties": {"kab_kota": "SEKADAU", "kecamatan": "Belitang Hilir", "desa": "Semadu", "tanggal": "2026-08-11", "timestamp": "2026-08-11T15:05:00+07:00", "satelit": "NASA-MODIS", "confidence": "Medium"}}, {"type": "Feature", "geometry": {"type": "Point", "coordinates": [111.06292, 0.31201]}, "properties": {"kab_kota": "SEKADAU", "kecamatan": "Belitang Hilir", "desa": "Semadu", "tanggal": "2026-08-11", "timestamp": "2026-08-11T15:05:00+07:00", "satelit": "NASA-MODIS", "confidence": "Medium"}}, {"type": "Feature", "geometry": {"type": "Point", "coordinates": [111.04354, 0.29909]}, "properties": {"kab_kota": "SEKADAU", "kecamatan": "Belitang Hilir", "desa": "Semadu", "tanggal": "2026-08-14", "timestamp": "2026-08-14T15:20:00+07:00", "satelit": "NASA-MODIS", "confidence": "Medium"}}, {"type": "Feature", "geometry": {"type": "Point", "coordinates": [111.05322, 0.30049]}, "properties": {"kab_kota": "SEKADAU", "kecamatan": "Belitang Hilir", "desa": "Semadu", "tanggal": "2026-08-14", "timestamp": "2026-08-14T15:20:00+07:00", "satelit": "NASA-MODIS", "confidence": "Medium"}}, {"type": "Feature", "geometry": {"type": "Point", "coordinates": [111.05424, 0.36345]}, "properties": {"kab_kota": "SEKADAU", "kecamatan": "Belitang Hilir", "desa": "Semadu", "tanggal": "2026-08-21", "timestamp": "2026-08-21T14:52:00+07:00", "satelit": "NASA-MODIS", "confidence": "Medium"}}, {"type": "Feature", "geometry": {"type": "Point", "coordinates": [111.02108, 0.31391]}, "properties": {"kab_kota": "SEKADAU", "kecamatan": "Belitang Hilir", "desa": "Semadu", "tanggal": "2026-08-22", "timestamp": "2026-08-22T15:28:00+07:00", "satelit": "NASA-MODIS", "confidence": "Medium"}}, {"type": "Feature", "geometry": {"type": "Point", "coordinates": [110.9938, 0.32061]}, "properties": {"kab_kota": "SEKADAU", "kecamatan": "Belitang Hilir", "desa": "Semadu", "tanggal": "2026-08-22", "timestamp": "2026-08-22T15:28:00+07:00", "satelit": "NASA-MODIS", "confidence": "Medium"}}, {"type": "Feature", "geometry": {"type": "Point", "coordinates": [110.99751, 0.34603]}, "properties": {"kab_kota": "SEKADAU", "kecamatan": "Belitang Hilir", "desa": "Semadu", "tanggal": "2026-08-24", "timestamp": "2026-08-24T15:07:00+07:00", "satelit": "NASA-MODIS", "confidence": "Medium"}}, {"type": "Feature", "geometry": {"type": "Point", "coordinates": [111.08401, 0.14799]}, "properties": {"kab_kota": "SEKADAU", "kecamatan": "Belitang Hilir", "desa": "Sungaiayak Dua", "tanggal": "2026-08-08", "timestamp": "2026-08-08T14:46:00+07:00", "satelit": "NASA-MODIS", "confidence": "Medium"}}, {"type": "Feature", "geometry": {"type": "Point", "coordinates": [111.11352, 0.21076]}, "properties": {"kab_kota": "SEKADAU", "kecamatan": "Belitang Hilir", "desa": "Tapang Pulau", "tanggal": "2026-08-06", "timestamp": "2026-08-06T15:09:00+07:00", "satelit": "NASA-MODIS", "confidence": "Medium"}}, {"type": "Feature", "geometry": {"type": "Point", "coordinates": [111.12167, 0.16663]}, "properties": {"kab_kota": "SEKADAU", "kecamatan": "Belitang Hilir", "desa": "Tapang Pulau", "tanggal": "2026-08-19", "timestamp": "2026-08-19T15:11:00+07:00", "satelit": "NASA-MODIS", "confidence": "Medium"}}, {"type": "Feature", "geometry": {"type": "Point", "coordinates": [111.10825, 0.21297]}, "properties": {"kab_kota": "SEKADAU", "kecamatan": "Belitang Hilir", "desa": "Tapang Pulau", "tanggal": "2026-08-19", "timestamp": "2026-08-19T15:11:00+07:00", "satelit": "NASA-MODIS", "confidence": "Medium"}}, {"type": "Feature", "geometry": {"type": "Point", "coordinates": [111.119, 0.23532]}, "properties": {"kab_kota": "SEKADAU", "kecamatan": "Belitang Hilir", "desa": "Tapang Pulau", "tanggal": "2026-08-22", "timestamp": "2026-08-22T15:28:00+07:00", "satelit": "NASA-MODIS", "confidence": "Medium"}}, {"type": "Feature", "geometry": {"type": "Point", "coordinates": [111.22665, 0.45563]}, "properties": {"kab_kota": "SEKADAU", "kecamatan": "Belitang Hulu", "desa": "Balai Sepuak", "tanggal": "2026-08-01", "timestamp": "2026-08-01T15:18:00+07:00", "satelit": "NASA-MODIS", "confidence": "Medium"}}, {"type": "Feature", "geometry": {"type": "Point", "coordinates": [111.21043, 0.42444]}, "properties": {"kab_kota": "SEKADAU", "kecamatan": "Belitang Hulu", "desa": "Balai Sepuak", "tanggal": "2026-08-05", "timestamp": "2026-08-05T14:31:00+07:00", "satelit": "NASA-MODIS", "confidence": "Medium"}}, {"type": "Feature", "geometry": {"type": "Point", "coordinates": [111.20255, 0.42656]}, "properties": {"kab_kota": "SEKADAU", "kecamatan": "Belitang Hulu", "desa": "Balai Sepuak", "tanggal": "2026-08-06", "timestamp": "2026-08-06T15:09:00+07:00", "satelit": "NASA-MODIS", "confidence": "Medium"}}, {"type": "Feature", "geometry": {"type": "Point", "coordinates": [111.19257, 0.43402]}, "properties": {"kab_kota": "SEKADAU", "kecamatan": "Belitang Hulu", "desa": "Balai Sepuak", "tanggal": "2026-08-06", "timestamp": "2026-08-06T15:09:00+07:00", "satelit": "NASA-MODIS", "confidence": "Medium"}}, {"type": "Feature", "geometry": {"type": "Point", "coordinates": [111.2595, 0.46173]}, "properties": {"kab_kota": "SEKADAU", "kecamatan": "Belitang Hulu", "desa": "Balai Sepuak", "tanggal": "2026-08-06", "timestamp": "2026-08-06T15:09:00+07:00", "satelit": "NASA-MODIS", "confidence": "Medium"}}, {"type": "Feature", "geometry": {"type": "Point", "coordinates": [111.22348, 0.42039]}, "properties": {"kab_kota": "SEKADAU", "kecamatan": "Belitang Hulu", "desa": "Balai Sepuak", "tanggal": "2026-08-21", "timestamp": "2026-08-21T14:52:00+07:00", "satelit": "NASA-MODIS", "confidence": "Medium"}}, {"type": "Feature", "geometry": {"type": "Point", "coordinates": [111.1718, 0.43642]}, "properties": {"kab_kota": "SEKADAU", "kecamatan": "Belitang Hulu", "desa": "Balai Sepuak", "tanggal": "2026-08-21", "timestamp": "2026-08-21T14:52:00+07:00", "satelit": "NASA-MODIS", "confidence": "Medium"}}, {"type": "Feature", "geometry": {"type": "Point", "coordinates": [111.24743, 0.47792]}, "properties": {"kab_kota": "SEKADAU", "kecamatan": "Belitang Hulu", "desa": "Balai Sepuak", "tanggal": "2026-08-27", "timestamp": "2026-08-27T15:22:00+07:00", "satelit": "NASA-MODIS", "confidence": "Medium"}}, {"type": "Feature", "geometry": {"type": "Point", "coordinates": [111.13289, 0.49782]}, "properties": {"kab_kota": "SEKADAU", "kecamatan": "Belitang Hulu", "desa": "Batuk Mulau", "tanggal": "2026-08-01", "timestamp": "2026-08-01T15:18:00+07:00", "satelit": "NASA-MODIS", "confidence": "Medium"}}, {"type": "Feature", "geometry": {"type": "Point", "coordinates": [111.20549, 0.41536]}, "properties": {"kab_kota": "SEKADAU", "kecamatan": "Belitang Hulu", "desa": "Batuk Mulau", "tanggal": "2026-08-03", "timestamp": "2026-08-03T14:54:00+07:00", "satelit": "NASA-MODIS", "confidence": "Medium"}}, {"type": "Feature", "geometry": {"type": "Point", "coordinates": [111.18423, 0.41183]}, "properties": {"kab_kota": "SEKADAU", "kecamatan": "Belitang Hulu", "desa": "Batuk Mulau", "tanggal": "2026-08-05", "timestamp": "2026-08-05T14:31:00+07:00", "satelit": "NASA-MODIS", "confidence": "Medium"}}, {"type": "Feature", "geometry": {"type": "Point", "coordinates": [111.21904, 0.41697]}, "properties": {"kab_kota": "SEKADAU", "kecamatan": "Belitang Hulu", "desa": "Batuk Mulau", "tanggal": "2026-08-05", "timestamp": "2026-08-05T14:31:00+07:00", "satelit": "NASA-MODIS", "confidence": "Medium"}}, {"type": "Feature", "geometry": {"type": "Point", "coordinates": [111.1263, 0.50771]}, "properties": {"kab_kota": "SEKADAU", "kecamatan": "Belitang Hulu", "desa": "Batuk Mulau", "tanggal": "2026-08-09", "timestamp": "2026-08-09T15:24:00+07:00", "satelit": "NASA-MODIS", "confidence": "Medium"}}, {"type": "Feature", "geometry": {"type": "Point", "coordinates": [111.07824, 0.40663]}, "properties": {"kab_kota": "SEKADAU", "kecamatan": "Belitang Hulu", "desa": "Ijuk", "tanggal": "2026-08-03", "timestamp": "2026-08-03T14:54:00+07:00", "satelit": "NASA-MODIS", "confidence": "Medium"}}, {"type": "Feature", "geometry": {"type": "Point", "coordinates": [111.11473, 0.36005]}, "properties": {"kab_kota": "SEKADAU", "kecamatan": "Belitang Hulu", "desa": "Ijuk", "tanggal": "2026-08-06", "timestamp": "2026-08-06T15:09:00+07:00", "satelit": "NASA-MODIS", "confidence": "Medium"}}, {"type": "Feature", "geometry": {"type": "Point", "coordinates": [111.10475, 0.36752]}, "properties": {"kab_kota": "SEKADAU", "kecamatan": "Belitang Hulu", "desa": "Ijuk", "tanggal": "2026-08-06", "timestamp": "2026-08-06T15:09:00+07:00", "satelit": "NASA-MODIS", "confidence": "Medium"}}, {"type": "Feature", "geometry": {"type": "Point", "coordinates": [111.0687, 0.37115]}, "properties": {"kab_kota": "SEKADAU", "kecamatan": "Belitang Hulu", "desa": "Ijuk", "tanggal": "2026-08-06", "timestamp": "2026-08-06T15:09:00+07:00", "satelit": "NASA-MODIS", "confidence": "Medium"}}, {"type": "Feature", "geometry": {"type": "Point", "coordinates": [111.0752, 0.36777]}, "properties": {"kab_kota": "SEKADAU", "kecamatan": "Belitang Hulu", "desa": "Ijuk", "tanggal": "2026-08-08", "timestamp": "2026-08-08T14:46:00+07:00", "satelit": "NASA-MODIS", "confidence": "Medium"}}, {"type": "Feature", "geometry": {"type": "Point", "coordinates": [111.06667, 0.36054]}, "properties": {"kab_kota": "SEKADAU", "kecamatan": "Belitang Hulu", "desa": "Ijuk", "tanggal": "2026-08-21", "timestamp": "2026-08-21T14:52:00+07:00", "satelit": "NASA-MODIS", "confidence": "Medium"}}, {"type": "Feature", "geometry": {"type": "Point", "coordinates": [111.08483, 0.38225]}, "properties": {"kab_kota": "SEKADAU", "kecamatan": "Belitang Hulu", "desa": "Ijuk", "tanggal": "2026-08-22", "timestamp": "2026-08-22T15:28:00+07:00", "satelit": "NASA-MODIS", "confidence": "Medium"}}, {"type": "Feature", "geometry": {"type": "Point", "coordinates": [111.11103, 0.38603]}, "properties": {"kab_kota": "SEKADAU", "kecamatan": "Belitang Hulu", "desa": "Ijuk", "tanggal": "2026-08-22", "timestamp": "2026-08-22T15:28:00+07:00", "satelit": "NASA-MODIS", "confidence": "Medium"}}, {"type": "Feature", "geometry": {"type": "Point", "coordinates": [111.19424, 0.34665]}, "properties": {"kab_kota": "SEKADAU", "kecamatan": "Belitang Hulu", "desa": "Kumpang Ilong", "tanggal": "2026-08-05", "timestamp": "2026-08-05T14:31:00+07:00", "satelit": "NASA-MODIS", "confidence": "Medium"}}, {"type": "Feature", "geometry": {"type": "Point", "coordinates": [111.12341, 0.36133]}, "properties": {"kab_kota": "SEKADAU", "kecamatan": "Belitang Hulu", "desa": "Kumpang Ilong", "tanggal": "2026-08-06", "timestamp": "2026-08-06T15:09:00+07:00", "satelit": "NASA-MODIS", "confidence": "Medium"}}, {"type": "Feature", "geometry": {"type": "Point", "coordinates": [111.09217, 0.39993]}, "properties": {"kab_kota": "SEKADAU", "kecamatan": "Belitang Hulu", "desa": "Kumpang Ilong", "tanggal": "2026-08-11", "timestamp": "2026-08-11T15:05:00+07:00", "satelit": "NASA-MODIS", "confidence": "Medium"}}, {"type": "Feature", "geometry": {"type": "Point", "coordinates": [111.0908, 0.40907]}, "properties": {"kab_kota": "SEKADAU", "kecamatan": "Belitang Hulu", "desa": "Kumpang Ilong", "tanggal": "2026-08-11", "timestamp": "2026-08-11T15:05:00+07:00", "satelit": "NASA-MODIS", "confidence": "Medium"}}, {"type": "Feature", "geometry": {"type": "Point", "coordinates": [111.12415, 0.35791]}, "properties": {"kab_kota": "SEKADAU", "kecamatan": "Belitang Hulu", "desa": "Kumpang Ilong", "tanggal": "2026-08-14", "timestamp": "2026-08-14T15:20:00+07:00", "satelit": "NASA-MODIS", "confidence": "Medium"}}, {"type": "Feature", "geometry": {"type": "Point", "coordinates": [111.13258, 0.36859]}, "properties": {"kab_kota": "SEKADAU", "kecamatan": "Belitang Hulu", "desa": "Kumpang Ilong", "tanggal": "2026-08-14", "timestamp": "2026-08-14T15:20:00+07:00", "satelit": "NASA-MODIS", "confidence": "Medium"}}, {"type": "Feature", "geometry": {"type": "Point", "coordinates": [111.11818, 0.3635]}, "properties": {"kab_kota": "SEKADAU", "kecamatan": "Belitang Hulu", "desa": "Kumpang Ilong", "tanggal": "2026-08-19", "timestamp": "2026-08-19T15:11:00+07:00", "satelit": "NASA-MODIS", "confidence": "Medium"}}, {"type": "Feature", "geometry": {"type": "Point", "coordinates": [111.12351, 0.34962]}, "properties": {"kab_kota": "SEKADAU", "kecamatan": "Belitang Hulu", "desa": "Kumpang Ilong", "tanggal": "2026-08-21", "timestamp": "2026-08-21T14:52:00+07:00", "satelit": "NASA-MODIS", "confidence": "Medium"}}, {"type": "Feature", "geometry": {"type": "Point", "coordinates": [111.1398, 0.35203]}, "properties": {"kab_kota": "SEKADAU", "kecamatan": "Belitang Hulu", "desa": "Kumpang Ilong", "tanggal": "2026-08-21", "timestamp": "2026-08-21T14:52:00+07:00", "satelit": "NASA-MODIS", "confidence": "Medium"}}, {"type": "Feature", "geometry": {"type": "Point", "coordinates": [111.20447, 0.36161]}, "properties": {"kab_kota": "SEKADAU", "kecamatan": "Belitang Hulu", "desa": "Kumpang Ilong", "tanggal": "2026-08-21", "timestamp": "2026-08-21T14:52:00+07:00", "satelit": "NASA-MODIS", "confidence": "Medium"}}, {"type": "Feature", "geometry": {"type": "Point", "coordinates": [111.1466, 0.36491]}, "properties": {"kab_kota": "SEKADAU", "kecamatan": "Belitang Hulu", "desa": "Kumpang Ilong", "tanggal": "2026-08-22", "timestamp": "2026-08-22T15:28:00+07:00", "satelit": "NASA-MODIS", "confidence": "Medium"}}, {"type": "Feature", "geometry": {"type": "Point", "coordinates": [111.12137, 0.346]}, "properties": {"kab_kota": "SEKADAU", "kecamatan": "Belitang Hulu", "desa": "Kumpang Ilong", "tanggal": "2026-08-24", "timestamp": "2026-08-24T15:07:00+07:00", "satelit": "NASA-MODIS", "confidence": "Medium"}}, {"type": "Feature", "geometry": {"type": "Point", "coordinates": [111.13064, 0.34738]}, "properties": {"kab_kota": "SEKADAU", "kecamatan": "Belitang Hulu", "desa": "Kumpang Ilong", "tanggal": "2026-08-24", "timestamp": "2026-08-24T15:07:00+07:00", "satelit": "NASA-MODIS", "confidence": "Medium"}}, {"type": "Feature", "geometry": {"type": "Point", "coordinates": [111.11994, 0.41946]}, "properties": {"kab_kota": "SEKADAU", "kecamatan": "Belitang Hulu", "desa": "Kumpang Ilong", "tanggal": "2026-08-24", "timestamp": "2026-08-24T15:07:00+07:00", "satelit": "NASA-MODIS", "confidence": "Medium"}}, {"type": "Feature", "geometry": {"type": "Point", "coordinates": [111.10004, 0.42577]}, "properties": {"kab_kota": "SEKADAU", "kecamatan": "Belitang Hulu", "desa": "Kumpang Ilong", "tanggal": "2026-08-24", "timestamp": "2026-08-24T15:07:00+07:00", "satelit": "NASA-MODIS", "confidence": "Medium"}}, {"type": "Feature", "geometry": {"type": "Point", "coordinates": [111.23688, 0.61589]}, "properties": {"kab_kota": "SEKADAU", "kecamatan": "Belitang Hulu", "desa": "Mengaret", "tanggal": "2026-08-31", "timestamp": "2026-08-31T19:59:00+07:00", "satelit": "NASA-MODIS", "confidence": "Medium"}}, {"type": "Feature", "geometry": {"type": "Point", "coordinates": [111.23533, 0.62672]}, "properties": {"kab_kota": "SEKADAU", "kecamatan": "Belitang Hulu", "desa": "Mengaret", "tanggal": "2026-08-31", "timestamp": "2026-08-31T19:59:00+07:00", "satelit": "NASA-MODIS", "confidence": "Medium"}}, {"type": "Feature", "geometry": {"type": "Point", "coordinates": [111.17401, 0.5535]}, "properties": {"kab_kota": "SEKADAU", "kecamatan": "Belitang Hulu", "desa": "Pakit Mulau", "tanggal": "2026-08-22", "timestamp": "2026-08-22T15:28:00+07:00", "satelit": "NASA-MODIS", "confidence": "Medium"}}, {"type": "Feature", "geometry": {"type": "Point", "coordinates": [111.01441, 0.71054]}, "properties": {"kab_kota": "SEKADAU", "kecamatan": "Belitang Hulu", "desa": "Sebetung", "tanggal": "2026-08-19", "timestamp": "2026-08-19T20:23:00+07:00", "satelit": "NASA-MODIS", "confidence": "Medium"}}, {"type": "Feature", "geometry": {"type": "Point", "coordinates": [111.09531, 0.58977]}, "properties": {"kab_kota": "SEKADAU", "kecamatan": "Belitang Hulu", "desa": "Sebetung", "tanggal": "2026-08-22", "timestamp": "2026-08-22T15:28:00+07:00", "satelit": "NASA-MODIS", "confidence": "Medium"}}, {"type": "Feature", "geometry": {"type": "Point", "coordinates": [110.98807, 0.53801]}, "properties": {"kab_kota": "SEKADAU", "kecamatan": "Belitang Hulu", "desa": "Seburuk Satu", "tanggal": "2026-08-09", "timestamp": "2026-08-09T15:24:00+07:00", "satelit": "NASA-MODIS", "confidence": "Medium"}}, {"type": "Feature", "geometry": {"type": "Point", "coordinates": [111.00922, 0.5263]}, "properties": {"kab_kota": "SEKADAU", "kecamatan": "Belitang Hulu", "desa": "Seburuk Satu", "tanggal": "2026-08-11", "timestamp": "2026-08-11T15:05:00+07:00", "satelit": "NASA-MODIS", "confidence": "Medium"}}, {"type": "Feature", "geometry": {"type": "Point", "coordinates": [111.01882, 0.52771]}, "properties": {"kab_kota": "SEKADAU", "kecamatan": "Belitang Hulu", "desa": "Seburuk Satu", "tanggal": "2026-08-11", "timestamp": "2026-08-11T15:05:00+07:00", "satelit": "NASA-MODIS", "confidence": "Medium"}}, {"type": "Feature", "geometry": {"type": "Point", "coordinates": [110.99827, 0.6073]}, "properties": {"kab_kota": "SEKADAU", "kecamatan": "Belitang Hulu", "desa": "Seburuk Satu", "tanggal": "2026-08-27", "timestamp": "2026-08-27T15:22:00+07:00", "satelit": "NASA-MODIS", "confidence": "Medium"}}, {"type": "Feature", "geometry": {"type": "Point", "coordinates": [111.17879, 0.67583]}, "properties": {"kab_kota": "SEKADAU", "kecamatan": "Belitang Hulu", "desa": "Sungaiantu Hulu", "tanggal": "2026-08-19", "timestamp": "2026-08-19T15:13:00+07:00", "satelit": "NASA-MODIS", "confidence": "Medium"}}, {"type": "Feature", "geometry": {"type": "Point", "coordinates": [111.14003, 0.69698]}, "properties": {"kab_kota": "SEKADAU", "kecamatan": "Belitang Hulu", "desa": "Sungaiantu Hulu", "tanggal": "2026-08-19", "timestamp": "2026-08-19T15:13:00+07:00", "satelit": "NASA-MODIS", "confidence": "Medium"}}, {"type": "Feature", "geometry": {"type": "Point", "coordinates": [111.14874, 0.69826]}, "properties": {"kab_kota": "SEKADAU", "kecamatan": "Belitang Hulu", "desa": "Sungaiantu Hulu", "tanggal": "2026-08-19", "timestamp": "2026-08-19T15:13:00+07:00", "satelit": "NASA-MODIS", "confidence": "Medium"}}, {"type": "Feature", "geometry": {"type": "Point", "coordinates": [111.09955, 0.71954]}, "properties": {"kab_kota": "SEKADAU", "kecamatan": "Belitang Hulu", "desa": "Sungaiantu Hulu", "tanggal": "2026-08-29", "timestamp": "2026-08-29T15:01:00+07:00", "satelit": "NASA-MODIS", "confidence": "Medium"}}, {"type": "Feature", "geometry": {"type": "Point", "coordinates": [111.10537, 0.7208]}, "properties": {"kab_kota": "SEKADAU", "kecamatan": "Belitang Hulu", "desa": "Sungaiantu Hulu", "tanggal": "2026-08-29", "timestamp": "2026-08-29T15:01:00+07:00", "satelit": "NASA-MODIS", "confidence": "Medium"}}, {"type": "Feature", "geometry": {"type": "Point", "coordinates": [110.97982, 0.4797]}, "properties": {"kab_kota": "SEKADAU", "kecamatan": "Belitang Hulu", "desa": "Sungaitapah", "tanggal": "2026-08-19", "timestamp": "2026-08-19T15:13:00+07:00", "satelit": "NASA-MODIS", "confidence": "Medium"}}, {"type": "Feature", "geometry": {"type": "Point", "coordinates": [110.95437, 0.42822]}, "properties": {"kab_kota": "SEKADAU", "kecamatan": "Belitang Hulu", "desa": "Sungaitapah", "tanggal": "2026-08-21", "timestamp": "2026-08-21T14:52:00+07:00", "satelit": "NASA-MODIS", "confidence": "Medium"}}, {"type": "Feature", "geometry": {"type": "Point", "coordinates": [110.94657, 0.43467]}, "properties": {"kab_kota": "SEKADAU", "kecamatan": "Belitang Hulu", "desa": "Sungaitapah", "tanggal": "2026-08-21", "timestamp": "2026-08-21T14:52:00+07:00", "satelit": "NASA-MODIS", "confidence": "Medium"}}, {"type": "Feature", "geometry": {"type": "Point", "coordinates": [111.07635, 0.48482]}, "properties": {"kab_kota": "SEKADAU", "kecamatan": "Belitang Hulu", "desa": "Sungaitapah", "tanggal": "2026-08-22", "timestamp": "2026-08-22T15:28:00+07:00", "satelit": "NASA-MODIS", "confidence": "Medium"}}, {"type": "Feature", "geometry": {"type": "Point", "coordinates": [111.22929, 0.48542]}, "properties": {"kab_kota": "SEKADAU", "kecamatan": "Belitang Hulu", "desa": "Tabuk Hulu", "tanggal": "2026-08-14", "timestamp": "2026-08-14T15:20:00+07:00", "satelit": "NASA-MODIS", "confidence": "Medium"}}, {"type": "Feature", "geometry": {"type": "Point", "coordinates": [111.24913, 0.48836]}, "properties": {"kab_kota": "SEKADAU", "kecamatan": "Belitang Hulu", "desa": "Tabuk Hulu", "tanggal": "2026-08-14", "timestamp": "2026-08-14T15:20:00+07:00", "satelit": "NASA-MODIS", "confidence": "Medium"}}, {"type": "Feature", "geometry": {"type": "Point", "coordinates": [111.23983, 0.53215]}, "properties": {"kab_kota": "SEKADAU", "kecamatan": "Belitang Hulu", "desa": "Tabuk Hulu", "tanggal": "2026-08-16", "timestamp": "2026-08-16T14:56:00+07:00", "satelit": "NASA-MODIS", "confidence": "Medium"}}, {"type": "Feature", "geometry": {"type": "Point", "coordinates": [111.246, 0.51598]}, "properties": {"kab_kota": "SEKADAU", "kecamatan": "Belitang Hulu", "desa": "Tabuk Hulu", "tanggal": "2026-08-29", "timestamp": "2026-08-29T15:01:00+07:00", "satelit": "NASA-MODIS", "confidence": "Medium"}}, {"type": "Feature", "geometry": {"type": "Point", "coordinates": [111.12651, 0.61811]}, "properties": {"kab_kota": "SEKADAU", "kecamatan": "Belitang Hulu", "desa": "Terduk Dampak", "tanggal": "2026-08-06", "timestamp": "2026-08-06T15:09:00+07:00", "satelit": "NASA-MODIS", "confidence": "Medium"}}, {"type": "Feature", "geometry": {"type": "Point", "coordinates": [110.72186, -0.45835]}, "properties": {"kab_kota": "SEKADAU", "kecamatan": "Nanga Mahap", "desa": "Batu Pahat", "tanggal": "2026-08-11", "timestamp": "2026-08-11T15:05:00+07:00", "satelit": "NASA-MODIS", "confidence": "Medium"}}, {"type": "Feature", "geometry": {"type": "Point", "coordinates": [110.74699, -0.45461]}, "properties": {"kab_kota": "SEKADAU", "kecamatan": "Nanga Mahap", "desa": "Batu Pahat", "tanggal": "2026-08-21", "timestamp": "2026-08-21T14:50:00+07:00", "satelit": "NASA-MODIS", "confidence": "Medium"}}, {"type": "Feature", "geometry": {"type": "Point", "coordinates": [110.72841, -0.4567]}, "properties": {"kab_kota": "SEKADAU", "kecamatan": "Nanga Mahap", "desa": "Batu Pahat", "tanggal": "2026-08-22", "timestamp": "2026-08-22T15:28:00+07:00", "satelit": "NASA-MODIS", "confidence": "Medium"}}, {"type": "Feature", "geometry": {"type": "Point", "coordinates": [110.72062, -0.45251]}, "properties": {"kab_kota": "SEKADAU", "kecamatan": "Nanga Mahap", "desa": "Batu Pahat", "tanggal": "2026-08-29", "timestamp": "2026-08-29T15:01:00+07:00", "satelit": "NASA-MODIS", "confidence": "Medium"}}, {"type": "Feature", "geometry": {"type": "Point", "coordinates": [110.72662, -0.445]}, "properties": {"kab_kota": "SEKADAU", "kecamatan": "Nanga Mahap", "desa": "Batu Pahat", "tanggal": "2026-08-29", "timestamp": "2026-08-29T15:01:00+07:00", "satelit": "NASA-MODIS", "confidence": "Medium"}}, {"type": "Feature", "geometry": {"type": "Point", "coordinates": [110.75142, -0.44124]}, "properties": {"kab_kota": "SEKADAU", "kecamatan": "Nanga Mahap", "desa": "Batu Pahat", "tanggal": "2026-08-29", "timestamp": "2026-08-29T15:01:00+07:00", "satelit": "NASA-MODIS", "confidence": "Medium"}}, {"type": "Feature", "geometry": {"type": "Point", "coordinates": [110.73741, -0.43274]}, "properties": {"kab_kota": "SEKADAU", "kecamatan": "Nanga Mahap", "desa": "Batu Pahat", "tanggal": "2026-08-29", "timestamp": "2026-08-29T15:01:00+07:00", "satelit": "NASA-MODIS", "confidence": "Medium"}}, {"type": "Feature", "geometry": {"type": "Point", "coordinates": [110.66763, -0.39907]}, "properties": {"kab_kota": "SEKADAU", "kecamatan": "Nanga Mahap", "desa": "Cenayan", "tanggal": "2026-08-08", "timestamp": "2026-08-08T14:46:00+07:00", "satelit": "NASA-MODIS", "confidence": "Medium"}}, {"type": "Feature", "geometry": {"type": "Point", "coordinates": [110.64623, -0.39463]}, "properties": {"kab_kota": "SEKADAU", "kecamatan": "Nanga Mahap", "desa": "Cenayan", "tanggal": "2026-08-09", "timestamp": "2026-08-09T15:24:00+07:00", "satelit": "NASA-MODIS", "confidence": "Medium"}}, {"type": "Feature", "geometry": {"type": "Point", "coordinates": [110.63567, -0.40715]}, "properties": {"kab_kota": "SEKADAU", "kecamatan": "Nanga Mahap", "desa": "Cenayan", "tanggal": "2026-08-11", "timestamp": "2026-08-11T15:05:00+07:00", "satelit": "NASA-MODIS", "confidence": "Medium"}}, {"type": "Feature", "geometry": {"type": "Point", "coordinates": [110.64133, -0.39883]}, "properties": {"kab_kota": "SEKADAU", "kecamatan": "Nanga Mahap", "desa": "Cenayan", "tanggal": "2026-08-16", "timestamp": "2026-08-16T14:56:00+07:00", "satelit": "NASA-MODIS", "confidence": "Medium"}}, {"type": "Feature", "geometry": {"type": "Point", "coordinates": [110.62305, -0.36874]}, "properties": {"kab_kota": "SEKADAU", "kecamatan": "Nanga Mahap", "desa": "Cenayan", "tanggal": "2026-08-16", "timestamp": "2026-08-16T14:56:00+07:00", "satelit": "NASA-MODIS", "confidence": "Medium"}}, {"type": "Feature", "geometry": {"type": "Point", "coordinates": [110.61926, -0.37768]}, "properties": {"kab_kota": "SEKADAU", "kecamatan": "Nanga Mahap", "desa": "Cenayan", "tanggal": "2026-08-19", "timestamp": "2026-08-19T15:11:00+07:00", "satelit": "NASA-MODIS", "confidence": "Medium"}}, {"type": "Feature", "geometry": {"type": "Point", "coordinates": [110.61795, -0.36892]}, "properties": {"kab_kota": "SEKADAU", "kecamatan": "Nanga Mahap", "desa": "Cenayan", "tanggal": "2026-08-19", "timestamp": "2026-08-19T15:11:00+07:00", "satelit": "NASA-MODIS", "confidence": "Medium"}}, {"type": "Feature", "geometry": {"type": "Point", "coordinates": [110.60928, -0.35437]}, "properties": {"kab_kota": "SEKADAU", "kecamatan": "Nanga Mahap", "desa": "Cenayan", "tanggal": "2026-08-21", "timestamp": "2026-08-21T14:50:00+07:00", "satelit": "NASA-MODIS", "confidence": "Medium"}}, {"type": "Feature", "geometry": {"type": "Point", "coordinates": [110.6341, -0.39037]}, "properties": {"kab_kota": "SEKADAU", "kecamatan": "Nanga Mahap", "desa": "Cenayan", "tanggal": "2026-08-24", "timestamp": "2026-08-24T15:07:00+07:00", "satelit": "NASA-MODIS", "confidence": "Medium"}}, {"type": "Feature", "geometry": {"type": "Point", "coordinates": [110.88339, -0.62848]}, "properties": {"kab_kota": "SEKADAU", "kecamatan": "Nanga Mahap", "desa": "Karang Betung", "tanggal": "2026-08-06", "timestamp": "2026-08-06T15:09:00+07:00", "satelit": "NASA-MODIS", "confidence": "Medium"}}, {"type": "Feature", "geometry": {"type": "Point", "coordinates": [110.84854, -0.6208]}, "properties": {"kab_kota": "SEKADAU", "kecamatan": "Nanga Mahap", "desa": "Karang Betung", "tanggal": "2026-08-17", "timestamp": "2026-08-17T15:35:00+07:00", "satelit": "NASA-MODIS", "confidence": "Medium"}}, {"type": "Feature", "geometry": {"type": "Point", "coordinates": [110.86526, -0.61826]}, "properties": {"kab_kota": "SEKADAU", "kecamatan": "Nanga Mahap", "desa": "Karang Betung", "tanggal": "2026-08-17", "timestamp": "2026-08-17T15:35:00+07:00", "satelit": "NASA-MODIS", "confidence": "Medium"}}, {"type": "Feature", "geometry": {"type": "Point", "coordinates": [110.84126, -0.61494]}, "properties": {"kab_kota": "SEKADAU", "kecamatan": "Nanga Mahap", "desa": "Karang Betung", "tanggal": "2026-08-17", "timestamp": "2026-08-17T15:35:00+07:00", "satelit": "NASA-MODIS", "confidence": "Medium"}}, {"type": "Feature", "geometry": {"type": "Point", "coordinates": [110.85874, -0.61241]}, "properties": {"kab_kota": "SEKADAU", "kecamatan": "Nanga Mahap", "desa": "Karang Betung", "tanggal": "2026-08-17", "timestamp": "2026-08-17T15:35:00+07:00", "satelit": "NASA-MODIS", "confidence": "Medium"}}, {"type": "Feature", "geometry": {"type": "Point", "coordinates": [110.88626, -0.65471]}, "properties": {"kab_kota": "SEKADAU", "kecamatan": "Nanga Mahap", "desa": "Karang Betung", "tanggal": "2026-08-18", "timestamp": "2026-08-18T14:35:00+07:00", "satelit": "NASA-MODIS", "confidence": "Medium"}}, {"type": "Feature", "geometry": {"type": "Point", "coordinates": [110.85604, -0.57242]}, "properties": {"kab_kota": "SEKADAU", "kecamatan": "Nanga Mahap", "desa": "Karang Betung", "tanggal": "2026-08-19", "timestamp": "2026-08-19T15:11:00+07:00", "satelit": "NASA-MODIS", "confidence": "Medium"}}, {"type": "Feature", "geometry": {"type": "Point", "coordinates": [110.89114, -0.60486]}, "properties": {"kab_kota": "SEKADAU", "kecamatan": "Nanga Mahap", "desa": "Karang Betung", "tanggal": "2026-08-21", "timestamp": "2026-08-21T14:50:00+07:00", "satelit": "NASA-MODIS", "confidence": "Medium"}}, {"type": "Feature", "geometry": {"type": "Point", "coordinates": [110.88188, -0.57689]}, "properties": {"kab_kota": "SEKADAU", "kecamatan": "Nanga Mahap", "desa": "Karang Betung", "tanggal": "2026-08-21", "timestamp": "2026-08-21T14:50:00+07:00", "satelit": "NASA-MODIS", "confidence": "Medium"}}, {"type": "Feature", "geometry": {"type": "Point", "coordinates": [110.84031, -0.66187]}, "properties": {"kab_kota": "SEKADAU", "kecamatan": "Nanga Mahap", "desa": "Karang Betung", "tanggal": "2026-08-29", "timestamp": "2026-08-29T15:01:00+07:00", "satelit": "NASA-MODIS", "confidence": "Medium"}}, {"type": "Feature", "geometry": {"type": "Point", "coordinates": [110.87754, -0.65636]}, "properties": {"kab_kota": "SEKADAU", "kecamatan": "Nanga Mahap", "desa": "Karang Betung", "tanggal": "2026-08-29", "timestamp": "2026-08-29T15:01:00+07:00", "satelit": "NASA-MODIS", "confidence": "Medium"}}, {"type": "Feature", "geometry": {"type": "Point", "coordinates": [110.92747, -0.64896]}, "properties": {"kab_kota": "SEKADAU", "kecamatan": "Nanga Mahap", "desa": "Karang Betung", "tanggal": "2026-08-29", "timestamp": "2026-08-29T15:01:00+07:00", "satelit": "NASA-MODIS", "confidence": "Medium"}}, {"type": "Feature", "geometry": {"type": "Point", "coordinates": [110.97157, -0.61102]}, "properties": {"kab_kota": "SEKADAU", "kecamatan": "Nanga Mahap", "desa": "Karang Betung", "tanggal": "2026-08-29", "timestamp": "2026-08-29T15:01:00+07:00", "satelit": "NASA-MODIS", "confidence": "Medium"}}, {"type": "Feature", "geometry": {"type": "Point", "coordinates": [110.93199, -0.64976]}, "properties": {"kab_kota": "SEKADAU", "kecamatan": "Nanga Mahap", "desa": "Karang Betung", "tanggal": "2026-08-29", "timestamp": "2026-08-29T20:18:00+07:00", "satelit": "NASA-MODIS", "confidence": "Medium"}}, {"type": "Feature", "geometry": {"type": "Point", "coordinates": [110.70561, -0.48961]}, "properties": {"kab_kota": "SEKADAU", "kecamatan": "Nanga Mahap", "desa": "Landau Apin", "tanggal": "2026-08-11", "timestamp": "2026-08-11T15:05:00+07:00", "satelit": "NASA-MODIS", "confidence": "Medium"}}, {"type": "Feature", "geometry": {"type": "Point", "coordinates": [110.72403, -0.49999]}, "properties": {"kab_kota": "SEKADAU", "kecamatan": "Nanga Mahap", "desa": "Landau Apin", "tanggal": "2026-08-19", "timestamp": "2026-08-19T15:11:00+07:00", "satelit": "NASA-MODIS", "confidence": "Medium"}}, {"type": "Feature", "geometry": {"type": "Point", "coordinates": [110.68788, -0.49636]}, "properties": {"kab_kota": "SEKADAU", "kecamatan": "Nanga Mahap", "desa": "Landau Apin", "tanggal": "2026-08-19", "timestamp": "2026-08-19T15:11:00+07:00", "satelit": "NASA-MODIS", "confidence": "Medium"}}, {"type": "Feature", "geometry": {"type": "Point", "coordinates": [110.73733, -0.41142]}, "properties": {"kab_kota": "SEKADAU", "kecamatan": "Nanga Mahap", "desa": "Landau Kumpai", "tanggal": "2026-08-01", "timestamp": "2026-08-01T15:18:00+07:00", "satelit": "NASA-MODIS", "confidence": "Medium"}}, {"type": "Feature", "geometry": {"type": "Point", "coordinates": [110.7235, -0.42252]}, "properties": {"kab_kota": "SEKADAU", "kecamatan": "Nanga Mahap", "desa": "Landau Kumpai", "tanggal": "2026-08-18", "timestamp": "2026-08-18T14:35:00+07:00", "satelit": "NASA-MODIS", "confidence": "Medium"}}, {"type": "Feature", "geometry": {"type": "Point", "coordinates": [110.72226, -0.40802]}, "properties": {"kab_kota": "SEKADAU", "kecamatan": "Nanga Mahap", "desa": "Landau Kumpai", "tanggal": "2026-08-21", "timestamp": "2026-08-21T14:50:00+07:00", "satelit": "NASA-MODIS", "confidence": "Medium"}}, {"type": "Feature", "geometry": {"type": "Point", "coordinates": [110.71701, -0.40528]}, "properties": {"kab_kota": "SEKADAU", "kecamatan": "Nanga Mahap", "desa": "Landau Kumpai", "tanggal": "2026-08-21", "timestamp": "2026-08-21T14:50:00+07:00", "satelit": "NASA-MODIS", "confidence": "Medium"}}, {"type": "Feature", "geometry": {"type": "Point", "coordinates": [110.73228, -0.35422]}, "properties": {"kab_kota": "SEKADAU", "kecamatan": "Nanga Mahap", "desa": "Landau Kumpai", "tanggal": "2026-08-22", "timestamp": "2026-08-22T15:28:00+07:00", "satelit": "NASA-MODIS", "confidence": "Medium"}}, {"type": "Feature", "geometry": {"type": "Point", "coordinates": [110.74418, -0.35245]}, "properties": {"kab_kota": "SEKADAU", "kecamatan": "Nanga Mahap", "desa": "Landau Kumpai", "tanggal": "2026-08-22", "timestamp": "2026-08-22T15:28:00+07:00", "satelit": "NASA-MODIS", "confidence": "Medium"}}, {"type": "Feature", "geometry": {"type": "Point", "coordinates": [110.71726, -0.40663]}, "properties": {"kab_kota": "SEKADAU", "kecamatan": "Nanga Mahap", "desa": "Landau Kumpai", "tanggal": "2026-08-24", "timestamp": "2026-08-24T15:07:00+07:00", "satelit": "NASA-MODIS", "confidence": "Medium"}}, {"type": "Feature", "geometry": {"type": "Point", "coordinates": [110.77299, -0.62277]}, "properties": {"kab_kota": "SEKADAU", "kecamatan": "Nanga Mahap", "desa": "Lembah Beringin", "tanggal": "2026-08-16", "timestamp": "2026-08-16T14:56:00+07:00", "satelit": "NASA-MODIS", "confidence": "Medium"}}, {"type": "Feature", "geometry": {"type": "Point", "coordinates": [110.7611, -0.59925]}, "properties": {"kab_kota": "SEKADAU", "kecamatan": "Nanga Mahap", "desa": "Lembah Beringin", "tanggal": "2026-08-18", "timestamp": "2026-08-18T14:35:00+07:00", "satelit": "NASA-MODIS", "confidence": "Medium"}}, {"type": "Feature", "geometry": {"type": "Point", "coordinates": [110.75282, -0.59413]}, "properties": {"kab_kota": "SEKADAU", "kecamatan": "Nanga Mahap", "desa": "Lembah Beringin", "tanggal": "2026-08-18", "timestamp": "2026-08-18T14:35:00+07:00", "satelit": "NASA-MODIS", "confidence": "Medium"}}, {"type": "Feature", "geometry": {"type": "Point", "coordinates": [110.75501, -0.62664]}, "properties": {"kab_kota": "SEKADAU", "kecamatan": "Nanga Mahap", "desa": "Lembah Beringin", "tanggal": "2026-08-19", "timestamp": "2026-08-19T15:11:00+07:00", "satelit": "NASA-MODIS", "confidence": "Medium"}}, {"type": "Feature", "geometry": {"type": "Point", "coordinates": [110.76369, -0.62536]}, "properties": {"kab_kota": "SEKADAU", "kecamatan": "Nanga Mahap", "desa": "Lembah Beringin", "tanggal": "2026-08-19", "timestamp": "2026-08-19T15:11:00+07:00", "satelit": "NASA-MODIS", "confidence": "Medium"}}, {"type": "Feature", "geometry": {"type": "Point", "coordinates": [110.75273, -0.51365]}, "properties": {"kab_kota": "SEKADAU", "kecamatan": "Nanga Mahap", "desa": "Lembah Beringin", "tanggal": "2026-08-19", "timestamp": "2026-08-19T15:11:00+07:00", "satelit": "NASA-MODIS", "confidence": "Medium"}}, {"type": "Feature", "geometry": {"type": "Point", "coordinates": [110.75974, -0.49507]}, "properties": {"kab_kota": "SEKADAU", "kecamatan": "Nanga Mahap", "desa": "Lembah Beringin", "tanggal": "2026-08-21", "timestamp": "2026-08-21T14:50:00+07:00", "satelit": "NASA-MODIS", "confidence": "Medium"}}, {"type": "Feature", "geometry": {"type": "Point", "coordinates": [110.74249, -0.54207]}, "properties": {"kab_kota": "SEKADAU", "kecamatan": "Nanga Mahap", "desa": "Lembah Beringin", "tanggal": "2026-08-24", "timestamp": "2026-08-24T15:07:00+07:00", "satelit": "NASA-MODIS", "confidence": "Medium"}}, {"type": "Feature", "geometry": {"type": "Point", "coordinates": [110.81522, -0.66558]}, "properties": {"kab_kota": "SEKADAU", "kecamatan": "Nanga Mahap", "desa": "Lembah Beringin", "tanggal": "2026-08-29", "timestamp": "2026-08-29T15:01:00+07:00", "satelit": "NASA-MODIS", "confidence": "Medium"}}, {"type": "Feature", "geometry": {"type": "Point", "coordinates": [110.74699, -0.66561]}, "properties": {"kab_kota": "SEKADAU", "kecamatan": "Nanga Mahap", "desa": "Lembah Beringin", "tanggal": "2026-08-30", "timestamp": "2026-08-30T15:37:00+07:00", "satelit": "NASA-MODIS", "confidence": "Medium"}}, {"type": "Feature", "geometry": {"type": "Point", "coordinates": [110.79073, -0.42395]}, "properties": {"kab_kota": "SEKADAU", "kecamatan": "Nanga Mahap", "desa": "Nanga Suri", "tanggal": "2026-08-09", "timestamp": "2026-08-09T15:24:00+07:00", "satelit": "NASA-MODIS", "confidence": "Medium"}}, {"type": "Feature", "geometry": {"type": "Point", "coordinates": [110.7897, -0.42922]}, "properties": {"kab_kota": "SEKADAU", "kecamatan": "Nanga Mahap", "desa": "Nanga Suri", "tanggal": "2026-08-11", "timestamp": "2026-08-11T15:05:00+07:00", "satelit": "NASA-MODIS", "confidence": "Medium"}}, {"type": "Feature", "geometry": {"type": "Point", "coordinates": [110.81171, -0.42196]}, "properties": {"kab_kota": "SEKADAU", "kecamatan": "Nanga Mahap", "desa": "Nanga Suri", "tanggal": "2026-08-16", "timestamp": "2026-08-16T14:56:00+07:00", "satelit": "NASA-MODIS", "confidence": "Medium"}}, {"type": "Feature", "geometry": {"type": "Point", "coordinates": [110.77722, -0.43854]}, "properties": {"kab_kota": "SEKADAU", "kecamatan": "Nanga Mahap", "desa": "Nanga Suri", "tanggal": "2026-08-19", "timestamp": "2026-08-19T15:11:00+07:00", "satelit": "NASA-MODIS", "confidence": "Medium"}}, {"type": "Feature", "geometry": {"type": "Point", "coordinates": [110.76508, -0.40097]}, "properties": {"kab_kota": "SEKADAU", "kecamatan": "Nanga Mahap", "desa": "Nanga Suri", "tanggal": "2026-08-19", "timestamp": "2026-08-19T15:11:00+07:00", "satelit": "NASA-MODIS", "confidence": "Medium"}}, {"type": "Feature", "geometry": {"type": "Point", "coordinates": [110.78483, -0.46151]}, "properties": {"kab_kota": "SEKADAU", "kecamatan": "Nanga Mahap", "desa": "Nanga Suri", "tanggal": "2026-08-21", "timestamp": "2026-08-21T14:50:00+07:00", "satelit": "NASA-MODIS", "confidence": "Medium"}}, {"type": "Feature", "geometry": {"type": "Point", "coordinates": [110.80764, -0.41216]}, "properties": {"kab_kota": "SEKADAU", "kecamatan": "Nanga Mahap", "desa": "Nanga Suri", "tanggal": "2026-08-24", "timestamp": "2026-08-24T15:07:00+07:00", "satelit": "NASA-MODIS", "confidence": "Medium"}}, {"type": "Feature", "geometry": {"type": "Point", "coordinates": [110.8159, -0.43565]}, "properties": {"kab_kota": "SEKADAU", "kecamatan": "Nanga Mahap", "desa": "Sebabas", "tanggal": "2026-08-06", "timestamp": "2026-08-06T15:09:00+07:00", "satelit": "NASA-MODIS", "confidence": "Medium"}}, {"type": "Feature", "geometry": {"type": "Point", "coordinates": [110.82466, -0.43437]}, "properties": {"kab_kota": "SEKADAU", "kecamatan": "Nanga Mahap", "desa": "Sebabas", "tanggal": "2026-08-06", "timestamp": "2026-08-06T15:09:00+07:00", "satelit": "NASA-MODIS", "confidence": "Medium"}}, {"type": "Feature", "geometry": {"type": "Point", "coordinates": [110.84252, -0.48893]}, "properties": {"kab_kota": "SEKADAU", "kecamatan": "Nanga Mahap", "desa": "Sebabas", "tanggal": "2026-08-09", "timestamp": "2026-08-09T15:24:00+07:00", "satelit": "NASA-MODIS", "confidence": "Medium"}}, {"type": "Feature", "geometry": {"type": "Point", "coordinates": [110.80292, -0.45882]}, "properties": {"kab_kota": "SEKADAU", "kecamatan": "Nanga Mahap", "desa": "Sebabas", "tanggal": "2026-08-21", "timestamp": "2026-08-21T14:50:00+07:00", "satelit": "NASA-MODIS", "confidence": "Medium"}}, {"type": "Feature", "geometry": {"type": "Point", "coordinates": [110.79855, -0.46237]}, "properties": {"kab_kota": "SEKADAU", "kecamatan": "Nanga Mahap", "desa": "Sebabas", "tanggal": "2026-08-29", "timestamp": "2026-08-29T15:01:00+07:00", "satelit": "NASA-MODIS", "confidence": "Medium"}}, {"type": "Feature", "geometry": {"type": "Point", "coordinates": [110.70157, -0.39243]}, "properties": {"kab_kota": "SEKADAU", "kecamatan": "Nanga Mahap", "desa": "Tamang", "tanggal": "2026-08-19", "timestamp": "2026-08-19T15:11:00+07:00", "satelit": "NASA-MODIS", "confidence": "Medium"}}, {"type": "Feature", "geometry": {"type": "Point", "coordinates": [110.68171, -0.42324]}, "properties": {"kab_kota": "SEKADAU", "kecamatan": "Nanga Mahap", "desa": "Tamang", "tanggal": "2026-08-21", "timestamp": "2026-08-21T14:50:00+07:00", "satelit": "NASA-MODIS", "confidence": "Medium"}}, {"type": "Feature", "geometry": {"type": "Point", "coordinates": [110.7002, -0.42042]}, "properties": {"kab_kota": "SEKADAU", "kecamatan": "Nanga Mahap", "desa": "Tamang", "tanggal": "2026-08-21", "timestamp": "2026-08-21T14:50:00+07:00", "satelit": "NASA-MODIS", "confidence": "Medium"}}, {"type": "Feature", "geometry": {"type": "Point", "coordinates": [110.69038, -0.4019]}, "properties": {"kab_kota": "SEKADAU", "kecamatan": "Nanga Mahap", "desa": "Tamang", "tanggal": "2026-08-22", "timestamp": "2026-08-22T15:28:00+07:00", "satelit": "NASA-MODIS", "confidence": "Medium"}}, {"type": "Feature", "geometry": {"type": "Point", "coordinates": [110.65952, -0.4246]}, "properties": {"kab_kota": "SEKADAU", "kecamatan": "Nanga Mahap", "desa": "Tamang", "tanggal": "2026-08-24", "timestamp": "2026-08-24T15:07:00+07:00", "satelit": "NASA-MODIS", "confidence": "Medium"}}, {"type": "Feature", "geometry": {"type": "Point", "coordinates": [110.68066, -0.44762]}, "properties": {"kab_kota": "SEKADAU", "kecamatan": "Nanga Mahap", "desa": "Tamang", "tanggal": "2026-08-29", "timestamp": "2026-08-29T15:01:00+07:00", "satelit": "NASA-MODIS", "confidence": "Medium"}}, {"type": "Feature", "geometry": {"type": "Point", "coordinates": [110.67118, -0.42137]}, "properties": {"kab_kota": "SEKADAU", "kecamatan": "Nanga Mahap", "desa": "Tamang", "tanggal": "2026-08-29", "timestamp": "2026-08-29T15:01:00+07:00", "satelit": "NASA-MODIS", "confidence": "Medium"}}, {"type": "Feature", "geometry": {"type": "Point", "coordinates": [110.72456, -0.48493]}, "properties": {"kab_kota": "SEKADAU", "kecamatan": "Nanga Mahap", "desa": "Telukkebau", "tanggal": "2026-08-06", "timestamp": "2026-08-06T15:09:00+07:00", "satelit": "NASA-MODIS", "confidence": "Medium"}}, {"type": "Feature", "geometry": {"type": "Point", "coordinates": [110.73418, -0.59035]}, "properties": {"kab_kota": "SEKADAU", "kecamatan": "Nanga Mahap", "desa": "Telukkebau", "tanggal": "2026-08-19", "timestamp": "2026-08-19T15:11:00+07:00", "satelit": "NASA-MODIS", "confidence": "Medium"}}, {"type": "Feature", "geometry": {"type": "Point", "coordinates": [110.73273, -0.49871]}, "properties": {"kab_kota": "SEKADAU", "kecamatan": "Nanga Mahap", "desa": "Telukkebau", "tanggal": "2026-08-19", "timestamp": "2026-08-19T15:11:00+07:00", "satelit": "NASA-MODIS", "confidence": "Medium"}}, {"type": "Feature", "geometry": {"type": "Point", "coordinates": [110.74536, -0.52225]}, "properties": {"kab_kota": "SEKADAU", "kecamatan": "Nanga Mahap", "desa": "Telukkebau", "tanggal": "2026-08-21", "timestamp": "2026-08-21T14:50:00+07:00", "satelit": "NASA-MODIS", "confidence": "Medium"}}, {"type": "Feature", "geometry": {"type": "Point", "coordinates": [110.74159, -0.49768]}, "properties": {"kab_kota": "SEKADAU", "kecamatan": "Nanga Mahap", "desa": "Telukkebau", "tanggal": "2026-08-21", "timestamp": "2026-08-21T14:50:00+07:00", "satelit": "NASA-MODIS", "confidence": "Medium"}}, {"type": "Feature", "geometry": {"type": "Point", "coordinates": [110.73293, -0.47729]}, "properties": {"kab_kota": "SEKADAU", "kecamatan": "Nanga Mahap", "desa": "Telukkebau", "tanggal": "2026-08-24", "timestamp": "2026-08-24T15:07:00+07:00", "satelit": "NASA-MODIS", "confidence": "Medium"}}, {"type": "Feature", "geometry": {"type": "Point", "coordinates": [110.65504, -0.47801]}, "properties": {"kab_kota": "SEKADAU", "kecamatan": "Nanga Mahap", "desa": "Tembaga", "tanggal": "2026-08-01", "timestamp": "2026-08-01T15:18:00+07:00", "satelit": "NASA-MODIS", "confidence": "Medium"}}, {"type": "Feature", "geometry": {"type": "Point", "coordinates": [110.6669, -0.52037]}, "properties": {"kab_kota": "SEKADAU", "kecamatan": "Nanga Mahap", "desa": "Tembaga", "tanggal": "2026-08-06", "timestamp": "2026-08-06T15:09:00+07:00", "satelit": "NASA-MODIS", "confidence": "Medium"}}, {"type": "Feature", "geometry": {"type": "Point", "coordinates": [110.67236, -0.52427]}, "properties": {"kab_kota": "SEKADAU", "kecamatan": "Nanga Mahap", "desa": "Tembaga", "tanggal": "2026-08-09", "timestamp": "2026-08-09T15:24:00+07:00", "satelit": "NASA-MODIS", "confidence": "Medium"}}, {"type": "Feature", "geometry": {"type": "Point", "coordinates": [110.6794, -0.49288]}, "properties": {"kab_kota": "SEKADAU", "kecamatan": "Nanga Mahap", "desa": "Tembaga", "tanggal": "2026-08-09", "timestamp": "2026-08-09T15:24:00+07:00", "satelit": "NASA-MODIS", "confidence": "Medium"}}, {"type": "Feature", "geometry": {"type": "Point", "coordinates": [110.68435, -0.53266]}, "properties": {"kab_kota": "SEKADAU", "kecamatan": "Nanga Mahap", "desa": "Tembaga", "tanggal": "2026-08-19", "timestamp": "2026-08-19T15:11:00+07:00", "satelit": "NASA-MODIS", "confidence": "Medium"}}, {"type": "Feature", "geometry": {"type": "Point", "coordinates": [110.68046, -0.5064]}, "properties": {"kab_kota": "SEKADAU", "kecamatan": "Nanga Mahap", "desa": "Tembaga", "tanggal": "2026-08-19", "timestamp": "2026-08-19T15:11:00+07:00", "satelit": "NASA-MODIS", "confidence": "Medium"}}, {"type": "Feature", "geometry": {"type": "Point", "coordinates": [110.68918, -0.50512]}, "properties": {"kab_kota": "SEKADAU", "kecamatan": "Nanga Mahap", "desa": "Tembaga", "tanggal": "2026-08-19", "timestamp": "2026-08-19T15:11:00+07:00", "satelit": "NASA-MODIS", "confidence": "Medium"}}, {"type": "Feature", "geometry": {"type": "Point", "coordinates": [110.65657, -0.56857]}, "properties": {"kab_kota": "SEKADAU", "kecamatan": "Nanga Mahap", "desa": "Tembaga", "tanggal": "2026-08-29", "timestamp": "2026-08-29T20:18:00+07:00", "satelit": "NASA-MODIS", "confidence": "Medium"}}, {"type": "Feature", "geometry": {"type": "Point", "coordinates": [110.83655, -0.56333]}, "properties": {"kab_kota": "SEKADAU", "kecamatan": "Nanga Mahap", "desa": "Tembesuk", "tanggal": "2026-08-01", "timestamp": "2026-08-01T15:18:00+07:00", "satelit": "NASA-MODIS", "confidence": "Medium"}}, {"type": "Feature", "geometry": {"type": "Point", "coordinates": [110.79247, -0.49506]}, "properties": {"kab_kota": "SEKADAU", "kecamatan": "Nanga Mahap", "desa": "Tembesuk", "tanggal": "2026-08-01", "timestamp": "2026-08-01T15:18:00+07:00", "satelit": "NASA-MODIS", "confidence": "Medium"}}, {"type": "Feature", "geometry": {"type": "Point", "coordinates": [110.82605, -0.52599]}, "properties": {"kab_kota": "SEKADAU", "kecamatan": "Nanga Mahap", "desa": "Tembesuk", "tanggal": "2026-08-06", "timestamp": "2026-08-06T15:09:00+07:00", "satelit": "NASA-MODIS", "confidence": "Medium"}}, {"type": "Feature", "geometry": {"type": "Point", "coordinates": [110.8361, -0.53208]}, "properties": {"kab_kota": "SEKADAU", "kecamatan": "Nanga Mahap", "desa": "Tembesuk", "tanggal": "2026-08-08", "timestamp": "2026-08-08T14:46:00+07:00", "satelit": "NASA-MODIS", "confidence": "Medium"}}, {"type": "Feature", "geometry": {"type": "Point", "coordinates": [110.78498, -0.49103]}, "properties": {"kab_kota": "SEKADAU", "kecamatan": "Nanga Mahap", "desa": "Tembesuk", "tanggal": "2026-08-19", "timestamp": "2026-08-19T15:11:00+07:00", "satelit": "NASA-MODIS", "confidence": "Medium"}}, {"type": "Feature", "geometry": {"type": "Point", "coordinates": [110.84559, -0.34689]}, "properties": {"kab_kota": "SEKADAU", "kecamatan": "Nanga Taman", "desa": "Lubuk Tajau", "tanggal": "2026-08-02", "timestamp": "2026-08-02T08:24:00+07:00", "satelit": "NASA-MODIS", "confidence": "Medium"}}, {"type": "Feature", "geometry": {"type": "Point", "coordinates": [110.8312, -0.34048]}, "properties": {"kab_kota": "SEKADAU", "kecamatan": "Nanga Taman", "desa": "Lubuk Tajau", "tanggal": "2026-08-06", "timestamp": "2026-08-06T15:09:00+07:00", "satelit": "NASA-MODIS", "confidence": "Medium"}}, {"type": "Feature", "geometry": {"type": "Point", "coordinates": [110.80506, -0.32416]}, "properties": {"kab_kota": "SEKADAU", "kecamatan": "Nanga Taman", "desa": "Lubuk Tajau", "tanggal": "2026-08-06", "timestamp": "2026-08-06T15:09:00+07:00", "satelit": "NASA-MODIS", "confidence": "Medium"}}, {"type": "Feature", "geometry": {"type": "Point", "coordinates": [110.80659, -0.29216]}, "properties": {"kab_kota": "SEKADAU", "kecamatan": "Nanga Taman", "desa": "Lubuk Tajau", "tanggal": "2026-08-16", "timestamp": "2026-08-16T14:56:00+07:00", "satelit": "NASA-MODIS", "confidence": "Medium"}}, {"type": "Feature", "geometry": {"type": "Point", "coordinates": [110.80968, -0.32041]}, "properties": {"kab_kota": "SEKADAU", "kecamatan": "Nanga Taman", "desa": "Lubuk Tajau", "tanggal": "2026-08-19", "timestamp": "2026-08-19T15:11:00+07:00", "satelit": "NASA-MODIS", "confidence": "Medium"}}, {"type": "Feature", "geometry": {"type": "Point", "coordinates": [110.81838, -0.31913]}, "properties": {"kab_kota": "SEKADAU", "kecamatan": "Nanga Taman", "desa": "Lubuk Tajau", "tanggal": "2026-08-19", "timestamp": "2026-08-19T15:11:00+07:00", "satelit": "NASA-MODIS", "confidence": "Medium"}}, {"type": "Feature", "geometry": {"type": "Point", "coordinates": [110.78101, -0.30676]}, "properties": {"kab_kota": "SEKADAU", "kecamatan": "Nanga Taman", "desa": "Lubuk Tajau", "tanggal": "2026-08-19", "timestamp": "2026-08-19T15:11:00+07:00", "satelit": "NASA-MODIS", "confidence": "Medium"}}, {"type": "Feature", "geometry": {"type": "Point", "coordinates": [110.79711, -0.29546]}, "properties": {"kab_kota": "SEKADAU", "kecamatan": "Nanga Taman", "desa": "Lubuk Tajau", "tanggal": "2026-08-19", "timestamp": "2026-08-19T15:11:00+07:00", "satelit": "NASA-MODIS", "confidence": "Medium"}}, {"type": "Feature", "geometry": {"type": "Point", "coordinates": [110.80261, -0.36738]}, "properties": {"kab_kota": "SEKADAU", "kecamatan": "Nanga Taman", "desa": "Lubuk Tajau", "tanggal": "2026-08-21", "timestamp": "2026-08-21T14:50:00+07:00", "satelit": "NASA-MODIS", "confidence": "Medium"}}, {"type": "Feature", "geometry": {"type": "Point", "coordinates": [110.81309, -0.31602]}, "properties": {"kab_kota": "SEKADAU", "kecamatan": "Nanga Taman", "desa": "Lubuk Tajau", "tanggal": "2026-08-21", "timestamp": "2026-08-21T14:50:00+07:00", "satelit": "NASA-MODIS", "confidence": "Medium"}}, {"type": "Feature", "geometry": {"type": "Point", "coordinates": [110.82456, -0.30883]}, "properties": {"kab_kota": "SEKADAU", "kecamatan": "Nanga Taman", "desa": "Lubuk Tajau", "tanggal": "2026-08-21", "timestamp": "2026-08-21T14:50:00+07:00", "satelit": "NASA-MODIS", "confidence": "Medium"}}, {"type": "Feature", "geometry": {"type": "Point", "coordinates": [110.76937, -0.31822]}, "properties": {"kab_kota": "SEKADAU", "kecamatan": "Nanga Taman", "desa": "Lubuk Tajau", "tanggal": "2026-08-22", "timestamp": "2026-08-22T15:28:00+07:00", "satelit": "NASA-MODIS", "confidence": "Medium"}}, {"type": "Feature", "geometry": {"type": "Point", "coordinates": [110.76951, -0.33432]}, "properties": {"kab_kota": "SEKADAU", "kecamatan": "Nanga Taman", "desa": "Lubuk Tajau", "tanggal": "2026-08-24", "timestamp": "2026-08-24T15:07:00+07:00", "satelit": "NASA-MODIS", "confidence": "Medium"}}, {"type": "Feature", "geometry": {"type": "Point", "coordinates": [110.79453, -0.30237]}, "properties": {"kab_kota": "SEKADAU", "kecamatan": "Nanga Taman", "desa": "Lubuk Tajau", "tanggal": "2026-08-24", "timestamp": "2026-08-24T15:07:00+07:00", "satelit": "NASA-MODIS", "confidence": "Medium"}}, {"type": "Feature", "geometry": {"type": "Point", "coordinates": [110.80483, -0.36973]}, "properties": {"kab_kota": "SEKADAU", "kecamatan": "Nanga Taman", "desa": "Lubuk Tajau", "tanggal": "2026-08-29", "timestamp": "2026-08-29T15:01:00+07:00", "satelit": "NASA-MODIS", "confidence": "Medium"}}, {"type": "Feature", "geometry": {"type": "Point", "coordinates": [110.85891, -0.273]}, "properties": {"kab_kota": "SEKADAU", "kecamatan": "Nanga Taman", "desa": "Meragun", "tanggal": "2026-08-01", "timestamp": "2026-08-01T15:18:00+07:00", "satelit": "NASA-MODIS", "confidence": "Medium"}}, {"type": "Feature", "geometry": {"type": "Point", "coordinates": [110.96381, -0.3394]}, "properties": {"kab_kota": "SEKADAU", "kecamatan": "Nanga Taman", "desa": "Meragun", "tanggal": "2026-08-11", "timestamp": "2026-08-11T15:05:00+07:00", "satelit": "NASA-MODIS", "confidence": "Medium"}}, {"type": "Feature", "geometry": {"type": "Point", "coordinates": [110.937, -0.29594]}, "properties": {"kab_kota": "SEKADAU", "kecamatan": "Nanga Taman", "desa": "Meragun", "tanggal": "2026-08-11", "timestamp": "2026-08-11T15:05:00+07:00", "satelit": "NASA-MODIS", "confidence": "Medium"}}, {"type": "Feature", "geometry": {"type": "Point", "coordinates": [110.9091, -0.28413]}, "properties": {"kab_kota": "SEKADAU", "kecamatan": "Nanga Taman", "desa": "Meragun", "tanggal": "2026-08-11", "timestamp": "2026-08-11T15:05:00+07:00", "satelit": "NASA-MODIS", "confidence": "Medium"}}, {"type": "Feature", "geometry": {"type": "Point", "coordinates": [110.85538, -0.26903]}, "properties": {"kab_kota": "SEKADAU", "kecamatan": "Nanga Taman", "desa": "Meragun", "tanggal": "2026-08-19", "timestamp": "2026-08-19T15:11:00+07:00", "satelit": "NASA-MODIS", "confidence": "Medium"}}, {"type": "Feature", "geometry": {"type": "Point", "coordinates": [110.6415, -0.34345]}, "properties": {"kab_kota": "SEKADAU", "kecamatan": "Nanga Taman", "desa": "Nanga Engkulun", "tanggal": "2026-08-12", "timestamp": "2026-08-12T08:24:00+07:00", "satelit": "NASA-MODIS", "confidence": "Medium"}}, {"type": "Feature", "geometry": {"type": "Point", "coordinates": [110.63147, -0.33472]}, "properties": {"kab_kota": "SEKADAU", "kecamatan": "Nanga Taman", "desa": "Nanga Engkulun", "tanggal": "2026-08-16", "timestamp": "2026-08-16T14:56:00+07:00", "satelit": "NASA-MODIS", "confidence": "Medium"}}, {"type": "Feature", "geometry": {"type": "Point", "coordinates": [110.62437, -0.33049]}, "properties": {"kab_kota": "SEKADAU", "kecamatan": "Nanga Taman", "desa": "Nanga Engkulun", "tanggal": "2026-08-16", "timestamp": "2026-08-16T14:56:00+07:00", "satelit": "NASA-MODIS", "confidence": "Medium"}}, {"type": "Feature", "geometry": {"type": "Point", "coordinates": [110.64567, -0.34648]}, "properties": {"kab_kota": "SEKADAU", "kecamatan": "Nanga Taman", "desa": "Nanga Engkulun", "tanggal": "2026-08-22", "timestamp": "2026-08-22T15:28:00+07:00", "satelit": "NASA-MODIS", "confidence": "Medium"}}, {"type": "Feature", "geometry": {"type": "Point", "coordinates": [110.63241, -0.33815]}, "properties": {"kab_kota": "SEKADAU", "kecamatan": "Nanga Taman", "desa": "Nanga Engkulun", "tanggal": "2026-08-22", "timestamp": "2026-08-22T15:28:00+07:00", "satelit": "NASA-MODIS", "confidence": "Medium"}}, {"type": "Feature", "geometry": {"type": "Point", "coordinates": [110.63763, -0.33724]}, "properties": {"kab_kota": "SEKADAU", "kecamatan": "Nanga Taman", "desa": "Nanga Engkulun", "tanggal": "2026-08-22", "timestamp": "2026-08-22T15:28:00+07:00", "satelit": "NASA-MODIS", "confidence": "Medium"}}, {"type": "Feature", "geometry": {"type": "Point", "coordinates": [110.70455, -0.38445]}, "properties": {"kab_kota": "SEKADAU", "kecamatan": "Nanga Taman", "desa": "Nanga Engkulun", "tanggal": "2026-08-29", "timestamp": "2026-08-29T15:01:00+07:00", "satelit": "NASA-MODIS", "confidence": "Medium"}}, {"type": "Feature", "geometry": {"type": "Point", "coordinates": [110.77395, -0.21782]}, "properties": {"kab_kota": "SEKADAU", "kecamatan": "Nanga Taman", "desa": "Nanga Kiungkang", "tanggal": "2026-08-06", "timestamp": "2026-08-06T15:09:00+07:00", "satelit": "NASA-MODIS", "confidence": "Medium"}}, {"type": "Feature", "geometry": {"type": "Point", "coordinates": [110.81005, -0.22707]}, "properties": {"kab_kota": "SEKADAU", "kecamatan": "Nanga Taman", "desa": "Nanga Kiungkang", "tanggal": "2026-08-16", "timestamp": "2026-08-16T14:56:00+07:00", "satelit": "NASA-MODIS", "confidence": "Medium"}}, {"type": "Feature", "geometry": {"type": "Point", "coordinates": [110.76207, -0.20709]}, "properties": {"kab_kota": "SEKADAU", "kecamatan": "Nanga Taman", "desa": "Nanga Kiungkang", "tanggal": "2026-08-16", "timestamp": "2026-08-16T14:56:00+07:00", "satelit": "NASA-MODIS", "confidence": "Medium"}}, {"type": "Feature", "geometry": {"type": "Point", "coordinates": [110.78692, -0.22305]}, "properties": {"kab_kota": "SEKADAU", "kecamatan": "Nanga Taman", "desa": "Nanga Kiungkang", "tanggal": "2026-08-21", "timestamp": "2026-08-21T14:50:00+07:00", "satelit": "NASA-MODIS", "confidence": "Medium"}}, {"type": "Feature", "geometry": {"type": "Point", "coordinates": [110.79649, -0.21961]}, "properties": {"kab_kota": "SEKADAU", "kecamatan": "Nanga Taman", "desa": "Nanga Kiungkang", "tanggal": "2026-08-24", "timestamp": "2026-08-24T15:07:00+07:00", "satelit": "NASA-MODIS", "confidence": "Medium"}}, {"type": "Feature", "geometry": {"type": "Point", "coordinates": [110.74304, -0.33869]}, "properties": {"kab_kota": "SEKADAU", "kecamatan": "Nanga Taman", "desa": "Nanga Koman", "tanggal": "2026-08-21", "timestamp": "2026-08-21T14:50:00+07:00", "satelit": "NASA-MODIS", "confidence": "Medium"}}, {"type": "Feature", "geometry": {"type": "Point", "coordinates": [110.71781, -0.33769]}, "properties": {"kab_kota": "SEKADAU", "kecamatan": "Nanga Taman", "desa": "Nanga Koman", "tanggal": "2026-08-21", "timestamp": "2026-08-21T14:50:00+07:00", "satelit": "NASA-MODIS", "confidence": "Medium"}}, {"type": "Feature", "geometry": {"type": "Point", "coordinates": [110.76381, -0.31824]}, "properties": {"kab_kota": "SEKADAU", "kecamatan": "Nanga Taman", "desa": "Nanga Koman", "tanggal": "2026-08-22", "timestamp": "2026-08-22T15:28:00+07:00", "satelit": "NASA-MODIS", "confidence": "Medium"}}, {"type": "Feature", "geometry": {"type": "Point", "coordinates": [110.74103, -0.32877]}, "properties": {"kab_kota": "SEKADAU", "kecamatan": "Nanga Taman", "desa": "Nanga Koman", "tanggal": "2026-08-29", "timestamp": "2026-08-29T15:01:00+07:00", "satelit": "NASA-MODIS", "confidence": "Medium"}}, {"type": "Feature", "geometry": {"type": "Point", "coordinates": [110.82192, -0.28288]}, "properties": {"kab_kota": "SEKADAU", "kecamatan": "Nanga Taman", "desa": "Nanga Mentukak", "tanggal": "2026-08-19", "timestamp": "2026-08-19T15:11:00+07:00", "satelit": "NASA-MODIS", "confidence": "Medium"}}, {"type": "Feature", "geometry": {"type": "Point", "coordinates": [110.80005, -0.27521]}, "properties": {"kab_kota": "SEKADAU", "kecamatan": "Nanga Taman", "desa": "Nanga Mentukak", "tanggal": "2026-08-21", "timestamp": "2026-08-21T14:50:00+07:00", "satelit": "NASA-MODIS", "confidence": "Medium"}}, {"type": "Feature", "geometry": {"type": "Point", "coordinates": [110.80952, -0.2763]}, "properties": {"kab_kota": "SEKADAU", "kecamatan": "Nanga Taman", "desa": "Nanga Mentukak", "tanggal": "2026-08-29", "timestamp": "2026-08-29T15:01:00+07:00", "satelit": "NASA-MODIS", "confidence": "Medium"}}, {"type": "Feature", "geometry": {"type": "Point", "coordinates": [110.67937, -0.29432]}, "properties": {"kab_kota": "SEKADAU", "kecamatan": "Nanga Taman", "desa": "Nanga Mongko", "tanggal": "2026-08-07", "timestamp": "2026-08-07T08:24:00+07:00", "satelit": "NASA-MODIS", "confidence": "Medium"}}, {"type": "Feature", "geometry": {"type": "Point", "coordinates": [110.66878, -0.30747]}, "properties": {"kab_kota": "SEKADAU", "kecamatan": "Nanga Taman", "desa": "Nanga Mongko", "tanggal": "2026-08-08", "timestamp": "2026-08-08T14:46:00+07:00", "satelit": "NASA-MODIS", "confidence": "Medium"}}, {"type": "Feature", "geometry": {"type": "Point", "coordinates": [110.64326, -0.28527]}, "properties": {"kab_kota": "SEKADAU", "kecamatan": "Nanga Taman", "desa": "Nanga Mongko", "tanggal": "2026-08-11", "timestamp": "2026-08-11T15:05:00+07:00", "satelit": "NASA-MODIS", "confidence": "Medium"}}, {"type": "Feature", "geometry": {"type": "Point", "coordinates": [110.65277, -0.28387]}, "properties": {"kab_kota": "SEKADAU", "kecamatan": "Nanga Taman", "desa": "Nanga Mongko", "tanggal": "2026-08-11", "timestamp": "2026-08-11T15:05:00+07:00", "satelit": "NASA-MODIS", "confidence": "Medium"}}, {"type": "Feature", "geometry": {"type": "Point", "coordinates": [110.66913, -0.33216]}, "properties": {"kab_kota": "SEKADAU", "kecamatan": "Nanga Taman", "desa": "Nanga Mongko", "tanggal": "2026-08-19", "timestamp": "2026-08-19T15:11:00+07:00", "satelit": "NASA-MODIS", "confidence": "Medium"}}, {"type": "Feature", "geometry": {"type": "Point", "coordinates": [110.75195, -0.31653]}, "properties": {"kab_kota": "SEKADAU", "kecamatan": "Nanga Taman", "desa": "Nanga Mongko", "tanggal": "2026-08-29", "timestamp": "2026-08-29T15:01:00+07:00", "satelit": "NASA-MODIS", "confidence": "Medium"}}, {"type": "Feature", "geometry": {"type": "Point", "coordinates": [110.81453, -0.24685]}, "properties": {"kab_kota": "SEKADAU", "kecamatan": "Nanga Taman", "desa": "Nanga Taman", "tanggal": "2026-08-03", "timestamp": "2026-08-03T14:54:00+07:00", "satelit": "NASA-MODIS", "confidence": "Medium"}}, {"type": "Feature", "geometry": {"type": "Point", "coordinates": [110.84393, -0.3655]}, "properties": {"kab_kota": "SEKADAU", "kecamatan": "Nanga Taman", "desa": "Pantok", "tanggal": "2026-08-06", "timestamp": "2026-08-06T15:09:00+07:00", "satelit": "NASA-MODIS", "confidence": "Medium"}}, {"type": "Feature", "geometry": {"type": "Point", "coordinates": [110.81544, -0.39439]}, "properties": {"kab_kota": "SEKADAU", "kecamatan": "Nanga Taman", "desa": "Pantok", "tanggal": "2026-08-16", "timestamp": "2026-08-16T14:56:00+07:00", "satelit": "NASA-MODIS", "confidence": "Medium"}}, {"type": "Feature", "geometry": {"type": "Point", "coordinates": [110.8176, -0.41069]}, "properties": {"kab_kota": "SEKADAU", "kecamatan": "Nanga Taman", "desa": "Pantok", "tanggal": "2026-08-24", "timestamp": "2026-08-24T15:07:00+07:00", "satelit": "NASA-MODIS", "confidence": "Medium"}}, {"type": "Feature", "geometry": {"type": "Point", "coordinates": [110.80222, -0.37531]}, "properties": {"kab_kota": "SEKADAU", "kecamatan": "Nanga Taman", "desa": "Pantok", "tanggal": "2026-08-24", "timestamp": "2026-08-24T15:07:00+07:00", "satelit": "NASA-MODIS", "confidence": "Medium"}}, {"type": "Feature", "geometry": {"type": "Point", "coordinates": [110.84341, -0.25355]}, "properties": {"kab_kota": "SEKADAU", "kecamatan": "Nanga Taman", "desa": "Rirang Jati", "tanggal": "2026-08-03", "timestamp": "2026-08-03T14:54:00+07:00", "satelit": "NASA-MODIS", "confidence": "Medium"}}, {"type": "Feature", "geometry": {"type": "Point", "coordinates": [110.82822, -0.24481]}, "properties": {"kab_kota": "SEKADAU", "kecamatan": "Nanga Taman", "desa": "Rirang Jati", "tanggal": "2026-08-03", "timestamp": "2026-08-03T14:54:00+07:00", "satelit": "NASA-MODIS", "confidence": "Medium"}}, {"type": "Feature", "geometry": {"type": "Point", "coordinates": [110.83401, -0.2572]}, "properties": {"kab_kota": "SEKADAU", "kecamatan": "Nanga Taman", "desa": "Rirang Jati", "tanggal": "2026-08-11", "timestamp": "2026-08-11T15:05:00+07:00", "satelit": "NASA-MODIS", "confidence": "Medium"}}, {"type": "Feature", "geometry": {"type": "Point", "coordinates": [110.84398, -0.25573]}, "properties": {"kab_kota": "SEKADAU", "kecamatan": "Nanga Taman", "desa": "Rirang Jati", "tanggal": "2026-08-11", "timestamp": "2026-08-11T15:05:00+07:00", "satelit": "NASA-MODIS", "confidence": "Medium"}}, {"type": "Feature", "geometry": {"type": "Point", "coordinates": [110.84073, -0.2139]}, "properties": {"kab_kota": "SEKADAU", "kecamatan": "Nanga Taman", "desa": "Rirang Jati", "tanggal": "2026-08-19", "timestamp": "2026-08-19T15:11:00+07:00", "satelit": "NASA-MODIS", "confidence": "Medium"}}, {"type": "Feature", "geometry": {"type": "Point", "coordinates": [110.85127, -0.25517]}, "properties": {"kab_kota": "SEKADAU", "kecamatan": "Nanga Taman", "desa": "Rirang Jati", "tanggal": "2026-08-21", "timestamp": "2026-08-21T14:50:00+07:00", "satelit": "NASA-MODIS", "confidence": "Medium"}}, {"type": "Feature", "geometry": {"type": "Point", "coordinates": [110.78802, -0.27387]}, "properties": {"kab_kota": "SEKADAU", "kecamatan": "Nanga Taman", "desa": "Senangak", "tanggal": "2026-08-01", "timestamp": "2026-08-01T15:18:00+07:00", "satelit": "NASA-MODIS", "confidence": "Medium"}}, {"type": "Feature", "geometry": {"type": "Point", "coordinates": [110.68056, -0.28541]}, "properties": {"kab_kota": "SEKADAU", "kecamatan": "Nanga Taman", "desa": "Senangak", "tanggal": "2026-08-07", "timestamp": "2026-08-07T08:24:00+07:00", "satelit": "NASA-MODIS", "confidence": "Medium"}}, {"type": "Feature", "geometry": {"type": "Point", "coordinates": [110.65041, -0.23067]}, "properties": {"kab_kota": "SEKADAU", "kecamatan": "Nanga Taman", "desa": "Senangak", "tanggal": "2026-08-08", "timestamp": "2026-08-08T14:46:00+07:00", "satelit": "NASA-MODIS", "confidence": "Medium"}}, {"type": "Feature", "geometry": {"type": "Point", "coordinates": [110.71059, -0.27404]}, "properties": {"kab_kota": "SEKADAU", "kecamatan": "Nanga Taman", "desa": "Senangak", "tanggal": "2026-08-16", "timestamp": "2026-08-16T14:56:00+07:00", "satelit": "NASA-MODIS", "confidence": "Medium"}}, {"type": "Feature", "geometry": {"type": "Point", "coordinates": [110.71159, -0.24184]}, "properties": {"kab_kota": "SEKADAU", "kecamatan": "Nanga Taman", "desa": "Senangak", "tanggal": "2026-08-19", "timestamp": "2026-08-19T15:11:00+07:00", "satelit": "NASA-MODIS", "confidence": "Medium"}}, {"type": "Feature", "geometry": {"type": "Point", "coordinates": [110.72029, -0.24056]}, "properties": {"kab_kota": "SEKADAU", "kecamatan": "Nanga Taman", "desa": "Senangak", "tanggal": "2026-08-19", "timestamp": "2026-08-19T15:11:00+07:00", "satelit": "NASA-MODIS", "confidence": "Medium"}}, {"type": "Feature", "geometry": {"type": "Point", "coordinates": [110.66508, -0.23246]}, "properties": {"kab_kota": "SEKADAU", "kecamatan": "Nanga Taman", "desa": "Senangak", "tanggal": "2026-08-21", "timestamp": "2026-08-21T14:50:00+07:00", "satelit": "NASA-MODIS", "confidence": "Medium"}}, {"type": "Feature", "geometry": {"type": "Point", "coordinates": [110.65957, -0.22993]}, "properties": {"kab_kota": "SEKADAU", "kecamatan": "Nanga Taman", "desa": "Senangak", "tanggal": "2026-08-21", "timestamp": "2026-08-21T14:50:00+07:00", "satelit": "NASA-MODIS", "confidence": "Medium"}}, {"type": "Feature", "geometry": {"type": "Point", "coordinates": [110.68336, -0.22982]}, "properties": {"kab_kota": "SEKADAU", "kecamatan": "Nanga Taman", "desa": "Senangak", "tanggal": "2026-08-21", "timestamp": "2026-08-21T14:50:00+07:00", "satelit": "NASA-MODIS", "confidence": "Medium"}}, {"type": "Feature", "geometry": {"type": "Point", "coordinates": [110.77557, -0.27558]}, "properties": {"kab_kota": "SEKADAU", "kecamatan": "Nanga Taman", "desa": "Senangak", "tanggal": "2026-08-22", "timestamp": "2026-08-22T15:28:00+07:00", "satelit": "NASA-MODIS", "confidence": "Medium"}}, {"type": "Feature", "geometry": {"type": "Point", "coordinates": [110.74379, -0.2651]}, "properties": {"kab_kota": "SEKADAU", "kecamatan": "Nanga Taman", "desa": "Senangak", "tanggal": "2026-08-24", "timestamp": "2026-08-24T15:07:00+07:00", "satelit": "NASA-MODIS", "confidence": "Medium"}}, {"type": "Feature", "geometry": {"type": "Point", "coordinates": [110.64574, -0.1868]}, "properties": {"kab_kota": "SEKADAU", "kecamatan": "Nanga Taman", "desa": "Senangak", "tanggal": "2026-08-24", "timestamp": "2026-08-24T15:07:00+07:00", "satelit": "NASA-MODIS", "confidence": "Medium"}}, {"type": "Feature", "geometry": {"type": "Point", "coordinates": [110.61094, -0.22364]}, "properties": {"kab_kota": "SEKADAU", "kecamatan": "Nanga Taman", "desa": "Senangak", "tanggal": "2026-08-25", "timestamp": "2026-08-25T08:39:00+07:00", "satelit": "NASA-MODIS", "confidence": "Medium"}}, {"type": "Feature", "geometry": {"type": "Point", "coordinates": [110.74732, -0.28543]}, "properties": {"kab_kota": "SEKADAU", "kecamatan": "Nanga Taman", "desa": "Senangak", "tanggal": "2026-08-29", "timestamp": "2026-08-29T15:01:00+07:00", "satelit": "NASA-MODIS", "confidence": "Medium"}}, {"type": "Feature", "geometry": {"type": "Point", "coordinates": [110.74027, -0.21353]}, "properties": {"kab_kota": "SEKADAU", "kecamatan": "Nanga Taman", "desa": "Sungailawak", "tanggal": "2026-08-03", "timestamp": "2026-08-03T14:54:00+07:00", "satelit": "NASA-MODIS", "confidence": "Medium"}}, {"type": "Feature", "geometry": {"type": "Point", "coordinates": [110.77524, -0.2266]}, "properties": {"kab_kota": "SEKADAU", "kecamatan": "Nanga Taman", "desa": "Sungailawak", "tanggal": "2026-08-06", "timestamp": "2026-08-06T15:09:00+07:00", "satelit": "NASA-MODIS", "confidence": "Medium"}}, {"type": "Feature", "geometry": {"type": "Point", "coordinates": [110.7215, -0.20237]}, "properties": {"kab_kota": "SEKADAU", "kecamatan": "Nanga Taman", "desa": "Sungailawak", "tanggal": "2026-08-16", "timestamp": "2026-08-16T14:56:00+07:00", "satelit": "NASA-MODIS", "confidence": "Medium"}}, {"type": "Feature", "geometry": {"type": "Point", "coordinates": [110.78851, -0.24071]}, "properties": {"kab_kota": "SEKADAU", "kecamatan": "Nanga Taman", "desa": "Sungailawak", "tanggal": "2026-08-18", "timestamp": "2026-08-18T14:35:00+07:00", "satelit": "NASA-MODIS", "confidence": "Medium"}}, {"type": "Feature", "geometry": {"type": "Point", "coordinates": [110.74671, -0.24857]}, "properties": {"kab_kota": "SEKADAU", "kecamatan": "Nanga Taman", "desa": "Sungailawak", "tanggal": "2026-08-22", "timestamp": "2026-08-22T15:28:00+07:00", "satelit": "NASA-MODIS", "confidence": "Medium"}}, {"type": "Feature", "geometry": {"type": "Point", "coordinates": [110.77091, -0.24494]}, "properties": {"kab_kota": "SEKADAU", "kecamatan": "Nanga Taman", "desa": "Sungailawak", "tanggal": "2026-08-22", "timestamp": "2026-08-22T15:28:00+07:00", "satelit": "NASA-MODIS", "confidence": "Medium"}}, {"type": "Feature", "geometry": {"type": "Point", "coordinates": [110.71271, -0.22459]}, "properties": {"kab_kota": "SEKADAU", "kecamatan": "Nanga Taman", "desa": "Sungailawak", "tanggal": "2026-08-22", "timestamp": "2026-08-22T15:28:00+07:00", "satelit": "NASA-MODIS", "confidence": "Medium"}}, {"type": "Feature", "geometry": {"type": "Point", "coordinates": [110.77991, -0.24087]}, "properties": {"kab_kota": "SEKADAU", "kecamatan": "Nanga Taman", "desa": "Sungailawak", "tanggal": "2026-08-24", "timestamp": "2026-08-24T15:07:00+07:00", "satelit": "NASA-MODIS", "confidence": "Medium"}}, {"type": "Feature", "geometry": {"type": "Point", "coordinates": [110.73507, -0.19663]}, "properties": {"kab_kota": "SEKADAU", "kecamatan": "Nanga Taman", "desa": "Tapang Tingang", "tanggal": "2026-08-06", "timestamp": "2026-08-06T15:09:00+07:00", "satelit": "NASA-MODIS", "confidence": "Medium"}}, {"type": "Feature", "geometry": {"type": "Point", "coordinates": [110.65114, -0.15303]}, "properties": {"kab_kota": "SEKADAU", "kecamatan": "Nanga Taman", "desa": "Tapang Tingang", "tanggal": "2026-08-06", "timestamp": "2026-08-06T15:09:00+07:00", "satelit": "NASA-MODIS", "confidence": "Medium"}}, {"type": "Feature", "geometry": {"type": "Point", "coordinates": [110.70425, -0.19677]}, "properties": {"kab_kota": "SEKADAU", "kecamatan": "Nanga Taman", "desa": "Tapang Tingang", "tanggal": "2026-08-08", "timestamp": "2026-08-08T14:46:00+07:00", "satelit": "NASA-MODIS", "confidence": "Medium"}}, {"type": "Feature", "geometry": {"type": "Point", "coordinates": [110.62859, -0.16454]}, "properties": {"kab_kota": "SEKADAU", "kecamatan": "Nanga Taman", "desa": "Tapang Tingang", "tanggal": "2026-08-12", "timestamp": "2026-08-12T15:41:00+07:00", "satelit": "NASA-MODIS", "confidence": "Medium"}}, {"type": "Feature", "geometry": {"type": "Point", "coordinates": [110.68889, -0.16385]}, "properties": {"kab_kota": "SEKADAU", "kecamatan": "Nanga Taman", "desa": "Tapang Tingang", "tanggal": "2026-08-16", "timestamp": "2026-08-16T14:56:00+07:00", "satelit": "NASA-MODIS", "confidence": "Medium"}}, {"type": "Feature", "geometry": {"type": "Point", "coordinates": [110.62552, -0.14574]}, "properties": {"kab_kota": "SEKADAU", "kecamatan": "Nanga Taman", "desa": "Tapang Tingang", "tanggal": "2026-08-16", "timestamp": "2026-08-16T14:56:00+07:00", "satelit": "NASA-MODIS", "confidence": "Medium"}}, {"type": "Feature", "geometry": {"type": "Point", "coordinates": [110.63879, -0.14373]}, "properties": {"kab_kota": "SEKADAU", "kecamatan": "Nanga Taman", "desa": "Tapang Tingang", "tanggal": "2026-08-16", "timestamp": "2026-08-16T14:56:00+07:00", "satelit": "NASA-MODIS", "confidence": "Medium"}}, {"type": "Feature", "geometry": {"type": "Point", "coordinates": [110.75152, -0.17581]}, "properties": {"kab_kota": "SEKADAU", "kecamatan": "Nanga Taman", "desa": "Tapang Tingang", "tanggal": "2026-08-17", "timestamp": "2026-08-17T15:35:00+07:00", "satelit": "NASA-MODIS", "confidence": "Medium"}}, {"type": "Feature", "geometry": {"type": "Point", "coordinates": [110.74364, -0.1682]}, "properties": {"kab_kota": "SEKADAU", "kecamatan": "Nanga Taman", "desa": "Tapang Tingang", "tanggal": "2026-08-17", "timestamp": "2026-08-17T15:35:00+07:00", "satelit": "NASA-MODIS", "confidence": "Medium"}}, {"type": "Feature", "geometry": {"type": "Point", "coordinates": [110.70804, -0.19331]}, "properties": {"kab_kota": "SEKADAU", "kecamatan": "Nanga Taman", "desa": "Tapang Tingang", "tanggal": "2026-08-22", "timestamp": "2026-08-22T08:20:00+07:00", "satelit": "NASA-MODIS", "confidence": "Medium"}}, {"type": "Feature", "geometry": {"type": "Point", "coordinates": [110.75689, -0.21604]}, "properties": {"kab_kota": "SEKADAU", "kecamatan": "Nanga Taman", "desa": "Tapang Tingang", "tanggal": "2026-08-24", "timestamp": "2026-08-24T15:07:00+07:00", "satelit": "NASA-MODIS", "confidence": "Medium"}}, {"type": "Feature", "geometry": {"type": "Point", "coordinates": [110.64438, -0.17754]}, "properties": {"kab_kota": "SEKADAU", "kecamatan": "Nanga Taman", "desa": "Tapang Tingang", "tanggal": "2026-08-24", "timestamp": "2026-08-24T15:07:00+07:00", "satelit": "NASA-MODIS", "confidence": "Medium"}}, {"type": "Feature", "geometry": {"type": "Point", "coordinates": [110.61201, -0.16341]}, "properties": {"kab_kota": "SEKADAU", "kecamatan": "Nanga Taman", "desa": "Tapang Tingang", "tanggal": "2026-08-24", "timestamp": "2026-08-24T15:07:00+07:00", "satelit": "NASA-MODIS", "confidence": "Medium"}}, {"type": "Feature", "geometry": {"type": "Point", "coordinates": [110.61765, -0.18411]}, "properties": {"kab_kota": "SEKADAU", "kecamatan": "Nanga Taman", "desa": "Tapang Tingang", "tanggal": "2026-08-29", "timestamp": "2026-08-29T15:01:00+07:00", "satelit": "NASA-MODIS", "confidence": "Medium"}}, {"type": "Feature", "geometry": {"type": "Point", "coordinates": [110.9724, 0.01346]}, "properties": {"kab_kota": "SEKADAU", "kecamatan": "Sekadau Hilir", "desa": "Bokak Sebumbun", "tanggal": "2026-08-29", "timestamp": "2026-08-29T15:01:00+07:00", "satelit": "NASA-MODIS", "confidence": "Medium"}}, {"type": "Feature", "geometry": {"type": "Point", "coordinates": [111.11382, -0.10489]}, "properties": {"kab_kota": "SEKADAU", "kecamatan": "Sekadau Hilir", "desa": "Engkersik", "tanggal": "2026-08-14", "timestamp": "2026-08-14T15:20:00+07:00", "satelit": "NASA-MODIS", "confidence": "Medium"}}, {"type": "Feature", "geometry": {"type": "Point", "coordinates": [111.11037, -0.08288]}, "properties": {"kab_kota": "SEKADAU", "kecamatan": "Sekadau Hilir", "desa": "Engkersik", "tanggal": "2026-08-16", "timestamp": "2026-08-16T14:56:00+07:00", "satelit": "NASA-MODIS", "confidence": "Medium"}}, {"type": "Feature", "geometry": {"type": "Point", "coordinates": [111.1043, -0.08215]}, "properties": {"kab_kota": "SEKADAU", "kecamatan": "Sekadau Hilir", "desa": "Engkersik", "tanggal": "2026-08-16", "timestamp": "2026-08-16T14:56:00+07:00", "satelit": "NASA-MODIS", "confidence": "Medium"}}, {"type": "Feature", "geometry": {"type": "Point", "coordinates": [111.11656, -0.08038]}, "properties": {"kab_kota": "SEKADAU", "kecamatan": "Sekadau Hilir", "desa": "Engkersik", "tanggal": "2026-08-16", "timestamp": "2026-08-16T14:56:00+07:00", "satelit": "NASA-MODIS", "confidence": "Medium"}}, {"type": "Feature", "geometry": {"type": "Point", "coordinates": [111.09359, -0.05392]}, "properties": {"kab_kota": "SEKADAU", "kecamatan": "Sekadau Hilir", "desa": "Engkersik", "tanggal": "2026-08-16", "timestamp": "2026-08-16T14:56:00+07:00", "satelit": "NASA-MODIS", "confidence": "Medium"}}, {"type": "Feature", "geometry": {"type": "Point", "coordinates": [111.06772, -0.10654]}, "properties": {"kab_kota": "SEKADAU", "kecamatan": "Sekadau Hilir", "desa": "Engkersik", "tanggal": "2026-08-19", "timestamp": "2026-08-19T15:11:00+07:00", "satelit": "NASA-MODIS", "confidence": "Medium"}}, {"type": "Feature", "geometry": {"type": "Point", "coordinates": [111.12196, -0.11142]}, "properties": {"kab_kota": "SEKADAU", "kecamatan": "Sekadau Hilir", "desa": "Engkersik", "tanggal": "2026-08-21", "timestamp": "2026-08-21T14:50:00+07:00", "satelit": "NASA-MODIS", "confidence": "Medium"}}, {"type": "Feature", "geometry": {"type": "Point", "coordinates": [111.11361, -0.10762]}, "properties": {"kab_kota": "SEKADAU", "kecamatan": "Sekadau Hilir", "desa": "Engkersik", "tanggal": "2026-08-24", "timestamp": "2026-08-24T15:07:00+07:00", "satelit": "NASA-MODIS", "confidence": "Medium"}}, {"type": "Feature", "geometry": {"type": "Point", "coordinates": [111.07629, -0.11446]}, "properties": {"kab_kota": "SEKADAU", "kecamatan": "Sekadau Hilir", "desa": "Engkersik", "tanggal": "2026-08-29", "timestamp": "2026-08-29T15:01:00+07:00", "satelit": "NASA-MODIS", "confidence": "Medium"}}, {"type": "Feature", "geometry": {"type": "Point", "coordinates": [111.08009, -0.10359]}, "properties": {"kab_kota": "SEKADAU", "kecamatan": "Sekadau Hilir", "desa": "Engkersik", "tanggal": "2026-08-29", "timestamp": "2026-08-29T15:01:00+07:00", "satelit": "NASA-MODIS", "confidence": "Medium"}}, {"type": "Feature", "geometry": {"type": "Point", "coordinates": [111.06951, -0.03303]}, "properties": {"kab_kota": "SEKADAU", "kecamatan": "Sekadau Hilir", "desa": "Engkersik", "tanggal": "2026-08-29", "timestamp": "2026-08-29T15:01:00+07:00", "satelit": "NASA-MODIS", "confidence": "Medium"}}, {"type": "Feature", "geometry": {"type": "Point", "coordinates": [111.13824, -0.06701]}, "properties": {"kab_kota": "SEKADAU", "kecamatan": "Sekadau Hilir", "desa": "Engkersik", "tanggal": "2026-08-31", "timestamp": "2026-08-31T19:59:00+07:00", "satelit": "NASA-MODIS", "confidence": "Medium"}}, {"type": "Feature", "geometry": {"type": "Point", "coordinates": [110.82834, -0.0622]}, "properties": {"kab_kota": "SEKADAU", "kecamatan": "Sekadau Hilir", "desa": "Ensalang", "tanggal": "2026-08-21", "timestamp": "2026-08-21T14:50:00+07:00", "satelit": "NASA-MODIS", "confidence": "Medium"}}, {"type": "Feature", "geometry": {"type": "Point", "coordinates": [111.01667, -0.01811]}, "properties": {"kab_kota": "SEKADAU", "kecamatan": "Sekadau Hilir", "desa": "Gonis Tekam", "tanggal": "2026-08-14", "timestamp": "2026-08-14T15:20:00+07:00", "satelit": "NASA-MODIS", "confidence": "Medium"}}, {"type": "Feature", "geometry": {"type": "Point", "coordinates": [111.01665, 0.01469]}, "properties": {"kab_kota": "SEKADAU", "kecamatan": "Sekadau Hilir", "desa": "Gonis Tekam", "tanggal": "2026-08-19", "timestamp": "2026-08-19T15:11:00+07:00", "satelit": "NASA-MODIS", "confidence": "Medium"}}, {"type": "Feature", "geometry": {"type": "Point", "coordinates": [111.06532, 0.00522]}, "properties": {"kab_kota": "SEKADAU", "kecamatan": "Sekadau Hilir", "desa": "Gonis Tekam", "tanggal": "2026-08-22", "timestamp": "2026-08-22T15:28:00+07:00", "satelit": "NASA-MODIS", "confidence": "Medium"}}, {"type": "Feature", "geometry": {"type": "Point", "coordinates": [111.02221, -0.03991]}, "properties": {"kab_kota": "SEKADAU", "kecamatan": "Sekadau Hilir", "desa": "Gonis Tekam", "tanggal": "2026-08-29", "timestamp": "2026-08-29T15:01:00+07:00", "satelit": "NASA-MODIS", "confidence": "Medium"}}, {"type": "Feature", "geometry": {"type": "Point", "coordinates": [111.07887, 0.0292]}, "properties": {"kab_kota": "SEKADAU", "kecamatan": "Sekadau Hilir", "desa": "Gonis Tekam", "tanggal": "2026-08-29", "timestamp": "2026-08-29T15:01:00+07:00", "satelit": "NASA-MODIS", "confidence": "Medium"}}, {"type": "Feature", "geometry": {"type": "Point", "coordinates": [110.92995, 0.08862]}, "properties": {"kab_kota": "SEKADAU", "kecamatan": "Sekadau Hilir", "desa": "Landau Kodah", "tanggal": "2026-08-11", "timestamp": "2026-08-11T15:05:00+07:00", "satelit": "NASA-MODIS", "confidence": "Medium"}}, {"type": "Feature", "geometry": {"type": "Point", "coordinates": [110.94219, 0.11857]}, "properties": {"kab_kota": "SEKADAU", "kecamatan": "Sekadau Hilir", "desa": "Landau Kodah", "tanggal": "2026-08-16", "timestamp": "2026-08-16T14:56:00+07:00", "satelit": "NASA-MODIS", "confidence": "Medium"}}, {"type": "Feature", "geometry": {"type": "Point", "coordinates": [110.89688, 0.16492]}, "properties": {"kab_kota": "SEKADAU", "kecamatan": "Sekadau Hilir", "desa": "Landau Kodah", "tanggal": "2026-08-16", "timestamp": "2026-08-16T14:56:00+07:00", "satelit": "NASA-MODIS", "confidence": "Medium"}}, {"type": "Feature", "geometry": {"type": "Point", "coordinates": [110.93433, 0.11228]}, "properties": {"kab_kota": "SEKADAU", "kecamatan": "Sekadau Hilir", "desa": "Landau Kodah", "tanggal": "2026-08-19", "timestamp": "2026-08-19T15:11:00+07:00", "satelit": "NASA-MODIS", "confidence": "Medium"}}, {"type": "Feature", "geometry": {"type": "Point", "coordinates": [110.90698, 0.11719]}, "properties": {"kab_kota": "SEKADAU", "kecamatan": "Sekadau Hilir", "desa": "Landau Kodah", "tanggal": "2026-08-19", "timestamp": "2026-08-19T15:11:00+07:00", "satelit": "NASA-MODIS", "confidence": "Medium"}}, {"type": "Feature", "geometry": {"type": "Point", "coordinates": [110.90485, 0.14736]}, "properties": {"kab_kota": "SEKADAU", "kecamatan": "Sekadau Hilir", "desa": "Landau Kodah", "tanggal": "2026-08-19", "timestamp": "2026-08-19T15:11:00+07:00", "satelit": "NASA-MODIS", "confidence": "Medium"}}, {"type": "Feature", "geometry": {"type": "Point", "coordinates": [110.9112, 0.1341]}, "properties": {"kab_kota": "SEKADAU", "kecamatan": "Sekadau Hilir", "desa": "Landau Kodah", "tanggal": "2026-08-21", "timestamp": "2026-08-21T14:52:00+07:00", "satelit": "NASA-MODIS", "confidence": "Medium"}}, {"type": "Feature", "geometry": {"type": "Point", "coordinates": [110.93564, 0.0957]}, "properties": {"kab_kota": "SEKADAU", "kecamatan": "Sekadau Hilir", "desa": "Landau Kodah", "tanggal": "2026-08-22", "timestamp": "2026-08-22T15:28:00+07:00", "satelit": "NASA-MODIS", "confidence": "Medium"}}, {"type": "Feature", "geometry": {"type": "Point", "coordinates": [110.77258, 0.01163]}, "properties": {"kab_kota": "SEKADAU", "kecamatan": "Sekadau Hilir", "desa": "Peniti", "tanggal": "2026-08-06", "timestamp": "2026-08-06T15:09:00+07:00", "satelit": "NASA-MODIS", "confidence": "Medium"}}, {"type": "Feature", "geometry": {"type": "Point", "coordinates": [110.76522, -0.04196]}, "properties": {"kab_kota": "SEKADAU", "kecamatan": "Sekadau Hilir", "desa": "Peniti", "tanggal": "2026-08-08", "timestamp": "2026-08-08T14:46:00+07:00", "satelit": "NASA-MODIS", "confidence": "Medium"}}, {"type": "Feature", "geometry": {"type": "Point", "coordinates": [110.74251, -0.05241]}, "properties": {"kab_kota": "SEKADAU", "kecamatan": "Sekadau Hilir", "desa": "Peniti", "tanggal": "2026-08-19", "timestamp": "2026-08-19T15:11:00+07:00", "satelit": "NASA-MODIS", "confidence": "Medium"}}, {"type": "Feature", "geometry": {"type": "Point", "coordinates": [110.84406, 0.04324]}, "properties": {"kab_kota": "SEKADAU", "kecamatan": "Sekadau Hilir", "desa": "Seberang Kapuas", "tanggal": "2026-08-16", "timestamp": "2026-08-16T14:56:00+07:00", "satelit": "NASA-MODIS", "confidence": "Medium"}}, {"type": "Feature", "geometry": {"type": "Point", "coordinates": [110.85674, 0.04509]}, "properties": {"kab_kota": "SEKADAU", "kecamatan": "Sekadau Hilir", "desa": "Seberang Kapuas", "tanggal": "2026-08-16", "timestamp": "2026-08-16T14:56:00+07:00", "satelit": "NASA-MODIS", "confidence": "Medium"}}, {"type": "Feature", "geometry": {"type": "Point", "coordinates": [110.91832, 0.06472]}, "properties": {"kab_kota": "SEKADAU", "kecamatan": "Sekadau Hilir", "desa": "Seberang Kapuas", "tanggal": "2026-08-16", "timestamp": "2026-08-16T14:56:00+07:00", "satelit": "NASA-MODIS", "confidence": "Medium"}}, {"type": "Feature", "geometry": {"type": "Point", "coordinates": [110.89815, 0.06949]}, "properties": {"kab_kota": "SEKADAU", "kecamatan": "Sekadau Hilir", "desa": "Seberang Kapuas", "tanggal": "2026-08-16", "timestamp": "2026-08-16T14:56:00+07:00", "satelit": "NASA-MODIS", "confidence": "Medium"}}, {"type": "Feature", "geometry": {"type": "Point", "coordinates": [110.91679, 0.07511]}, "properties": {"kab_kota": "SEKADAU", "kecamatan": "Sekadau Hilir", "desa": "Seberang Kapuas", "tanggal": "2026-08-16", "timestamp": "2026-08-16T14:56:00+07:00", "satelit": "NASA-MODIS", "confidence": "Medium"}}, {"type": "Feature", "geometry": {"type": "Point", "coordinates": [110.88194, -0.01554]}, "properties": {"kab_kota": "SEKADAU", "kecamatan": "Sekadau Hilir", "desa": "Selalong", "tanggal": "2026-08-08", "timestamp": "2026-08-08T14:46:00+07:00", "satelit": "NASA-MODIS", "confidence": "Medium"}}, {"type": "Feature", "geometry": {"type": "Point", "coordinates": [110.8746, -0.01255]}, "properties": {"kab_kota": "SEKADAU", "kecamatan": "Sekadau Hilir", "desa": "Selalong", "tanggal": "2026-08-08", "timestamp": "2026-08-08T14:46:00+07:00", "satelit": "NASA-MODIS", "confidence": "Medium"}}, {"type": "Feature", "geometry": {"type": "Point", "coordinates": [110.88885, -0.04047]}, "properties": {"kab_kota": "SEKADAU", "kecamatan": "Sekadau Hilir", "desa": "Selalong", "tanggal": "2026-08-09", "timestamp": "2026-08-09T15:24:00+07:00", "satelit": "NASA-MODIS", "confidence": "Medium"}}, {"type": "Feature", "geometry": {"type": "Point", "coordinates": [110.87148, -0.02098]}, "properties": {"kab_kota": "SEKADAU", "kecamatan": "Sekadau Hilir", "desa": "Selalong", "tanggal": "2026-08-14", "timestamp": "2026-08-14T15:20:00+07:00", "satelit": "NASA-MODIS", "confidence": "Medium"}}, {"type": "Feature", "geometry": {"type": "Point", "coordinates": [110.87015, -0.01189]}, "properties": {"kab_kota": "SEKADAU", "kecamatan": "Sekadau Hilir", "desa": "Selalong", "tanggal": "2026-08-14", "timestamp": "2026-08-14T15:20:00+07:00", "satelit": "NASA-MODIS", "confidence": "Medium"}}, {"type": "Feature", "geometry": {"type": "Point", "coordinates": [110.87956, -0.01049]}, "properties": {"kab_kota": "SEKADAU", "kecamatan": "Sekadau Hilir", "desa": "Selalong", "tanggal": "2026-08-14", "timestamp": "2026-08-14T15:20:00+07:00", "satelit": "NASA-MODIS", "confidence": "Medium"}}, {"type": "Feature", "geometry": {"type": "Point", "coordinates": [110.86114, -0.03526]}, "properties": {"kab_kota": "SEKADAU", "kecamatan": "Sekadau Hilir", "desa": "Selalong", "tanggal": "2026-08-16", "timestamp": "2026-08-16T14:56:00+07:00", "satelit": "NASA-MODIS", "confidence": "Medium"}}, {"type": "Feature", "geometry": {"type": "Point", "coordinates": [110.89355, 0.10069]}, "properties": {"kab_kota": "SEKADAU", "kecamatan": "Sekadau Hilir", "desa": "Semabi", "tanggal": "2026-08-16", "timestamp": "2026-08-16T14:56:00+07:00", "satelit": "NASA-MODIS", "confidence": "Medium"}}, {"type": "Feature", "geometry": {"type": "Point", "coordinates": [110.90007, 0.12676]}, "properties": {"kab_kota": "SEKADAU", "kecamatan": "Sekadau Hilir", "desa": "Semabi", "tanggal": "2026-08-29", "timestamp": "2026-08-29T15:01:00+07:00", "satelit": "NASA-MODIS", "confidence": "Medium"}}, {"type": "Feature", "geometry": {"type": "Point", "coordinates": [111.00658, 0.13783]}, "properties": {"kab_kota": "SEKADAU", "kecamatan": "Sekadau Hilir", "desa": "Seraras", "tanggal": "2026-08-06", "timestamp": "2026-08-06T15:09:00+07:00", "satelit": "NASA-MODIS", "confidence": "Medium"}}, {"type": "Feature", "geometry": {"type": "Point", "coordinates": [111.01527, 0.13911]}, "properties": {"kab_kota": "SEKADAU", "kecamatan": "Sekadau Hilir", "desa": "Seraras", "tanggal": "2026-08-06", "timestamp": "2026-08-06T15:09:00+07:00", "satelit": "NASA-MODIS", "confidence": "Medium"}}, {"type": "Feature", "geometry": {"type": "Point", "coordinates": [110.97333, 0.11118]}, "properties": {"kab_kota": "SEKADAU", "kecamatan": "Sekadau Hilir", "desa": "Seraras", "tanggal": "2026-08-18", "timestamp": "2026-08-18T14:35:00+07:00", "satelit": "NASA-MODIS", "confidence": "Medium"}}, {"type": "Feature", "geometry": {"type": "Point", "coordinates": [110.74696, -0.01289]}, "properties": {"kab_kota": "SEKADAU", "kecamatan": "Sekadau Hilir", "desa": "Sungai Kunyit", "tanggal": "2026-08-03", "timestamp": "2026-08-03T14:54:00+07:00", "satelit": "NASA-MODIS", "confidence": "Medium"}}, {"type": "Feature", "geometry": {"type": "Point", "coordinates": [110.76384, 0.01035]}, "properties": {"kab_kota": "SEKADAU", "kecamatan": "Sekadau Hilir", "desa": "Sungai Kunyit", "tanggal": "2026-08-06", "timestamp": "2026-08-06T15:09:00+07:00", "satelit": "NASA-MODIS", "confidence": "Medium"}}, {"type": "Feature", "geometry": {"type": "Point", "coordinates": [110.7578, 0.00794]}, "properties": {"kab_kota": "SEKADAU", "kecamatan": "Sekadau Hilir", "desa": "Sungai Kunyit", "tanggal": "2026-08-08", "timestamp": "2026-08-08T14:46:00+07:00", "satelit": "NASA-MODIS", "confidence": "Medium"}}, {"type": "Feature", "geometry": {"type": "Point", "coordinates": [110.95168, 0.02639]}, "properties": {"kab_kota": "SEKADAU", "kecamatan": "Sekadau Hilir", "desa": "Tanjung", "tanggal": "2026-08-09", "timestamp": "2026-08-09T20:25:00+07:00", "satelit": "NASA-MODIS", "confidence": "Medium"}}, {"type": "Feature", "geometry": {"type": "Point", "coordinates": [110.9313, 0.07938]}, "properties": {"kab_kota": "SEKADAU", "kecamatan": "Sekadau Hilir", "desa": "Tanjung", "tanggal": "2026-08-11", "timestamp": "2026-08-11T15:05:00+07:00", "satelit": "NASA-MODIS", "confidence": "Medium"}}, {"type": "Feature", "geometry": {"type": "Point", "coordinates": [111.11417, -0.0131]}, "properties": {"kab_kota": "SEKADAU", "kecamatan": "Sekadau Hilir", "desa": "Tapang Semadak", "tanggal": "2026-08-14", "timestamp": "2026-08-14T15:20:00+07:00", "satelit": "NASA-MODIS", "confidence": "Medium"}}, {"type": "Feature", "geometry": {"type": "Point", "coordinates": [111.12385, -0.01168]}, "properties": {"kab_kota": "SEKADAU", "kecamatan": "Sekadau Hilir", "desa": "Tapang Semadak", "tanggal": "2026-08-14", "timestamp": "2026-08-14T15:20:00+07:00", "satelit": "NASA-MODIS", "confidence": "Medium"}}, {"type": "Feature", "geometry": {"type": "Point", "coordinates": [110.94788, 0.19249]}, "properties": {"kab_kota": "SEKADAU", "kecamatan": "Sekadau Hilir", "desa": "Timpuk", "tanggal": "2026-08-01", "timestamp": "2026-08-01T15:18:00+07:00", "satelit": "NASA-MODIS", "confidence": "Medium"}}, {"type": "Feature", "geometry": {"type": "Point", "coordinates": [110.89213, 0.17715]}, "properties": {"kab_kota": "SEKADAU", "kecamatan": "Sekadau Hilir", "desa": "Timpuk", "tanggal": "2026-08-03", "timestamp": "2026-08-03T14:54:00+07:00", "satelit": "NASA-MODIS", "confidence": "Medium"}}, {"type": "Feature", "geometry": {"type": "Point", "coordinates": [110.90715, 0.1785]}, "properties": {"kab_kota": "SEKADAU", "kecamatan": "Sekadau Hilir", "desa": "Timpuk", "tanggal": "2026-08-14", "timestamp": "2026-08-14T15:20:00+07:00", "satelit": "NASA-MODIS", "confidence": "Medium"}}, {"type": "Feature", "geometry": {"type": "Point", "coordinates": [110.91721, 0.16421]}, "properties": {"kab_kota": "SEKADAU", "kecamatan": "Sekadau Hilir", "desa": "Timpuk", "tanggal": "2026-08-16", "timestamp": "2026-08-16T14:56:00+07:00", "satelit": "NASA-MODIS", "confidence": "Medium"}}, {"type": "Feature", "geometry": {"type": "Point", "coordinates": [110.93184, 0.20491]}, "properties": {"kab_kota": "SEKADAU", "kecamatan": "Sekadau Hilir", "desa": "Timpuk", "tanggal": "2026-08-19", "timestamp": "2026-08-19T15:11:00+07:00", "satelit": "NASA-MODIS", "confidence": "Medium"}}, {"type": "Feature", "geometry": {"type": "Point", "coordinates": [110.90285, 0.19292]}, "properties": {"kab_kota": "SEKADAU", "kecamatan": "Sekadau Hilir", "desa": "Timpuk", "tanggal": "2026-08-22", "timestamp": "2026-08-22T15:28:00+07:00", "satelit": "NASA-MODIS", "confidence": "Medium"}}, {"type": "Feature", "geometry": {"type": "Point", "coordinates": [110.92794, 0.19659]}, "properties": {"kab_kota": "SEKADAU", "kecamatan": "Sekadau Hilir", "desa": "Timpuk", "tanggal": "2026-08-22", "timestamp": "2026-08-22T15:28:00+07:00", "satelit": "NASA-MODIS", "confidence": "Medium"}}, {"type": "Feature", "geometry": {"type": "Point", "coordinates": [110.89865, 0.18373]}, "properties": {"kab_kota": "SEKADAU", "kecamatan": "Sekadau Hilir", "desa": "Timpuk", "tanggal": "2026-08-24", "timestamp": "2026-08-24T15:07:00+07:00", "satelit": "NASA-MODIS", "confidence": "Medium"}}, {"type": "Feature", "geometry": {"type": "Point", "coordinates": [110.91145, 0.17968]}, "properties": {"kab_kota": "SEKADAU", "kecamatan": "Sekadau Hilir", "desa": "Timpuk", "tanggal": "2026-08-27", "timestamp": "2026-08-27T15:22:00+07:00", "satelit": "NASA-MODIS", "confidence": "Medium"}}, {"type": "Feature", "geometry": {"type": "Point", "coordinates": [110.91761, 0.22104]}, "properties": {"kab_kota": "SEKADAU", "kecamatan": "Sekadau Hilir", "desa": "Timpuk", "tanggal": "2026-08-29", "timestamp": "2026-08-29T15:01:00+07:00", "satelit": "NASA-MODIS", "confidence": "Medium"}}, {"type": "Feature", "geometry": {"type": "Point", "coordinates": [110.92959, 0.22278]}, "properties": {"kab_kota": "SEKADAU", "kecamatan": "Sekadau Hilir", "desa": "Timpuk", "tanggal": "2026-08-29", "timestamp": "2026-08-29T15:01:00+07:00", "satelit": "NASA-MODIS", "confidence": "Medium"}}, {"type": "Feature", "geometry": {"type": "Point", "coordinates": [110.99358, -0.12335]}, "properties": {"kab_kota": "SEKADAU", "kecamatan": "Sekadau Hulu", "desa": "Boti", "tanggal": "2026-08-01", "timestamp": "2026-08-01T15:18:00+07:00", "satelit": "NASA-MODIS", "confidence": "Medium"}}, {"type": "Feature", "geometry": {"type": "Point", "coordinates": [110.96346, -0.12185]}, "properties": {"kab_kota": "SEKADAU", "kecamatan": "Sekadau Hulu", "desa": "Boti", "tanggal": "2026-08-19", "timestamp": "2026-08-19T15:11:00+07:00", "satelit": "NASA-MODIS", "confidence": "Medium"}}, {"type": "Feature", "geometry": {"type": "Point", "coordinates": [110.97215, -0.12058]}, "properties": {"kab_kota": "SEKADAU", "kecamatan": "Sekadau Hulu", "desa": "Boti", "tanggal": "2026-08-19", "timestamp": "2026-08-19T15:11:00+07:00", "satelit": "NASA-MODIS", "confidence": "Medium"}}, {"type": "Feature", "geometry": {"type": "Point", "coordinates": [110.92743, -0.11822]}, "properties": {"kab_kota": "SEKADAU", "kecamatan": "Sekadau Hulu", "desa": "Boti", "tanggal": "2026-08-19", "timestamp": "2026-08-19T15:11:00+07:00", "satelit": "NASA-MODIS", "confidence": "Medium"}}, {"type": "Feature", "geometry": {"type": "Point", "coordinates": [110.97205, -0.15031]}, "properties": {"kab_kota": "SEKADAU", "kecamatan": "Sekadau Hulu", "desa": "Boti", "tanggal": "2026-08-29", "timestamp": "2026-08-29T15:01:00+07:00", "satelit": "NASA-MODIS", "confidence": "Medium"}}, {"type": "Feature", "geometry": {"type": "Point", "coordinates": [110.98406, -0.14855]}, "properties": {"kab_kota": "SEKADAU", "kecamatan": "Sekadau Hulu", "desa": "Boti", "tanggal": "2026-08-29", "timestamp": "2026-08-29T15:01:00+07:00", "satelit": "NASA-MODIS", "confidence": "Medium"}}, {"type": "Feature", "geometry": {"type": "Point", "coordinates": [110.95061, -0.13354]}, "properties": {"kab_kota": "SEKADAU", "kecamatan": "Sekadau Hulu", "desa": "Boti", "tanggal": "2026-08-29", "timestamp": "2026-08-29T15:01:00+07:00", "satelit": "NASA-MODIS", "confidence": "Medium"}}, {"type": "Feature", "geometry": {"type": "Point", "coordinates": [110.88958, -0.20414]}, "properties": {"kab_kota": "SEKADAU", "kecamatan": "Sekadau Hulu", "desa": "Cupang Gading", "tanggal": "2026-08-01", "timestamp": "2026-08-01T15:18:00+07:00", "satelit": "NASA-MODIS", "confidence": "Medium"}}, {"type": "Feature", "geometry": {"type": "Point", "coordinates": [110.88942, -0.19188]}, "properties": {"kab_kota": "SEKADAU", "kecamatan": "Sekadau Hulu", "desa": "Cupang Gading", "tanggal": "2026-08-03", "timestamp": "2026-08-03T14:54:00+07:00", "satelit": "NASA-MODIS", "confidence": "Medium"}}, {"type": "Feature", "geometry": {"type": "Point", "coordinates": [110.88202, -0.18791]}, "properties": {"kab_kota": "SEKADAU", "kecamatan": "Sekadau Hulu", "desa": "Cupang Gading", "tanggal": "2026-08-03", "timestamp": "2026-08-03T14:54:00+07:00", "satelit": "NASA-MODIS", "confidence": "Medium"}}, {"type": "Feature", "geometry": {"type": "Point", "coordinates": [110.86272, -0.21371]}, "properties": {"kab_kota": "SEKADAU", "kecamatan": "Sekadau Hulu", "desa": "Cupang Gading", "tanggal": "2026-08-06", "timestamp": "2026-08-06T15:09:00+07:00", "satelit": "NASA-MODIS", "confidence": "Medium"}}, {"type": "Feature", "geometry": {"type": "Point", "coordinates": [110.87145, -0.21243]}, "properties": {"kab_kota": "SEKADAU", "kecamatan": "Sekadau Hulu", "desa": "Cupang Gading", "tanggal": "2026-08-06", "timestamp": "2026-08-06T15:09:00+07:00", "satelit": "NASA-MODIS", "confidence": "Medium"}}, {"type": "Feature", "geometry": {"type": "Point", "coordinates": [110.90221, -0.23767]}, "properties": {"kab_kota": "SEKADAU", "kecamatan": "Sekadau Hulu", "desa": "Cupang Gading", "tanggal": "2026-08-11", "timestamp": "2026-08-11T15:05:00+07:00", "satelit": "NASA-MODIS", "confidence": "Medium"}}, {"type": "Feature", "geometry": {"type": "Point", "coordinates": [110.86575, -0.22522]}, "properties": {"kab_kota": "SEKADAU", "kecamatan": "Sekadau Hulu", "desa": "Cupang Gading", "tanggal": "2026-08-14", "timestamp": "2026-08-14T15:20:00+07:00", "satelit": "NASA-MODIS", "confidence": "Medium"}}, {"type": "Feature", "geometry": {"type": "Point", "coordinates": [111.01859, -0.2382]}, "properties": {"kab_kota": "SEKADAU", "kecamatan": "Sekadau Hulu", "desa": "Mondi", "tanggal": "2026-08-03", "timestamp": "2026-08-03T14:54:00+07:00", "satelit": "NASA-MODIS", "confidence": "Medium"}}, {"type": "Feature", "geometry": {"type": "Point", "coordinates": [111.00816, -0.24952]}, "properties": {"kab_kota": "SEKADAU", "kecamatan": "Sekadau Hulu", "desa": "Mondi", "tanggal": "2026-08-06", "timestamp": "2026-08-06T15:09:00+07:00", "satelit": "NASA-MODIS", "confidence": "Medium"}}, {"type": "Feature", "geometry": {"type": "Point", "coordinates": [110.98058, -0.23416]}, "properties": {"kab_kota": "SEKADAU", "kecamatan": "Sekadau Hulu", "desa": "Mondi", "tanggal": "2026-08-16", "timestamp": "2026-08-16T14:56:00+07:00", "satelit": "NASA-MODIS", "confidence": "Medium"}}, {"type": "Feature", "geometry": {"type": "Point", "coordinates": [110.99304, -0.23231]}, "properties": {"kab_kota": "SEKADAU", "kecamatan": "Sekadau Hulu", "desa": "Mondi", "tanggal": "2026-08-16", "timestamp": "2026-08-16T14:56:00+07:00", "satelit": "NASA-MODIS", "confidence": "Medium"}}, {"type": "Feature", "geometry": {"type": "Point", "coordinates": [110.93639, -0.19808]}, "properties": {"kab_kota": "SEKADAU", "kecamatan": "Sekadau Hulu", "desa": "Mondi", "tanggal": "2026-08-16", "timestamp": "2026-08-16T14:56:00+07:00", "satelit": "NASA-MODIS", "confidence": "Medium"}}, {"type": "Feature", "geometry": {"type": "Point", "coordinates": [110.99439, -0.2486]}, "properties": {"kab_kota": "SEKADAU", "kecamatan": "Sekadau Hulu", "desa": "Mondi", "tanggal": "2026-08-19", "timestamp": "2026-08-19T15:11:00+07:00", "satelit": "NASA-MODIS", "confidence": "Medium"}}, {"type": "Feature", "geometry": {"type": "Point", "coordinates": [110.92632, -0.19238]}, "properties": {"kab_kota": "SEKADAU", "kecamatan": "Sekadau Hulu", "desa": "Mondi", "tanggal": "2026-08-19", "timestamp": "2026-08-19T15:11:00+07:00", "satelit": "NASA-MODIS", "confidence": "Medium"}}, {"type": "Feature", "geometry": {"type": "Point", "coordinates": [111.01965, -0.21827]}, "properties": {"kab_kota": "SEKADAU", "kecamatan": "Sekadau Hulu", "desa": "Mondi", "tanggal": "2026-08-22", "timestamp": "2026-08-22T15:28:00+07:00", "satelit": "NASA-MODIS", "confidence": "Medium"}}, {"type": "Feature", "geometry": {"type": "Point", "coordinates": [111.01816, -0.20785]}, "properties": {"kab_kota": "SEKADAU", "kecamatan": "Sekadau Hulu", "desa": "Mondi", "tanggal": "2026-08-22", "timestamp": "2026-08-22T15:28:00+07:00", "satelit": "NASA-MODIS", "confidence": "Medium"}}, {"type": "Feature", "geometry": {"type": "Point", "coordinates": [110.97183, -0.239]}, "properties": {"kab_kota": "SEKADAU", "kecamatan": "Sekadau Hulu", "desa": "Mondi", "tanggal": "2026-08-24", "timestamp": "2026-08-24T15:07:00+07:00", "satelit": "NASA-MODIS", "confidence": "Medium"}}, {"type": "Feature", "geometry": {"type": "Point", "coordinates": [110.94926, -0.28137]}, "properties": {"kab_kota": "SEKADAU", "kecamatan": "Sekadau Hulu", "desa": "Nanga Biaban", "tanggal": "2026-08-16", "timestamp": "2026-08-16T14:56:00+07:00", "satelit": "NASA-MODIS", "confidence": "Medium"}}, {"type": "Feature", "geometry": {"type": "Point", "coordinates": [110.92333, -0.05926]}, "properties": {"kab_kota": "SEKADAU", "kecamatan": "Sekadau Hulu", "desa": "Nanga Menterap", "tanggal": "2026-08-06", "timestamp": "2026-08-06T15:09:00+07:00", "satelit": "NASA-MODIS", "confidence": "Medium"}}, {"type": "Feature", "geometry": {"type": "Point", "coordinates": [110.99433, -0.05778]}, "properties": {"kab_kota": "SEKADAU", "kecamatan": "Sekadau Hulu", "desa": "Nanga Menterap", "tanggal": "2026-08-06", "timestamp": "2026-08-06T15:09:00+07:00", "satelit": "NASA-MODIS", "confidence": "Medium"}}, {"type": "Feature", "geometry": {"type": "Point", "coordinates": [110.95609, -0.07341]}, "properties": {"kab_kota": "SEKADAU", "kecamatan": "Sekadau Hulu", "desa": "Nanga Menterap", "tanggal": "2026-08-11", "timestamp": "2026-08-11T15:05:00+07:00", "satelit": "NASA-MODIS", "confidence": "Medium"}}, {"type": "Feature", "geometry": {"type": "Point", "coordinates": [110.96479, -0.06308]}, "properties": {"kab_kota": "SEKADAU", "kecamatan": "Sekadau Hulu", "desa": "Nanga Menterap", "tanggal": "2026-08-14", "timestamp": "2026-08-14T15:20:00+07:00", "satelit": "NASA-MODIS", "confidence": "Medium"}}, {"type": "Feature", "geometry": {"type": "Point", "coordinates": [110.97431, -0.06169]}, "properties": {"kab_kota": "SEKADAU", "kecamatan": "Sekadau Hulu", "desa": "Nanga Menterap", "tanggal": "2026-08-14", "timestamp": "2026-08-14T15:20:00+07:00", "satelit": "NASA-MODIS", "confidence": "Medium"}}, {"type": "Feature", "geometry": {"type": "Point", "coordinates": [110.97771, -0.03948]}, "properties": {"kab_kota": "SEKADAU", "kecamatan": "Sekadau Hulu", "desa": "Nanga Menterap", "tanggal": "2026-08-16", "timestamp": "2026-08-16T14:56:00+07:00", "satelit": "NASA-MODIS", "confidence": "Medium"}}, {"type": "Feature", "geometry": {"type": "Point", "coordinates": [110.9866, -0.03808]}, "properties": {"kab_kota": "SEKADAU", "kecamatan": "Sekadau Hulu", "desa": "Nanga Menterap", "tanggal": "2026-08-19", "timestamp": "2026-08-19T15:11:00+07:00", "satelit": "NASA-MODIS", "confidence": "Medium"}}, {"type": "Feature", "geometry": {"type": "Point", "coordinates": [110.98907, -0.0751]}, "properties": {"kab_kota": "SEKADAU", "kecamatan": "Sekadau Hulu", "desa": "Nanga Menterap", "tanggal": "2026-08-21", "timestamp": "2026-08-21T14:50:00+07:00", "satelit": "NASA-MODIS", "confidence": "Medium"}}, {"type": "Feature", "geometry": {"type": "Point", "coordinates": [110.98509, -0.03494]}, "properties": {"kab_kota": "SEKADAU", "kecamatan": "Sekadau Hulu", "desa": "Nanga Menterap", "tanggal": "2026-08-29", "timestamp": "2026-08-29T15:01:00+07:00", "satelit": "NASA-MODIS", "confidence": "Medium"}}, {"type": "Feature", "geometry": {"type": "Point", "coordinates": [111.07899, -0.2457]}, "properties": {"kab_kota": "SEKADAU", "kecamatan": "Sekadau Hulu", "desa": "Nanga Pembubuh", "tanggal": "2026-08-21", "timestamp": "2026-08-21T14:50:00+07:00", "satelit": "NASA-MODIS", "confidence": "Medium"}}, {"type": "Feature", "geometry": {"type": "Point", "coordinates": [111.07322, -0.17878]}, "properties": {"kab_kota": "SEKADAU", "kecamatan": "Sekadau Hulu", "desa": "Nanga Pembubuh", "tanggal": "2026-08-24", "timestamp": "2026-08-24T15:07:00+07:00", "satelit": "NASA-MODIS", "confidence": "Medium"}}, {"type": "Feature", "geometry": {"type": "Point", "coordinates": [110.87875, -0.05994]}, "properties": {"kab_kota": "SEKADAU", "kecamatan": "Sekadau Hulu", "desa": "Perongkan", "tanggal": "2026-08-04", "timestamp": "2026-08-04T15:33:00+07:00", "satelit": "NASA-MODIS", "confidence": "Medium"}}, {"type": "Feature", "geometry": {"type": "Point", "coordinates": [110.90977, -0.08809]}, "properties": {"kab_kota": "SEKADAU", "kecamatan": "Sekadau Hulu", "desa": "Perongkan", "tanggal": "2026-08-06", "timestamp": "2026-08-06T15:09:00+07:00", "satelit": "NASA-MODIS", "confidence": "Medium"}}, {"type": "Feature", "geometry": {"type": "Point", "coordinates": [110.85448, -0.08281]}, "properties": {"kab_kota": "SEKADAU", "kecamatan": "Sekadau Hulu", "desa": "Perongkan", "tanggal": "2026-08-08", "timestamp": "2026-08-08T14:46:00+07:00", "satelit": "NASA-MODIS", "confidence": "Medium"}}, {"type": "Feature", "geometry": {"type": "Point", "coordinates": [110.90142, -0.07601]}, "properties": {"kab_kota": "SEKADAU", "kecamatan": "Sekadau Hulu", "desa": "Perongkan", "tanggal": "2026-08-21", "timestamp": "2026-08-21T14:50:00+07:00", "satelit": "NASA-MODIS", "confidence": "Medium"}}, {"type": "Feature", "geometry": {"type": "Point", "coordinates": [110.88232, -0.06655]}, "properties": {"kab_kota": "SEKADAU", "kecamatan": "Sekadau Hulu", "desa": "Perongkan", "tanggal": "2026-08-21", "timestamp": "2026-08-21T14:50:00+07:00", "satelit": "NASA-MODIS", "confidence": "Medium"}}, {"type": "Feature", "geometry": {"type": "Point", "coordinates": [110.88402, -0.11094]}, "properties": {"kab_kota": "SEKADAU", "kecamatan": "Sekadau Hulu", "desa": "Rawak Hilir", "tanggal": "2026-08-03", "timestamp": "2026-08-03T14:54:00+07:00", "satelit": "NASA-MODIS", "confidence": "Medium"}}, {"type": "Feature", "geometry": {"type": "Point", "coordinates": [110.8974, -0.10899]}, "properties": {"kab_kota": "SEKADAU", "kecamatan": "Sekadau Hulu", "desa": "Rawak Hilir", "tanggal": "2026-08-03", "timestamp": "2026-08-03T14:54:00+07:00", "satelit": "NASA-MODIS", "confidence": "Medium"}}, {"type": "Feature", "geometry": {"type": "Point", "coordinates": [110.87875, -0.1195]}, "properties": {"kab_kota": "SEKADAU", "kecamatan": "Sekadau Hulu", "desa": "Rawak Hilir", "tanggal": "2026-08-06", "timestamp": "2026-08-06T15:09:00+07:00", "satelit": "NASA-MODIS", "confidence": "Medium"}}, {"type": "Feature", "geometry": {"type": "Point", "coordinates": [110.8922, -0.1128]}, "properties": {"kab_kota": "SEKADAU", "kecamatan": "Sekadau Hulu", "desa": "Rawak Hilir", "tanggal": "2026-08-16", "timestamp": "2026-08-16T14:56:00+07:00", "satelit": "NASA-MODIS", "confidence": "Medium"}}, {"type": "Feature", "geometry": {"type": "Point", "coordinates": [110.85362, -0.15236]}, "properties": {"kab_kota": "SEKADAU", "kecamatan": "Sekadau Hulu", "desa": "Rawak Hulu", "tanggal": "2026-08-06", "timestamp": "2026-08-06T15:09:00+07:00", "satelit": "NASA-MODIS", "confidence": "Medium"}}, {"type": "Feature", "geometry": {"type": "Point", "coordinates": [110.87131, -0.12955]}, "properties": {"kab_kota": "SEKADAU", "kecamatan": "Sekadau Hulu", "desa": "Rawak Hulu", "tanggal": "2026-08-06", "timestamp": "2026-08-06T15:09:00+07:00", "satelit": "NASA-MODIS", "confidence": "Medium"}}, {"type": "Feature", "geometry": {"type": "Point", "coordinates": [110.83804, -0.14094]}, "properties": {"kab_kota": "SEKADAU", "kecamatan": "Sekadau Hulu", "desa": "Rawak Hulu", "tanggal": "2026-08-09", "timestamp": "2026-08-09T15:24:00+07:00", "satelit": "NASA-MODIS", "confidence": "Medium"}}, {"type": "Feature", "geometry": {"type": "Point", "coordinates": [110.84117, -0.14423]}, "properties": {"kab_kota": "SEKADAU", "kecamatan": "Sekadau Hulu", "desa": "Rawak Hulu", "tanggal": "2026-08-11", "timestamp": "2026-08-11T15:05:00+07:00", "satelit": "NASA-MODIS", "confidence": "Medium"}}, {"type": "Feature", "geometry": {"type": "Point", "coordinates": [110.83556, -0.14925]}, "properties": {"kab_kota": "SEKADAU", "kecamatan": "Sekadau Hulu", "desa": "Rawak Hulu", "tanggal": "2026-08-29", "timestamp": "2026-08-29T15:01:00+07:00", "satelit": "NASA-MODIS", "confidence": "Medium"}}, {"type": "Feature", "geometry": {"type": "Point", "coordinates": [110.79874, -0.18262]}, "properties": {"kab_kota": "SEKADAU", "kecamatan": "Sekadau Hulu", "desa": "Sekonau", "tanggal": "2026-08-08", "timestamp": "2026-08-08T14:46:00+07:00", "satelit": "NASA-MODIS", "confidence": "Medium"}}, {"type": "Feature", "geometry": {"type": "Point", "coordinates": [111.00285, -0.12199]}, "properties": {"kab_kota": "SEKADAU", "kecamatan": "Sekadau Hulu", "desa": "Setawar", "tanggal": "2026-08-01", "timestamp": "2026-08-01T15:18:00+07:00", "satelit": "NASA-MODIS", "confidence": "Medium"}}, {"type": "Feature", "geometry": {"type": "Point", "coordinates": [111.02409, -0.13336]}, "properties": {"kab_kota": "SEKADAU", "kecamatan": "Sekadau Hulu", "desa": "Setawar", "tanggal": "2026-08-19", "timestamp": "2026-08-19T15:11:00+07:00", "satelit": "NASA-MODIS", "confidence": "Medium"}}, {"type": "Feature", "geometry": {"type": "Point", "coordinates": [111.03278, -0.13208]}, "properties": {"kab_kota": "SEKADAU", "kecamatan": "Sekadau Hulu", "desa": "Setawar", "tanggal": "2026-08-19", "timestamp": "2026-08-19T15:11:00+07:00", "satelit": "NASA-MODIS", "confidence": "Medium"}}, {"type": "Feature", "geometry": {"type": "Point", "coordinates": [111.03777, -0.08414]}, "properties": {"kab_kota": "SEKADAU", "kecamatan": "Sekadau Hulu", "desa": "Setawar", "tanggal": "2026-08-19", "timestamp": "2026-08-19T15:11:00+07:00", "satelit": "NASA-MODIS", "confidence": "Medium"}}, {"type": "Feature", "geometry": {"type": "Point", "coordinates": [111.04954, -0.08563]}, "properties": {"kab_kota": "SEKADAU", "kecamatan": "Sekadau Hulu", "desa": "Setawar", "tanggal": "2026-08-21", "timestamp": "2026-08-21T14:50:00+07:00", "satelit": "NASA-MODIS", "confidence": "Medium"}}, {"type": "Feature", "geometry": {"type": "Point", "coordinates": [111.02496, -0.08187]}, "properties": {"kab_kota": "SEKADAU", "kecamatan": "Sekadau Hulu", "desa": "Setawar", "tanggal": "2026-08-21", "timestamp": "2026-08-21T14:50:00+07:00", "satelit": "NASA-MODIS", "confidence": "Medium"}}, {"type": "Feature", "geometry": {"type": "Point", "coordinates": [111.04184, -0.07931]}, "properties": {"kab_kota": "SEKADAU", "kecamatan": "Sekadau Hulu", "desa": "Setawar", "tanggal": "2026-08-21", "timestamp": "2026-08-21T14:50:00+07:00", "satelit": "NASA-MODIS", "confidence": "Medium"}}, {"type": "Feature", "geometry": {"type": "Point", "coordinates": [111.00229, -0.14005]}, "properties": {"kab_kota": "SEKADAU", "kecamatan": "Sekadau Hulu", "desa": "Setawar", "tanggal": "2026-08-22", "timestamp": "2026-08-22T15:28:00+07:00", "satelit": "NASA-MODIS", "confidence": "Medium"}}, {"type": "Feature", "geometry": {"type": "Point", "coordinates": [111.05039, -0.07196]}, "properties": {"kab_kota": "SEKADAU", "kecamatan": "Sekadau Hulu", "desa": "Setawar", "tanggal": "2026-08-22", "timestamp": "2026-08-22T15:28:00+07:00", "satelit": "NASA-MODIS", "confidence": "Medium"}}, {"type": "Feature", "geometry": {"type": "Point", "coordinates": [111.03821, -0.13751]}, "properties": {"kab_kota": "SEKADAU", "kecamatan": "Sekadau Hulu", "desa": "Setawar", "tanggal": "2026-08-24", "timestamp": "2026-08-24T15:07:00+07:00", "satelit": "NASA-MODIS", "confidence": "Medium"}}, {"type": "Feature", "geometry": {"type": "Point", "coordinates": [111.00648, -0.13491]}, "properties": {"kab_kota": "SEKADAU", "kecamatan": "Sekadau Hulu", "desa": "Setawar", "tanggal": "2026-08-29", "timestamp": "2026-08-29T15:01:00+07:00", "satelit": "NASA-MODIS", "confidence": "Medium"}}, {"type": "Feature", "geometry": {"type": "Point", "coordinates": [111.01839, -0.13318]}, "properties": {"kab_kota": "SEKADAU", "kecamatan": "Sekadau Hulu", "desa": "Setawar", "tanggal": "2026-08-29", "timestamp": "2026-08-29T15:01:00+07:00", "satelit": "NASA-MODIS", "confidence": "Medium"}}, {"type": "Feature", "geometry": {"type": "Point", "coordinates": [111.02674, -0.07026]}, "properties": {"kab_kota": "SEKADAU", "kecamatan": "Sekadau Hulu", "desa": "Setawar", "tanggal": "2026-08-29", "timestamp": "2026-08-29T15:01:00+07:00", "satelit": "NASA-MODIS", "confidence": "Medium"}}, {"type": "Feature", "geometry": {"type": "Point", "coordinates": [111.03864, -0.0685]}, "properties": {"kab_kota": "SEKADAU", "kecamatan": "Sekadau Hulu", "desa": "Setawar", "tanggal": "2026-08-29", "timestamp": "2026-08-29T15:01:00+07:00", "satelit": "NASA-MODIS", "confidence": "Medium"}}, {"type": "Feature", "geometry": {"type": "Point", "coordinates": [110.90529, -0.16379]}, "properties": {"kab_kota": "SEKADAU", "kecamatan": "Sekadau Hulu", "desa": "Sungaisambang", "tanggal": "2026-08-01", "timestamp": "2026-08-01T15:18:00+07:00", "satelit": "NASA-MODIS", "confidence": "Medium"}}, {"type": "Feature", "geometry": {"type": "Point", "coordinates": [110.99474, -0.19331]}, "properties": {"kab_kota": "SEKADAU", "kecamatan": "Sekadau Hulu", "desa": "Sungaisambang", "tanggal": "2026-08-16", "timestamp": "2026-08-16T14:56:00+07:00", "satelit": "NASA-MODIS", "confidence": "Medium"}}, {"type": "Feature", "geometry": {"type": "Point", "coordinates": [110.9411, -0.18017]}, "properties": {"kab_kota": "SEKADAU", "kecamatan": "Sekadau Hulu", "desa": "Sungaisambang", "tanggal": "2026-08-16", "timestamp": "2026-08-16T14:56:00+07:00", "satelit": "NASA-MODIS", "confidence": "Medium"}}, {"type": "Feature", "geometry": {"type": "Point", "coordinates": [110.98711, -0.18344]}, "properties": {"kab_kota": "SEKADAU", "kecamatan": "Sekadau Hulu", "desa": "Sungaisambang", "tanggal": "2026-08-19", "timestamp": "2026-08-19T15:11:00+07:00", "satelit": "NASA-MODIS", "confidence": "Medium"}}, {"type": "Feature", "geometry": {"type": "Point", "coordinates": [110.94239, -0.18109]}, "properties": {"kab_kota": "SEKADAU", "kecamatan": "Sekadau Hulu", "desa": "Sungaisambang", "tanggal": "2026-08-19", "timestamp": "2026-08-19T15:11:00+07:00", "satelit": "NASA-MODIS", "confidence": "Medium"}}, {"type": "Feature", "geometry": {"type": "Point", "coordinates": [110.95108, -0.17981]}, "properties": {"kab_kota": "SEKADAU", "kecamatan": "Sekadau Hulu", "desa": "Sungaisambang", "tanggal": "2026-08-19", "timestamp": "2026-08-19T15:11:00+07:00", "satelit": "NASA-MODIS", "confidence": "Medium"}}, {"type": "Feature", "geometry": {"type": "Point", "coordinates": [110.98453, -0.16596]}, "properties": {"kab_kota": "SEKADAU", "kecamatan": "Sekadau Hulu", "desa": "Sungaisambang", "tanggal": "2026-08-19", "timestamp": "2026-08-19T15:11:00+07:00", "satelit": "NASA-MODIS", "confidence": "Medium"}}, {"type": "Feature", "geometry": {"type": "Point", "coordinates": [110.92983, -0.15614]}, "properties": {"kab_kota": "SEKADAU", "kecamatan": "Sekadau Hulu", "desa": "Sungaisambang", "tanggal": "2026-08-19", "timestamp": "2026-08-19T15:11:00+07:00", "satelit": "NASA-MODIS", "confidence": "Medium"}}, {"type": "Feature", "geometry": {"type": "Point", "coordinates": [111.00071, -0.18409]}, "properties": {"kab_kota": "SEKADAU", "kecamatan": "Sekadau Hulu", "desa": "Sungaisambang", "tanggal": "2026-08-21", "timestamp": "2026-08-21T14:50:00+07:00", "satelit": "NASA-MODIS", "confidence": "Medium"}}, {"type": "Feature", "geometry": {"type": "Point", "coordinates": [110.99419, -0.17916]}, "properties": {"kab_kota": "SEKADAU", "kecamatan": "Sekadau Hulu", "desa": "Sungaisambang", "tanggal": "2026-08-21", "timestamp": "2026-08-21T14:50:00+07:00", "satelit": "NASA-MODIS", "confidence": "Medium"}}, {"type": "Feature", "geometry": {"type": "Point", "coordinates": [110.98342, -0.18534]}, "properties": {"kab_kota": "SEKADAU", "kecamatan": "Sekadau Hulu", "desa": "Sungaisambang", "tanggal": "2026-08-22", "timestamp": "2026-08-22T15:28:00+07:00", "satelit": "NASA-MODIS", "confidence": "Medium"}}, {"type": "Feature", "geometry": {"type": "Point", "coordinates": [110.91766, -0.17374]}, "properties": {"kab_kota": "SEKADAU", "kecamatan": "Sekadau Hulu", "desa": "Sungaisambang", "tanggal": "2026-08-22", "timestamp": "2026-08-22T15:28:00+07:00", "satelit": "NASA-MODIS", "confidence": "Medium"}}, {"type": "Feature", "geometry": {"type": "Point", "coordinates": [110.96509, -0.16677]}, "properties": {"kab_kota": "SEKADAU", "kecamatan": "Sekadau Hulu", "desa": "Sungaisambang", "tanggal": "2026-08-24", "timestamp": "2026-08-24T15:07:00+07:00", "satelit": "NASA-MODIS", "confidence": "Medium"}}, {"type": "Feature", "geometry": {"type": "Point", "coordinates": [110.92428, -0.15407]}, "properties": {"kab_kota": "SEKADAU", "kecamatan": "Sekadau Hulu", "desa": "Sungaisambang", "tanggal": "2026-08-24", "timestamp": "2026-08-24T15:07:00+07:00", "satelit": "NASA-MODIS", "confidence": "Medium"}}, {"type": "Feature", "geometry": {"type": "Point", "coordinates": [110.91019, -0.1489]}, "properties": {"kab_kota": "SEKADAU", "kecamatan": "Sekadau Hulu", "desa": "Sungaisambang", "tanggal": "2026-08-29", "timestamp": "2026-08-29T15:01:00+07:00", "satelit": "NASA-MODIS", "confidence": "Medium"}}, {"type": "Feature", "geometry": {"type": "Point", "coordinates": [110.92232, -0.14714]}, "properties": {"kab_kota": "SEKADAU", "kecamatan": "Sekadau Hulu", "desa": "Sungaisambang", "tanggal": "2026-08-29", "timestamp": "2026-08-29T15:01:00+07:00", "satelit": "NASA-MODIS", "confidence": "Medium"}}, {"type": "Feature", "geometry": {"type": "Point", "coordinates": [111.01096, -0.3311]}, "properties": {"kab_kota": "SEKADAU", "kecamatan": "Sekadau Hulu", "desa": "Sunsong", "tanggal": "2026-08-03", "timestamp": "2026-08-03T14:54:00+07:00", "satelit": "NASA-MODIS", "confidence": "Medium"}}, {"type": "Feature", "geometry": {"type": "Point", "coordinates": [111.02397, -0.32914]}, "properties": {"kab_kota": "SEKADAU", "kecamatan": "Sekadau Hulu", "desa": "Sunsong", "tanggal": "2026-08-03", "timestamp": "2026-08-03T14:54:00+07:00", "satelit": "NASA-MODIS", "confidence": "Medium"}}, {"type": "Feature", "geometry": {"type": "Point", "coordinates": [111.02541, -0.32028]}, "properties": {"kab_kota": "SEKADAU", "kecamatan": "Sekadau Hulu", "desa": "Sunsong", "tanggal": "2026-08-16", "timestamp": "2026-08-16T14:56:00+07:00", "satelit": "NASA-MODIS", "confidence": "Medium"}}, {"type": "Feature", "geometry": {"type": "Point", "coordinates": [111.024, -0.30989]}, "properties": {"kab_kota": "SEKADAU", "kecamatan": "Sekadau Hulu", "desa": "Sunsong", "tanggal": "2026-08-16", "timestamp": "2026-08-16T14:56:00+07:00", "satelit": "NASA-MODIS", "confidence": "Medium"}}, {"type": "Feature", "geometry": {"type": "Point", "coordinates": [111.03664, -0.30804]}, "properties": {"kab_kota": "SEKADAU", "kecamatan": "Sekadau Hulu", "desa": "Sunsong", "tanggal": "2026-08-16", "timestamp": "2026-08-16T14:56:00+07:00", "satelit": "NASA-MODIS", "confidence": "Medium"}}, {"type": "Feature", "geometry": {"type": "Point", "coordinates": [111.03189, -0.34388]}, "properties": {"kab_kota": "SEKADAU", "kecamatan": "Sekadau Hulu", "desa": "Sunsong", "tanggal": "2026-08-19", "timestamp": "2026-08-19T15:11:00+07:00", "satelit": "NASA-MODIS", "confidence": "Medium"}}, {"type": "Feature", "geometry": {"type": "Point", "coordinates": [111.02954, -0.3335]}, "properties": {"kab_kota": "SEKADAU", "kecamatan": "Sekadau Hulu", "desa": "Sunsong", "tanggal": "2026-08-21", "timestamp": "2026-08-21T14:50:00+07:00", "satelit": "NASA-MODIS", "confidence": "Medium"}}, {"type": "Feature", "geometry": {"type": "Point", "coordinates": [111.01743, -0.33292]}, "properties": {"kab_kota": "SEKADAU", "kecamatan": "Sekadau Hulu", "desa": "Sunsong", "tanggal": "2026-08-22", "timestamp": "2026-08-22T15:28:00+07:00", "satelit": "NASA-MODIS", "confidence": "Medium"}}, {"type": "Feature", "geometry": {"type": "Point", "coordinates": [111.03915, -0.32209]}, "properties": {"kab_kota": "SEKADAU", "kecamatan": "Sekadau Hulu", "desa": "Sunsong", "tanggal": "2026-08-24", "timestamp": "2026-08-24T15:07:00+07:00", "satelit": "NASA-MODIS", "confidence": "Medium"}}, {"type": "Feature", "geometry": {"type": "Point", "coordinates": [111.03809, -0.20833]}, "properties": {"kab_kota": "SEKADAU", "kecamatan": "Sekadau Hulu", "desa": "Tapang Perodah", "tanggal": "2026-08-11", "timestamp": "2026-08-11T15:05:00+07:00", "satelit": "NASA-MODIS", "confidence": "Medium"}}, {"type": "Feature", "geometry": {"type": "Point", "coordinates": [111.04782, -0.20691]}, "properties": {"kab_kota": "SEKADAU", "kecamatan": "Sekadau Hulu", "desa": "Tapang Perodah", "tanggal": "2026-08-11", "timestamp": "2026-08-11T15:05:00+07:00", "satelit": "NASA-MODIS", "confidence": "Medium"}}, {"type": "Feature", "geometry": {"type": "Point", "coordinates": [111.03358, -0.24748]}, "properties": {"kab_kota": "SEKADAU", "kecamatan": "Sekadau Hulu", "desa": "Tapang Perodah", "tanggal": "2026-08-16", "timestamp": "2026-08-16T14:56:00+07:00", "satelit": "NASA-MODIS", "confidence": "Medium"}}, {"type": "Feature", "geometry": {"type": "Point", "coordinates": [111.03198, -0.23714]}, "properties": {"kab_kota": "SEKADAU", "kecamatan": "Sekadau Hulu", "desa": "Tapang Perodah", "tanggal": "2026-08-16", "timestamp": "2026-08-16T14:56:00+07:00", "satelit": "NASA-MODIS", "confidence": "Medium"}}, {"type": "Feature", "geometry": {"type": "Point", "coordinates": [111.04441, -0.23529]}, "properties": {"kab_kota": "SEKADAU", "kecamatan": "Sekadau Hulu", "desa": "Tapang Perodah", "tanggal": "2026-08-16", "timestamp": "2026-08-16T14:56:00+07:00", "satelit": "NASA-MODIS", "confidence": "Medium"}}, {"type": "Feature", "geometry": {"type": "Point", "coordinates": [111.03661, -0.18361]}, "properties": {"kab_kota": "SEKADAU", "kecamatan": "Sekadau Hulu", "desa": "Tapang Perodah", "tanggal": "2026-08-16", "timestamp": "2026-08-16T14:56:00+07:00", "satelit": "NASA-MODIS", "confidence": "Medium"}}, {"type": "Feature", "geometry": {"type": "Point", "coordinates": [111.03912, -0.25096]}, "properties": {"kab_kota": "SEKADAU", "kecamatan": "Sekadau Hulu", "desa": "Tapang Perodah", "tanggal": "2026-08-19", "timestamp": "2026-08-19T15:11:00+07:00", "satelit": "NASA-MODIS", "confidence": "Medium"}}, {"type": "Feature", "geometry": {"type": "Point", "coordinates": [111.01164, -0.17651]}, "properties": {"kab_kota": "SEKADAU", "kecamatan": "Sekadau Hulu", "desa": "Tapang Perodah", "tanggal": "2026-08-21", "timestamp": "2026-08-21T14:50:00+07:00", "satelit": "NASA-MODIS", "confidence": "Medium"}}, {"type": "Feature", "geometry": {"type": "Point", "coordinates": [111.02468, -0.15014]}, "properties": {"kab_kota": "SEKADAU", "kecamatan": "Sekadau Hulu", "desa": "Tapang Perodah", "tanggal": "2026-08-21", "timestamp": "2026-08-21T14:50:00+07:00", "satelit": "NASA-MODIS", "confidence": "Medium"}}, {"type": "Feature", "geometry": {"type": "Point", "coordinates": [111.05705, -0.19973]}, "properties": {"kab_kota": "SEKADAU", "kecamatan": "Sekadau Hulu", "desa": "Tapang Perodah", "tanggal": "2026-08-24", "timestamp": "2026-08-24T15:07:00+07:00", "satelit": "NASA-MODIS", "confidence": "Medium"}}, {"type": "Feature", "geometry": {"type": "Point", "coordinates": [111.06379, -0.18017]}, "properties": {"kab_kota": "SEKADAU", "kecamatan": "Sekadau Hulu", "desa": "Tapang Perodah", "tanggal": "2026-08-24", "timestamp": "2026-08-24T15:07:00+07:00", "satelit": "NASA-MODIS", "confidence": "Medium"}}, {"type": "Feature", "geometry": {"type": "Point", "coordinates": [111.05034, -0.1543]}, "properties": {"kab_kota": "SEKADAU", "kecamatan": "Sekadau Hulu", "desa": "Tapang Perodah", "tanggal": "2026-08-24", "timestamp": "2026-08-24T15:07:00+07:00", "satelit": "NASA-MODIS", "confidence": "Medium"}}, {"type": "Feature", "geometry": {"type": "Point", "coordinates": [111.02295, -0.16358]}, "properties": {"kab_kota": "SEKADAU", "kecamatan": "Sekadau Hulu", "desa": "Tapang Perodah", "tanggal": "2026-08-29", "timestamp": "2026-08-29T15:01:00+07:00", "satelit": "NASA-MODIS", "confidence": "Medium"}}, {"type": "Feature", "geometry": {"type": "Point", "coordinates": [110.78166, -0.04975]}, "properties": {"kab_kota": "SEKADAU", "kecamatan": "Sekadau Hulu", "desa": "Tinting Boyok", "tanggal": "2026-08-06", "timestamp": "2026-08-06T15:09:00+07:00", "satelit": "NASA-MODIS", "confidence": "Medium"}}, {"type": "Feature", "geometry": {"type": "Point", "coordinates": [110.75764, -0.07178]}, "properties": {"kab_kota": "SEKADAU", "kecamatan": "Sekadau Hulu", "desa": "Tinting Boyok", "tanggal": "2026-08-08", "timestamp": "2026-08-08T14:46:00+07:00", "satelit": "NASA-MODIS", "confidence": "Medium"}}, {"type": "Feature", "geometry": {"type": "Point", "coordinates": [110.75912, -0.0911]}, "properties": {"kab_kota": "SEKADAU", "kecamatan": "Sekadau Hulu", "desa": "Tinting Boyok", "tanggal": "2026-08-09", "timestamp": "2026-08-09T15:24:00+07:00", "satelit": "NASA-MODIS", "confidence": "Medium"}}, {"type": "Feature", "geometry": {"type": "Point", "coordinates": [110.81731, -0.08232]}, "properties": {"kab_kota": "SEKADAU", "kecamatan": "Sekadau Hulu", "desa": "Tinting Boyok", "tanggal": "2026-08-09", "timestamp": "2026-08-09T15:24:00+07:00", "satelit": "NASA-MODIS", "confidence": "Medium"}}, {"type": "Feature", "geometry": {"type": "Point", "coordinates": [110.82241, -0.08105]}, "properties": {"kab_kota": "SEKADAU", "kecamatan": "Sekadau Hulu", "desa": "Tinting Boyok", "tanggal": "2026-08-09", "timestamp": "2026-08-09T15:24:00+07:00", "satelit": "NASA-MODIS", "confidence": "Medium"}}, {"type": "Feature", "geometry": {"type": "Point", "coordinates": [110.7568, -0.0934]}, "properties": {"kab_kota": "SEKADAU", "kecamatan": "Sekadau Hulu", "desa": "Tinting Boyok", "tanggal": "2026-08-11", "timestamp": "2026-08-11T15:05:00+07:00", "satelit": "NASA-MODIS", "confidence": "Medium"}}, {"type": "Feature", "geometry": {"type": "Point", "coordinates": [110.74541, -0.08553]}, "properties": {"kab_kota": "SEKADAU", "kecamatan": "Sekadau Hulu", "desa": "Tinting Boyok", "tanggal": "2026-08-11", "timestamp": "2026-08-11T15:05:00+07:00", "satelit": "NASA-MODIS", "confidence": "Medium"}}, {"type": "Feature", "geometry": {"type": "Point", "coordinates": [110.75539, -0.08406]}, "properties": {"kab_kota": "SEKADAU", "kecamatan": "Sekadau Hulu", "desa": "Tinting Boyok", "tanggal": "2026-08-11", "timestamp": "2026-08-11T15:05:00+07:00", "satelit": "NASA-MODIS", "confidence": "Medium"}}, {"type": "Feature", "geometry": {"type": "Point", "coordinates": [110.81082, -0.06479]}, "properties": {"kab_kota": "SEKADAU", "kecamatan": "Sekadau Hulu", "desa": "Tinting Boyok", "tanggal": "2026-08-21", "timestamp": "2026-08-21T14:50:00+07:00", "satelit": "NASA-MODIS", "confidence": "Medium"}}, {"type": "Feature", "geometry": {"type": "Point", "coordinates": [110.77348, -0.05787]}, "properties": {"kab_kota": "SEKADAU", "kecamatan": "Sekadau Hulu", "desa": "Tinting Boyok", "tanggal": "2026-08-21", "timestamp": "2026-08-21T14:50:00+07:00", "satelit": "NASA-MODIS", "confidence": "Medium"}}, {"type": "Feature", "geometry": {"type": "Point", "coordinates": [110.74767, -0.13388]}, "properties": {"kab_kota": "SEKADAU", "kecamatan": "Sekadau Hulu", "desa": "Tinting Boyok", "tanggal": "2026-08-24", "timestamp": "2026-08-24T15:07:00+07:00", "satelit": "NASA-MODIS", "confidence": "Medium"}}, {"type": "Feature", "geometry": {"type": "Point", "coordinates": [111.1203, 0.31995]}, "properties": {"kab_kota": "SEKADAU", "kecamatan": "Belitang", "desa": "Nanga Ansar", "tanggal": "2026-08-03", "timestamp": "2026-08-03T12:27:00+07:00", "satelit": "NASA-NOAA20", "confidence": "High"}}, {"type": "Feature", "geometry": {"type": "Point", "coordinates": [111.11988, 0.27492]}, "properties": {"kab_kota": "SEKADAU", "kecamatan": "Belitang Hilir", "desa": "Kumpang Bis", "tanggal": "2026-08-03", "timestamp": "2026-08-03T12:27:00+07:00", "satelit": "NASA-NOAA20", "confidence": "High"}}, {"type": "Feature", "geometry": {"type": "Point", "coordinates": [111.01862, 0.40234]}, "properties": {"kab_kota": "SEKADAU", "kecamatan": "Belitang Hulu", "desa": "Sungaitapah", "tanggal": "2026-08-20", "timestamp": "2026-08-20T13:50:00+07:00", "satelit": "NASA-NOAA20", "confidence": "High"}}, {"type": "Feature", "geometry": {"type": "Point", "coordinates": [110.63012, -0.38171]}, "properties": {"kab_kota": "SEKADAU", "kecamatan": "Nanga Mahap", "desa": "Cenayan", "tanggal": "2026-08-19", "timestamp": "2026-08-19T12:27:00+07:00", "satelit": "NASA-NOAA20", "confidence": "High"}}, {"type": "Feature", "geometry": {"type": "Point", "coordinates": [110.83307, -0.68281]}, "properties": {"kab_kota": "SEKADAU", "kecamatan": "Nanga Mahap", "desa": "Karang Betung", "tanggal": "2026-08-20", "timestamp": "2026-08-20T13:50:00+07:00", "satelit": "NASA-NOAA20", "confidence": "High"}}, {"type": "Feature", "geometry": {"type": "Point", "coordinates": [110.90388, -0.60121]}, "properties": {"kab_kota": "SEKADAU", "kecamatan": "Nanga Mahap", "desa": "Karang Betung", "tanggal": "2026-08-20", "timestamp": "2026-08-20T13:50:00+07:00", "satelit": "NASA-NOAA20", "confidence": "High"}}, {"type": "Feature", "geometry": {"type": "Point", "coordinates": [110.90356, -0.59888]}, "properties": {"kab_kota": "SEKADAU", "kecamatan": "Nanga Mahap", "desa": "Karang Betung", "tanggal": "2026-08-20", "timestamp": "2026-08-20T13:50:00+07:00", "satelit": "NASA-NOAA20", "confidence": "High"}}, {"type": "Feature", "geometry": {"type": "Point", "coordinates": [110.91632, -0.58537]}, "properties": {"kab_kota": "SEKADAU", "kecamatan": "Nanga Mahap", "desa": "Karang Betung", "tanggal": "2026-08-30", "timestamp": "2026-08-30T12:23:00+07:00", "satelit": "NASA-NOAA20", "confidence": "High"}}, {"type": "Feature", "geometry": {"type": "Point", "coordinates": [110.91462, -0.58087]}, "properties": {"kab_kota": "SEKADAU", "kecamatan": "Nanga Mahap", "desa": "Karang Betung", "tanggal": "2026-08-30", "timestamp": "2026-08-30T12:23:00+07:00", "satelit": "NASA-NOAA20", "confidence": "High"}}, {"type": "Feature", "geometry": {"type": "Point", "coordinates": [110.69949, -0.521]}, "properties": {"kab_kota": "SEKADAU", "kecamatan": "Nanga Mahap", "desa": "Landau Apin", "tanggal": "2026-08-04", "timestamp": "2026-08-04T13:48:00+07:00", "satelit": "NASA-NOAA20", "confidence": "High"}}, {"type": "Feature", "geometry": {"type": "Point", "coordinates": [110.68253, -0.56366]}, "properties": {"kab_kota": "SEKADAU", "kecamatan": "Nanga Mahap", "desa": "Landau Apin", "tanggal": "2026-08-15", "timestamp": "2026-08-15T13:42:00+07:00", "satelit": "NASA-NOAA20", "confidence": "High"}}, {"type": "Feature", "geometry": {"type": "Point", "coordinates": [110.69874, -0.50801]}, "properties": {"kab_kota": "SEKADAU", "kecamatan": "Nanga Mahap", "desa": "Landau Apin", "tanggal": "2026-08-20", "timestamp": "2026-08-20T13:50:00+07:00", "satelit": "NASA-NOAA20", "confidence": "High"}}, {"type": "Feature", "geometry": {"type": "Point", "coordinates": [110.69984, -0.50704]}, "properties": {"kab_kota": "SEKADAU", "kecamatan": "Nanga Mahap", "desa": "Landau Apin", "tanggal": "2026-08-20", "timestamp": "2026-08-20T13:50:00+07:00", "satelit": "NASA-NOAA20", "confidence": "High"}}, {"type": "Feature", "geometry": {"type": "Point", "coordinates": [110.76641, -0.48015]}, "properties": {"kab_kota": "SEKADAU", "kecamatan": "Nanga Mahap", "desa": "Lembah Beringin", "tanggal": "2026-08-04", "timestamp": "2026-08-04T13:48:00+07:00", "satelit": "NASA-NOAA20", "confidence": "High"}}, {"type": "Feature", "geometry": {"type": "Point", "coordinates": [110.76134, -0.66584]}, "properties": {"kab_kota": "SEKADAU", "kecamatan": "Nanga Mahap", "desa": "Lembah Beringin", "tanggal": "2026-08-30", "timestamp": "2026-08-30T14:01:00+07:00", "satelit": "NASA-NOAA20", "confidence": "High"}}, {"type": "Feature", "geometry": {"type": "Point", "coordinates": [110.76097, -0.66256]}, "properties": {"kab_kota": "SEKADAU", "kecamatan": "Nanga Mahap", "desa": "Lembah Beringin", "tanggal": "2026-08-30", "timestamp": "2026-08-30T14:01:00+07:00", "satelit": "NASA-NOAA20", "confidence": "High"}}, {"type": "Feature", "geometry": {"type": "Point", "coordinates": [110.81654, -0.45941]}, "properties": {"kab_kota": "SEKADAU", "kecamatan": "Nanga Mahap", "desa": "Sebabas", "tanggal": "2026-08-20", "timestamp": "2026-08-20T13:50:00+07:00", "satelit": "NASA-NOAA20", "confidence": "High"}}, {"type": "Feature", "geometry": {"type": "Point", "coordinates": [110.67497, -0.44753]}, "properties": {"kab_kota": "SEKADAU", "kecamatan": "Nanga Mahap", "desa": "Tamang", "tanggal": "2026-08-30", "timestamp": "2026-08-30T12:23:00+07:00", "satelit": "NASA-NOAA20", "confidence": "High"}}, {"type": "Feature", "geometry": {"type": "Point", "coordinates": [110.7392, -0.51973]}, "properties": {"kab_kota": "SEKADAU", "kecamatan": "Nanga Mahap", "desa": "Telukkebau", "tanggal": "2026-08-20", "timestamp": "2026-08-20T13:50:00+07:00", "satelit": "NASA-NOAA20", "confidence": "High"}}, {"type": "Feature", "geometry": {"type": "Point", "coordinates": [110.74007, -0.5185]}, "properties": {"kab_kota": "SEKADAU", "kecamatan": "Nanga Mahap", "desa": "Telukkebau", "tanggal": "2026-08-20", "timestamp": "2026-08-20T13:50:00+07:00", "satelit": "NASA-NOAA20", "confidence": "High"}}, {"type": "Feature", "geometry": {"type": "Point", "coordinates": [110.73423, -0.51449]}, "properties": {"kab_kota": "SEKADAU", "kecamatan": "Nanga Mahap", "desa": "Telukkebau", "tanggal": "2026-08-20", "timestamp": "2026-08-20T13:50:00+07:00", "satelit": "NASA-NOAA20", "confidence": "High"}}, {"type": "Feature", "geometry": {"type": "Point", "coordinates": [110.63384, -0.54259]}, "properties": {"kab_kota": "SEKADAU", "kecamatan": "Nanga Mahap", "desa": "Tembaga", "tanggal": "2026-08-03", "timestamp": "2026-08-03T12:27:00+07:00", "satelit": "NASA-NOAA20", "confidence": "High"}}, {"type": "Feature", "geometry": {"type": "Point", "coordinates": [110.67303, -0.54257]}, "properties": {"kab_kota": "SEKADAU", "kecamatan": "Nanga Mahap", "desa": "Tembaga", "tanggal": "2026-08-03", "timestamp": "2026-08-03T12:27:00+07:00", "satelit": "NASA-NOAA20", "confidence": "High"}}, {"type": "Feature", "geometry": {"type": "Point", "coordinates": [110.63421, -0.54144]}, "properties": {"kab_kota": "SEKADAU", "kecamatan": "Nanga Mahap", "desa": "Tembaga", "tanggal": "2026-08-03", "timestamp": "2026-08-03T12:27:00+07:00", "satelit": "NASA-NOAA20", "confidence": "High"}}, {"type": "Feature", "geometry": {"type": "Point", "coordinates": [110.67332, -0.54115]}, "properties": {"kab_kota": "SEKADAU", "kecamatan": "Nanga Mahap", "desa": "Tembaga", "tanggal": "2026-08-03", "timestamp": "2026-08-03T12:27:00+07:00", "satelit": "NASA-NOAA20", "confidence": "High"}}, {"type": "Feature", "geometry": {"type": "Point", "coordinates": [110.64679, -0.52185]}, "properties": {"kab_kota": "SEKADAU", "kecamatan": "Nanga Mahap", "desa": "Tembaga", "tanggal": "2026-08-03", "timestamp": "2026-08-03T12:27:00+07:00", "satelit": "NASA-NOAA20", "confidence": "High"}}, {"type": "Feature", "geometry": {"type": "Point", "coordinates": [110.64583, -0.51614]}, "properties": {"kab_kota": "SEKADAU", "kecamatan": "Nanga Mahap", "desa": "Tembaga", "tanggal": "2026-08-03", "timestamp": "2026-08-03T12:27:00+07:00", "satelit": "NASA-NOAA20", "confidence": "High"}}, {"type": "Feature", "geometry": {"type": "Point", "coordinates": [110.67697, -0.51129]}, "properties": {"kab_kota": "SEKADAU", "kecamatan": "Nanga Mahap", "desa": "Tembaga", "tanggal": "2026-08-03", "timestamp": "2026-08-03T12:27:00+07:00", "satelit": "NASA-NOAA20", "confidence": "High"}}, {"type": "Feature", "geometry": {"type": "Point", "coordinates": [110.6718, -0.50825]}, "properties": {"kab_kota": "SEKADAU", "kecamatan": "Nanga Mahap", "desa": "Tembaga", "tanggal": "2026-08-04", "timestamp": "2026-08-04T13:48:00+07:00", "satelit": "NASA-NOAA20", "confidence": "High"}}, {"type": "Feature", "geometry": {"type": "Point", "coordinates": [110.672, -0.50747]}, "properties": {"kab_kota": "SEKADAU", "kecamatan": "Nanga Mahap", "desa": "Tembaga", "tanggal": "2026-08-04", "timestamp": "2026-08-04T13:48:00+07:00", "satelit": "NASA-NOAA20", "confidence": "High"}}, {"type": "Feature", "geometry": {"type": "Point", "coordinates": [110.62611, -0.48457]}, "properties": {"kab_kota": "SEKADAU", "kecamatan": "Nanga Mahap", "desa": "Tembaga", "tanggal": "2026-08-08", "timestamp": "2026-08-08T12:33:00+07:00", "satelit": "NASA-NOAA20", "confidence": "High"}}, {"type": "Feature", "geometry": {"type": "Point", "coordinates": [110.78857, -0.49856]}, "properties": {"kab_kota": "SEKADAU", "kecamatan": "Nanga Mahap", "desa": "Tembesuk", "tanggal": "2026-08-20", "timestamp": "2026-08-20T13:50:00+07:00", "satelit": "NASA-NOAA20", "confidence": "High"}}, {"type": "Feature", "geometry": {"type": "Point", "coordinates": [110.79757, -0.30332]}, "properties": {"kab_kota": "SEKADAU", "kecamatan": "Nanga Taman", "desa": "Lubuk Tajau", "tanggal": "2026-08-04", "timestamp": "2026-08-04T13:48:00+07:00", "satelit": "NASA-NOAA20", "confidence": "High"}}, {"type": "Feature", "geometry": {"type": "Point", "coordinates": [110.92042, -0.27153]}, "properties": {"kab_kota": "SEKADAU", "kecamatan": "Nanga Taman", "desa": "Meragun", "tanggal": "2026-08-08", "timestamp": "2026-08-08T12:33:00+07:00", "satelit": "NASA-NOAA20", "confidence": "High"}}, {"type": "Feature", "geometry": {"type": "Point", "coordinates": [110.86539, -0.2697]}, "properties": {"kab_kota": "SEKADAU", "kecamatan": "Nanga Taman", "desa": "Meragun", "tanggal": "2026-08-08", "timestamp": "2026-08-08T12:33:00+07:00", "satelit": "NASA-NOAA20", "confidence": "High"}}, {"type": "Feature", "geometry": {"type": "Point", "coordinates": [110.95848, -0.3191]}, "properties": {"kab_kota": "SEKADAU", "kecamatan": "Nanga Taman", "desa": "Meragun", "tanggal": "2026-08-14", "timestamp": "2026-08-14T12:23:00+07:00", "satelit": "NASA-NOAA20", "confidence": "High"}}, {"type": "Feature", "geometry": {"type": "Point", "coordinates": [110.95837, -0.31778]}, "properties": {"kab_kota": "SEKADAU", "kecamatan": "Nanga Taman", "desa": "Meragun", "tanggal": "2026-08-14", "timestamp": "2026-08-14T12:23:00+07:00", "satelit": "NASA-NOAA20", "confidence": "High"}}, {"type": "Feature", "geometry": {"type": "Point", "coordinates": [110.61958, -0.30228]}, "properties": {"kab_kota": "SEKADAU", "kecamatan": "Nanga Taman", "desa": "Nanga Engkulun", "tanggal": "2026-08-08", "timestamp": "2026-08-08T12:33:00+07:00", "satelit": "NASA-NOAA20", "confidence": "High"}}, {"type": "Feature", "geometry": {"type": "Point", "coordinates": [110.66223, -0.34672]}, "properties": {"kab_kota": "SEKADAU", "kecamatan": "Nanga Taman", "desa": "Nanga Engkulun", "tanggal": "2026-08-14", "timestamp": "2026-08-14T12:23:00+07:00", "satelit": "NASA-NOAA20", "confidence": "High"}}, {"type": "Feature", "geometry": {"type": "Point", "coordinates": [110.64737, -0.36727]}, "properties": {"kab_kota": "SEKADAU", "kecamatan": "Nanga Taman", "desa": "Nanga Engkulun", "tanggal": "2026-08-20", "timestamp": "2026-08-20T13:50:00+07:00", "satelit": "NASA-NOAA20", "confidence": "High"}}, {"type": "Feature", "geometry": {"type": "Point", "coordinates": [110.66122, -0.33004]}, "properties": {"kab_kota": "SEKADAU", "kecamatan": "Nanga Taman", "desa": "Nanga Engkulun", "tanggal": "2026-08-30", "timestamp": "2026-08-30T12:23:00+07:00", "satelit": "NASA-NOAA20", "confidence": "High"}}, {"type": "Feature", "geometry": {"type": "Point", "coordinates": [110.81657, -0.2308]}, "properties": {"kab_kota": "SEKADAU", "kecamatan": "Nanga Taman", "desa": "Nanga Kiungkang", "tanggal": "2026-08-19", "timestamp": "2026-08-19T12:27:00+07:00", "satelit": "NASA-NOAA20", "confidence": "High"}}, {"type": "Feature", "geometry": {"type": "Point", "coordinates": [110.8164, -0.24122]}, "properties": {"kab_kota": "SEKADAU", "kecamatan": "Nanga Taman", "desa": "Nanga Kiungkang", "tanggal": "2026-08-31", "timestamp": "2026-08-31T13:44:00+07:00", "satelit": "NASA-NOAA20", "confidence": "High"}}, {"type": "Feature", "geometry": {"type": "Point", "coordinates": [110.67538, -0.32519]}, "properties": {"kab_kota": "SEKADAU", "kecamatan": "Nanga Taman", "desa": "Nanga Mongko", "tanggal": "2026-08-08", "timestamp": "2026-08-08T12:33:00+07:00", "satelit": "NASA-NOAA20", "confidence": "High"}}, {"type": "Feature", "geometry": {"type": "Point", "coordinates": [110.69195, -0.31212]}, "properties": {"kab_kota": "SEKADAU", "kecamatan": "Nanga Taman", "desa": "Nanga Mongko", "tanggal": "2026-08-08", "timestamp": "2026-08-08T12:33:00+07:00", "satelit": "NASA-NOAA20", "confidence": "High"}}, {"type": "Feature", "geometry": {"type": "Point", "coordinates": [110.70041, -0.32476]}, "properties": {"kab_kota": "SEKADAU", "kecamatan": "Nanga Taman", "desa": "Nanga Mongko", "tanggal": "2026-08-31", "timestamp": "2026-08-31T13:44:00+07:00", "satelit": "NASA-NOAA20", "confidence": "High"}}, {"type": "Feature", "geometry": {"type": "Point", "coordinates": [110.88967, -0.39436]}, "properties": {"kab_kota": "SEKADAU", "kecamatan": "Nanga Taman", "desa": "Pantok", "tanggal": "2026-08-08", "timestamp": "2026-08-08T12:33:00+07:00", "satelit": "NASA-NOAA20", "confidence": "High"}}, {"type": "Feature", "geometry": {"type": "Point", "coordinates": [110.68642, -0.17628]}, "properties": {"kab_kota": "SEKADAU", "kecamatan": "Nanga Taman", "desa": "Tapang Tingang", "tanggal": "2026-08-31", "timestamp": "2026-08-31T13:44:00+07:00", "satelit": "NASA-NOAA20", "confidence": "High"}}, {"type": "Feature", "geometry": {"type": "Point", "coordinates": [111.00564, -0.03517]}, "properties": {"kab_kota": "SEKADAU", "kecamatan": "Sekadau Hilir", "desa": "Gonis Tekam", "tanggal": "2026-08-20", "timestamp": "2026-08-20T13:50:00+07:00", "satelit": "NASA-NOAA20", "confidence": "High"}}, {"type": "Feature", "geometry": {"type": "Point", "coordinates": [110.93439, 0.12764]}, "properties": {"kab_kota": "SEKADAU", "kecamatan": "Sekadau Hilir", "desa": "Landau Kodah", "tanggal": "2026-08-04", "timestamp": "2026-08-04T13:48:00+07:00", "satelit": "NASA-NOAA20", "confidence": "High"}}, {"type": "Feature", "geometry": {"type": "Point", "coordinates": [111.09489, 0.0181]}, "properties": {"kab_kota": "SEKADAU", "kecamatan": "Sekadau Hilir", "desa": "Tapang Semadak", "tanggal": "2026-08-31", "timestamp": "2026-08-31T13:44:00+07:00", "satelit": "NASA-NOAA20", "confidence": "High"}}, {"type": "Feature", "geometry": {"type": "Point", "coordinates": [111.09334, 0.01886]}, "properties": {"kab_kota": "SEKADAU", "kecamatan": "Sekadau Hilir", "desa": "Tapang Semadak", "tanggal": "2026-08-31", "timestamp": "2026-08-31T13:44:00+07:00", "satelit": "NASA-NOAA20", "confidence": "High"}}, {"type": "Feature", "geometry": {"type": "Point", "coordinates": [110.92734, 0.14494]}, "properties": {"kab_kota": "SEKADAU", "kecamatan": "Sekadau Hilir", "desa": "Timpuk", "tanggal": "2026-08-04", "timestamp": "2026-08-04T13:48:00+07:00", "satelit": "NASA-NOAA20", "confidence": "High"}}, {"type": "Feature", "geometry": {"type": "Point", "coordinates": [110.97791, -0.10578]}, "properties": {"kab_kota": "SEKADAU", "kecamatan": "Sekadau Hulu", "desa": "Boti", "tanggal": "2026-08-31", "timestamp": "2026-08-31T13:44:00+07:00", "satelit": "NASA-NOAA20", "confidence": "High"}}, {"type": "Feature", "geometry": {"type": "Point", "coordinates": [110.97797, -0.10251]}, "properties": {"kab_kota": "SEKADAU", "kecamatan": "Sekadau Hulu", "desa": "Boti", "tanggal": "2026-08-31", "timestamp": "2026-08-31T13:44:00+07:00", "satelit": "NASA-NOAA20", "confidence": "High"}}, {"type": "Feature", "geometry": {"type": "Point", "coordinates": [110.95251, -0.21047]}, "properties": {"kab_kota": "SEKADAU", "kecamatan": "Sekadau Hulu", "desa": "Mondi", "tanggal": "2026-08-08", "timestamp": "2026-08-08T12:33:00+07:00", "satelit": "NASA-NOAA20", "confidence": "High"}}, {"type": "Feature", "geometry": {"type": "Point", "coordinates": [110.9542, -0.20976]}, "properties": {"kab_kota": "SEKADAU", "kecamatan": "Sekadau Hulu", "desa": "Mondi", "tanggal": "2026-08-08", "timestamp": "2026-08-08T12:33:00+07:00", "satelit": "NASA-NOAA20", "confidence": "High"}}, {"type": "Feature", "geometry": {"type": "Point", "coordinates": [110.97094, -0.22846]}, "properties": {"kab_kota": "SEKADAU", "kecamatan": "Sekadau Hulu", "desa": "Mondi", "tanggal": "2026-08-14", "timestamp": "2026-08-14T12:23:00+07:00", "satelit": "NASA-NOAA20", "confidence": "High"}}, {"type": "Feature", "geometry": {"type": "Point", "coordinates": [110.94659, -0.25107]}, "properties": {"kab_kota": "SEKADAU", "kecamatan": "Sekadau Hulu", "desa": "Nanga Biaban", "tanggal": "2026-08-09", "timestamp": "2026-08-09T13:57:00+07:00", "satelit": "NASA-NOAA20", "confidence": "High"}}, {"type": "Feature", "geometry": {"type": "Point", "coordinates": [110.94569, -0.24447]}, "properties": {"kab_kota": "SEKADAU", "kecamatan": "Sekadau Hulu", "desa": "Nanga Biaban", "tanggal": "2026-08-09", "timestamp": "2026-08-09T13:57:00+07:00", "satelit": "NASA-NOAA20", "confidence": "High"}}, {"type": "Feature", "geometry": {"type": "Point", "coordinates": [111.01294, -0.05607]}, "properties": {"kab_kota": "SEKADAU", "kecamatan": "Sekadau Hulu", "desa": "Nanga Menterap", "tanggal": "2026-08-31", "timestamp": "2026-08-31T13:44:00+07:00", "satelit": "NASA-NOAA20", "confidence": "High"}}, {"type": "Feature", "geometry": {"type": "Point", "coordinates": [111.0543, -0.10246]}, "properties": {"kab_kota": "SEKADAU", "kecamatan": "Sekadau Hulu", "desa": "Nanga Pembubuh", "tanggal": "2026-08-09", "timestamp": "2026-08-09T13:57:00+07:00", "satelit": "NASA-NOAA20", "confidence": "High"}}, {"type": "Feature", "geometry": {"type": "Point", "coordinates": [110.91208, -0.07792]}, "properties": {"kab_kota": "SEKADAU", "kecamatan": "Sekadau Hulu", "desa": "Perongkan", "tanggal": "2026-08-20", "timestamp": "2026-08-20T13:50:00+07:00", "satelit": "NASA-NOAA20", "confidence": "High"}}, {"type": "Feature", "geometry": {"type": "Point", "coordinates": [110.91215, -0.07479]}, "properties": {"kab_kota": "SEKADAU", "kecamatan": "Sekadau Hulu", "desa": "Perongkan", "tanggal": "2026-08-20", "timestamp": "2026-08-20T13:50:00+07:00", "satelit": "NASA-NOAA20", "confidence": "High"}}, {"type": "Feature", "geometry": {"type": "Point", "coordinates": [111.033, -0.09858]}, "properties": {"kab_kota": "SEKADAU", "kecamatan": "Sekadau Hulu", "desa": "Setawar", "tanggal": "2026-08-20", "timestamp": "2026-08-20T13:50:00+07:00", "satelit": "NASA-NOAA20", "confidence": "High"}}, {"type": "Feature", "geometry": {"type": "Point", "coordinates": [110.98461, -0.20115]}, "properties": {"kab_kota": "SEKADAU", "kecamatan": "Sekadau Hulu", "desa": "Sungaisambang", "tanggal": "2026-08-19", "timestamp": "2026-08-19T12:27:00+07:00", "satelit": "NASA-NOAA20", "confidence": "High"}}, {"type": "Feature", "geometry": {"type": "Point", "coordinates": [111.00242, -0.17328]}, "properties": {"kab_kota": "SEKADAU", "kecamatan": "Sekadau Hulu", "desa": "Sungaisambang", "tanggal": "2026-08-20", "timestamp": "2026-08-20T13:50:00+07:00", "satelit": "NASA-NOAA20", "confidence": "High"}}, {"type": "Feature", "geometry": {"type": "Point", "coordinates": [111.00253, -0.17098]}, "properties": {"kab_kota": "SEKADAU", "kecamatan": "Sekadau Hulu", "desa": "Sungaisambang", "tanggal": "2026-08-20", "timestamp": "2026-08-20T13:50:00+07:00", "satelit": "NASA-NOAA20", "confidence": "High"}}, {"type": "Feature", "geometry": {"type": "Point", "coordinates": [110.95707, -0.16829]}, "properties": {"kab_kota": "SEKADAU", "kecamatan": "Sekadau Hulu", "desa": "Sungaisambang", "tanggal": "2026-08-20", "timestamp": "2026-08-20T13:50:00+07:00", "satelit": "NASA-NOAA20", "confidence": "High"}}, {"type": "Feature", "geometry": {"type": "Point", "coordinates": [110.95245, -0.1664]}, "properties": {"kab_kota": "SEKADAU", "kecamatan": "Sekadau Hulu", "desa": "Sungaisambang", "tanggal": "2026-08-20", "timestamp": "2026-08-20T13:50:00+07:00", "satelit": "NASA-NOAA20", "confidence": "High"}}, {"type": "Feature", "geometry": {"type": "Point", "coordinates": [111.04733, -0.31131]}, "properties": {"kab_kota": "SEKADAU", "kecamatan": "Sekadau Hulu", "desa": "Sunsong", "tanggal": "2026-08-14", "timestamp": "2026-08-14T12:23:00+07:00", "satelit": "NASA-NOAA20", "confidence": "High"}}, {"type": "Feature", "geometry": {"type": "Point", "coordinates": [110.79893, -0.13468]}, "properties": {"kab_kota": "SEKADAU", "kecamatan": "Sekadau Hulu", "desa": "Tinting Boyok", "tanggal": "2026-08-19", "timestamp": "2026-08-19T12:27:00+07:00", "satelit": "NASA-NOAA20", "confidence": "High"}}, {"type": "Feature", "geometry": {"type": "Point", "coordinates": [111.13512, 0.21804]}, "properties": {"kab_kota": "SEKADAU", "kecamatan": "Belitang", "desa": "Melanjan Raya", "tanggal": "2026-08-06", "timestamp": "2026-08-06T13:12:00+07:00", "satelit": "NASA-NOAA20", "confidence": "Low"}}, {"type": "Feature", "geometry": {"type": "Point", "coordinates": [110.95039, 0.24738]}, "properties": {"kab_kota": "SEKADAU", "kecamatan": "Belitang Hilir", "desa": "Menawai Tekam", "tanggal": "2026-08-15", "timestamp": "2026-08-15T13:44:00+07:00", "satelit": "NASA-NOAA20", "confidence": "Low"}}, {"type": "Feature", "geometry": {"type": "Point", "coordinates": [110.94961, 0.24921]}, "properties": {"kab_kota": "SEKADAU", "kecamatan": "Belitang Hilir", "desa": "Menawai Tekam", "tanggal": "2026-08-15", "timestamp": "2026-08-15T13:44:00+07:00", "satelit": "NASA-NOAA20", "confidence": "Low"}}, {"type": "Feature", "geometry": {"type": "Point", "coordinates": [110.99874, 0.20431]}, "properties": {"kab_kota": "SEKADAU", "kecamatan": "Belitang Hilir", "desa": "Merbang", "tanggal": "2026-08-20", "timestamp": "2026-08-20T13:50:00+07:00", "satelit": "NASA-NOAA20", "confidence": "Low"}}, {"type": "Feature", "geometry": {"type": "Point", "coordinates": [111.19856, 0.35469]}, "properties": {"kab_kota": "SEKADAU", "kecamatan": "Belitang Hulu", "desa": "Kumpang Ilong", "tanggal": "2026-08-06", "timestamp": "2026-08-06T13:12:00+07:00", "satelit": "NASA-NOAA20", "confidence": "Low"}}, {"type": "Feature", "geometry": {"type": "Point", "coordinates": [110.6403, -0.36824]}, "properties": {"kab_kota": "SEKADAU", "kecamatan": "Nanga Mahap", "desa": "Cenayan", "tanggal": "2026-08-12", "timestamp": "2026-08-12T12:57:00+07:00", "satelit": "NASA-NOAA20", "confidence": "Low"}}, {"type": "Feature", "geometry": {"type": "Point", "coordinates": [110.89676, -0.50669]}, "properties": {"kab_kota": "SEKADAU", "kecamatan": "Nanga Mahap", "desa": "Karang Betung", "tanggal": "2026-08-24", "timestamp": "2026-08-24T12:33:00+07:00", "satelit": "NASA-NOAA20", "confidence": "Low"}}, {"type": "Feature", "geometry": {"type": "Point", "coordinates": [110.7031, -0.51031]}, "properties": {"kab_kota": "SEKADAU", "kecamatan": "Nanga Mahap", "desa": "Landau Apin", "tanggal": "2026-08-28", "timestamp": "2026-08-28T12:57:00+07:00", "satelit": "NASA-NOAA20", "confidence": "Low"}}, {"type": "Feature", "geometry": {"type": "Point", "coordinates": [110.71833, -0.40287]}, "properties": {"kab_kota": "SEKADAU", "kecamatan": "Nanga Mahap", "desa": "Landau Kumpai", "tanggal": "2026-08-28", "timestamp": "2026-08-28T12:59:00+07:00", "satelit": "NASA-NOAA20", "confidence": "Low"}}, {"type": "Feature", "geometry": {"type": "Point", "coordinates": [110.78136, -0.62093]}, "properties": {"kab_kota": "SEKADAU", "kecamatan": "Nanga Mahap", "desa": "Lembah Beringin", "tanggal": "2026-08-28", "timestamp": "2026-08-28T12:57:00+07:00", "satelit": "NASA-NOAA20", "confidence": "Low"}}, {"type": "Feature", "geometry": {"type": "Point", "coordinates": [110.76642, -0.49714]}, "properties": {"kab_kota": "SEKADAU", "kecamatan": "Nanga Mahap", "desa": "Lembah Beringin", "tanggal": "2026-08-28", "timestamp": "2026-08-28T12:57:00+07:00", "satelit": "NASA-NOAA20", "confidence": "Low"}}, {"type": "Feature", "geometry": {"type": "Point", "coordinates": [110.77532, -0.47276]}, "properties": {"kab_kota": "SEKADAU", "kecamatan": "Nanga Mahap", "desa": "Nanga Suri", "tanggal": "2026-08-06", "timestamp": "2026-08-06T13:10:00+07:00", "satelit": "NASA-NOAA20", "confidence": "Low"}}, {"type": "Feature", "geometry": {"type": "Point", "coordinates": [110.82946, -0.43801]}, "properties": {"kab_kota": "SEKADAU", "kecamatan": "Nanga Mahap", "desa": "Sebabas", "tanggal": "2026-08-05", "timestamp": "2026-08-05T13:29:00+07:00", "satelit": "NASA-NOAA20", "confidence": "Low"}}, {"type": "Feature", "geometry": {"type": "Point", "coordinates": [110.73502, -0.52038]}, "properties": {"kab_kota": "SEKADAU", "kecamatan": "Nanga Mahap", "desa": "Telukkebau", "tanggal": "2026-08-20", "timestamp": "2026-08-20T13:50:00+07:00", "satelit": "NASA-NOAA20", "confidence": "Low"}}, {"type": "Feature", "geometry": {"type": "Point", "coordinates": [110.73589, -0.51918]}, "properties": {"kab_kota": "SEKADAU", "kecamatan": "Nanga Mahap", "desa": "Telukkebau", "tanggal": "2026-08-20", "timestamp": "2026-08-20T13:50:00+07:00", "satelit": "NASA-NOAA20", "confidence": "Low"}}, {"type": "Feature", "geometry": {"type": "Point", "coordinates": [110.65085, -0.52124]}, "properties": {"kab_kota": "SEKADAU", "kecamatan": "Nanga Mahap", "desa": "Tembaga", "tanggal": "2026-08-01", "timestamp": "2026-08-01T13:03:00+07:00", "satelit": "NASA-NOAA20", "confidence": "Low"}}, {"type": "Feature", "geometry": {"type": "Point", "coordinates": [110.63168, -0.60916]}, "properties": {"kab_kota": "SEKADAU", "kecamatan": "Nanga Mahap", "desa": "Tembaga", "tanggal": "2026-08-02", "timestamp": "2026-08-02T12:46:00+07:00", "satelit": "NASA-NOAA20", "confidence": "Low"}}, {"type": "Feature", "geometry": {"type": "Point", "coordinates": [110.64677, -0.4908]}, "properties": {"kab_kota": "SEKADAU", "kecamatan": "Nanga Mahap", "desa": "Tembaga", "tanggal": "2026-08-07", "timestamp": "2026-08-07T12:53:00+07:00", "satelit": "NASA-NOAA20", "confidence": "Low"}}, {"type": "Feature", "geometry": {"type": "Point", "coordinates": [110.64735, -0.49213]}, "properties": {"kab_kota": "SEKADAU", "kecamatan": "Nanga Mahap", "desa": "Tembaga", "tanggal": "2026-08-09", "timestamp": "2026-08-09T12:14:00+07:00", "satelit": "NASA-NOAA20", "confidence": "Low"}}, {"type": "Feature", "geometry": {"type": "Point", "coordinates": [110.68197, -0.50913]}, "properties": {"kab_kota": "SEKADAU", "kecamatan": "Nanga Mahap", "desa": "Tembaga", "tanggal": "2026-08-18", "timestamp": "2026-08-18T12:46:00+07:00", "satelit": "NASA-NOAA20", "confidence": "Low"}}, {"type": "Feature", "geometry": {"type": "Point", "coordinates": [110.66982, -0.49417]}, "properties": {"kab_kota": "SEKADAU", "kecamatan": "Nanga Mahap", "desa": "Tembaga", "tanggal": "2026-08-28", "timestamp": "2026-08-28T12:59:00+07:00", "satelit": "NASA-NOAA20", "confidence": "Low"}}, {"type": "Feature", "geometry": {"type": "Point", "coordinates": [110.86079, -0.27573]}, "properties": {"kab_kota": "SEKADAU", "kecamatan": "Nanga Taman", "desa": "Meragun", "tanggal": "2026-08-06", "timestamp": "2026-08-06T13:12:00+07:00", "satelit": "NASA-NOAA20", "confidence": "Low"}}, {"type": "Feature", "geometry": {"type": "Point", "coordinates": [110.63183, -0.32554]}, "properties": {"kab_kota": "SEKADAU", "kecamatan": "Nanga Taman", "desa": "Nanga Engkulun", "tanggal": "2026-08-09", "timestamp": "2026-08-09T12:14:00+07:00", "satelit": "NASA-NOAA20", "confidence": "Low"}}, {"type": "Feature", "geometry": {"type": "Point", "coordinates": [110.69067, -0.37757]}, "properties": {"kab_kota": "SEKADAU", "kecamatan": "Nanga Taman", "desa": "Nanga Engkulun", "tanggal": "2026-08-11", "timestamp": "2026-08-11T13:18:00+07:00", "satelit": "NASA-NOAA20", "confidence": "Low"}}, {"type": "Feature", "geometry": {"type": "Point", "coordinates": [110.59478, -0.30603]}, "properties": {"kab_kota": "SEKADAU", "kecamatan": "Nanga Taman", "desa": "Nanga Engkulun", "tanggal": "2026-08-18", "timestamp": "2026-08-18T12:46:00+07:00", "satelit": "NASA-NOAA20", "confidence": "Low"}}, {"type": "Feature", "geometry": {"type": "Point", "coordinates": [110.66286, -0.36895]}, "properties": {"kab_kota": "SEKADAU", "kecamatan": "Nanga Taman", "desa": "Nanga Engkulun", "tanggal": "2026-08-28", "timestamp": "2026-08-28T12:59:00+07:00", "satelit": "NASA-NOAA20", "confidence": "Low"}}, {"type": "Feature", "geometry": {"type": "Point", "coordinates": [110.65553, -0.34637]}, "properties": {"kab_kota": "SEKADAU", "kecamatan": "Nanga Taman", "desa": "Nanga Engkulun", "tanggal": "2026-08-28", "timestamp": "2026-08-28T12:59:00+07:00", "satelit": "NASA-NOAA20", "confidence": "Low"}}, {"type": "Feature", "geometry": {"type": "Point", "coordinates": [110.68128, -0.30326]}, "properties": {"kab_kota": "SEKADAU", "kecamatan": "Nanga Taman", "desa": "Nanga Mongko", "tanggal": "2026-08-06", "timestamp": "2026-08-06T13:12:00+07:00", "satelit": "NASA-NOAA20", "confidence": "Low"}}, {"type": "Feature", "geometry": {"type": "Point", "coordinates": [110.64997, -0.27373]}, "properties": {"kab_kota": "SEKADAU", "kecamatan": "Nanga Taman", "desa": "Nanga Mongko", "tanggal": "2026-08-18", "timestamp": "2026-08-18T12:46:00+07:00", "satelit": "NASA-NOAA20", "confidence": "Low"}}, {"type": "Feature", "geometry": {"type": "Point", "coordinates": [110.86949, -0.3831]}, "properties": {"kab_kota": "SEKADAU", "kecamatan": "Nanga Taman", "desa": "Pantok", "tanggal": "2026-08-06", "timestamp": "2026-08-06T13:10:00+07:00", "satelit": "NASA-NOAA20", "confidence": "Low"}}, {"type": "Feature", "geometry": {"type": "Point", "coordinates": [110.82507, -0.37278]}, "properties": {"kab_kota": "SEKADAU", "kecamatan": "Nanga Taman", "desa": "Pantok", "tanggal": "2026-08-06", "timestamp": "2026-08-06T13:10:00+07:00", "satelit": "NASA-NOAA20", "confidence": "Low"}}, {"type": "Feature", "geometry": {"type": "Point", "coordinates": [110.71524, -0.275]}, "properties": {"kab_kota": "SEKADAU", "kecamatan": "Nanga Taman", "desa": "Senangak", "tanggal": "2026-08-06", "timestamp": "2026-08-06T13:12:00+07:00", "satelit": "NASA-NOAA20", "confidence": "Low"}}, {"type": "Feature", "geometry": {"type": "Point", "coordinates": [110.64503, -0.18405]}, "properties": {"kab_kota": "SEKADAU", "kecamatan": "Nanga Taman", "desa": "Senangak", "tanggal": "2026-08-21", "timestamp": "2026-08-21T13:29:00+07:00", "satelit": "NASA-NOAA20", "confidence": "Low"}}, {"type": "Feature", "geometry": {"type": "Point", "coordinates": [110.93542, 0.01224]}, "properties": {"kab_kota": "SEKADAU", "kecamatan": "Sekadau Hilir", "desa": "Mungguk", "tanggal": "2026-08-28", "timestamp": "2026-08-28T12:59:00+07:00", "satelit": "NASA-NOAA20", "confidence": "Low"}}, {"type": "Feature", "geometry": {"type": "Point", "coordinates": [110.93858, 0.01621]}, "properties": {"kab_kota": "SEKADAU", "kecamatan": "Sekadau Hilir", "desa": "Mungguk", "tanggal": "2026-08-28", "timestamp": "2026-08-28T12:59:00+07:00", "satelit": "NASA-NOAA20", "confidence": "Low"}}, {"type": "Feature", "geometry": {"type": "Point", "coordinates": [110.73972, -0.03708]}, "properties": {"kab_kota": "SEKADAU", "kecamatan": "Sekadau Hilir", "desa": "Peniti", "tanggal": "2026-08-06", "timestamp": "2026-08-06T13:12:00+07:00", "satelit": "NASA-NOAA20", "confidence": "Low"}}, {"type": "Feature", "geometry": {"type": "Point", "coordinates": [110.89315, 0.06853]}, "properties": {"kab_kota": "SEKADAU", "kecamatan": "Sekadau Hilir", "desa": "Seberang Kapuas", "tanggal": "2026-08-28", "timestamp": "2026-08-28T12:59:00+07:00", "satelit": "NASA-NOAA20", "confidence": "Low"}}, {"type": "Feature", "geometry": {"type": "Point", "coordinates": [110.89382, -0.04175]}, "properties": {"kab_kota": "SEKADAU", "kecamatan": "Sekadau Hilir", "desa": "Selalong", "tanggal": "2026-08-09", "timestamp": "2026-08-09T13:57:00+07:00", "satelit": "NASA-NOAA20", "confidence": "Low"}}, {"type": "Feature", "geometry": {"type": "Point", "coordinates": [111.12503, -0.01457]}, "properties": {"kab_kota": "SEKADAU", "kecamatan": "Sekadau Hilir", "desa": "Tapang Semadak", "tanggal": "2026-08-01", "timestamp": "2026-08-01T13:03:00+07:00", "satelit": "NASA-NOAA20", "confidence": "Low"}}, {"type": "Feature", "geometry": {"type": "Point", "coordinates": [110.91756, 0.22076]}, "properties": {"kab_kota": "SEKADAU", "kecamatan": "Sekadau Hilir", "desa": "Timpuk", "tanggal": "2026-08-06", "timestamp": "2026-08-06T13:12:00+07:00", "satelit": "NASA-NOAA20", "confidence": "Low"}}, {"type": "Feature", "geometry": {"type": "Point", "coordinates": [110.91531, 0.21871]}, "properties": {"kab_kota": "SEKADAU", "kecamatan": "Sekadau Hilir", "desa": "Timpuk", "tanggal": "2026-08-28", "timestamp": "2026-08-28T12:59:00+07:00", "satelit": "NASA-NOAA20", "confidence": "Low"}}, {"type": "Feature", "geometry": {"type": "Point", "coordinates": [110.89949, -0.22655]}, "properties": {"kab_kota": "SEKADAU", "kecamatan": "Sekadau Hulu", "desa": "Cupang Gading", "tanggal": "2026-08-10", "timestamp": "2026-08-10T13:35:00+07:00", "satelit": "NASA-NOAA20", "confidence": "Low"}}, {"type": "Feature", "geometry": {"type": "Point", "coordinates": [110.90944, -0.26066]}, "properties": {"kab_kota": "SEKADAU", "kecamatan": "Sekadau Hulu", "desa": "Cupang Gading", "tanggal": "2026-08-21", "timestamp": "2026-08-21T13:29:00+07:00", "satelit": "NASA-NOAA20", "confidence": "Low"}}, {"type": "Feature", "geometry": {"type": "Point", "coordinates": [110.94888, -0.21901]}, "properties": {"kab_kota": "SEKADAU", "kecamatan": "Sekadau Hulu", "desa": "Mondi", "tanggal": "2026-08-06", "timestamp": "2026-08-06T13:12:00+07:00", "satelit": "NASA-NOAA20", "confidence": "Low"}}, {"type": "Feature", "geometry": {"type": "Point", "coordinates": [110.98958, -0.24522]}, "properties": {"kab_kota": "SEKADAU", "kecamatan": "Sekadau Hulu", "desa": "Mondi", "tanggal": "2026-08-07", "timestamp": "2026-08-07T12:53:00+07:00", "satelit": "NASA-NOAA20", "confidence": "Low"}}, {"type": "Feature", "geometry": {"type": "Point", "coordinates": [110.94801, -0.2458]}, "properties": {"kab_kota": "SEKADAU", "kecamatan": "Sekadau Hulu", "desa": "Nanga Biaban", "tanggal": "2026-08-09", "timestamp": "2026-08-09T13:57:00+07:00", "satelit": "NASA-NOAA20", "confidence": "Low"}}, {"type": "Feature", "geometry": {"type": "Point", "coordinates": [110.96059, -0.07471]}, "properties": {"kab_kota": "SEKADAU", "kecamatan": "Sekadau Hulu", "desa": "Nanga Menterap", "tanggal": "2026-08-10", "timestamp": "2026-08-10T13:35:00+07:00", "satelit": "NASA-NOAA20", "confidence": "Low"}}, {"type": "Feature", "geometry": {"type": "Point", "coordinates": [110.95915, -0.07593]}, "properties": {"kab_kota": "SEKADAU", "kecamatan": "Sekadau Hulu", "desa": "Nanga Menterap", "tanggal": "2026-08-11", "timestamp": "2026-08-11T13:18:00+07:00", "satelit": "NASA-NOAA20", "confidence": "Low"}}, {"type": "Feature", "geometry": {"type": "Point", "coordinates": [110.92595, -0.04561]}, "properties": {"kab_kota": "SEKADAU", "kecamatan": "Sekadau Hulu", "desa": "Nanga Menterap", "tanggal": "2026-08-11", "timestamp": "2026-08-11T13:18:00+07:00", "satelit": "NASA-NOAA20", "confidence": "Low"}}, {"type": "Feature", "geometry": {"type": "Point", "coordinates": [110.8013, -0.19614]}, "properties": {"kab_kota": "SEKADAU", "kecamatan": "Sekadau Hulu", "desa": "Sekonau", "tanggal": "2026-08-01", "timestamp": "2026-08-01T13:03:00+07:00", "satelit": "NASA-NOAA20", "confidence": "Low"}}, {"type": "Feature", "geometry": {"type": "Point", "coordinates": [110.71886, -0.08411]}, "properties": {"kab_kota": "SEKADAU", "kecamatan": "Sekadau Hulu", "desa": "Tinting Boyok", "tanggal": "2026-08-11", "timestamp": "2026-08-11T13:18:00+07:00", "satelit": "NASA-NOAA20", "confidence": "Low"}}, {"type": "Feature", "geometry": {"type": "Point", "coordinates": [111.1809, 0.15922]}, "properties": {"kab_kota": "SEKADAU", "kecamatan": "Belitang", "desa": "Maboh Permai", "tanggal": "2026-08-06", "timestamp": "2026-08-06T13:12:00+07:00", "satelit": "NASA-NOAA20", "confidence": "Medium"}}, {"type": "Feature", "geometry": {"type": "Point", "coordinates": [111.13274, 0.173]}, "properties": {"kab_kota": "SEKADAU", "kecamatan": "Belitang", "desa": "Melanjan Raya", "tanggal": "2026-08-10", "timestamp": "2026-08-10T13:35:00+07:00", "satelit": "NASA-NOAA20", "confidence": "Medium"}}, {"type": "Feature", "geometry": {"type": "Point", "coordinates": [111.13053, 0.17471]}, "properties": {"kab_kota": "SEKADAU", "kecamatan": "Belitang", "desa": "Melanjan Raya", "tanggal": "2026-08-10", "timestamp": "2026-08-10T13:35:00+07:00", "satelit": "NASA-NOAA20", "confidence": "Medium"}}, {"type": "Feature", "geometry": {"type": "Point", "coordinates": [111.15501, 0.24127]}, "properties": {"kab_kota": "SEKADAU", "kecamatan": "Belitang", "desa": "Melanjan Raya", "tanggal": "2026-08-16", "timestamp": "2026-08-16T13:25:00+07:00", "satelit": "NASA-NOAA20", "confidence": "Medium"}}, {"type": "Feature", "geometry": {"type": "Point", "coordinates": [111.16118, 0.28227]}, "properties": {"kab_kota": "SEKADAU", "kecamatan": "Belitang", "desa": "Menua Prama", "tanggal": "2026-08-04", "timestamp": "2026-08-04T13:50:00+07:00", "satelit": "NASA-NOAA20", "confidence": "Medium"}}, {"type": "Feature", "geometry": {"type": "Point", "coordinates": [111.14581, 0.2828]}, "properties": {"kab_kota": "SEKADAU", "kecamatan": "Belitang", "desa": "Menua Prama", "tanggal": "2026-08-09", "timestamp": "2026-08-09T01:13:00+07:00", "satelit": "NASA-NOAA20", "confidence": "Medium"}}, {"type": "Feature", "geometry": {"type": "Point", "coordinates": [111.13974, 0.27827]}, "properties": {"kab_kota": "SEKADAU", "kecamatan": "Belitang", "desa": "Menua Prama", "tanggal": "2026-08-09", "timestamp": "2026-08-09T12:14:00+07:00", "satelit": "NASA-NOAA20", "confidence": "Medium"}}, {"type": "Feature", "geometry": {"type": "Point", "coordinates": [111.14827, 0.28131]}, "properties": {"kab_kota": "SEKADAU", "kecamatan": "Belitang", "desa": "Menua Prama", "tanggal": "2026-08-17", "timestamp": "2026-08-17T13:05:00+07:00", "satelit": "NASA-NOAA20", "confidence": "Medium"}}, {"type": "Feature", "geometry": {"type": "Point", "coordinates": [111.13924, 0.28519]}, "properties": {"kab_kota": "SEKADAU", "kecamatan": "Belitang", "desa": "Menua Prama", "tanggal": "2026-08-28", "timestamp": "2026-08-28T12:59:00+07:00", "satelit": "NASA-NOAA20", "confidence": "Medium"}}, {"type": "Feature", "geometry": {"type": "Point", "coordinates": [111.1547, 0.27562]}, "properties": {"kab_kota": "SEKADAU", "kecamatan": "Belitang", "desa": "Menua Prama", "tanggal": "2026-08-29", "timestamp": "2026-08-29T12:40:00+07:00", "satelit": "NASA-NOAA20", "confidence": "Medium"}}, {"type": "Feature", "geometry": {"type": "Point", "coordinates": [111.14548, 0.27872]}, "properties": {"kab_kota": "SEKADAU", "kecamatan": "Belitang", "desa": "Menua Prama", "tanggal": "2026-08-29", "timestamp": "2026-08-29T12:40:00+07:00", "satelit": "NASA-NOAA20", "confidence": "Medium"}}, {"type": "Feature", "geometry": {"type": "Point", "coordinates": [111.14652, 0.27881]}, "properties": {"kab_kota": "SEKADAU", "kecamatan": "Belitang", "desa": "Menua Prama", "tanggal": "2026-08-29", "timestamp": "2026-08-29T12:40:00+07:00", "satelit": "NASA-NOAA20", "confidence": "Medium"}}, {"type": "Feature", "geometry": {"type": "Point", "coordinates": [111.22807, 0.29319]}, "properties": {"kab_kota": "SEKADAU", "kecamatan": "Belitang", "desa": "Nanga Ansar", "tanggal": "2026-08-01", "timestamp": "2026-08-01T13:03:00+07:00", "satelit": "NASA-NOAA20", "confidence": "Medium"}}, {"type": "Feature", "geometry": {"type": "Point", "coordinates": [111.22758, 0.2965]}, "properties": {"kab_kota": "SEKADAU", "kecamatan": "Belitang", "desa": "Nanga Ansar", "tanggal": "2026-08-01", "timestamp": "2026-08-01T13:03:00+07:00", "satelit": "NASA-NOAA20", "confidence": "Medium"}}, {"type": "Feature", "geometry": {"type": "Point", "coordinates": [111.20955, 0.30865]}, "properties": {"kab_kota": "SEKADAU", "kecamatan": "Belitang", "desa": "Nanga Ansar", "tanggal": "2026-08-04", "timestamp": "2026-08-04T13:50:00+07:00", "satelit": "NASA-NOAA20", "confidence": "Medium"}}, {"type": "Feature", "geometry": {"type": "Point", "coordinates": [111.21422, 0.30939]}, "properties": {"kab_kota": "SEKADAU", "kecamatan": "Belitang", "desa": "Nanga Ansar", "tanggal": "2026-08-04", "timestamp": "2026-08-04T13:50:00+07:00", "satelit": "NASA-NOAA20", "confidence": "Medium"}}, {"type": "Feature", "geometry": {"type": "Point", "coordinates": [111.13727, 0.32926]}, "properties": {"kab_kota": "SEKADAU", "kecamatan": "Belitang", "desa": "Nanga Ansar", "tanggal": "2026-08-04", "timestamp": "2026-08-04T13:50:00+07:00", "satelit": "NASA-NOAA20", "confidence": "Medium"}}, {"type": "Feature", "geometry": {"type": "Point", "coordinates": [111.11893, 0.31318]}, "properties": {"kab_kota": "SEKADAU", "kecamatan": "Belitang", "desa": "Nanga Ansar", "tanggal": "2026-08-05", "timestamp": "2026-08-05T13:29:00+07:00", "satelit": "NASA-NOAA20", "confidence": "Medium"}}, {"type": "Feature", "geometry": {"type": "Point", "coordinates": [111.11837, 0.3135]}, "properties": {"kab_kota": "SEKADAU", "kecamatan": "Belitang", "desa": "Nanga Ansar", "tanggal": "2026-08-05", "timestamp": "2026-08-05T13:29:00+07:00", "satelit": "NASA-NOAA20", "confidence": "Medium"}}, {"type": "Feature", "geometry": {"type": "Point", "coordinates": [111.20985, 0.32082]}, "properties": {"kab_kota": "SEKADAU", "kecamatan": "Belitang", "desa": "Nanga Ansar", "tanggal": "2026-08-06", "timestamp": "2026-08-06T00:30:00+07:00", "satelit": "NASA-NOAA20", "confidence": "Medium"}}, {"type": "Feature", "geometry": {"type": "Point", "coordinates": [111.20802, 0.27121]}, "properties": {"kab_kota": "SEKADAU", "kecamatan": "Belitang", "desa": "Nanga Ansar", "tanggal": "2026-08-07", "timestamp": "2026-08-07T12:53:00+07:00", "satelit": "NASA-NOAA20", "confidence": "Medium"}}, {"type": "Feature", "geometry": {"type": "Point", "coordinates": [111.19128, 0.29333]}, "properties": {"kab_kota": "SEKADAU", "kecamatan": "Belitang", "desa": "Nanga Ansar", "tanggal": "2026-08-09", "timestamp": "2026-08-09T12:14:00+07:00", "satelit": "NASA-NOAA20", "confidence": "Medium"}}, {"type": "Feature", "geometry": {"type": "Point", "coordinates": [111.11164, 0.30272]}, "properties": {"kab_kota": "SEKADAU", "kecamatan": "Belitang", "desa": "Nanga Ansar", "tanggal": "2026-08-10", "timestamp": "2026-08-10T13:35:00+07:00", "satelit": "NASA-NOAA20", "confidence": "Medium"}}, {"type": "Feature", "geometry": {"type": "Point", "coordinates": [111.10856, 0.30406]}, "properties": {"kab_kota": "SEKADAU", "kecamatan": "Belitang", "desa": "Nanga Ansar", "tanggal": "2026-08-10", "timestamp": "2026-08-10T13:35:00+07:00", "satelit": "NASA-NOAA20", "confidence": "Medium"}}, {"type": "Feature", "geometry": {"type": "Point", "coordinates": [111.11407, 0.3049]}, "properties": {"kab_kota": "SEKADAU", "kecamatan": "Belitang", "desa": "Nanga Ansar", "tanggal": "2026-08-10", "timestamp": "2026-08-10T13:35:00+07:00", "satelit": "NASA-NOAA20", "confidence": "Medium"}}, {"type": "Feature", "geometry": {"type": "Point", "coordinates": [111.21507, 0.31513]}, "properties": {"kab_kota": "SEKADAU", "kecamatan": "Belitang", "desa": "Nanga Ansar", "tanggal": "2026-08-10", "timestamp": "2026-08-10T13:35:00+07:00", "satelit": "NASA-NOAA20", "confidence": "Medium"}}, {"type": "Feature", "geometry": {"type": "Point", "coordinates": [111.21158, 0.31866]}, "properties": {"kab_kota": "SEKADAU", "kecamatan": "Belitang", "desa": "Nanga Ansar", "tanggal": "2026-08-10", "timestamp": "2026-08-10T13:35:00+07:00", "satelit": "NASA-NOAA20", "confidence": "Medium"}}, {"type": "Feature", "geometry": {"type": "Point", "coordinates": [111.20303, 0.31122]}, "properties": {"kab_kota": "SEKADAU", "kecamatan": "Belitang", "desa": "Nanga Ansar", "tanggal": "2026-08-21", "timestamp": "2026-08-21T13:29:00+07:00", "satelit": "NASA-NOAA20", "confidence": "Medium"}}, {"type": "Feature", "geometry": {"type": "Point", "coordinates": [111.14536, 0.26109]}, "properties": {"kab_kota": "SEKADAU", "kecamatan": "Belitang", "desa": "Padak", "tanggal": "2026-08-04", "timestamp": "2026-08-04T13:50:00+07:00", "satelit": "NASA-NOAA20", "confidence": "Medium"}}, {"type": "Feature", "geometry": {"type": "Point", "coordinates": [111.14087, 0.25691]}, "properties": {"kab_kota": "SEKADAU", "kecamatan": "Belitang", "desa": "Padak", "tanggal": "2026-08-10", "timestamp": "2026-08-10T13:35:00+07:00", "satelit": "NASA-NOAA20", "confidence": "Medium"}}, {"type": "Feature", "geometry": {"type": "Point", "coordinates": [111.03941, 0.21829]}, "properties": {"kab_kota": "SEKADAU", "kecamatan": "Belitang Hilir", "desa": "Empajak", "tanggal": "2026-08-04", "timestamp": "2026-08-04T13:48:00+07:00", "satelit": "NASA-NOAA20", "confidence": "Medium"}}, {"type": "Feature", "geometry": {"type": "Point", "coordinates": [111.03944, 0.21983]}, "properties": {"kab_kota": "SEKADAU", "kecamatan": "Belitang Hilir", "desa": "Empajak", "tanggal": "2026-08-04", "timestamp": "2026-08-04T13:50:00+07:00", "satelit": "NASA-NOAA20", "confidence": "Medium"}}, {"type": "Feature", "geometry": {"type": "Point", "coordinates": [111.04662, 0.19405]}, "properties": {"kab_kota": "SEKADAU", "kecamatan": "Belitang Hilir", "desa": "Empajak", "tanggal": "2026-08-06", "timestamp": "2026-08-06T13:12:00+07:00", "satelit": "NASA-NOAA20", "confidence": "Medium"}}, {"type": "Feature", "geometry": {"type": "Point", "coordinates": [111.05022, 0.1946]}, "properties": {"kab_kota": "SEKADAU", "kecamatan": "Belitang Hilir", "desa": "Empajak", "tanggal": "2026-08-06", "timestamp": "2026-08-06T13:12:00+07:00", "satelit": "NASA-NOAA20", "confidence": "Medium"}}, {"type": "Feature", "geometry": {"type": "Point", "coordinates": [111.05306, 0.19538]}, "properties": {"kab_kota": "SEKADAU", "kecamatan": "Belitang Hilir", "desa": "Empajak", "tanggal": "2026-08-09", "timestamp": "2026-08-09T13:57:00+07:00", "satelit": "NASA-NOAA20", "confidence": "Medium"}}, {"type": "Feature", "geometry": {"type": "Point", "coordinates": [111.0563, 0.20262]}, "properties": {"kab_kota": "SEKADAU", "kecamatan": "Belitang Hilir", "desa": "Empajak", "tanggal": "2026-08-21", "timestamp": "2026-08-21T13:29:00+07:00", "satelit": "NASA-NOAA20", "confidence": "Medium"}}, {"type": "Feature", "geometry": {"type": "Point", "coordinates": [111.07578, 0.18802]}, "properties": {"kab_kota": "SEKADAU", "kecamatan": "Belitang Hilir", "desa": "Empajak", "tanggal": "2026-08-29", "timestamp": "2026-08-29T01:41:00+07:00", "satelit": "NASA-NOAA20", "confidence": "Medium"}}, {"type": "Feature", "geometry": {"type": "Point", "coordinates": [111.21538, 0.09359]}, "properties": {"kab_kota": "SEKADAU", "kecamatan": "Belitang Hilir", "desa": "Entabuk", "tanggal": "2026-08-10", "timestamp": "2026-08-10T13:35:00+07:00", "satelit": "NASA-NOAA20", "confidence": "Medium"}}, {"type": "Feature", "geometry": {"type": "Point", "coordinates": [111.21246, 0.0945]}, "properties": {"kab_kota": "SEKADAU", "kecamatan": "Belitang Hilir", "desa": "Entabuk", "tanggal": "2026-08-10", "timestamp": "2026-08-10T13:35:00+07:00", "satelit": "NASA-NOAA20", "confidence": "Medium"}}, {"type": "Feature", "geometry": {"type": "Point", "coordinates": [111.11936, 0.2742]}, "properties": {"kab_kota": "SEKADAU", "kecamatan": "Belitang Hilir", "desa": "Kumpang Bis", "tanggal": "2026-08-03", "timestamp": "2026-08-03T12:27:00+07:00", "satelit": "NASA-NOAA20", "confidence": "Medium"}}, {"type": "Feature", "geometry": {"type": "Point", "coordinates": [111.1163, 0.27434]}, "properties": {"kab_kota": "SEKADAU", "kecamatan": "Belitang Hilir", "desa": "Kumpang Bis", "tanggal": "2026-08-03", "timestamp": "2026-08-03T12:27:00+07:00", "satelit": "NASA-NOAA20", "confidence": "Medium"}}, {"type": "Feature", "geometry": {"type": "Point", "coordinates": [111.1185, 0.27969]}, "properties": {"kab_kota": "SEKADAU", "kecamatan": "Belitang Hilir", "desa": "Kumpang Bis", "tanggal": "2026-08-03", "timestamp": "2026-08-03T12:27:00+07:00", "satelit": "NASA-NOAA20", "confidence": "Medium"}}, {"type": "Feature", "geometry": {"type": "Point", "coordinates": [111.09344, 0.26542]}, "properties": {"kab_kota": "SEKADAU", "kecamatan": "Belitang Hilir", "desa": "Kumpang Bis", "tanggal": "2026-08-04", "timestamp": "2026-08-04T13:50:00+07:00", "satelit": "NASA-NOAA20", "confidence": "Medium"}}, {"type": "Feature", "geometry": {"type": "Point", "coordinates": [111.0706, 0.22672]}, "properties": {"kab_kota": "SEKADAU", "kecamatan": "Belitang Hilir", "desa": "Kumpang Bis", "tanggal": "2026-08-06", "timestamp": "2026-08-06T13:12:00+07:00", "satelit": "NASA-NOAA20", "confidence": "Medium"}}, {"type": "Feature", "geometry": {"type": "Point", "coordinates": [111.0701, 0.2301]}, "properties": {"kab_kota": "SEKADAU", "kecamatan": "Belitang Hilir", "desa": "Kumpang Bis", "tanggal": "2026-08-06", "timestamp": "2026-08-06T13:12:00+07:00", "satelit": "NASA-NOAA20", "confidence": "Medium"}}, {"type": "Feature", "geometry": {"type": "Point", "coordinates": [111.02489, 0.23706]}, "properties": {"kab_kota": "SEKADAU", "kecamatan": "Belitang Hilir", "desa": "Kumpang Bis", "tanggal": "2026-08-06", "timestamp": "2026-08-06T13:12:00+07:00", "satelit": "NASA-NOAA20", "confidence": "Medium"}}, {"type": "Feature", "geometry": {"type": "Point", "coordinates": [111.0285, 0.23761]}, "properties": {"kab_kota": "SEKADAU", "kecamatan": "Belitang Hilir", "desa": "Kumpang Bis", "tanggal": "2026-08-06", "timestamp": "2026-08-06T13:12:00+07:00", "satelit": "NASA-NOAA20", "confidence": "Medium"}}, {"type": "Feature", "geometry": {"type": "Point", "coordinates": [111.11647, 0.26481]}, "properties": {"kab_kota": "SEKADAU", "kecamatan": "Belitang Hilir", "desa": "Kumpang Bis", "tanggal": "2026-08-06", "timestamp": "2026-08-06T13:12:00+07:00", "satelit": "NASA-NOAA20", "confidence": "Medium"}}, {"type": "Feature", "geometry": {"type": "Point", "coordinates": [111.11597, 0.2682]}, "properties": {"kab_kota": "SEKADAU", "kecamatan": "Belitang Hilir", "desa": "Kumpang Bis", "tanggal": "2026-08-06", "timestamp": "2026-08-06T13:12:00+07:00", "satelit": "NASA-NOAA20", "confidence": "Medium"}}, {"type": "Feature", "geometry": {"type": "Point", "coordinates": [111.0786, 0.22045]}, "properties": {"kab_kota": "SEKADAU", "kecamatan": "Belitang Hilir", "desa": "Kumpang Bis", "tanggal": "2026-08-07", "timestamp": "2026-08-07T12:53:00+07:00", "satelit": "NASA-NOAA20", "confidence": "Medium"}}, {"type": "Feature", "geometry": {"type": "Point", "coordinates": [111.06243, 0.22783]}, "properties": {"kab_kota": "SEKADAU", "kecamatan": "Belitang Hilir", "desa": "Kumpang Bis", "tanggal": "2026-08-08", "timestamp": "2026-08-08T12:33:00+07:00", "satelit": "NASA-NOAA20", "confidence": "Medium"}}, {"type": "Feature", "geometry": {"type": "Point", "coordinates": [111.05956, 0.2313]}, "properties": {"kab_kota": "SEKADAU", "kecamatan": "Belitang Hilir", "desa": "Kumpang Bis", "tanggal": "2026-08-08", "timestamp": "2026-08-08T12:33:00+07:00", "satelit": "NASA-NOAA20", "confidence": "Medium"}}, {"type": "Feature", "geometry": {"type": "Point", "coordinates": [111.09832, 0.29748]}, "properties": {"kab_kota": "SEKADAU", "kecamatan": "Belitang Hilir", "desa": "Kumpang Bis", "tanggal": "2026-08-10", "timestamp": "2026-08-10T13:35:00+07:00", "satelit": "NASA-NOAA20", "confidence": "Medium"}}, {"type": "Feature", "geometry": {"type": "Point", "coordinates": [111.09518, 0.3001]}, "properties": {"kab_kota": "SEKADAU", "kecamatan": "Belitang Hilir", "desa": "Kumpang Bis", "tanggal": "2026-08-10", "timestamp": "2026-08-10T13:35:00+07:00", "satelit": "NASA-NOAA20", "confidence": "Medium"}}, {"type": "Feature", "geometry": {"type": "Point", "coordinates": [111.07439, 0.34411]}, "properties": {"kab_kota": "SEKADAU", "kecamatan": "Belitang Hilir", "desa": "Kumpang Bis", "tanggal": "2026-08-10", "timestamp": "2026-08-10T13:35:00+07:00", "satelit": "NASA-NOAA20", "confidence": "Medium"}}, {"type": "Feature", "geometry": {"type": "Point", "coordinates": [111.07116, 0.21886]}, "properties": {"kab_kota": "SEKADAU", "kecamatan": "Belitang Hilir", "desa": "Kumpang Bis", "tanggal": "2026-08-11", "timestamp": "2026-08-11T13:18:00+07:00", "satelit": "NASA-NOAA20", "confidence": "Medium"}}, {"type": "Feature", "geometry": {"type": "Point", "coordinates": [111.09495, 0.2604]}, "properties": {"kab_kota": "SEKADAU", "kecamatan": "Belitang Hilir", "desa": "Kumpang Bis", "tanggal": "2026-08-16", "timestamp": "2026-08-16T13:25:00+07:00", "satelit": "NASA-NOAA20", "confidence": "Medium"}}, {"type": "Feature", "geometry": {"type": "Point", "coordinates": [111.04328, 0.26046]}, "properties": {"kab_kota": "SEKADAU", "kecamatan": "Belitang Hilir", "desa": "Kumpang Bis", "tanggal": "2026-08-16", "timestamp": "2026-08-16T13:25:00+07:00", "satelit": "NASA-NOAA20", "confidence": "Medium"}}, {"type": "Feature", "geometry": {"type": "Point", "coordinates": [111.04679, 0.23709]}, "properties": {"kab_kota": "SEKADAU", "kecamatan": "Belitang Hilir", "desa": "Kumpang Bis", "tanggal": "2026-08-21", "timestamp": "2026-08-21T13:29:00+07:00", "satelit": "NASA-NOAA20", "confidence": "Medium"}}, {"type": "Feature", "geometry": {"type": "Point", "coordinates": [111.08505, 0.27909]}, "properties": {"kab_kota": "SEKADAU", "kecamatan": "Belitang Hilir", "desa": "Kumpang Bis", "tanggal": "2026-08-22", "timestamp": "2026-08-22T13:12:00+07:00", "satelit": "NASA-NOAA20", "confidence": "Medium"}}, {"type": "Feature", "geometry": {"type": "Point", "coordinates": [111.08865, 0.27965]}, "properties": {"kab_kota": "SEKADAU", "kecamatan": "Belitang Hilir", "desa": "Kumpang Bis", "tanggal": "2026-08-22", "timestamp": "2026-08-22T13:12:00+07:00", "satelit": "NASA-NOAA20", "confidence": "Medium"}}, {"type": "Feature", "geometry": {"type": "Point", "coordinates": [111.02658, 0.243]}, "properties": {"kab_kota": "SEKADAU", "kecamatan": "Belitang Hilir", "desa": "Kumpang Bis", "tanggal": "2026-08-25", "timestamp": "2026-08-25T12:16:00+07:00", "satelit": "NASA-NOAA20", "confidence": "Medium"}}, {"type": "Feature", "geometry": {"type": "Point", "coordinates": [111.02764, 0.24567]}, "properties": {"kab_kota": "SEKADAU", "kecamatan": "Belitang Hilir", "desa": "Kumpang Bis", "tanggal": "2026-08-25", "timestamp": "2026-08-25T12:16:00+07:00", "satelit": "NASA-NOAA20", "confidence": "Medium"}}, {"type": "Feature", "geometry": {"type": "Point", "coordinates": [111.03204, 0.23247]}, "properties": {"kab_kota": "SEKADAU", "kecamatan": "Belitang Hilir", "desa": "Kumpang Bis", "tanggal": "2026-08-26", "timestamp": "2026-08-26T13:37:00+07:00", "satelit": "NASA-NOAA20", "confidence": "Medium"}}, {"type": "Feature", "geometry": {"type": "Point", "coordinates": [111.03761, 0.23333]}, "properties": {"kab_kota": "SEKADAU", "kecamatan": "Belitang Hilir", "desa": "Kumpang Bis", "tanggal": "2026-08-26", "timestamp": "2026-08-26T13:37:00+07:00", "satelit": "NASA-NOAA20", "confidence": "Medium"}}, {"type": "Feature", "geometry": {"type": "Point", "coordinates": [111.07547, 0.23613]}, "properties": {"kab_kota": "SEKADAU", "kecamatan": "Belitang Hilir", "desa": "Kumpang Bis", "tanggal": "2026-08-31", "timestamp": "2026-08-31T13:44:00+07:00", "satelit": "NASA-NOAA20", "confidence": "Medium"}}, {"type": "Feature", "geometry": {"type": "Point", "coordinates": [111.0286, 0.24464]}, "properties": {"kab_kota": "SEKADAU", "kecamatan": "Belitang Hilir", "desa": "Kumpang Bis", "tanggal": "2026-08-31", "timestamp": "2026-08-31T13:44:00+07:00", "satelit": "NASA-NOAA20", "confidence": "Medium"}}, {"type": "Feature", "geometry": {"type": "Point", "coordinates": [110.94692, 0.24684]}, "properties": {"kab_kota": "SEKADAU", "kecamatan": "Belitang Hilir", "desa": "Menawai Tekam", "tanggal": "2026-08-15", "timestamp": "2026-08-15T13:44:00+07:00", "satelit": "NASA-NOAA20", "confidence": "Medium"}}, {"type": "Feature", "geometry": {"type": "Point", "coordinates": [110.94614, 0.24868]}, "properties": {"kab_kota": "SEKADAU", "kecamatan": "Belitang Hilir", "desa": "Menawai Tekam", "tanggal": "2026-08-15", "timestamp": "2026-08-15T13:44:00+07:00", "satelit": "NASA-NOAA20", "confidence": "Medium"}}, {"type": "Feature", "geometry": {"type": "Point", "coordinates": [110.94061, 0.28667]}, "properties": {"kab_kota": "SEKADAU", "kecamatan": "Belitang Hilir", "desa": "Menawai Tekam", "tanggal": "2026-08-15", "timestamp": "2026-08-15T13:44:00+07:00", "satelit": "NASA-NOAA20", "confidence": "Medium"}}, {"type": "Feature", "geometry": {"type": "Point", "coordinates": [110.92752, 0.26631]}, "properties": {"kab_kota": "SEKADAU", "kecamatan": "Belitang Hilir", "desa": "Menawai Tekam", "tanggal": "2026-08-20", "timestamp": "2026-08-20T01:09:00+07:00", "satelit": "NASA-NOAA20", "confidence": "Medium"}}, {"type": "Feature", "geometry": {"type": "Point", "coordinates": [111.00585, 0.24281]}, "properties": {"kab_kota": "SEKADAU", "kecamatan": "Belitang Hilir", "desa": "Menawai Tekam", "tanggal": "2026-08-22", "timestamp": "2026-08-22T13:12:00+07:00", "satelit": "NASA-NOAA20", "confidence": "Medium"}}, {"type": "Feature", "geometry": {"type": "Point", "coordinates": [111.02975, 0.20515]}, "properties": {"kab_kota": "SEKADAU", "kecamatan": "Belitang Hilir", "desa": "Merbang", "tanggal": "2026-08-02", "timestamp": "2026-08-02T12:46:00+07:00", "satelit": "NASA-NOAA20", "confidence": "Medium"}}, {"type": "Feature", "geometry": {"type": "Point", "coordinates": [111.01869, 0.22163]}, "properties": {"kab_kota": "SEKADAU", "kecamatan": "Belitang Hilir", "desa": "Merbang", "tanggal": "2026-08-05", "timestamp": "2026-08-05T13:29:00+07:00", "satelit": "NASA-NOAA20", "confidence": "Medium"}}, {"type": "Feature", "geometry": {"type": "Point", "coordinates": [111.02232, 0.21137]}, "properties": {"kab_kota": "SEKADAU", "kecamatan": "Belitang Hilir", "desa": "Merbang", "tanggal": "2026-08-19", "timestamp": "2026-08-19T12:27:00+07:00", "satelit": "NASA-NOAA20", "confidence": "Medium"}}, {"type": "Feature", "geometry": {"type": "Point", "coordinates": [111.02075, 0.21147]}, "properties": {"kab_kota": "SEKADAU", "kecamatan": "Belitang Hilir", "desa": "Merbang", "tanggal": "2026-08-19", "timestamp": "2026-08-19T12:27:00+07:00", "satelit": "NASA-NOAA20", "confidence": "Medium"}}, {"type": "Feature", "geometry": {"type": "Point", "coordinates": [110.99435, 0.20362]}, "properties": {"kab_kota": "SEKADAU", "kecamatan": "Belitang Hilir", "desa": "Merbang", "tanggal": "2026-08-20", "timestamp": "2026-08-20T13:50:00+07:00", "satelit": "NASA-NOAA20", "confidence": "Medium"}}, {"type": "Feature", "geometry": {"type": "Point", "coordinates": [111.01438, 0.21344]}, "properties": {"kab_kota": "SEKADAU", "kecamatan": "Belitang Hilir", "desa": "Merbang", "tanggal": "2026-08-29", "timestamp": "2026-08-29T12:40:00+07:00", "satelit": "NASA-NOAA20", "confidence": "Medium"}}, {"type": "Feature", "geometry": {"type": "Point", "coordinates": [111.01147, 0.16727]}, "properties": {"kab_kota": "SEKADAU", "kecamatan": "Belitang Hilir", "desa": "Merbang", "tanggal": "2026-08-31", "timestamp": "2026-08-31T01:02:00+07:00", "satelit": "NASA-NOAA20", "confidence": "Medium"}}, {"type": "Feature", "geometry": {"type": "Point", "coordinates": [111.00797, 0.16783]}, "properties": {"kab_kota": "SEKADAU", "kecamatan": "Belitang Hilir", "desa": "Merbang", "tanggal": "2026-08-31", "timestamp": "2026-08-31T01:02:00+07:00", "satelit": "NASA-NOAA20", "confidence": "Medium"}}, {"type": "Feature", "geometry": {"type": "Point", "coordinates": [111.03674, 0.34484]}, "properties": {"kab_kota": "SEKADAU", "kecamatan": "Belitang Hilir", "desa": "Semadu", "tanggal": "2026-08-04", "timestamp": "2026-08-04T13:50:00+07:00", "satelit": "NASA-NOAA20", "confidence": "Medium"}}, {"type": "Feature", "geometry": {"type": "Point", "coordinates": [111.04968, 0.29265]}, "properties": {"kab_kota": "SEKADAU", "kecamatan": "Belitang Hilir", "desa": "Semadu", "tanggal": "2026-08-06", "timestamp": "2026-08-06T13:12:00+07:00", "satelit": "NASA-NOAA20", "confidence": "Medium"}}, {"type": "Feature", "geometry": {"type": "Point", "coordinates": [111.05826, 0.36039]}, "properties": {"kab_kota": "SEKADAU", "kecamatan": "Belitang Hilir", "desa": "Semadu", "tanggal": "2026-08-08", "timestamp": "2026-08-08T12:33:00+07:00", "satelit": "NASA-NOAA20", "confidence": "Medium"}}, {"type": "Feature", "geometry": {"type": "Point", "coordinates": [111.0283, 0.2894]}, "properties": {"kab_kota": "SEKADAU", "kecamatan": "Belitang Hilir", "desa": "Semadu", "tanggal": "2026-08-20", "timestamp": "2026-08-20T13:50:00+07:00", "satelit": "NASA-NOAA20", "confidence": "Medium"}}, {"type": "Feature", "geometry": {"type": "Point", "coordinates": [111.01701, 0.40057]}, "properties": {"kab_kota": "SEKADAU", "kecamatan": "Belitang Hilir", "desa": "Semadu", "tanggal": "2026-08-20", "timestamp": "2026-08-20T13:50:00+07:00", "satelit": "NASA-NOAA20", "confidence": "Medium"}}, {"type": "Feature", "geometry": {"type": "Point", "coordinates": [111.00926, 0.32149]}, "properties": {"kab_kota": "SEKADAU", "kecamatan": "Belitang Hilir", "desa": "Semadu", "tanggal": "2026-08-21", "timestamp": "2026-08-21T13:29:00+07:00", "satelit": "NASA-NOAA20", "confidence": "Medium"}}, {"type": "Feature", "geometry": {"type": "Point", "coordinates": [111.12231, 0.04397]}, "properties": {"kab_kota": "SEKADAU", "kecamatan": "Belitang Hilir", "desa": "Sungaiayak Satu", "tanggal": "2026-08-16", "timestamp": "2026-08-16T13:25:00+07:00", "satelit": "NASA-NOAA20", "confidence": "Medium"}}, {"type": "Feature", "geometry": {"type": "Point", "coordinates": [111.06806, 0.05567]}, "properties": {"kab_kota": "SEKADAU", "kecamatan": "Belitang Hilir", "desa": "Sungaiayak Satu", "tanggal": "2026-08-21", "timestamp": "2026-08-21T13:29:00+07:00", "satelit": "NASA-NOAA20", "confidence": "Medium"}}, {"type": "Feature", "geometry": {"type": "Point", "coordinates": [111.06738, 0.06005]}, "properties": {"kab_kota": "SEKADAU", "kecamatan": "Belitang Hilir", "desa": "Sungaiayak Satu", "tanggal": "2026-08-21", "timestamp": "2026-08-21T13:29:00+07:00", "satelit": "NASA-NOAA20", "confidence": "Medium"}}, {"type": "Feature", "geometry": {"type": "Point", "coordinates": [111.12154, 0.04347]}, "properties": {"kab_kota": "SEKADAU", "kecamatan": "Belitang Hilir", "desa": "Sungaiayak Satu", "tanggal": "2026-08-25", "timestamp": "2026-08-25T01:13:00+07:00", "satelit": "NASA-NOAA20", "confidence": "Medium"}}, {"type": "Feature", "geometry": {"type": "Point", "coordinates": [111.12201, 0.24747]}, "properties": {"kab_kota": "SEKADAU", "kecamatan": "Belitang Hilir", "desa": "Tapang Pulau", "tanggal": "2026-08-08", "timestamp": "2026-08-08T12:33:00+07:00", "satelit": "NASA-NOAA20", "confidence": "Medium"}}, {"type": "Feature", "geometry": {"type": "Point", "coordinates": [111.12486, 0.25131]}, "properties": {"kab_kota": "SEKADAU", "kecamatan": "Belitang Hilir", "desa": "Tapang Pulau", "tanggal": "2026-08-08", "timestamp": "2026-08-08T12:33:00+07:00", "satelit": "NASA-NOAA20", "confidence": "Medium"}}, {"type": "Feature", "geometry": {"type": "Point", "coordinates": [111.10358, 0.23685]}, "properties": {"kab_kota": "SEKADAU", "kecamatan": "Belitang Hilir", "desa": "Tapang Pulau", "tanggal": "2026-08-21", "timestamp": "2026-08-21T13:29:00+07:00", "satelit": "NASA-NOAA20", "confidence": "Medium"}}, {"type": "Feature", "geometry": {"type": "Point", "coordinates": [111.21239, 0.48261]}, "properties": {"kab_kota": "SEKADAU", "kecamatan": "Belitang Hulu", "desa": "Balai Sepuak", "tanggal": "2026-08-06", "timestamp": "2026-08-06T13:12:00+07:00", "satelit": "NASA-NOAA20", "confidence": "Medium"}}, {"type": "Feature", "geometry": {"type": "Point", "coordinates": [111.18801, 0.49628]}, "properties": {"kab_kota": "SEKADAU", "kecamatan": "Belitang Hulu", "desa": "Balai Sepuak", "tanggal": "2026-08-06", "timestamp": "2026-08-06T13:12:00+07:00", "satelit": "NASA-NOAA20", "confidence": "Medium"}}, {"type": "Feature", "geometry": {"type": "Point", "coordinates": [111.11488, 0.53454]}, "properties": {"kab_kota": "SEKADAU", "kecamatan": "Belitang Hulu", "desa": "Batuk Mulau", "tanggal": "2026-08-17", "timestamp": "2026-08-17T13:05:00+07:00", "satelit": "NASA-NOAA20", "confidence": "Medium"}}, {"type": "Feature", "geometry": {"type": "Point", "coordinates": [111.07597, 0.36525]}, "properties": {"kab_kota": "SEKADAU", "kecamatan": "Belitang Hulu", "desa": "Ijuk", "tanggal": "2026-08-05", "timestamp": "2026-08-05T13:29:00+07:00", "satelit": "NASA-NOAA20", "confidence": "Medium"}}, {"type": "Feature", "geometry": {"type": "Point", "coordinates": [111.08759, 0.37606]}, "properties": {"kab_kota": "SEKADAU", "kecamatan": "Belitang Hulu", "desa": "Ijuk", "tanggal": "2026-08-05", "timestamp": "2026-08-05T13:29:00+07:00", "satelit": "NASA-NOAA20", "confidence": "Medium"}}, {"type": "Feature", "geometry": {"type": "Point", "coordinates": [111.07396, 0.40994]}, "properties": {"kab_kota": "SEKADAU", "kecamatan": "Belitang Hulu", "desa": "Ijuk", "tanggal": "2026-08-05", "timestamp": "2026-08-05T13:29:00+07:00", "satelit": "NASA-NOAA20", "confidence": "Medium"}}, {"type": "Feature", "geometry": {"type": "Point", "coordinates": [111.07393, 0.40999]}, "properties": {"kab_kota": "SEKADAU", "kecamatan": "Belitang Hulu", "desa": "Ijuk", "tanggal": "2026-08-05", "timestamp": "2026-08-05T13:29:00+07:00", "satelit": "NASA-NOAA20", "confidence": "Medium"}}, {"type": "Feature", "geometry": {"type": "Point", "coordinates": [111.06655, 0.37531]}, "properties": {"kab_kota": "SEKADAU", "kecamatan": "Belitang Hulu", "desa": "Ijuk", "tanggal": "2026-08-21", "timestamp": "2026-08-21T13:29:00+07:00", "satelit": "NASA-NOAA20", "confidence": "Medium"}}, {"type": "Feature", "geometry": {"type": "Point", "coordinates": [111.15417, 0.41953]}, "properties": {"kab_kota": "SEKADAU", "kecamatan": "Belitang Hulu", "desa": "Ijuk", "tanggal": "2026-08-26", "timestamp": "2026-08-26T13:37:00+07:00", "satelit": "NASA-NOAA20", "confidence": "Medium"}}, {"type": "Feature", "geometry": {"type": "Point", "coordinates": [111.10338, 0.42746]}, "properties": {"kab_kota": "SEKADAU", "kecamatan": "Belitang Hulu", "desa": "Kumpang Ilong", "tanggal": "2026-08-17", "timestamp": "2026-08-17T13:05:00+07:00", "satelit": "NASA-NOAA20", "confidence": "Medium"}}, {"type": "Feature", "geometry": {"type": "Point", "coordinates": [111.14707, 0.40899]}, "properties": {"kab_kota": "SEKADAU", "kecamatan": "Belitang Hulu", "desa": "Kumpang Ilong", "tanggal": "2026-08-20", "timestamp": "2026-08-20T13:50:00+07:00", "satelit": "NASA-NOAA20", "confidence": "Medium"}}, {"type": "Feature", "geometry": {"type": "Point", "coordinates": [111.14904, 0.40987]}, "properties": {"kab_kota": "SEKADAU", "kecamatan": "Belitang Hulu", "desa": "Kumpang Ilong", "tanggal": "2026-08-20", "timestamp": "2026-08-20T13:50:00+07:00", "satelit": "NASA-NOAA20", "confidence": "Medium"}}, {"type": "Feature", "geometry": {"type": "Point", "coordinates": [111.16539, 0.36354]}, "properties": {"kab_kota": "SEKADAU", "kecamatan": "Belitang Hulu", "desa": "Kumpang Ilong", "tanggal": "2026-08-21", "timestamp": "2026-08-21T13:29:00+07:00", "satelit": "NASA-NOAA20", "confidence": "Medium"}}, {"type": "Feature", "geometry": {"type": "Point", "coordinates": [111.12936, 0.36702]}, "properties": {"kab_kota": "SEKADAU", "kecamatan": "Belitang Hulu", "desa": "Kumpang Ilong", "tanggal": "2026-08-21", "timestamp": "2026-08-21T13:29:00+07:00", "satelit": "NASA-NOAA20", "confidence": "Medium"}}, {"type": "Feature", "geometry": {"type": "Point", "coordinates": [111.21405, 0.60247]}, "properties": {"kab_kota": "SEKADAU", "kecamatan": "Belitang Hulu", "desa": "Mengaret", "tanggal": "2026-08-05", "timestamp": "2026-08-05T13:29:00+07:00", "satelit": "NASA-NOAA20", "confidence": "Medium"}}, {"type": "Feature", "geometry": {"type": "Point", "coordinates": [111.17573, 0.52001]}, "properties": {"kab_kota": "SEKADAU", "kecamatan": "Belitang Hulu", "desa": "Pakit Mulau", "tanggal": "2026-08-07", "timestamp": "2026-08-07T12:53:00+07:00", "satelit": "NASA-NOAA20", "confidence": "Medium"}}, {"type": "Feature", "geometry": {"type": "Point", "coordinates": [111.04735, 0.73866]}, "properties": {"kab_kota": "SEKADAU", "kecamatan": "Belitang Hulu", "desa": "Sebetung", "tanggal": "2026-08-21", "timestamp": "2026-08-21T00:49:00+07:00", "satelit": "NASA-NOAA20", "confidence": "Medium"}}, {"type": "Feature", "geometry": {"type": "Point", "coordinates": [111.09132, 0.59535]}, "properties": {"kab_kota": "SEKADAU", "kecamatan": "Belitang Hulu", "desa": "Sebetung", "tanggal": "2026-08-22", "timestamp": "2026-08-22T13:12:00+07:00", "satelit": "NASA-NOAA20", "confidence": "Medium"}}, {"type": "Feature", "geometry": {"type": "Point", "coordinates": [111.09081, 0.59873]}, "properties": {"kab_kota": "SEKADAU", "kecamatan": "Belitang Hulu", "desa": "Sebetung", "tanggal": "2026-08-22", "timestamp": "2026-08-22T13:12:00+07:00", "satelit": "NASA-NOAA20", "confidence": "Medium"}}, {"type": "Feature", "geometry": {"type": "Point", "coordinates": [111.00701, 0.68768]}, "properties": {"kab_kota": "SEKADAU", "kecamatan": "Belitang Hulu", "desa": "Sebetung", "tanggal": "2026-08-22", "timestamp": "2026-08-22T13:12:00+07:00", "satelit": "NASA-NOAA20", "confidence": "Medium"}}, {"type": "Feature", "geometry": {"type": "Point", "coordinates": [111.0065, 0.69106]}, "properties": {"kab_kota": "SEKADAU", "kecamatan": "Belitang Hulu", "desa": "Sebetung", "tanggal": "2026-08-22", "timestamp": "2026-08-22T13:12:00+07:00", "satelit": "NASA-NOAA20", "confidence": "Medium"}}, {"type": "Feature", "geometry": {"type": "Point", "coordinates": [111.01273, 0.56631]}, "properties": {"kab_kota": "SEKADAU", "kecamatan": "Belitang Hulu", "desa": "Seburuk Satu", "tanggal": "2026-08-07", "timestamp": "2026-08-07T12:53:00+07:00", "satelit": "NASA-NOAA20", "confidence": "Medium"}}, {"type": "Feature", "geometry": {"type": "Point", "coordinates": [111.01837, 0.53071]}, "properties": {"kab_kota": "SEKADAU", "kecamatan": "Belitang Hulu", "desa": "Seburuk Satu", "tanggal": "2026-08-10", "timestamp": "2026-08-10T13:35:00+07:00", "satelit": "NASA-NOAA20", "confidence": "Medium"}}, {"type": "Feature", "geometry": {"type": "Point", "coordinates": [111.01109, 0.57377]}, "properties": {"kab_kota": "SEKADAU", "kecamatan": "Belitang Hulu", "desa": "Seburuk Satu", "tanggal": "2026-08-21", "timestamp": "2026-08-21T13:29:00+07:00", "satelit": "NASA-NOAA20", "confidence": "Medium"}}, {"type": "Feature", "geometry": {"type": "Point", "coordinates": [111.01944, 0.5325]}, "properties": {"kab_kota": "SEKADAU", "kecamatan": "Belitang Hulu", "desa": "Seburuk Satu", "tanggal": "2026-08-22", "timestamp": "2026-08-22T13:12:00+07:00", "satelit": "NASA-NOAA20", "confidence": "Medium"}}, {"type": "Feature", "geometry": {"type": "Point", "coordinates": [111.01804, 0.62126]}, "properties": {"kab_kota": "SEKADAU", "kecamatan": "Belitang Hulu", "desa": "Seburuk Satu", "tanggal": "2026-08-25", "timestamp": "2026-08-25T13:57:00+07:00", "satelit": "NASA-NOAA20", "confidence": "Medium"}}, {"type": "Feature", "geometry": {"type": "Point", "coordinates": [111.01772, 0.62487]}, "properties": {"kab_kota": "SEKADAU", "kecamatan": "Belitang Hulu", "desa": "Seburuk Satu", "tanggal": "2026-08-25", "timestamp": "2026-08-25T13:57:00+07:00", "satelit": "NASA-NOAA20", "confidence": "Medium"}}, {"type": "Feature", "geometry": {"type": "Point", "coordinates": [111.00983, 0.62231]}, "properties": {"kab_kota": "SEKADAU", "kecamatan": "Belitang Hulu", "desa": "Seburuk Satu", "tanggal": "2026-08-29", "timestamp": "2026-08-29T12:40:00+07:00", "satelit": "NASA-NOAA20", "confidence": "Medium"}}, {"type": "Feature", "geometry": {"type": "Point", "coordinates": [111.14776, 0.68831]}, "properties": {"kab_kota": "SEKADAU", "kecamatan": "Belitang Hulu", "desa": "Sungaiantu Hulu", "tanggal": "2026-08-22", "timestamp": "2026-08-22T13:12:00+07:00", "satelit": "NASA-NOAA20", "confidence": "Medium"}}, {"type": "Feature", "geometry": {"type": "Point", "coordinates": [111.08721, 0.43898]}, "properties": {"kab_kota": "SEKADAU", "kecamatan": "Belitang Hulu", "desa": "Sungaitapah", "tanggal": "2026-08-05", "timestamp": "2026-08-05T13:29:00+07:00", "satelit": "NASA-NOAA20", "confidence": "Medium"}}, {"type": "Feature", "geometry": {"type": "Point", "coordinates": [110.98106, 0.46249]}, "properties": {"kab_kota": "SEKADAU", "kecamatan": "Belitang Hulu", "desa": "Sungaitapah", "tanggal": "2026-08-10", "timestamp": "2026-08-10T13:35:00+07:00", "satelit": "NASA-NOAA20", "confidence": "Medium"}}, {"type": "Feature", "geometry": {"type": "Point", "coordinates": [110.9865, 0.46334]}, "properties": {"kab_kota": "SEKADAU", "kecamatan": "Belitang Hulu", "desa": "Sungaitapah", "tanggal": "2026-08-10", "timestamp": "2026-08-10T13:35:00+07:00", "satelit": "NASA-NOAA20", "confidence": "Medium"}}, {"type": "Feature", "geometry": {"type": "Point", "coordinates": [110.96104, 0.49254]}, "properties": {"kab_kota": "SEKADAU", "kecamatan": "Belitang Hulu", "desa": "Sungaitapah", "tanggal": "2026-08-16", "timestamp": "2026-08-16T13:25:00+07:00", "satelit": "NASA-NOAA20", "confidence": "Medium"}}, {"type": "Feature", "geometry": {"type": "Point", "coordinates": [111.02156, 0.4013]}, "properties": {"kab_kota": "SEKADAU", "kecamatan": "Belitang Hulu", "desa": "Sungaitapah", "tanggal": "2026-08-20", "timestamp": "2026-08-20T13:50:00+07:00", "satelit": "NASA-NOAA20", "confidence": "Medium"}}, {"type": "Feature", "geometry": {"type": "Point", "coordinates": [111.05183, 0.49448]}, "properties": {"kab_kota": "SEKADAU", "kecamatan": "Belitang Hulu", "desa": "Sungaitapah", "tanggal": "2026-08-20", "timestamp": "2026-08-20T13:50:00+07:00", "satelit": "NASA-NOAA20", "confidence": "Medium"}}, {"type": "Feature", "geometry": {"type": "Point", "coordinates": [111.05639, 0.49521]}, "properties": {"kab_kota": "SEKADAU", "kecamatan": "Belitang Hulu", "desa": "Sungaitapah", "tanggal": "2026-08-20", "timestamp": "2026-08-20T13:50:00+07:00", "satelit": "NASA-NOAA20", "confidence": "Medium"}}, {"type": "Feature", "geometry": {"type": "Point", "coordinates": [110.94708, 0.4327]}, "properties": {"kab_kota": "SEKADAU", "kecamatan": "Belitang Hulu", "desa": "Sungaitapah", "tanggal": "2026-08-29", "timestamp": "2026-08-29T12:40:00+07:00", "satelit": "NASA-NOAA20", "confidence": "Medium"}}, {"type": "Feature", "geometry": {"type": "Point", "coordinates": [110.95138, 0.43337]}, "properties": {"kab_kota": "SEKADAU", "kecamatan": "Belitang Hulu", "desa": "Sungaitapah", "tanggal": "2026-08-29", "timestamp": "2026-08-29T12:40:00+07:00", "satelit": "NASA-NOAA20", "confidence": "Medium"}}, {"type": "Feature", "geometry": {"type": "Point", "coordinates": [111.10166, 0.46018]}, "properties": {"kab_kota": "SEKADAU", "kecamatan": "Belitang Hulu", "desa": "Sungaitapah", "tanggal": "2026-08-30", "timestamp": "2026-08-30T01:21:00+07:00", "satelit": "NASA-NOAA20", "confidence": "Medium"}}, {"type": "Feature", "geometry": {"type": "Point", "coordinates": [111.0972, 0.46088]}, "properties": {"kab_kota": "SEKADAU", "kecamatan": "Belitang Hulu", "desa": "Sungaitapah", "tanggal": "2026-08-30", "timestamp": "2026-08-30T01:21:00+07:00", "satelit": "NASA-NOAA20", "confidence": "Medium"}}, {"type": "Feature", "geometry": {"type": "Point", "coordinates": [111.2075, 0.54062]}, "properties": {"kab_kota": "SEKADAU", "kecamatan": "Belitang Hulu", "desa": "Tabuk Hulu", "tanggal": "2026-08-29", "timestamp": "2026-08-29T12:40:00+07:00", "satelit": "NASA-NOAA20", "confidence": "Medium"}}, {"type": "Feature", "geometry": {"type": "Point", "coordinates": [111.21169, 0.54127]}, "properties": {"kab_kota": "SEKADAU", "kecamatan": "Belitang Hulu", "desa": "Tabuk Hulu", "tanggal": "2026-08-29", "timestamp": "2026-08-29T12:40:00+07:00", "satelit": "NASA-NOAA20", "confidence": "Medium"}}, {"type": "Feature", "geometry": {"type": "Point", "coordinates": [111.18093, 0.63911]}, "properties": {"kab_kota": "SEKADAU", "kecamatan": "Belitang Hulu", "desa": "Terduk Dampak", "tanggal": "2026-08-14", "timestamp": "2026-08-14T12:23:00+07:00", "satelit": "NASA-NOAA20", "confidence": "Medium"}}, {"type": "Feature", "geometry": {"type": "Point", "coordinates": [110.74348, -0.46701]}, "properties": {"kab_kota": "SEKADAU", "kecamatan": "Nanga Mahap", "desa": "Batu Pahat", "tanggal": "2026-08-02", "timestamp": "2026-08-02T12:46:00+07:00", "satelit": "NASA-NOAA20", "confidence": "Medium"}}, {"type": "Feature", "geometry": {"type": "Point", "coordinates": [110.75262, -0.45301]}, "properties": {"kab_kota": "SEKADAU", "kecamatan": "Nanga Mahap", "desa": "Batu Pahat", "tanggal": "2026-08-02", "timestamp": "2026-08-02T12:46:00+07:00", "satelit": "NASA-NOAA20", "confidence": "Medium"}}, {"type": "Feature", "geometry": {"type": "Point", "coordinates": [110.75313, -0.43319]}, "properties": {"kab_kota": "SEKADAU", "kecamatan": "Nanga Mahap", "desa": "Batu Pahat", "tanggal": "2026-08-02", "timestamp": "2026-08-02T12:46:00+07:00", "satelit": "NASA-NOAA20", "confidence": "Medium"}}, {"type": "Feature", "geometry": {"type": "Point", "coordinates": [110.75311, -0.43191]}, "properties": {"kab_kota": "SEKADAU", "kecamatan": "Nanga Mahap", "desa": "Batu Pahat", "tanggal": "2026-08-02", "timestamp": "2026-08-02T12:46:00+07:00", "satelit": "NASA-NOAA20", "confidence": "Medium"}}, {"type": "Feature", "geometry": {"type": "Point", "coordinates": [110.72993, -0.46927]}, "properties": {"kab_kota": "SEKADAU", "kecamatan": "Nanga Mahap", "desa": "Batu Pahat", "tanggal": "2026-08-04", "timestamp": "2026-08-04T13:48:00+07:00", "satelit": "NASA-NOAA20", "confidence": "Medium"}}, {"type": "Feature", "geometry": {"type": "Point", "coordinates": [110.74616, -0.47698]}, "properties": {"kab_kota": "SEKADAU", "kecamatan": "Nanga Mahap", "desa": "Batu Pahat", "tanggal": "2026-08-05", "timestamp": "2026-08-05T13:29:00+07:00", "satelit": "NASA-NOAA20", "confidence": "Medium"}}, {"type": "Feature", "geometry": {"type": "Point", "coordinates": [110.73498, -0.45697]}, "properties": {"kab_kota": "SEKADAU", "kecamatan": "Nanga Mahap", "desa": "Batu Pahat", "tanggal": "2026-08-05", "timestamp": "2026-08-05T13:29:00+07:00", "satelit": "NASA-NOAA20", "confidence": "Medium"}}, {"type": "Feature", "geometry": {"type": "Point", "coordinates": [110.73529, -0.46289]}, "properties": {"kab_kota": "SEKADAU", "kecamatan": "Nanga Mahap", "desa": "Batu Pahat", "tanggal": "2026-08-10", "timestamp": "2026-08-10T13:35:00+07:00", "satelit": "NASA-NOAA20", "confidence": "Medium"}}, {"type": "Feature", "geometry": {"type": "Point", "coordinates": [110.72188, -0.46739]}, "properties": {"kab_kota": "SEKADAU", "kecamatan": "Nanga Mahap", "desa": "Batu Pahat", "tanggal": "2026-08-16", "timestamp": "2026-08-16T13:25:00+07:00", "satelit": "NASA-NOAA20", "confidence": "Medium"}}, {"type": "Feature", "geometry": {"type": "Point", "coordinates": [110.76169, -0.44159]}, "properties": {"kab_kota": "SEKADAU", "kecamatan": "Nanga Mahap", "desa": "Batu Pahat", "tanggal": "2026-08-16", "timestamp": "2026-08-16T13:25:00+07:00", "satelit": "NASA-NOAA20", "confidence": "Medium"}}, {"type": "Feature", "geometry": {"type": "Point", "coordinates": [110.74065, -0.44664]}, "properties": {"kab_kota": "SEKADAU", "kecamatan": "Nanga Mahap", "desa": "Batu Pahat", "tanggal": "2026-08-18", "timestamp": "2026-08-18T12:46:00+07:00", "satelit": "NASA-NOAA20", "confidence": "Medium"}}, {"type": "Feature", "geometry": {"type": "Point", "coordinates": [110.74001, -0.44254]}, "properties": {"kab_kota": "SEKADAU", "kecamatan": "Nanga Mahap", "desa": "Batu Pahat", "tanggal": "2026-08-18", "timestamp": "2026-08-18T12:46:00+07:00", "satelit": "NASA-NOAA20", "confidence": "Medium"}}, {"type": "Feature", "geometry": {"type": "Point", "coordinates": [110.72363, -0.47409]}, "properties": {"kab_kota": "SEKADAU", "kecamatan": "Nanga Mahap", "desa": "Batu Pahat", "tanggal": "2026-08-20", "timestamp": "2026-08-20T13:50:00+07:00", "satelit": "NASA-NOAA20", "confidence": "Medium"}}, {"type": "Feature", "geometry": {"type": "Point", "coordinates": [110.72889, -0.46574]}, "properties": {"kab_kota": "SEKADAU", "kecamatan": "Nanga Mahap", "desa": "Batu Pahat", "tanggal": "2026-08-31", "timestamp": "2026-08-31T13:44:00+07:00", "satelit": "NASA-NOAA20", "confidence": "Medium"}}, {"type": "Feature", "geometry": {"type": "Point", "coordinates": [110.64551, -0.37954]}, "properties": {"kab_kota": "SEKADAU", "kecamatan": "Nanga Mahap", "desa": "Cenayan", "tanggal": "2026-08-09", "timestamp": "2026-08-09T13:57:00+07:00", "satelit": "NASA-NOAA20", "confidence": "Medium"}}, {"type": "Feature", "geometry": {"type": "Point", "coordinates": [110.62895, -0.38124]}, "properties": {"kab_kota": "SEKADAU", "kecamatan": "Nanga Mahap", "desa": "Cenayan", "tanggal": "2026-08-16", "timestamp": "2026-08-16T13:25:00+07:00", "satelit": "NASA-NOAA20", "confidence": "Medium"}}, {"type": "Feature", "geometry": {"type": "Point", "coordinates": [110.62837, -0.37743]}, "properties": {"kab_kota": "SEKADAU", "kecamatan": "Nanga Mahap", "desa": "Cenayan", "tanggal": "2026-08-16", "timestamp": "2026-08-16T13:25:00+07:00", "satelit": "NASA-NOAA20", "confidence": "Medium"}}, {"type": "Feature", "geometry": {"type": "Point", "coordinates": [110.62129, -0.36293]}, "properties": {"kab_kota": "SEKADAU", "kecamatan": "Nanga Mahap", "desa": "Cenayan", "tanggal": "2026-08-16", "timestamp": "2026-08-16T13:25:00+07:00", "satelit": "NASA-NOAA20", "confidence": "Medium"}}, {"type": "Feature", "geometry": {"type": "Point", "coordinates": [110.66202, -0.39967]}, "properties": {"kab_kota": "SEKADAU", "kecamatan": "Nanga Mahap", "desa": "Cenayan", "tanggal": "2026-08-18", "timestamp": "2026-08-18T12:46:00+07:00", "satelit": "NASA-NOAA20", "confidence": "Medium"}}, {"type": "Feature", "geometry": {"type": "Point", "coordinates": [110.64604, -0.39363]}, "properties": {"kab_kota": "SEKADAU", "kecamatan": "Nanga Mahap", "desa": "Cenayan", "tanggal": "2026-08-18", "timestamp": "2026-08-18T12:46:00+07:00", "satelit": "NASA-NOAA20", "confidence": "Medium"}}, {"type": "Feature", "geometry": {"type": "Point", "coordinates": [110.62716, -0.39573]}, "properties": {"kab_kota": "SEKADAU", "kecamatan": "Nanga Mahap", "desa": "Cenayan", "tanggal": "2026-08-19", "timestamp": "2026-08-19T12:27:00+07:00", "satelit": "NASA-NOAA20", "confidence": "Medium"}}, {"type": "Feature", "geometry": {"type": "Point", "coordinates": [110.62611, -0.39406]}, "properties": {"kab_kota": "SEKADAU", "kecamatan": "Nanga Mahap", "desa": "Cenayan", "tanggal": "2026-08-19", "timestamp": "2026-08-19T12:27:00+07:00", "satelit": "NASA-NOAA20", "confidence": "Medium"}}, {"type": "Feature", "geometry": {"type": "Point", "coordinates": [110.63026, -0.3777]}, "properties": {"kab_kota": "SEKADAU", "kecamatan": "Nanga Mahap", "desa": "Cenayan", "tanggal": "2026-08-19", "timestamp": "2026-08-19T12:27:00+07:00", "satelit": "NASA-NOAA20", "confidence": "Medium"}}, {"type": "Feature", "geometry": {"type": "Point", "coordinates": [110.61611, -0.36027]}, "properties": {"kab_kota": "SEKADAU", "kecamatan": "Nanga Mahap", "desa": "Cenayan", "tanggal": "2026-08-20", "timestamp": "2026-08-20T13:50:00+07:00", "satelit": "NASA-NOAA20", "confidence": "Medium"}}, {"type": "Feature", "geometry": {"type": "Point", "coordinates": [110.65678, -0.40467]}, "properties": {"kab_kota": "SEKADAU", "kecamatan": "Nanga Mahap", "desa": "Cenayan", "tanggal": "2026-08-22", "timestamp": "2026-08-22T13:12:00+07:00", "satelit": "NASA-NOAA20", "confidence": "Medium"}}, {"type": "Feature", "geometry": {"type": "Point", "coordinates": [110.64943, -0.40884]}, "properties": {"kab_kota": "SEKADAU", "kecamatan": "Nanga Mahap", "desa": "Cenayan", "tanggal": "2026-08-26", "timestamp": "2026-08-26T13:35:00+07:00", "satelit": "NASA-NOAA20", "confidence": "Medium"}}, {"type": "Feature", "geometry": {"type": "Point", "coordinates": [110.64292, -0.39535]}, "properties": {"kab_kota": "SEKADAU", "kecamatan": "Nanga Mahap", "desa": "Cenayan", "tanggal": "2026-08-26", "timestamp": "2026-08-26T13:35:00+07:00", "satelit": "NASA-NOAA20", "confidence": "Medium"}}, {"type": "Feature", "geometry": {"type": "Point", "coordinates": [110.65664, -0.3947]}, "properties": {"kab_kota": "SEKADAU", "kecamatan": "Nanga Mahap", "desa": "Cenayan", "tanggal": "2026-08-26", "timestamp": "2026-08-26T13:35:00+07:00", "satelit": "NASA-NOAA20", "confidence": "Medium"}}, {"type": "Feature", "geometry": {"type": "Point", "coordinates": [110.65816, -0.39302]}, "properties": {"kab_kota": "SEKADAU", "kecamatan": "Nanga Mahap", "desa": "Cenayan", "tanggal": "2026-08-26", "timestamp": "2026-08-26T13:35:00+07:00", "satelit": "NASA-NOAA20", "confidence": "Medium"}}, {"type": "Feature", "geometry": {"type": "Point", "coordinates": [110.64586, -0.3916]}, "properties": {"kab_kota": "SEKADAU", "kecamatan": "Nanga Mahap", "desa": "Cenayan", "tanggal": "2026-08-26", "timestamp": "2026-08-26T13:35:00+07:00", "satelit": "NASA-NOAA20", "confidence": "Medium"}}, {"type": "Feature", "geometry": {"type": "Point", "coordinates": [110.61916, -0.37488]}, "properties": {"kab_kota": "SEKADAU", "kecamatan": "Nanga Mahap", "desa": "Cenayan", "tanggal": "2026-08-26", "timestamp": "2026-08-26T13:35:00+07:00", "satelit": "NASA-NOAA20", "confidence": "Medium"}}, {"type": "Feature", "geometry": {"type": "Point", "coordinates": [110.66957, -0.39323]}, "properties": {"kab_kota": "SEKADAU", "kecamatan": "Nanga Mahap", "desa": "Cenayan", "tanggal": "2026-08-27", "timestamp": "2026-08-27T13:18:00+07:00", "satelit": "NASA-NOAA20", "confidence": "Medium"}}, {"type": "Feature", "geometry": {"type": "Point", "coordinates": [110.62139, -0.37521]}, "properties": {"kab_kota": "SEKADAU", "kecamatan": "Nanga Mahap", "desa": "Cenayan", "tanggal": "2026-08-28", "timestamp": "2026-08-28T12:59:00+07:00", "satelit": "NASA-NOAA20", "confidence": "Medium"}}, {"type": "Feature", "geometry": {"type": "Point", "coordinates": [110.62649, -0.39361]}, "properties": {"kab_kota": "SEKADAU", "kecamatan": "Nanga Mahap", "desa": "Cenayan", "tanggal": "2026-08-30", "timestamp": "2026-08-30T12:23:00+07:00", "satelit": "NASA-NOAA20", "confidence": "Medium"}}, {"type": "Feature", "geometry": {"type": "Point", "coordinates": [110.62434, -0.38747]}, "properties": {"kab_kota": "SEKADAU", "kecamatan": "Nanga Mahap", "desa": "Cenayan", "tanggal": "2026-08-30", "timestamp": "2026-08-30T12:23:00+07:00", "satelit": "NASA-NOAA20", "confidence": "Medium"}}, {"type": "Feature", "geometry": {"type": "Point", "coordinates": [110.63823, -0.38529]}, "properties": {"kab_kota": "SEKADAU", "kecamatan": "Nanga Mahap", "desa": "Cenayan", "tanggal": "2026-08-30", "timestamp": "2026-08-30T12:23:00+07:00", "satelit": "NASA-NOAA20", "confidence": "Medium"}}, {"type": "Feature", "geometry": {"type": "Point", "coordinates": [110.624, -0.37019]}, "properties": {"kab_kota": "SEKADAU", "kecamatan": "Nanga Mahap", "desa": "Cenayan", "tanggal": "2026-08-30", "timestamp": "2026-08-30T14:01:00+07:00", "satelit": "NASA-NOAA20", "confidence": "Medium"}}, {"type": "Feature", "geometry": {"type": "Point", "coordinates": [110.62239, -0.36732]}, "properties": {"kab_kota": "SEKADAU", "kecamatan": "Nanga Mahap", "desa": "Cenayan", "tanggal": "2026-08-30", "timestamp": "2026-08-30T14:01:00+07:00", "satelit": "NASA-NOAA20", "confidence": "Medium"}}, {"type": "Feature", "geometry": {"type": "Point", "coordinates": [110.85994, -0.53764]}, "properties": {"kab_kota": "SEKADAU", "kecamatan": "Nanga Mahap", "desa": "Karang Betung", "tanggal": "2026-08-03", "timestamp": "2026-08-03T12:27:00+07:00", "satelit": "NASA-NOAA20", "confidence": "Medium"}}, {"type": "Feature", "geometry": {"type": "Point", "coordinates": [110.86377, -0.53706]}, "properties": {"kab_kota": "SEKADAU", "kecamatan": "Nanga Mahap", "desa": "Karang Betung", "tanggal": "2026-08-03", "timestamp": "2026-08-03T12:27:00+07:00", "satelit": "NASA-NOAA20", "confidence": "Medium"}}, {"type": "Feature", "geometry": {"type": "Point", "coordinates": [110.85978, -0.53491]}, "properties": {"kab_kota": "SEKADAU", "kecamatan": "Nanga Mahap", "desa": "Karang Betung", "tanggal": "2026-08-03", "timestamp": "2026-08-03T12:27:00+07:00", "satelit": "NASA-NOAA20", "confidence": "Medium"}}, {"type": "Feature", "geometry": {"type": "Point", "coordinates": [110.8608, -0.50719]}, "properties": {"kab_kota": "SEKADAU", "kecamatan": "Nanga Mahap", "desa": "Karang Betung", "tanggal": "2026-08-04", "timestamp": "2026-08-04T13:48:00+07:00", "satelit": "NASA-NOAA20", "confidence": "Medium"}}, {"type": "Feature", "geometry": {"type": "Point", "coordinates": [110.88261, -0.62909]}, "properties": {"kab_kota": "SEKADAU", "kecamatan": "Nanga Mahap", "desa": "Karang Betung", "tanggal": "2026-08-06", "timestamp": "2026-08-06T13:10:00+07:00", "satelit": "NASA-NOAA20", "confidence": "Medium"}}, {"type": "Feature", "geometry": {"type": "Point", "coordinates": [110.88883, -0.56354]}, "properties": {"kab_kota": "SEKADAU", "kecamatan": "Nanga Mahap", "desa": "Karang Betung", "tanggal": "2026-08-15", "timestamp": "2026-08-15T13:42:00+07:00", "satelit": "NASA-NOAA20", "confidence": "Medium"}}, {"type": "Feature", "geometry": {"type": "Point", "coordinates": [110.85722, -0.53036]}, "properties": {"kab_kota": "SEKADAU", "kecamatan": "Nanga Mahap", "desa": "Karang Betung", "tanggal": "2026-08-15", "timestamp": "2026-08-15T13:42:00+07:00", "satelit": "NASA-NOAA20", "confidence": "Medium"}}, {"type": "Feature", "geometry": {"type": "Point", "coordinates": [110.95331, -0.60467]}, "properties": {"kab_kota": "SEKADAU", "kecamatan": "Nanga Mahap", "desa": "Karang Betung", "tanggal": "2026-08-16", "timestamp": "2026-08-16T13:25:00+07:00", "satelit": "NASA-NOAA20", "confidence": "Medium"}}, {"type": "Feature", "geometry": {"type": "Point", "coordinates": [110.95486, -0.60328]}, "properties": {"kab_kota": "SEKADAU", "kecamatan": "Nanga Mahap", "desa": "Karang Betung", "tanggal": "2026-08-16", "timestamp": "2026-08-16T13:25:00+07:00", "satelit": "NASA-NOAA20", "confidence": "Medium"}}, {"type": "Feature", "geometry": {"type": "Point", "coordinates": [110.90366, -0.59123]}, "properties": {"kab_kota": "SEKADAU", "kecamatan": "Nanga Mahap", "desa": "Karang Betung", "tanggal": "2026-08-16", "timestamp": "2026-08-16T13:25:00+07:00", "satelit": "NASA-NOAA20", "confidence": "Medium"}}, {"type": "Feature", "geometry": {"type": "Point", "coordinates": [110.90836, -0.59052]}, "properties": {"kab_kota": "SEKADAU", "kecamatan": "Nanga Mahap", "desa": "Karang Betung", "tanggal": "2026-08-16", "timestamp": "2026-08-16T13:25:00+07:00", "satelit": "NASA-NOAA20", "confidence": "Medium"}}, {"type": "Feature", "geometry": {"type": "Point", "coordinates": [110.86384, -0.5223]}, "properties": {"kab_kota": "SEKADAU", "kecamatan": "Nanga Mahap", "desa": "Karang Betung", "tanggal": "2026-08-16", "timestamp": "2026-08-16T13:25:00+07:00", "satelit": "NASA-NOAA20", "confidence": "Medium"}}, {"type": "Feature", "geometry": {"type": "Point", "coordinates": [110.91245, -0.58964]}, "properties": {"kab_kota": "SEKADAU", "kecamatan": "Nanga Mahap", "desa": "Karang Betung", "tanggal": "2026-08-17", "timestamp": "2026-08-17T13:03:00+07:00", "satelit": "NASA-NOAA20", "confidence": "Medium"}}, {"type": "Feature", "geometry": {"type": "Point", "coordinates": [110.85176, -0.51726]}, "properties": {"kab_kota": "SEKADAU", "kecamatan": "Nanga Mahap", "desa": "Karang Betung", "tanggal": "2026-08-17", "timestamp": "2026-08-17T13:03:00+07:00", "satelit": "NASA-NOAA20", "confidence": "Medium"}}, {"type": "Feature", "geometry": {"type": "Point", "coordinates": [110.8616, -0.51238]}, "properties": {"kab_kota": "SEKADAU", "kecamatan": "Nanga Mahap", "desa": "Karang Betung", "tanggal": "2026-08-17", "timestamp": "2026-08-17T13:03:00+07:00", "satelit": "NASA-NOAA20", "confidence": "Medium"}}, {"type": "Feature", "geometry": {"type": "Point", "coordinates": [110.8601, -0.50245]}, "properties": {"kab_kota": "SEKADAU", "kecamatan": "Nanga Mahap", "desa": "Karang Betung", "tanggal": "2026-08-17", "timestamp": "2026-08-17T13:03:00+07:00", "satelit": "NASA-NOAA20", "confidence": "Medium"}}, {"type": "Feature", "geometry": {"type": "Point", "coordinates": [110.88766, -0.65711]}, "properties": {"kab_kota": "SEKADAU", "kecamatan": "Nanga Mahap", "desa": "Karang Betung", "tanggal": "2026-08-18", "timestamp": "2026-08-18T12:46:00+07:00", "satelit": "NASA-NOAA20", "confidence": "Medium"}}, {"type": "Feature", "geometry": {"type": "Point", "coordinates": [110.88116, -0.66085]}, "properties": {"kab_kota": "SEKADAU", "kecamatan": "Nanga Mahap", "desa": "Karang Betung", "tanggal": "2026-08-20", "timestamp": "2026-08-20T01:09:00+07:00", "satelit": "NASA-NOAA20", "confidence": "Medium"}}, {"type": "Feature", "geometry": {"type": "Point", "coordinates": [110.88168, -0.65753]}, "properties": {"kab_kota": "SEKADAU", "kecamatan": "Nanga Mahap", "desa": "Karang Betung", "tanggal": "2026-08-20", "timestamp": "2026-08-20T01:09:00+07:00", "satelit": "NASA-NOAA20", "confidence": "Medium"}}, {"type": "Feature", "geometry": {"type": "Point", "coordinates": [110.8224, -0.6664]}, "properties": {"kab_kota": "SEKADAU", "kecamatan": "Nanga Mahap", "desa": "Karang Betung", "tanggal": "2026-08-20", "timestamp": "2026-08-20T13:50:00+07:00", "satelit": "NASA-NOAA20", "confidence": "Medium"}}, {"type": "Feature", "geometry": {"type": "Point", "coordinates": [110.90459, -0.60479]}, "properties": {"kab_kota": "SEKADAU", "kecamatan": "Nanga Mahap", "desa": "Karang Betung", "tanggal": "2026-08-20", "timestamp": "2026-08-20T13:50:00+07:00", "satelit": "NASA-NOAA20", "confidence": "Medium"}}, {"type": "Feature", "geometry": {"type": "Point", "coordinates": [110.88432, -0.58607]}, "properties": {"kab_kota": "SEKADAU", "kecamatan": "Nanga Mahap", "desa": "Karang Betung", "tanggal": "2026-08-20", "timestamp": "2026-08-20T13:50:00+07:00", "satelit": "NASA-NOAA20", "confidence": "Medium"}}, {"type": "Feature", "geometry": {"type": "Point", "coordinates": [110.88414, -0.58385]}, "properties": {"kab_kota": "SEKADAU", "kecamatan": "Nanga Mahap", "desa": "Karang Betung", "tanggal": "2026-08-20", "timestamp": "2026-08-20T13:50:00+07:00", "satelit": "NASA-NOAA20", "confidence": "Medium"}}, {"type": "Feature", "geometry": {"type": "Point", "coordinates": [110.90257, -0.60332]}, "properties": {"kab_kota": "SEKADAU", "kecamatan": "Nanga Mahap", "desa": "Karang Betung", "tanggal": "2026-08-21", "timestamp": "2026-08-21T13:29:00+07:00", "satelit": "NASA-NOAA20", "confidence": "Medium"}}, {"type": "Feature", "geometry": {"type": "Point", "coordinates": [110.90272, -0.60179]}, "properties": {"kab_kota": "SEKADAU", "kecamatan": "Nanga Mahap", "desa": "Karang Betung", "tanggal": "2026-08-21", "timestamp": "2026-08-21T13:29:00+07:00", "satelit": "NASA-NOAA20", "confidence": "Medium"}}, {"type": "Feature", "geometry": {"type": "Point", "coordinates": [110.90366, -0.5856]}, "properties": {"kab_kota": "SEKADAU", "kecamatan": "Nanga Mahap", "desa": "Karang Betung", "tanggal": "2026-08-21", "timestamp": "2026-08-21T13:29:00+07:00", "satelit": "NASA-NOAA20", "confidence": "Medium"}}, {"type": "Feature", "geometry": {"type": "Point", "coordinates": [110.90746, -0.58502]}, "properties": {"kab_kota": "SEKADAU", "kecamatan": "Nanga Mahap", "desa": "Karang Betung", "tanggal": "2026-08-21", "timestamp": "2026-08-21T13:29:00+07:00", "satelit": "NASA-NOAA20", "confidence": "Medium"}}, {"type": "Feature", "geometry": {"type": "Point", "coordinates": [110.90274, -0.58135]}, "properties": {"kab_kota": "SEKADAU", "kecamatan": "Nanga Mahap", "desa": "Karang Betung", "tanggal": "2026-08-21", "timestamp": "2026-08-21T13:29:00+07:00", "satelit": "NASA-NOAA20", "confidence": "Medium"}}, {"type": "Feature", "geometry": {"type": "Point", "coordinates": [110.90651, -0.58077]}, "properties": {"kab_kota": "SEKADAU", "kecamatan": "Nanga Mahap", "desa": "Karang Betung", "tanggal": "2026-08-21", "timestamp": "2026-08-21T13:29:00+07:00", "satelit": "NASA-NOAA20", "confidence": "Medium"}}, {"type": "Feature", "geometry": {"type": "Point", "coordinates": [110.89056, -0.57883]}, "properties": {"kab_kota": "SEKADAU", "kecamatan": "Nanga Mahap", "desa": "Karang Betung", "tanggal": "2026-08-21", "timestamp": "2026-08-21T13:29:00+07:00", "satelit": "NASA-NOAA20", "confidence": "Medium"}}, {"type": "Feature", "geometry": {"type": "Point", "coordinates": [110.8854, -0.57085]}, "properties": {"kab_kota": "SEKADAU", "kecamatan": "Nanga Mahap", "desa": "Karang Betung", "tanggal": "2026-08-21", "timestamp": "2026-08-21T13:29:00+07:00", "satelit": "NASA-NOAA20", "confidence": "Medium"}}, {"type": "Feature", "geometry": {"type": "Point", "coordinates": [110.89347, -0.54766]}, "properties": {"kab_kota": "SEKADAU", "kecamatan": "Nanga Mahap", "desa": "Karang Betung", "tanggal": "2026-08-21", "timestamp": "2026-08-21T13:29:00+07:00", "satelit": "NASA-NOAA20", "confidence": "Medium"}}, {"type": "Feature", "geometry": {"type": "Point", "coordinates": [110.85599, -0.61313]}, "properties": {"kab_kota": "SEKADAU", "kecamatan": "Nanga Mahap", "desa": "Karang Betung", "tanggal": "2026-08-22", "timestamp": "2026-08-22T00:32:00+07:00", "satelit": "NASA-NOAA20", "confidence": "Medium"}}, {"type": "Feature", "geometry": {"type": "Point", "coordinates": [110.87685, -0.62763]}, "properties": {"kab_kota": "SEKADAU", "kecamatan": "Nanga Mahap", "desa": "Karang Betung", "tanggal": "2026-08-24", "timestamp": "2026-08-24T12:33:00+07:00", "satelit": "NASA-NOAA20", "confidence": "Medium"}}, {"type": "Feature", "geometry": {"type": "Point", "coordinates": [110.89366, -0.50717]}, "properties": {"kab_kota": "SEKADAU", "kecamatan": "Nanga Mahap", "desa": "Karang Betung", "tanggal": "2026-08-24", "timestamp": "2026-08-24T12:33:00+07:00", "satelit": "NASA-NOAA20", "confidence": "Medium"}}, {"type": "Feature", "geometry": {"type": "Point", "coordinates": [110.92205, -0.59949]}, "properties": {"kab_kota": "SEKADAU", "kecamatan": "Nanga Mahap", "desa": "Karang Betung", "tanggal": "2026-08-25", "timestamp": "2026-08-25T12:16:00+07:00", "satelit": "NASA-NOAA20", "confidence": "Medium"}}, {"type": "Feature", "geometry": {"type": "Point", "coordinates": [110.92775, -0.57711]}, "properties": {"kab_kota": "SEKADAU", "kecamatan": "Nanga Mahap", "desa": "Karang Betung", "tanggal": "2026-08-26", "timestamp": "2026-08-26T13:35:00+07:00", "satelit": "NASA-NOAA20", "confidence": "Medium"}}, {"type": "Feature", "geometry": {"type": "Point", "coordinates": [110.92677, -0.57696]}, "properties": {"kab_kota": "SEKADAU", "kecamatan": "Nanga Mahap", "desa": "Karang Betung", "tanggal": "2026-08-26", "timestamp": "2026-08-26T13:35:00+07:00", "satelit": "NASA-NOAA20", "confidence": "Medium"}}, {"type": "Feature", "geometry": {"type": "Point", "coordinates": [110.85271, -0.51037]}, "properties": {"kab_kota": "SEKADAU", "kecamatan": "Nanga Mahap", "desa": "Karang Betung", "tanggal": "2026-08-26", "timestamp": "2026-08-26T13:35:00+07:00", "satelit": "NASA-NOAA20", "confidence": "Medium"}}, {"type": "Feature", "geometry": {"type": "Point", "coordinates": [110.86037, -0.64579]}, "properties": {"kab_kota": "SEKADAU", "kecamatan": "Nanga Mahap", "desa": "Karang Betung", "tanggal": "2026-08-27", "timestamp": "2026-08-27T13:18:00+07:00", "satelit": "NASA-NOAA20", "confidence": "Medium"}}, {"type": "Feature", "geometry": {"type": "Point", "coordinates": [110.93629, -0.63579]}, "properties": {"kab_kota": "SEKADAU", "kecamatan": "Nanga Mahap", "desa": "Karang Betung", "tanggal": "2026-08-28", "timestamp": "2026-08-28T12:57:00+07:00", "satelit": "NASA-NOAA20", "confidence": "Medium"}}, {"type": "Feature", "geometry": {"type": "Point", "coordinates": [110.93262, -0.61183]}, "properties": {"kab_kota": "SEKADAU", "kecamatan": "Nanga Mahap", "desa": "Karang Betung", "tanggal": "2026-08-28", "timestamp": "2026-08-28T12:57:00+07:00", "satelit": "NASA-NOAA20", "confidence": "Medium"}}, {"type": "Feature", "geometry": {"type": "Point", "coordinates": [110.82572, -0.66529]}, "properties": {"kab_kota": "SEKADAU", "kecamatan": "Nanga Mahap", "desa": "Karang Betung", "tanggal": "2026-08-29", "timestamp": "2026-08-29T12:40:00+07:00", "satelit": "NASA-NOAA20", "confidence": "Medium"}}, {"type": "Feature", "geometry": {"type": "Point", "coordinates": [110.84916, -0.66172]}, "properties": {"kab_kota": "SEKADAU", "kecamatan": "Nanga Mahap", "desa": "Karang Betung", "tanggal": "2026-08-29", "timestamp": "2026-08-29T12:40:00+07:00", "satelit": "NASA-NOAA20", "confidence": "Medium"}}, {"type": "Feature", "geometry": {"type": "Point", "coordinates": [110.84042, -0.70731]}, "properties": {"kab_kota": "SEKADAU", "kecamatan": "Nanga Mahap", "desa": "Karang Betung", "tanggal": "2026-08-30", "timestamp": "2026-08-30T01:21:00+07:00", "satelit": "NASA-NOAA20", "confidence": "Medium"}}, {"type": "Feature", "geometry": {"type": "Point", "coordinates": [110.92932, -0.65127]}, "properties": {"kab_kota": "SEKADAU", "kecamatan": "Nanga Mahap", "desa": "Karang Betung", "tanggal": "2026-08-30", "timestamp": "2026-08-30T01:21:00+07:00", "satelit": "NASA-NOAA20", "confidence": "Medium"}}, {"type": "Feature", "geometry": {"type": "Point", "coordinates": [110.91441, -0.58728]}, "properties": {"kab_kota": "SEKADAU", "kecamatan": "Nanga Mahap", "desa": "Karang Betung", "tanggal": "2026-08-30", "timestamp": "2026-08-30T12:23:00+07:00", "satelit": "NASA-NOAA20", "confidence": "Medium"}}, {"type": "Feature", "geometry": {"type": "Point", "coordinates": [110.87875, -0.66151]}, "properties": {"kab_kota": "SEKADAU", "kecamatan": "Nanga Mahap", "desa": "Karang Betung", "tanggal": "2026-08-31", "timestamp": "2026-08-31T01:02:00+07:00", "satelit": "NASA-NOAA20", "confidence": "Medium"}}, {"type": "Feature", "geometry": {"type": "Point", "coordinates": [110.93037, -0.65258]}, "properties": {"kab_kota": "SEKADAU", "kecamatan": "Nanga Mahap", "desa": "Karang Betung", "tanggal": "2026-08-31", "timestamp": "2026-08-31T01:02:00+07:00", "satelit": "NASA-NOAA20", "confidence": "Medium"}}, {"type": "Feature", "geometry": {"type": "Point", "coordinates": [110.84643, -0.5949]}, "properties": {"kab_kota": "SEKADAU", "kecamatan": "Nanga Mahap", "desa": "Karang Betung", "tanggal": "2026-08-31", "timestamp": "2026-08-31T01:02:00+07:00", "satelit": "NASA-NOAA20", "confidence": "Medium"}}, {"type": "Feature", "geometry": {"type": "Point", "coordinates": [110.70783, -0.50618]}, "properties": {"kab_kota": "SEKADAU", "kecamatan": "Nanga Mahap", "desa": "Landau Apin", "tanggal": "2026-08-02", "timestamp": "2026-08-02T12:46:00+07:00", "satelit": "NASA-NOAA20", "confidence": "Medium"}}, {"type": "Feature", "geometry": {"type": "Point", "coordinates": [110.71094, -0.50148]}, "properties": {"kab_kota": "SEKADAU", "kecamatan": "Nanga Mahap", "desa": "Landau Apin", "tanggal": "2026-08-02", "timestamp": "2026-08-02T12:46:00+07:00", "satelit": "NASA-NOAA20", "confidence": "Medium"}}, {"type": "Feature", "geometry": {"type": "Point", "coordinates": [110.66909, -0.47405]}, "properties": {"kab_kota": "SEKADAU", "kecamatan": "Nanga Mahap", "desa": "Landau Apin", "tanggal": "2026-08-02", "timestamp": "2026-08-02T12:46:00+07:00", "satelit": "NASA-NOAA20", "confidence": "Medium"}}, {"type": "Feature", "geometry": {"type": "Point", "coordinates": [110.66854, -0.4699]}, "properties": {"kab_kota": "SEKADAU", "kecamatan": "Nanga Mahap", "desa": "Landau Apin", "tanggal": "2026-08-02", "timestamp": "2026-08-02T12:46:00+07:00", "satelit": "NASA-NOAA20", "confidence": "Medium"}}, {"type": "Feature", "geometry": {"type": "Point", "coordinates": [110.66437, -0.4663]}, "properties": {"kab_kota": "SEKADAU", "kecamatan": "Nanga Mahap", "desa": "Landau Apin", "tanggal": "2026-08-02", "timestamp": "2026-08-02T12:46:00+07:00", "satelit": "NASA-NOAA20", "confidence": "Medium"}}, {"type": "Feature", "geometry": {"type": "Point", "coordinates": [110.70808, -0.47723]}, "properties": {"kab_kota": "SEKADAU", "kecamatan": "Nanga Mahap", "desa": "Landau Apin", "tanggal": "2026-08-03", "timestamp": "2026-08-03T12:27:00+07:00", "satelit": "NASA-NOAA20", "confidence": "Medium"}}, {"type": "Feature", "geometry": {"type": "Point", "coordinates": [110.69533, -0.52167]}, "properties": {"kab_kota": "SEKADAU", "kecamatan": "Nanga Mahap", "desa": "Landau Apin", "tanggal": "2026-08-04", "timestamp": "2026-08-04T13:48:00+07:00", "satelit": "NASA-NOAA20", "confidence": "Medium"}}, {"type": "Feature", "geometry": {"type": "Point", "coordinates": [110.68172, -0.47792]}, "properties": {"kab_kota": "SEKADAU", "kecamatan": "Nanga Mahap", "desa": "Landau Apin", "tanggal": "2026-08-07", "timestamp": "2026-08-07T12:53:00+07:00", "satelit": "NASA-NOAA20", "confidence": "Medium"}}, {"type": "Feature", "geometry": {"type": "Point", "coordinates": [110.67874, -0.47697]}, "properties": {"kab_kota": "SEKADAU", "kecamatan": "Nanga Mahap", "desa": "Landau Apin", "tanggal": "2026-08-07", "timestamp": "2026-08-07T12:53:00+07:00", "satelit": "NASA-NOAA20", "confidence": "Medium"}}, {"type": "Feature", "geometry": {"type": "Point", "coordinates": [110.68762, -0.47884]}, "properties": {"kab_kota": "SEKADAU", "kecamatan": "Nanga Mahap", "desa": "Landau Apin", "tanggal": "2026-08-09", "timestamp": "2026-08-09T12:14:00+07:00", "satelit": "NASA-NOAA20", "confidence": "Medium"}}, {"type": "Feature", "geometry": {"type": "Point", "coordinates": [110.6867, -0.48846]}, "properties": {"kab_kota": "SEKADAU", "kecamatan": "Nanga Mahap", "desa": "Landau Apin", "tanggal": "2026-08-16", "timestamp": "2026-08-16T13:25:00+07:00", "satelit": "NASA-NOAA20", "confidence": "Medium"}}, {"type": "Feature", "geometry": {"type": "Point", "coordinates": [110.69294, -0.56516]}, "properties": {"kab_kota": "SEKADAU", "kecamatan": "Nanga Mahap", "desa": "Landau Apin", "tanggal": "2026-08-17", "timestamp": "2026-08-17T13:03:00+07:00", "satelit": "NASA-NOAA20", "confidence": "Medium"}}, {"type": "Feature", "geometry": {"type": "Point", "coordinates": [110.66695, -0.46739]}, "properties": {"kab_kota": "SEKADAU", "kecamatan": "Nanga Mahap", "desa": "Landau Apin", "tanggal": "2026-08-17", "timestamp": "2026-08-17T13:03:00+07:00", "satelit": "NASA-NOAA20", "confidence": "Medium"}}, {"type": "Feature", "geometry": {"type": "Point", "coordinates": [110.68539, -0.48496]}, "properties": {"kab_kota": "SEKADAU", "kecamatan": "Nanga Mahap", "desa": "Landau Apin", "tanggal": "2026-08-21", "timestamp": "2026-08-21T13:29:00+07:00", "satelit": "NASA-NOAA20", "confidence": "Medium"}}, {"type": "Feature", "geometry": {"type": "Point", "coordinates": [110.67568, -0.48153]}, "properties": {"kab_kota": "SEKADAU", "kecamatan": "Nanga Mahap", "desa": "Landau Apin", "tanggal": "2026-08-25", "timestamp": "2026-08-25T13:57:00+07:00", "satelit": "NASA-NOAA20", "confidence": "Medium"}}, {"type": "Feature", "geometry": {"type": "Point", "coordinates": [110.67471, -0.4812]}, "properties": {"kab_kota": "SEKADAU", "kecamatan": "Nanga Mahap", "desa": "Landau Apin", "tanggal": "2026-08-25", "timestamp": "2026-08-25T13:57:00+07:00", "satelit": "NASA-NOAA20", "confidence": "Medium"}}, {"type": "Feature", "geometry": {"type": "Point", "coordinates": [110.70753, -0.48846]}, "properties": {"kab_kota": "SEKADAU", "kecamatan": "Nanga Mahap", "desa": "Landau Apin", "tanggal": "2026-08-28", "timestamp": "2026-08-28T12:59:00+07:00", "satelit": "NASA-NOAA20", "confidence": "Medium"}}, {"type": "Feature", "geometry": {"type": "Point", "coordinates": [110.67432, -0.4723]}, "properties": {"kab_kota": "SEKADAU", "kecamatan": "Nanga Mahap", "desa": "Landau Apin", "tanggal": "2026-08-28", "timestamp": "2026-08-28T12:59:00+07:00", "satelit": "NASA-NOAA20", "confidence": "Medium"}}, {"type": "Feature", "geometry": {"type": "Point", "coordinates": [110.70805, -0.49642]}, "properties": {"kab_kota": "SEKADAU", "kecamatan": "Nanga Mahap", "desa": "Landau Apin", "tanggal": "2026-08-29", "timestamp": "2026-08-29T01:41:00+07:00", "satelit": "NASA-NOAA20", "confidence": "Medium"}}, {"type": "Feature", "geometry": {"type": "Point", "coordinates": [110.74463, -0.37314]}, "properties": {"kab_kota": "SEKADAU", "kecamatan": "Nanga Mahap", "desa": "Landau Kumpai", "tanggal": "2026-08-10", "timestamp": "2026-08-10T13:35:00+07:00", "satelit": "NASA-NOAA20", "confidence": "Medium"}}, {"type": "Feature", "geometry": {"type": "Point", "coordinates": [110.72351, -0.4059]}, "properties": {"kab_kota": "SEKADAU", "kecamatan": "Nanga Mahap", "desa": "Landau Kumpai", "tanggal": "2026-08-16", "timestamp": "2026-08-16T13:25:00+07:00", "satelit": "NASA-NOAA20", "confidence": "Medium"}}, {"type": "Feature", "geometry": {"type": "Point", "coordinates": [110.72278, -0.39895]}, "properties": {"kab_kota": "SEKADAU", "kecamatan": "Nanga Mahap", "desa": "Landau Kumpai", "tanggal": "2026-08-18", "timestamp": "2026-08-18T12:46:00+07:00", "satelit": "NASA-NOAA20", "confidence": "Medium"}}, {"type": "Feature", "geometry": {"type": "Point", "coordinates": [110.71783, -0.40148]}, "properties": {"kab_kota": "SEKADAU", "kecamatan": "Nanga Mahap", "desa": "Landau Kumpai", "tanggal": "2026-08-22", "timestamp": "2026-08-22T13:12:00+07:00", "satelit": "NASA-NOAA20", "confidence": "Medium"}}, {"type": "Feature", "geometry": {"type": "Point", "coordinates": [110.72136, -0.40093]}, "properties": {"kab_kota": "SEKADAU", "kecamatan": "Nanga Mahap", "desa": "Landau Kumpai", "tanggal": "2026-08-22", "timestamp": "2026-08-22T13:12:00+07:00", "satelit": "NASA-NOAA20", "confidence": "Medium"}}, {"type": "Feature", "geometry": {"type": "Point", "coordinates": [110.74099, -0.34406]}, "properties": {"kab_kota": "SEKADAU", "kecamatan": "Nanga Mahap", "desa": "Landau Kumpai", "tanggal": "2026-08-22", "timestamp": "2026-08-22T13:12:00+07:00", "satelit": "NASA-NOAA20", "confidence": "Medium"}}, {"type": "Feature", "geometry": {"type": "Point", "coordinates": [110.74832, -0.39793]}, "properties": {"kab_kota": "SEKADAU", "kecamatan": "Nanga Mahap", "desa": "Landau Kumpai", "tanggal": "2026-08-30", "timestamp": "2026-08-30T14:01:00+07:00", "satelit": "NASA-NOAA20", "confidence": "Medium"}}, {"type": "Feature", "geometry": {"type": "Point", "coordinates": [110.7847, -0.58557]}, "properties": {"kab_kota": "SEKADAU", "kecamatan": "Nanga Mahap", "desa": "Lembah Beringin", "tanggal": "2026-08-04", "timestamp": "2026-08-04T13:48:00+07:00", "satelit": "NASA-NOAA20", "confidence": "Medium"}}, {"type": "Feature", "geometry": {"type": "Point", "coordinates": [110.78814, -0.58503]}, "properties": {"kab_kota": "SEKADAU", "kecamatan": "Nanga Mahap", "desa": "Lembah Beringin", "tanggal": "2026-08-04", "timestamp": "2026-08-04T13:48:00+07:00", "satelit": "NASA-NOAA20", "confidence": "Medium"}}, {"type": "Feature", "geometry": {"type": "Point", "coordinates": [110.7855, -0.58426]}, "properties": {"kab_kota": "SEKADAU", "kecamatan": "Nanga Mahap", "desa": "Lembah Beringin", "tanggal": "2026-08-04", "timestamp": "2026-08-04T13:48:00+07:00", "satelit": "NASA-NOAA20", "confidence": "Medium"}}, {"type": "Feature", "geometry": {"type": "Point", "coordinates": [110.79472, -0.58401]}, "properties": {"kab_kota": "SEKADAU", "kecamatan": "Nanga Mahap", "desa": "Lembah Beringin", "tanggal": "2026-08-04", "timestamp": "2026-08-04T13:48:00+07:00", "satelit": "NASA-NOAA20", "confidence": "Medium"}}, {"type": "Feature", "geometry": {"type": "Point", "coordinates": [110.76221, -0.48227]}, "properties": {"kab_kota": "SEKADAU", "kecamatan": "Nanga Mahap", "desa": "Lembah Beringin", "tanggal": "2026-08-04", "timestamp": "2026-08-04T13:48:00+07:00", "satelit": "NASA-NOAA20", "confidence": "Medium"}}, {"type": "Feature", "geometry": {"type": "Point", "coordinates": [110.76635, -0.48163]}, "properties": {"kab_kota": "SEKADAU", "kecamatan": "Nanga Mahap", "desa": "Lembah Beringin", "tanggal": "2026-08-04", "timestamp": "2026-08-04T13:48:00+07:00", "satelit": "NASA-NOAA20", "confidence": "Medium"}}, {"type": "Feature", "geometry": {"type": "Point", "coordinates": [110.76224, -0.48083]}, "properties": {"kab_kota": "SEKADAU", "kecamatan": "Nanga Mahap", "desa": "Lembah Beringin", "tanggal": "2026-08-04", "timestamp": "2026-08-04T13:48:00+07:00", "satelit": "NASA-NOAA20", "confidence": "Medium"}}, {"type": "Feature", "geometry": {"type": "Point", "coordinates": [110.76131, -0.4764]}, "properties": {"kab_kota": "SEKADAU", "kecamatan": "Nanga Mahap", "desa": "Lembah Beringin", "tanggal": "2026-08-04", "timestamp": "2026-08-04T13:48:00+07:00", "satelit": "NASA-NOAA20", "confidence": "Medium"}}, {"type": "Feature", "geometry": {"type": "Point", "coordinates": [110.7655, -0.47574]}, "properties": {"kab_kota": "SEKADAU", "kecamatan": "Nanga Mahap", "desa": "Lembah Beringin", "tanggal": "2026-08-04", "timestamp": "2026-08-04T13:48:00+07:00", "satelit": "NASA-NOAA20", "confidence": "Medium"}}, {"type": "Feature", "geometry": {"type": "Point", "coordinates": [110.76081, -0.56294]}, "properties": {"kab_kota": "SEKADAU", "kecamatan": "Nanga Mahap", "desa": "Lembah Beringin", "tanggal": "2026-08-06", "timestamp": "2026-08-06T13:10:00+07:00", "satelit": "NASA-NOAA20", "confidence": "Medium"}}, {"type": "Feature", "geometry": {"type": "Point", "coordinates": [110.75547, -0.58991]}, "properties": {"kab_kota": "SEKADAU", "kecamatan": "Nanga Mahap", "desa": "Lembah Beringin", "tanggal": "2026-08-15", "timestamp": "2026-08-15T13:42:00+07:00", "satelit": "NASA-NOAA20", "confidence": "Medium"}}, {"type": "Feature", "geometry": {"type": "Point", "coordinates": [110.75892, -0.58937]}, "properties": {"kab_kota": "SEKADAU", "kecamatan": "Nanga Mahap", "desa": "Lembah Beringin", "tanggal": "2026-08-15", "timestamp": "2026-08-15T13:42:00+07:00", "satelit": "NASA-NOAA20", "confidence": "Medium"}}, {"type": "Feature", "geometry": {"type": "Point", "coordinates": [110.75362, -0.49945]}, "properties": {"kab_kota": "SEKADAU", "kecamatan": "Nanga Mahap", "desa": "Lembah Beringin", "tanggal": "2026-08-20", "timestamp": "2026-08-20T13:50:00+07:00", "satelit": "NASA-NOAA20", "confidence": "Medium"}}, {"type": "Feature", "geometry": {"type": "Point", "coordinates": [110.75449, -0.4981]}, "properties": {"kab_kota": "SEKADAU", "kecamatan": "Nanga Mahap", "desa": "Lembah Beringin", "tanggal": "2026-08-20", "timestamp": "2026-08-20T13:50:00+07:00", "satelit": "NASA-NOAA20", "confidence": "Medium"}}, {"type": "Feature", "geometry": {"type": "Point", "coordinates": [110.76775, -0.47918]}, "properties": {"kab_kota": "SEKADAU", "kecamatan": "Nanga Mahap", "desa": "Lembah Beringin", "tanggal": "2026-08-20", "timestamp": "2026-08-20T13:50:00+07:00", "satelit": "NASA-NOAA20", "confidence": "Medium"}}, {"type": "Feature", "geometry": {"type": "Point", "coordinates": [110.75585, -0.53167]}, "properties": {"kab_kota": "SEKADAU", "kecamatan": "Nanga Mahap", "desa": "Lembah Beringin", "tanggal": "2026-08-22", "timestamp": "2026-08-22T13:12:00+07:00", "satelit": "NASA-NOAA20", "confidence": "Medium"}}, {"type": "Feature", "geometry": {"type": "Point", "coordinates": [110.7496, -0.49226]}, "properties": {"kab_kota": "SEKADAU", "kecamatan": "Nanga Mahap", "desa": "Lembah Beringin", "tanggal": "2026-08-22", "timestamp": "2026-08-22T13:12:00+07:00", "satelit": "NASA-NOAA20", "confidence": "Medium"}}, {"type": "Feature", "geometry": {"type": "Point", "coordinates": [110.77718, -0.48465]}, "properties": {"kab_kota": "SEKADAU", "kecamatan": "Nanga Mahap", "desa": "Lembah Beringin", "tanggal": "2026-08-22", "timestamp": "2026-08-22T13:12:00+07:00", "satelit": "NASA-NOAA20", "confidence": "Medium"}}, {"type": "Feature", "geometry": {"type": "Point", "coordinates": [110.77319, -0.48185]}, "properties": {"kab_kota": "SEKADAU", "kecamatan": "Nanga Mahap", "desa": "Lembah Beringin", "tanggal": "2026-08-22", "timestamp": "2026-08-22T13:12:00+07:00", "satelit": "NASA-NOAA20", "confidence": "Medium"}}, {"type": "Feature", "geometry": {"type": "Point", "coordinates": [110.75411, -0.47449]}, "properties": {"kab_kota": "SEKADAU", "kecamatan": "Nanga Mahap", "desa": "Lembah Beringin", "tanggal": "2026-08-22", "timestamp": "2026-08-22T13:12:00+07:00", "satelit": "NASA-NOAA20", "confidence": "Medium"}}, {"type": "Feature", "geometry": {"type": "Point", "coordinates": [110.75774, -0.68581]}, "properties": {"kab_kota": "SEKADAU", "kecamatan": "Nanga Mahap", "desa": "Lembah Beringin", "tanggal": "2026-08-24", "timestamp": "2026-08-24T12:33:00+07:00", "satelit": "NASA-NOAA20", "confidence": "Medium"}}, {"type": "Feature", "geometry": {"type": "Point", "coordinates": [110.74758, -0.69583]}, "properties": {"kab_kota": "SEKADAU", "kecamatan": "Nanga Mahap", "desa": "Lembah Beringin", "tanggal": "2026-08-25", "timestamp": "2026-08-25T13:57:00+07:00", "satelit": "NASA-NOAA20", "confidence": "Medium"}}, {"type": "Feature", "geometry": {"type": "Point", "coordinates": [110.75308, -0.69497]}, "properties": {"kab_kota": "SEKADAU", "kecamatan": "Nanga Mahap", "desa": "Lembah Beringin", "tanggal": "2026-08-25", "timestamp": "2026-08-25T13:57:00+07:00", "satelit": "NASA-NOAA20", "confidence": "Medium"}}, {"type": "Feature", "geometry": {"type": "Point", "coordinates": [110.77161, -0.49922]}, "properties": {"kab_kota": "SEKADAU", "kecamatan": "Nanga Mahap", "desa": "Lembah Beringin", "tanggal": "2026-08-25", "timestamp": "2026-08-25T13:57:00+07:00", "satelit": "NASA-NOAA20", "confidence": "Medium"}}, {"type": "Feature", "geometry": {"type": "Point", "coordinates": [110.77221, -0.49894]}, "properties": {"kab_kota": "SEKADAU", "kecamatan": "Nanga Mahap", "desa": "Lembah Beringin", "tanggal": "2026-08-25", "timestamp": "2026-08-25T13:57:00+07:00", "satelit": "NASA-NOAA20", "confidence": "Medium"}}, {"type": "Feature", "geometry": {"type": "Point", "coordinates": [110.7504, -0.70214]}, "properties": {"kab_kota": "SEKADAU", "kecamatan": "Nanga Mahap", "desa": "Lembah Beringin", "tanggal": "2026-08-26", "timestamp": "2026-08-26T13:35:00+07:00", "satelit": "NASA-NOAA20", "confidence": "Medium"}}, {"type": "Feature", "geometry": {"type": "Point", "coordinates": [110.75607, -0.54231]}, "properties": {"kab_kota": "SEKADAU", "kecamatan": "Nanga Mahap", "desa": "Lembah Beringin", "tanggal": "2026-08-27", "timestamp": "2026-08-27T13:18:00+07:00", "satelit": "NASA-NOAA20", "confidence": "Medium"}}, {"type": "Feature", "geometry": {"type": "Point", "coordinates": [110.7614, -0.69029]}, "properties": {"kab_kota": "SEKADAU", "kecamatan": "Nanga Mahap", "desa": "Lembah Beringin", "tanggal": "2026-08-28", "timestamp": "2026-08-28T12:57:00+07:00", "satelit": "NASA-NOAA20", "confidence": "Medium"}}, {"type": "Feature", "geometry": {"type": "Point", "coordinates": [110.7456, -0.6203]}, "properties": {"kab_kota": "SEKADAU", "kecamatan": "Nanga Mahap", "desa": "Lembah Beringin", "tanggal": "2026-08-29", "timestamp": "2026-08-29T01:41:00+07:00", "satelit": "NASA-NOAA20", "confidence": "Medium"}}, {"type": "Feature", "geometry": {"type": "Point", "coordinates": [110.74509, -0.615]}, "properties": {"kab_kota": "SEKADAU", "kecamatan": "Nanga Mahap", "desa": "Lembah Beringin", "tanggal": "2026-08-29", "timestamp": "2026-08-29T01:41:00+07:00", "satelit": "NASA-NOAA20", "confidence": "Medium"}}, {"type": "Feature", "geometry": {"type": "Point", "coordinates": [110.82108, -0.66599]}, "properties": {"kab_kota": "SEKADAU", "kecamatan": "Nanga Mahap", "desa": "Lembah Beringin", "tanggal": "2026-08-29", "timestamp": "2026-08-29T12:40:00+07:00", "satelit": "NASA-NOAA20", "confidence": "Medium"}}, {"type": "Feature", "geometry": {"type": "Point", "coordinates": [110.75152, -0.49357]}, "properties": {"kab_kota": "SEKADAU", "kecamatan": "Nanga Mahap", "desa": "Lembah Beringin", "tanggal": "2026-08-29", "timestamp": "2026-08-29T12:40:00+07:00", "satelit": "NASA-NOAA20", "confidence": "Medium"}}, {"type": "Feature", "geometry": {"type": "Point", "coordinates": [110.75619, -0.49285]}, "properties": {"kab_kota": "SEKADAU", "kecamatan": "Nanga Mahap", "desa": "Lembah Beringin", "tanggal": "2026-08-29", "timestamp": "2026-08-29T12:40:00+07:00", "satelit": "NASA-NOAA20", "confidence": "Medium"}}, {"type": "Feature", "geometry": {"type": "Point", "coordinates": [110.74464, -0.53983]}, "properties": {"kab_kota": "SEKADAU", "kecamatan": "Nanga Mahap", "desa": "Lembah Beringin", "tanggal": "2026-08-30", "timestamp": "2026-08-30T01:21:00+07:00", "satelit": "NASA-NOAA20", "confidence": "Medium"}}, {"type": "Feature", "geometry": {"type": "Point", "coordinates": [110.75606, -0.68679]}, "properties": {"kab_kota": "SEKADAU", "kecamatan": "Nanga Mahap", "desa": "Lembah Beringin", "tanggal": "2026-08-30", "timestamp": "2026-08-30T12:23:00+07:00", "satelit": "NASA-NOAA20", "confidence": "Medium"}}, {"type": "Feature", "geometry": {"type": "Point", "coordinates": [110.76118, -0.686]}, "properties": {"kab_kota": "SEKADAU", "kecamatan": "Nanga Mahap", "desa": "Lembah Beringin", "tanggal": "2026-08-30", "timestamp": "2026-08-30T12:23:00+07:00", "satelit": "NASA-NOAA20", "confidence": "Medium"}}, {"type": "Feature", "geometry": {"type": "Point", "coordinates": [110.7598, -0.66257]}, "properties": {"kab_kota": "SEKADAU", "kecamatan": "Nanga Mahap", "desa": "Lembah Beringin", "tanggal": "2026-08-31", "timestamp": "2026-08-31T01:02:00+07:00", "satelit": "NASA-NOAA20", "confidence": "Medium"}}, {"type": "Feature", "geometry": {"type": "Point", "coordinates": [110.7563, -0.66201]}, "properties": {"kab_kota": "SEKADAU", "kecamatan": "Nanga Mahap", "desa": "Lembah Beringin", "tanggal": "2026-08-31", "timestamp": "2026-08-31T01:02:00+07:00", "satelit": "NASA-NOAA20", "confidence": "Medium"}}, {"type": "Feature", "geometry": {"type": "Point", "coordinates": [110.75682, -0.65867]}, "properties": {"kab_kota": "SEKADAU", "kecamatan": "Nanga Mahap", "desa": "Lembah Beringin", "tanggal": "2026-08-31", "timestamp": "2026-08-31T01:02:00+07:00", "satelit": "NASA-NOAA20", "confidence": "Medium"}}, {"type": "Feature", "geometry": {"type": "Point", "coordinates": [110.76535, -0.69029]}, "properties": {"kab_kota": "SEKADAU", "kecamatan": "Nanga Mahap", "desa": "Lembah Beringin", "tanggal": "2026-08-31", "timestamp": "2026-08-31T13:44:00+07:00", "satelit": "NASA-NOAA20", "confidence": "Medium"}}, {"type": "Feature", "geometry": {"type": "Point", "coordinates": [110.75954, -0.66496]}, "properties": {"kab_kota": "SEKADAU", "kecamatan": "Nanga Mahap", "desa": "Lembah Beringin", "tanggal": "2026-08-31", "timestamp": "2026-08-31T13:44:00+07:00", "satelit": "NASA-NOAA20", "confidence": "Medium"}}, {"type": "Feature", "geometry": {"type": "Point", "coordinates": [110.7475, -0.41239]}, "properties": {"kab_kota": "SEKADAU", "kecamatan": "Nanga Mahap", "desa": "Nanga Mahap", "tanggal": "2026-08-04", "timestamp": "2026-08-04T13:48:00+07:00", "satelit": "NASA-NOAA20", "confidence": "Medium"}}, {"type": "Feature", "geometry": {"type": "Point", "coordinates": [110.78699, -0.41814]}, "properties": {"kab_kota": "SEKADAU", "kecamatan": "Nanga Mahap", "desa": "Nanga Suri", "tanggal": "2026-08-04", "timestamp": "2026-08-04T13:48:00+07:00", "satelit": "NASA-NOAA20", "confidence": "Medium"}}, {"type": "Feature", "geometry": {"type": "Point", "coordinates": [110.77652, -0.47851]}, "properties": {"kab_kota": "SEKADAU", "kecamatan": "Nanga Mahap", "desa": "Nanga Suri", "tanggal": "2026-08-09", "timestamp": "2026-08-09T13:57:00+07:00", "satelit": "NASA-NOAA20", "confidence": "Medium"}}, {"type": "Feature", "geometry": {"type": "Point", "coordinates": [110.77827, -0.47839]}, "properties": {"kab_kota": "SEKADAU", "kecamatan": "Nanga Mahap", "desa": "Nanga Suri", "tanggal": "2026-08-09", "timestamp": "2026-08-09T13:57:00+07:00", "satelit": "NASA-NOAA20", "confidence": "Medium"}}, {"type": "Feature", "geometry": {"type": "Point", "coordinates": [110.79668, -0.41645]}, "properties": {"kab_kota": "SEKADAU", "kecamatan": "Nanga Mahap", "desa": "Nanga Suri", "tanggal": "2026-08-16", "timestamp": "2026-08-16T13:25:00+07:00", "satelit": "NASA-NOAA20", "confidence": "Medium"}}, {"type": "Feature", "geometry": {"type": "Point", "coordinates": [110.81184, -0.41296]}, "properties": {"kab_kota": "SEKADAU", "kecamatan": "Nanga Mahap", "desa": "Nanga Suri", "tanggal": "2026-08-21", "timestamp": "2026-08-21T13:29:00+07:00", "satelit": "NASA-NOAA20", "confidence": "Medium"}}, {"type": "Feature", "geometry": {"type": "Point", "coordinates": [110.77814, -0.40082]}, "properties": {"kab_kota": "SEKADAU", "kecamatan": "Nanga Mahap", "desa": "Nanga Suri", "tanggal": "2026-08-21", "timestamp": "2026-08-21T13:29:00+07:00", "satelit": "NASA-NOAA20", "confidence": "Medium"}}, {"type": "Feature", "geometry": {"type": "Point", "coordinates": [110.77811, -0.39736]}, "properties": {"kab_kota": "SEKADAU", "kecamatan": "Nanga Mahap", "desa": "Nanga Suri", "tanggal": "2026-08-21", "timestamp": "2026-08-21T13:29:00+07:00", "satelit": "NASA-NOAA20", "confidence": "Medium"}}, {"type": "Feature", "geometry": {"type": "Point", "coordinates": [110.78592, -0.36262]}, "properties": {"kab_kota": "SEKADAU", "kecamatan": "Nanga Mahap", "desa": "Nanga Suri", "tanggal": "2026-08-26", "timestamp": "2026-08-26T00:56:00+07:00", "satelit": "NASA-NOAA20", "confidence": "Medium"}}, {"type": "Feature", "geometry": {"type": "Point", "coordinates": [110.76966, -0.39117]}, "properties": {"kab_kota": "SEKADAU", "kecamatan": "Nanga Mahap", "desa": "Nanga Suri", "tanggal": "2026-08-26", "timestamp": "2026-08-26T13:35:00+07:00", "satelit": "NASA-NOAA20", "confidence": "Medium"}}, {"type": "Feature", "geometry": {"type": "Point", "coordinates": [110.7715, -0.39033]}, "properties": {"kab_kota": "SEKADAU", "kecamatan": "Nanga Mahap", "desa": "Nanga Suri", "tanggal": "2026-08-26", "timestamp": "2026-08-26T13:35:00+07:00", "satelit": "NASA-NOAA20", "confidence": "Medium"}}, {"type": "Feature", "geometry": {"type": "Point", "coordinates": [110.78371, -0.40696]}, "properties": {"kab_kota": "SEKADAU", "kecamatan": "Nanga Mahap", "desa": "Nanga Suri", "tanggal": "2026-08-28", "timestamp": "2026-08-28T12:59:00+07:00", "satelit": "NASA-NOAA20", "confidence": "Medium"}}, {"type": "Feature", "geometry": {"type": "Point", "coordinates": [110.84494, -0.49506]}, "properties": {"kab_kota": "SEKADAU", "kecamatan": "Nanga Mahap", "desa": "Sebabas", "tanggal": "2026-08-01", "timestamp": "2026-08-01T13:03:00+07:00", "satelit": "NASA-NOAA20", "confidence": "Medium"}}, {"type": "Feature", "geometry": {"type": "Point", "coordinates": [110.84482, -0.49348]}, "properties": {"kab_kota": "SEKADAU", "kecamatan": "Nanga Mahap", "desa": "Sebabas", "tanggal": "2026-08-02", "timestamp": "2026-08-02T12:46:00+07:00", "satelit": "NASA-NOAA20", "confidence": "Medium"}}, {"type": "Feature", "geometry": {"type": "Point", "coordinates": [110.83875, -0.47443]}, "properties": {"kab_kota": "SEKADAU", "kecamatan": "Nanga Mahap", "desa": "Sebabas", "tanggal": "2026-08-04", "timestamp": "2026-08-04T13:48:00+07:00", "satelit": "NASA-NOAA20", "confidence": "Medium"}}, {"type": "Feature", "geometry": {"type": "Point", "coordinates": [110.83799, -0.47052]}, "properties": {"kab_kota": "SEKADAU", "kecamatan": "Nanga Mahap", "desa": "Sebabas", "tanggal": "2026-08-04", "timestamp": "2026-08-04T13:48:00+07:00", "satelit": "NASA-NOAA20", "confidence": "Medium"}}, {"type": "Feature", "geometry": {"type": "Point", "coordinates": [110.82585, -0.44823]}, "properties": {"kab_kota": "SEKADAU", "kecamatan": "Nanga Mahap", "desa": "Sebabas", "tanggal": "2026-08-04", "timestamp": "2026-08-04T13:48:00+07:00", "satelit": "NASA-NOAA20", "confidence": "Medium"}}, {"type": "Feature", "geometry": {"type": "Point", "coordinates": [110.85765, -0.49369]}, "properties": {"kab_kota": "SEKADAU", "kecamatan": "Nanga Mahap", "desa": "Sebabas", "tanggal": "2026-08-05", "timestamp": "2026-08-05T13:29:00+07:00", "satelit": "NASA-NOAA20", "confidence": "Medium"}}, {"type": "Feature", "geometry": {"type": "Point", "coordinates": [110.83276, -0.43313]}, "properties": {"kab_kota": "SEKADAU", "kecamatan": "Nanga Mahap", "desa": "Sebabas", "tanggal": "2026-08-05", "timestamp": "2026-08-05T13:29:00+07:00", "satelit": "NASA-NOAA20", "confidence": "Medium"}}, {"type": "Feature", "geometry": {"type": "Point", "coordinates": [110.83079, -0.42468]}, "properties": {"kab_kota": "SEKADAU", "kecamatan": "Nanga Mahap", "desa": "Sebabas", "tanggal": "2026-08-05", "timestamp": "2026-08-05T13:29:00+07:00", "satelit": "NASA-NOAA20", "confidence": "Medium"}}, {"type": "Feature", "geometry": {"type": "Point", "coordinates": [110.84672, -0.48824]}, "properties": {"kab_kota": "SEKADAU", "kecamatan": "Nanga Mahap", "desa": "Sebabas", "tanggal": "2026-08-06", "timestamp": "2026-08-06T13:10:00+07:00", "satelit": "NASA-NOAA20", "confidence": "Medium"}}, {"type": "Feature", "geometry": {"type": "Point", "coordinates": [110.85023, -0.4877]}, "properties": {"kab_kota": "SEKADAU", "kecamatan": "Nanga Mahap", "desa": "Sebabas", "tanggal": "2026-08-06", "timestamp": "2026-08-06T13:10:00+07:00", "satelit": "NASA-NOAA20", "confidence": "Medium"}}, {"type": "Feature", "geometry": {"type": "Point", "coordinates": [110.82457, -0.44133]}, "properties": {"kab_kota": "SEKADAU", "kecamatan": "Nanga Mahap", "desa": "Sebabas", "tanggal": "2026-08-06", "timestamp": "2026-08-06T13:10:00+07:00", "satelit": "NASA-NOAA20", "confidence": "Medium"}}, {"type": "Feature", "geometry": {"type": "Point", "coordinates": [110.83448, -0.47027]}, "properties": {"kab_kota": "SEKADAU", "kecamatan": "Nanga Mahap", "desa": "Sebabas", "tanggal": "2026-08-07", "timestamp": "2026-08-07T12:53:00+07:00", "satelit": "NASA-NOAA20", "confidence": "Medium"}}, {"type": "Feature", "geometry": {"type": "Point", "coordinates": [110.88387, -0.41858]}, "properties": {"kab_kota": "SEKADAU", "kecamatan": "Nanga Mahap", "desa": "Sebabas", "tanggal": "2026-08-07", "timestamp": "2026-08-07T12:53:00+07:00", "satelit": "NASA-NOAA20", "confidence": "Medium"}}, {"type": "Feature", "geometry": {"type": "Point", "coordinates": [110.81927, -0.46926]}, "properties": {"kab_kota": "SEKADAU", "kecamatan": "Nanga Mahap", "desa": "Sebabas", "tanggal": "2026-08-10", "timestamp": "2026-08-10T13:35:00+07:00", "satelit": "NASA-NOAA20", "confidence": "Medium"}}, {"type": "Feature", "geometry": {"type": "Point", "coordinates": [110.81863, -0.46448]}, "properties": {"kab_kota": "SEKADAU", "kecamatan": "Nanga Mahap", "desa": "Sebabas", "tanggal": "2026-08-10", "timestamp": "2026-08-10T13:35:00+07:00", "satelit": "NASA-NOAA20", "confidence": "Medium"}}, {"type": "Feature", "geometry": {"type": "Point", "coordinates": [110.8549, -0.48284]}, "properties": {"kab_kota": "SEKADAU", "kecamatan": "Nanga Mahap", "desa": "Sebabas", "tanggal": "2026-08-11", "timestamp": "2026-08-11T13:18:00+07:00", "satelit": "NASA-NOAA20", "confidence": "Medium"}}, {"type": "Feature", "geometry": {"type": "Point", "coordinates": [110.82534, -0.43896]}, "properties": {"kab_kota": "SEKADAU", "kecamatan": "Nanga Mahap", "desa": "Sebabas", "tanggal": "2026-08-15", "timestamp": "2026-08-15T13:42:00+07:00", "satelit": "NASA-NOAA20", "confidence": "Medium"}}, {"type": "Feature", "geometry": {"type": "Point", "coordinates": [110.80755, -0.46173]}, "properties": {"kab_kota": "SEKADAU", "kecamatan": "Nanga Mahap", "desa": "Sebabas", "tanggal": "2026-08-21", "timestamp": "2026-08-21T13:29:00+07:00", "satelit": "NASA-NOAA20", "confidence": "Medium"}}, {"type": "Feature", "geometry": {"type": "Point", "coordinates": [110.80694, -0.45745]}, "properties": {"kab_kota": "SEKADAU", "kecamatan": "Nanga Mahap", "desa": "Sebabas", "tanggal": "2026-08-21", "timestamp": "2026-08-21T13:29:00+07:00", "satelit": "NASA-NOAA20", "confidence": "Medium"}}, {"type": "Feature", "geometry": {"type": "Point", "coordinates": [110.81035, -0.46594]}, "properties": {"kab_kota": "SEKADAU", "kecamatan": "Nanga Mahap", "desa": "Sebabas", "tanggal": "2026-08-22", "timestamp": "2026-08-22T13:12:00+07:00", "satelit": "NASA-NOAA20", "confidence": "Medium"}}, {"type": "Feature", "geometry": {"type": "Point", "coordinates": [110.80281, -0.46367]}, "properties": {"kab_kota": "SEKADAU", "kecamatan": "Nanga Mahap", "desa": "Sebabas", "tanggal": "2026-08-22", "timestamp": "2026-08-22T13:12:00+07:00", "satelit": "NASA-NOAA20", "confidence": "Medium"}}, {"type": "Feature", "geometry": {"type": "Point", "coordinates": [110.80632, -0.46313]}, "properties": {"kab_kota": "SEKADAU", "kecamatan": "Nanga Mahap", "desa": "Sebabas", "tanggal": "2026-08-22", "timestamp": "2026-08-22T13:12:00+07:00", "satelit": "NASA-NOAA20", "confidence": "Medium"}}, {"type": "Feature", "geometry": {"type": "Point", "coordinates": [110.80984, -0.4626]}, "properties": {"kab_kota": "SEKADAU", "kecamatan": "Nanga Mahap", "desa": "Sebabas", "tanggal": "2026-08-22", "timestamp": "2026-08-22T13:12:00+07:00", "satelit": "NASA-NOAA20", "confidence": "Medium"}}, {"type": "Feature", "geometry": {"type": "Point", "coordinates": [110.81287, -0.45871]}, "properties": {"kab_kota": "SEKADAU", "kecamatan": "Nanga Mahap", "desa": "Sebabas", "tanggal": "2026-08-22", "timestamp": "2026-08-22T13:12:00+07:00", "satelit": "NASA-NOAA20", "confidence": "Medium"}}, {"type": "Feature", "geometry": {"type": "Point", "coordinates": [110.82343, -0.45711]}, "properties": {"kab_kota": "SEKADAU", "kecamatan": "Nanga Mahap", "desa": "Sebabas", "tanggal": "2026-08-22", "timestamp": "2026-08-22T13:12:00+07:00", "satelit": "NASA-NOAA20", "confidence": "Medium"}}, {"type": "Feature", "geometry": {"type": "Point", "coordinates": [110.83364, -0.49948]}, "properties": {"kab_kota": "SEKADAU", "kecamatan": "Nanga Mahap", "desa": "Sebabas", "tanggal": "2026-08-29", "timestamp": "2026-08-29T12:40:00+07:00", "satelit": "NASA-NOAA20", "confidence": "Medium"}}, {"type": "Feature", "geometry": {"type": "Point", "coordinates": [110.80402, -0.46214]}, "properties": {"kab_kota": "SEKADAU", "kecamatan": "Nanga Mahap", "desa": "Sebabas", "tanggal": "2026-08-29", "timestamp": "2026-08-29T12:40:00+07:00", "satelit": "NASA-NOAA20", "confidence": "Medium"}}, {"type": "Feature", "geometry": {"type": "Point", "coordinates": [110.80125, -0.46519]}, "properties": {"kab_kota": "SEKADAU", "kecamatan": "Nanga Mahap", "desa": "Sebabas", "tanggal": "2026-08-30", "timestamp": "2026-08-30T01:21:00+07:00", "satelit": "NASA-NOAA20", "confidence": "Medium"}}, {"type": "Feature", "geometry": {"type": "Point", "coordinates": [110.79686, -0.46451]}, "properties": {"kab_kota": "SEKADAU", "kecamatan": "Nanga Mahap", "desa": "Sebabas", "tanggal": "2026-08-30", "timestamp": "2026-08-30T01:21:00+07:00", "satelit": "NASA-NOAA20", "confidence": "Medium"}}, {"type": "Feature", "geometry": {"type": "Point", "coordinates": [110.7023, -0.39046]}, "properties": {"kab_kota": "SEKADAU", "kecamatan": "Nanga Mahap", "desa": "Tamang", "tanggal": "2026-08-09", "timestamp": "2026-08-09T13:57:00+07:00", "satelit": "NASA-NOAA20", "confidence": "Medium"}}, {"type": "Feature", "geometry": {"type": "Point", "coordinates": [110.68633, -0.38027]}, "properties": {"kab_kota": "SEKADAU", "kecamatan": "Nanga Mahap", "desa": "Tamang", "tanggal": "2026-08-09", "timestamp": "2026-08-09T13:57:00+07:00", "satelit": "NASA-NOAA20", "confidence": "Medium"}}, {"type": "Feature", "geometry": {"type": "Point", "coordinates": [110.69182, -0.37937]}, "properties": {"kab_kota": "SEKADAU", "kecamatan": "Nanga Mahap", "desa": "Tamang", "tanggal": "2026-08-09", "timestamp": "2026-08-09T13:57:00+07:00", "satelit": "NASA-NOAA20", "confidence": "Medium"}}, {"type": "Feature", "geometry": {"type": "Point", "coordinates": [110.68228, -0.38477]}, "properties": {"kab_kota": "SEKADAU", "kecamatan": "Nanga Mahap", "desa": "Tamang", "tanggal": "2026-08-16", "timestamp": "2026-08-16T13:25:00+07:00", "satelit": "NASA-NOAA20", "confidence": "Medium"}}, {"type": "Feature", "geometry": {"type": "Point", "coordinates": [110.66241, -0.42494]}, "properties": {"kab_kota": "SEKADAU", "kecamatan": "Nanga Mahap", "desa": "Tamang", "tanggal": "2026-08-18", "timestamp": "2026-08-18T12:46:00+07:00", "satelit": "NASA-NOAA20", "confidence": "Medium"}}, {"type": "Feature", "geometry": {"type": "Point", "coordinates": [110.66589, -0.42441]}, "properties": {"kab_kota": "SEKADAU", "kecamatan": "Nanga Mahap", "desa": "Tamang", "tanggal": "2026-08-18", "timestamp": "2026-08-18T12:46:00+07:00", "satelit": "NASA-NOAA20", "confidence": "Medium"}}, {"type": "Feature", "geometry": {"type": "Point", "coordinates": [110.68835, -0.44369]}, "properties": {"kab_kota": "SEKADAU", "kecamatan": "Nanga Mahap", "desa": "Tamang", "tanggal": "2026-08-20", "timestamp": "2026-08-20T13:50:00+07:00", "satelit": "NASA-NOAA20", "confidence": "Medium"}}, {"type": "Feature", "geometry": {"type": "Point", "coordinates": [110.71082, -0.42646]}, "properties": {"kab_kota": "SEKADAU", "kecamatan": "Nanga Mahap", "desa": "Tamang", "tanggal": "2026-08-22", "timestamp": "2026-08-22T13:12:00+07:00", "satelit": "NASA-NOAA20", "confidence": "Medium"}}, {"type": "Feature", "geometry": {"type": "Point", "coordinates": [110.69318, -0.44212]}, "properties": {"kab_kota": "SEKADAU", "kecamatan": "Nanga Mahap", "desa": "Tamang", "tanggal": "2026-08-26", "timestamp": "2026-08-26T13:35:00+07:00", "satelit": "NASA-NOAA20", "confidence": "Medium"}}, {"type": "Feature", "geometry": {"type": "Point", "coordinates": [110.67728, -0.4301]}, "properties": {"kab_kota": "SEKADAU", "kecamatan": "Nanga Mahap", "desa": "Tamang", "tanggal": "2026-08-26", "timestamp": "2026-08-26T13:35:00+07:00", "satelit": "NASA-NOAA20", "confidence": "Medium"}}, {"type": "Feature", "geometry": {"type": "Point", "coordinates": [110.64967, -0.41363]}, "properties": {"kab_kota": "SEKADAU", "kecamatan": "Nanga Mahap", "desa": "Tamang", "tanggal": "2026-08-26", "timestamp": "2026-08-26T13:35:00+07:00", "satelit": "NASA-NOAA20", "confidence": "Medium"}}, {"type": "Feature", "geometry": {"type": "Point", "coordinates": [110.65348, -0.4097]}, "properties": {"kab_kota": "SEKADAU", "kecamatan": "Nanga Mahap", "desa": "Tamang", "tanggal": "2026-08-26", "timestamp": "2026-08-26T13:35:00+07:00", "satelit": "NASA-NOAA20", "confidence": "Medium"}}, {"type": "Feature", "geometry": {"type": "Point", "coordinates": [110.65699, -0.41672]}, "properties": {"kab_kota": "SEKADAU", "kecamatan": "Nanga Mahap", "desa": "Tamang", "tanggal": "2026-08-27", "timestamp": "2026-08-27T13:18:00+07:00", "satelit": "NASA-NOAA20", "confidence": "Medium"}}, {"type": "Feature", "geometry": {"type": "Point", "coordinates": [110.65655, -0.4132]}, "properties": {"kab_kota": "SEKADAU", "kecamatan": "Nanga Mahap", "desa": "Tamang", "tanggal": "2026-08-27", "timestamp": "2026-08-27T13:18:00+07:00", "satelit": "NASA-NOAA20", "confidence": "Medium"}}, {"type": "Feature", "geometry": {"type": "Point", "coordinates": [110.67401, -0.45382]}, "properties": {"kab_kota": "SEKADAU", "kecamatan": "Nanga Mahap", "desa": "Tamang", "tanggal": "2026-08-29", "timestamp": "2026-08-29T12:40:00+07:00", "satelit": "NASA-NOAA20", "confidence": "Medium"}}, {"type": "Feature", "geometry": {"type": "Point", "coordinates": [110.67596, -0.45384]}, "properties": {"kab_kota": "SEKADAU", "kecamatan": "Nanga Mahap", "desa": "Tamang", "tanggal": "2026-08-30", "timestamp": "2026-08-30T12:23:00+07:00", "satelit": "NASA-NOAA20", "confidence": "Medium"}}, {"type": "Feature", "geometry": {"type": "Point", "coordinates": [110.67776, -0.45289]}, "properties": {"kab_kota": "SEKADAU", "kecamatan": "Nanga Mahap", "desa": "Tamang", "tanggal": "2026-08-30", "timestamp": "2026-08-30T14:01:00+07:00", "satelit": "NASA-NOAA20", "confidence": "Medium"}}, {"type": "Feature", "geometry": {"type": "Point", "coordinates": [110.67744, -0.44985]}, "properties": {"kab_kota": "SEKADAU", "kecamatan": "Nanga Mahap", "desa": "Tamang", "tanggal": "2026-08-30", "timestamp": "2026-08-30T14:01:00+07:00", "satelit": "NASA-NOAA20", "confidence": "Medium"}}, {"type": "Feature", "geometry": {"type": "Point", "coordinates": [110.68048, -0.40839]}, "properties": {"kab_kota": "SEKADAU", "kecamatan": "Nanga Mahap", "desa": "Tamang", "tanggal": "2026-08-31", "timestamp": "2026-08-31T13:44:00+07:00", "satelit": "NASA-NOAA20", "confidence": "Medium"}}, {"type": "Feature", "geometry": {"type": "Point", "coordinates": [110.67153, -0.3936]}, "properties": {"kab_kota": "SEKADAU", "kecamatan": "Nanga Mahap", "desa": "Tamang", "tanggal": "2026-08-31", "timestamp": "2026-08-31T13:44:00+07:00", "satelit": "NASA-NOAA20", "confidence": "Medium"}}, {"type": "Feature", "geometry": {"type": "Point", "coordinates": [110.6748, -0.39308]}, "properties": {"kab_kota": "SEKADAU", "kecamatan": "Nanga Mahap", "desa": "Tamang", "tanggal": "2026-08-31", "timestamp": "2026-08-31T13:44:00+07:00", "satelit": "NASA-NOAA20", "confidence": "Medium"}}, {"type": "Feature", "geometry": {"type": "Point", "coordinates": [110.71262, -0.48468]}, "properties": {"kab_kota": "SEKADAU", "kecamatan": "Nanga Mahap", "desa": "Telukkebau", "tanggal": "2026-08-01", "timestamp": "2026-08-01T13:03:00+07:00", "satelit": "NASA-NOAA20", "confidence": "Medium"}}, {"type": "Feature", "geometry": {"type": "Point", "coordinates": [110.72283, -0.5826]}, "properties": {"kab_kota": "SEKADAU", "kecamatan": "Nanga Mahap", "desa": "Telukkebau", "tanggal": "2026-08-02", "timestamp": "2026-08-02T12:46:00+07:00", "satelit": "NASA-NOAA20", "confidence": "Medium"}}, {"type": "Feature", "geometry": {"type": "Point", "coordinates": [110.72652, -0.58204]}, "properties": {"kab_kota": "SEKADAU", "kecamatan": "Nanga Mahap", "desa": "Telukkebau", "tanggal": "2026-08-02", "timestamp": "2026-08-02T12:46:00+07:00", "satelit": "NASA-NOAA20", "confidence": "Medium"}}, {"type": "Feature", "geometry": {"type": "Point", "coordinates": [110.71863, -0.47795]}, "properties": {"kab_kota": "SEKADAU", "kecamatan": "Nanga Mahap", "desa": "Telukkebau", "tanggal": "2026-08-06", "timestamp": "2026-08-06T13:10:00+07:00", "satelit": "NASA-NOAA20", "confidence": "Medium"}}, {"type": "Feature", "geometry": {"type": "Point", "coordinates": [110.74046, -0.49603]}, "properties": {"kab_kota": "SEKADAU", "kecamatan": "Nanga Mahap", "desa": "Telukkebau", "tanggal": "2026-08-10", "timestamp": "2026-08-10T13:35:00+07:00", "satelit": "NASA-NOAA20", "confidence": "Medium"}}, {"type": "Feature", "geometry": {"type": "Point", "coordinates": [110.73863, -0.47714]}, "properties": {"kab_kota": "SEKADAU", "kecamatan": "Nanga Mahap", "desa": "Telukkebau", "tanggal": "2026-08-14", "timestamp": "2026-08-14T14:01:00+07:00", "satelit": "NASA-NOAA20", "confidence": "Medium"}}, {"type": "Feature", "geometry": {"type": "Point", "coordinates": [110.73454, -0.63098]}, "properties": {"kab_kota": "SEKADAU", "kecamatan": "Nanga Mahap", "desa": "Telukkebau", "tanggal": "2026-08-15", "timestamp": "2026-08-15T13:42:00+07:00", "satelit": "NASA-NOAA20", "confidence": "Medium"}}, {"type": "Feature", "geometry": {"type": "Point", "coordinates": [110.73596, -0.61997]}, "properties": {"kab_kota": "SEKADAU", "kecamatan": "Nanga Mahap", "desa": "Telukkebau", "tanggal": "2026-08-15", "timestamp": "2026-08-15T13:42:00+07:00", "satelit": "NASA-NOAA20", "confidence": "Medium"}}, {"type": "Feature", "geometry": {"type": "Point", "coordinates": [110.73877, -0.61953]}, "properties": {"kab_kota": "SEKADAU", "kecamatan": "Nanga Mahap", "desa": "Telukkebau", "tanggal": "2026-08-15", "timestamp": "2026-08-15T13:42:00+07:00", "satelit": "NASA-NOAA20", "confidence": "Medium"}}, {"type": "Feature", "geometry": {"type": "Point", "coordinates": [110.73316, -0.59341]}, "properties": {"kab_kota": "SEKADAU", "kecamatan": "Nanga Mahap", "desa": "Telukkebau", "tanggal": "2026-08-15", "timestamp": "2026-08-15T13:42:00+07:00", "satelit": "NASA-NOAA20", "confidence": "Medium"}}, {"type": "Feature", "geometry": {"type": "Point", "coordinates": [110.71468, -0.63447]}, "properties": {"kab_kota": "SEKADAU", "kecamatan": "Nanga Mahap", "desa": "Telukkebau", "tanggal": "2026-08-16", "timestamp": "2026-08-16T13:25:00+07:00", "satelit": "NASA-NOAA20", "confidence": "Medium"}}, {"type": "Feature", "geometry": {"type": "Point", "coordinates": [110.71572, -0.63152]}, "properties": {"kab_kota": "SEKADAU", "kecamatan": "Nanga Mahap", "desa": "Telukkebau", "tanggal": "2026-08-16", "timestamp": "2026-08-16T13:25:00+07:00", "satelit": "NASA-NOAA20", "confidence": "Medium"}}, {"type": "Feature", "geometry": {"type": "Point", "coordinates": [110.7313, -0.54307]}, "properties": {"kab_kota": "SEKADAU", "kecamatan": "Nanga Mahap", "desa": "Telukkebau", "tanggal": "2026-08-16", "timestamp": "2026-08-16T13:25:00+07:00", "satelit": "NASA-NOAA20", "confidence": "Medium"}}, {"type": "Feature", "geometry": {"type": "Point", "coordinates": [110.73559, -0.47727]}, "properties": {"kab_kota": "SEKADAU", "kecamatan": "Nanga Mahap", "desa": "Telukkebau", "tanggal": "2026-08-17", "timestamp": "2026-08-17T13:03:00+07:00", "satelit": "NASA-NOAA20", "confidence": "Medium"}}, {"type": "Feature", "geometry": {"type": "Point", "coordinates": [110.7299, -0.52716]}, "properties": {"kab_kota": "SEKADAU", "kecamatan": "Nanga Mahap", "desa": "Telukkebau", "tanggal": "2026-08-18", "timestamp": "2026-08-18T12:46:00+07:00", "satelit": "NASA-NOAA20", "confidence": "Medium"}}, {"type": "Feature", "geometry": {"type": "Point", "coordinates": [110.72195, -0.52416]}, "properties": {"kab_kota": "SEKADAU", "kecamatan": "Nanga Mahap", "desa": "Telukkebau", "tanggal": "2026-08-18", "timestamp": "2026-08-18T12:46:00+07:00", "satelit": "NASA-NOAA20", "confidence": "Medium"}}, {"type": "Feature", "geometry": {"type": "Point", "coordinates": [110.73668, -0.52192]}, "properties": {"kab_kota": "SEKADAU", "kecamatan": "Nanga Mahap", "desa": "Telukkebau", "tanggal": "2026-08-18", "timestamp": "2026-08-18T12:46:00+07:00", "satelit": "NASA-NOAA20", "confidence": "Medium"}}, {"type": "Feature", "geometry": {"type": "Point", "coordinates": [110.72841, -0.5264]}, "properties": {"kab_kota": "SEKADAU", "kecamatan": "Nanga Mahap", "desa": "Telukkebau", "tanggal": "2026-08-20", "timestamp": "2026-08-20T13:50:00+07:00", "satelit": "NASA-NOAA20", "confidence": "Medium"}}, {"type": "Feature", "geometry": {"type": "Point", "coordinates": [110.73843, -0.51384]}, "properties": {"kab_kota": "SEKADAU", "kecamatan": "Nanga Mahap", "desa": "Telukkebau", "tanggal": "2026-08-20", "timestamp": "2026-08-20T13:50:00+07:00", "satelit": "NASA-NOAA20", "confidence": "Medium"}}, {"type": "Feature", "geometry": {"type": "Point", "coordinates": [110.72918, -0.50573]}, "properties": {"kab_kota": "SEKADAU", "kecamatan": "Nanga Mahap", "desa": "Telukkebau", "tanggal": "2026-08-26", "timestamp": "2026-08-26T00:56:00+07:00", "satelit": "NASA-NOAA20", "confidence": "Medium"}}, {"type": "Feature", "geometry": {"type": "Point", "coordinates": [110.72858, -0.50555]}, "properties": {"kab_kota": "SEKADAU", "kecamatan": "Nanga Mahap", "desa": "Telukkebau", "tanggal": "2026-08-26", "timestamp": "2026-08-26T00:56:00+07:00", "satelit": "NASA-NOAA20", "confidence": "Medium"}}, {"type": "Feature", "geometry": {"type": "Point", "coordinates": [110.71932, -0.62958]}, "properties": {"kab_kota": "SEKADAU", "kecamatan": "Nanga Mahap", "desa": "Telukkebau", "tanggal": "2026-08-26", "timestamp": "2026-08-26T13:35:00+07:00", "satelit": "NASA-NOAA20", "confidence": "Medium"}}, {"type": "Feature", "geometry": {"type": "Point", "coordinates": [110.72323, -0.61642]}, "properties": {"kab_kota": "SEKADAU", "kecamatan": "Nanga Mahap", "desa": "Telukkebau", "tanggal": "2026-08-27", "timestamp": "2026-08-27T13:18:00+07:00", "satelit": "NASA-NOAA20", "confidence": "Medium"}}, {"type": "Feature", "geometry": {"type": "Point", "coordinates": [110.72987, -0.61115]}, "properties": {"kab_kota": "SEKADAU", "kecamatan": "Nanga Mahap", "desa": "Telukkebau", "tanggal": "2026-08-28", "timestamp": "2026-08-28T12:57:00+07:00", "satelit": "NASA-NOAA20", "confidence": "Medium"}}, {"type": "Feature", "geometry": {"type": "Point", "coordinates": [110.72993, -0.50975]}, "properties": {"kab_kota": "SEKADAU", "kecamatan": "Nanga Mahap", "desa": "Telukkebau", "tanggal": "2026-08-28", "timestamp": "2026-08-28T12:57:00+07:00", "satelit": "NASA-NOAA20", "confidence": "Medium"}}, {"type": "Feature", "geometry": {"type": "Point", "coordinates": [110.743, -0.61989]}, "properties": {"kab_kota": "SEKADAU", "kecamatan": "Nanga Mahap", "desa": "Telukkebau", "tanggal": "2026-08-29", "timestamp": "2026-08-29T01:41:00+07:00", "satelit": "NASA-NOAA20", "confidence": "Medium"}}, {"type": "Feature", "geometry": {"type": "Point", "coordinates": [110.71616, -0.62838]}, "properties": {"kab_kota": "SEKADAU", "kecamatan": "Nanga Mahap", "desa": "Telukkebau", "tanggal": "2026-08-30", "timestamp": "2026-08-30T12:23:00+07:00", "satelit": "NASA-NOAA20", "confidence": "Medium"}}, {"type": "Feature", "geometry": {"type": "Point", "coordinates": [110.71454, -0.62527]}, "properties": {"kab_kota": "SEKADAU", "kecamatan": "Nanga Mahap", "desa": "Telukkebau", "tanggal": "2026-08-30", "timestamp": "2026-08-30T12:23:00+07:00", "satelit": "NASA-NOAA20", "confidence": "Medium"}}, {"type": "Feature", "geometry": {"type": "Point", "coordinates": [110.64696, -0.54221]}, "properties": {"kab_kota": "SEKADAU", "kecamatan": "Nanga Mahap", "desa": "Tembaga", "tanggal": "2026-08-01", "timestamp": "2026-08-01T13:03:00+07:00", "satelit": "NASA-NOAA20", "confidence": "Medium"}}, {"type": "Feature", "geometry": {"type": "Point", "coordinates": [110.64645, -0.5389]}, "properties": {"kab_kota": "SEKADAU", "kecamatan": "Nanga Mahap", "desa": "Tembaga", "tanggal": "2026-08-01", "timestamp": "2026-08-01T13:03:00+07:00", "satelit": "NASA-NOAA20", "confidence": "Medium"}}, {"type": "Feature", "geometry": {"type": "Point", "coordinates": [110.6543, -0.52071]}, "properties": {"kab_kota": "SEKADAU", "kecamatan": "Nanga Mahap", "desa": "Tembaga", "tanggal": "2026-08-01", "timestamp": "2026-08-01T13:03:00+07:00", "satelit": "NASA-NOAA20", "confidence": "Medium"}}, {"type": "Feature", "geometry": {"type": "Point", "coordinates": [110.65772, -0.47265]}, "properties": {"kab_kota": "SEKADAU", "kecamatan": "Nanga Mahap", "desa": "Tembaga", "tanggal": "2026-08-01", "timestamp": "2026-08-01T13:03:00+07:00", "satelit": "NASA-NOAA20", "confidence": "Medium"}}, {"type": "Feature", "geometry": {"type": "Point", "coordinates": [110.63548, -0.60858]}, "properties": {"kab_kota": "SEKADAU", "kecamatan": "Nanga Mahap", "desa": "Tembaga", "tanggal": "2026-08-02", "timestamp": "2026-08-02T12:46:00+07:00", "satelit": "NASA-NOAA20", "confidence": "Medium"}}, {"type": "Feature", "geometry": {"type": "Point", "coordinates": [110.63484, -0.60443]}, "properties": {"kab_kota": "SEKADAU", "kecamatan": "Nanga Mahap", "desa": "Tembaga", "tanggal": "2026-08-02", "timestamp": "2026-08-02T12:46:00+07:00", "satelit": "NASA-NOAA20", "confidence": "Medium"}}, {"type": "Feature", "geometry": {"type": "Point", "coordinates": [110.62662, -0.57593]}, "properties": {"kab_kota": "SEKADAU", "kecamatan": "Nanga Mahap", "desa": "Tembaga", "tanggal": "2026-08-02", "timestamp": "2026-08-02T12:46:00+07:00", "satelit": "NASA-NOAA20", "confidence": "Medium"}}, {"type": "Feature", "geometry": {"type": "Point", "coordinates": [110.66595, -0.52956]}, "properties": {"kab_kota": "SEKADAU", "kecamatan": "Nanga Mahap", "desa": "Tembaga", "tanggal": "2026-08-02", "timestamp": "2026-08-02T12:46:00+07:00", "satelit": "NASA-NOAA20", "confidence": "Medium"}}, {"type": "Feature", "geometry": {"type": "Point", "coordinates": [110.63514, -0.52584]}, "properties": {"kab_kota": "SEKADAU", "kecamatan": "Nanga Mahap", "desa": "Tembaga", "tanggal": "2026-08-02", "timestamp": "2026-08-02T12:46:00+07:00", "satelit": "NASA-NOAA20", "confidence": "Medium"}}, {"type": "Feature", "geometry": {"type": "Point", "coordinates": [110.67223, -0.52012]}, "properties": {"kab_kota": "SEKADAU", "kecamatan": "Nanga Mahap", "desa": "Tembaga", "tanggal": "2026-08-02", "timestamp": "2026-08-02T12:46:00+07:00", "satelit": "NASA-NOAA20", "confidence": "Medium"}}, {"type": "Feature", "geometry": {"type": "Point", "coordinates": [110.67159, -0.51598]}, "properties": {"kab_kota": "SEKADAU", "kecamatan": "Nanga Mahap", "desa": "Tembaga", "tanggal": "2026-08-02", "timestamp": "2026-08-02T12:46:00+07:00", "satelit": "NASA-NOAA20", "confidence": "Medium"}}, {"type": "Feature", "geometry": {"type": "Point", "coordinates": [110.64742, -0.50699]}, "properties": {"kab_kota": "SEKADAU", "kecamatan": "Nanga Mahap", "desa": "Tembaga", "tanggal": "2026-08-02", "timestamp": "2026-08-02T12:46:00+07:00", "satelit": "NASA-NOAA20", "confidence": "Medium"}}, {"type": "Feature", "geometry": {"type": "Point", "coordinates": [110.64605, -0.49872]}, "properties": {"kab_kota": "SEKADAU", "kecamatan": "Nanga Mahap", "desa": "Tembaga", "tanggal": "2026-08-02", "timestamp": "2026-08-02T12:46:00+07:00", "satelit": "NASA-NOAA20", "confidence": "Medium"}}, {"type": "Feature", "geometry": {"type": "Point", "coordinates": [110.67573, -0.49419]}, "properties": {"kab_kota": "SEKADAU", "kecamatan": "Nanga Mahap", "desa": "Tembaga", "tanggal": "2026-08-02", "timestamp": "2026-08-02T12:46:00+07:00", "satelit": "NASA-NOAA20", "confidence": "Medium"}}, {"type": "Feature", "geometry": {"type": "Point", "coordinates": [110.63889, -0.4659]}, "properties": {"kab_kota": "SEKADAU", "kecamatan": "Nanga Mahap", "desa": "Tembaga", "tanggal": "2026-08-02", "timestamp": "2026-08-02T12:46:00+07:00", "satelit": "NASA-NOAA20", "confidence": "Medium"}}, {"type": "Feature", "geometry": {"type": "Point", "coordinates": [110.63748, -0.54204]}, "properties": {"kab_kota": "SEKADAU", "kecamatan": "Nanga Mahap", "desa": "Tembaga", "tanggal": "2026-08-03", "timestamp": "2026-08-03T12:27:00+07:00", "satelit": "NASA-NOAA20", "confidence": "Medium"}}, {"type": "Feature", "geometry": {"type": "Point", "coordinates": [110.67309, -0.51189]}, "properties": {"kab_kota": "SEKADAU", "kecamatan": "Nanga Mahap", "desa": "Tembaga", "tanggal": "2026-08-03", "timestamp": "2026-08-03T12:27:00+07:00", "satelit": "NASA-NOAA20", "confidence": "Medium"}}, {"type": "Feature", "geometry": {"type": "Point", "coordinates": [110.63338, -0.45938]}, "properties": {"kab_kota": "SEKADAU", "kecamatan": "Nanga Mahap", "desa": "Tembaga", "tanggal": "2026-08-03", "timestamp": "2026-08-03T12:27:00+07:00", "satelit": "NASA-NOAA20", "confidence": "Medium"}}, {"type": "Feature", "geometry": {"type": "Point", "coordinates": [110.63648, -0.45891]}, "properties": {"kab_kota": "SEKADAU", "kecamatan": "Nanga Mahap", "desa": "Tembaga", "tanggal": "2026-08-03", "timestamp": "2026-08-03T12:27:00+07:00", "satelit": "NASA-NOAA20", "confidence": "Medium"}}, {"type": "Feature", "geometry": {"type": "Point", "coordinates": [110.63251, -0.45793]}, "properties": {"kab_kota": "SEKADAU", "kecamatan": "Nanga Mahap", "desa": "Tembaga", "tanggal": "2026-08-03", "timestamp": "2026-08-03T12:27:00+07:00", "satelit": "NASA-NOAA20", "confidence": "Medium"}}, {"type": "Feature", "geometry": {"type": "Point", "coordinates": [110.63576, -0.45741]}, "properties": {"kab_kota": "SEKADAU", "kecamatan": "Nanga Mahap", "desa": "Tembaga", "tanggal": "2026-08-03", "timestamp": "2026-08-03T12:27:00+07:00", "satelit": "NASA-NOAA20", "confidence": "Medium"}}, {"type": "Feature", "geometry": {"type": "Point", "coordinates": [110.66754, -0.5089]}, "properties": {"kab_kota": "SEKADAU", "kecamatan": "Nanga Mahap", "desa": "Tembaga", "tanggal": "2026-08-04", "timestamp": "2026-08-04T13:48:00+07:00", "satelit": "NASA-NOAA20", "confidence": "Medium"}}, {"type": "Feature", "geometry": {"type": "Point", "coordinates": [110.66776, -0.50816]}, "properties": {"kab_kota": "SEKADAU", "kecamatan": "Nanga Mahap", "desa": "Tembaga", "tanggal": "2026-08-04", "timestamp": "2026-08-04T13:48:00+07:00", "satelit": "NASA-NOAA20", "confidence": "Medium"}}, {"type": "Feature", "geometry": {"type": "Point", "coordinates": [110.67033, -0.53629]}, "properties": {"kab_kota": "SEKADAU", "kecamatan": "Nanga Mahap", "desa": "Tembaga", "tanggal": "2026-08-05", "timestamp": "2026-08-05T13:29:00+07:00", "satelit": "NASA-NOAA20", "confidence": "Medium"}}, {"type": "Feature", "geometry": {"type": "Point", "coordinates": [110.64169, -0.48]}, "properties": {"kab_kota": "SEKADAU", "kecamatan": "Nanga Mahap", "desa": "Tembaga", "tanggal": "2026-08-05", "timestamp": "2026-08-05T13:29:00+07:00", "satelit": "NASA-NOAA20", "confidence": "Medium"}}, {"type": "Feature", "geometry": {"type": "Point", "coordinates": [110.64361, -0.50298]}, "properties": {"kab_kota": "SEKADAU", "kecamatan": "Nanga Mahap", "desa": "Tembaga", "tanggal": "2026-08-06", "timestamp": "2026-08-06T13:10:00+07:00", "satelit": "NASA-NOAA20", "confidence": "Medium"}}, {"type": "Feature", "geometry": {"type": "Point", "coordinates": [110.63451, -0.49072]}, "properties": {"kab_kota": "SEKADAU", "kecamatan": "Nanga Mahap", "desa": "Tembaga", "tanggal": "2026-08-06", "timestamp": "2026-08-06T13:10:00+07:00", "satelit": "NASA-NOAA20", "confidence": "Medium"}}, {"type": "Feature", "geometry": {"type": "Point", "coordinates": [110.64818, -0.52891]}, "properties": {"kab_kota": "SEKADAU", "kecamatan": "Nanga Mahap", "desa": "Tembaga", "tanggal": "2026-08-07", "timestamp": "2026-08-07T12:53:00+07:00", "satelit": "NASA-NOAA20", "confidence": "Medium"}}, {"type": "Feature", "geometry": {"type": "Point", "coordinates": [110.64848, -0.48935]}, "properties": {"kab_kota": "SEKADAU", "kecamatan": "Nanga Mahap", "desa": "Tembaga", "tanggal": "2026-08-07", "timestamp": "2026-08-07T12:53:00+07:00", "satelit": "NASA-NOAA20", "confidence": "Medium"}}, {"type": "Feature", "geometry": {"type": "Point", "coordinates": [110.65466, -0.48196]}, "properties": {"kab_kota": "SEKADAU", "kecamatan": "Nanga Mahap", "desa": "Tembaga", "tanggal": "2026-08-07", "timestamp": "2026-08-07T12:53:00+07:00", "satelit": "NASA-NOAA20", "confidence": "Medium"}}, {"type": "Feature", "geometry": {"type": "Point", "coordinates": [110.67658, -0.51376]}, "properties": {"kab_kota": "SEKADAU", "kecamatan": "Nanga Mahap", "desa": "Tembaga", "tanggal": "2026-08-08", "timestamp": "2026-08-08T12:33:00+07:00", "satelit": "NASA-NOAA20", "confidence": "Medium"}}, {"type": "Feature", "geometry": {"type": "Point", "coordinates": [110.67963, -0.51329]}, "properties": {"kab_kota": "SEKADAU", "kecamatan": "Nanga Mahap", "desa": "Tembaga", "tanggal": "2026-08-08", "timestamp": "2026-08-08T12:33:00+07:00", "satelit": "NASA-NOAA20", "confidence": "Medium"}}, {"type": "Feature", "geometry": {"type": "Point", "coordinates": [110.6415, -0.50859]}, "properties": {"kab_kota": "SEKADAU", "kecamatan": "Nanga Mahap", "desa": "Tembaga", "tanggal": "2026-08-08", "timestamp": "2026-08-08T12:33:00+07:00", "satelit": "NASA-NOAA20", "confidence": "Medium"}}, {"type": "Feature", "geometry": {"type": "Point", "coordinates": [110.64587, -0.49738]}, "properties": {"kab_kota": "SEKADAU", "kecamatan": "Nanga Mahap", "desa": "Tembaga", "tanggal": "2026-08-08", "timestamp": "2026-08-08T12:33:00+07:00", "satelit": "NASA-NOAA20", "confidence": "Medium"}}, {"type": "Feature", "geometry": {"type": "Point", "coordinates": [110.65818, -0.49551]}, "properties": {"kab_kota": "SEKADAU", "kecamatan": "Nanga Mahap", "desa": "Tembaga", "tanggal": "2026-08-08", "timestamp": "2026-08-08T12:33:00+07:00", "satelit": "NASA-NOAA20", "confidence": "Medium"}}, {"type": "Feature", "geometry": {"type": "Point", "coordinates": [110.64815, -0.47399]}, "properties": {"kab_kota": "SEKADAU", "kecamatan": "Nanga Mahap", "desa": "Tembaga", "tanggal": "2026-08-08", "timestamp": "2026-08-08T12:33:00+07:00", "satelit": "NASA-NOAA20", "confidence": "Medium"}}, {"type": "Feature", "geometry": {"type": "Point", "coordinates": [110.64919, -0.47054]}, "properties": {"kab_kota": "SEKADAU", "kecamatan": "Nanga Mahap", "desa": "Tembaga", "tanggal": "2026-08-08", "timestamp": "2026-08-08T12:33:00+07:00", "satelit": "NASA-NOAA20", "confidence": "Medium"}}, {"type": "Feature", "geometry": {"type": "Point", "coordinates": [110.65041, -0.54871]}, "properties": {"kab_kota": "SEKADAU", "kecamatan": "Nanga Mahap", "desa": "Tembaga", "tanggal": "2026-08-09", "timestamp": "2026-08-09T12:14:00+07:00", "satelit": "NASA-NOAA20", "confidence": "Medium"}}, {"type": "Feature", "geometry": {"type": "Point", "coordinates": [110.65607, -0.54782]}, "properties": {"kab_kota": "SEKADAU", "kecamatan": "Nanga Mahap", "desa": "Tembaga", "tanggal": "2026-08-09", "timestamp": "2026-08-09T12:14:00+07:00", "satelit": "NASA-NOAA20", "confidence": "Medium"}}, {"type": "Feature", "geometry": {"type": "Point", "coordinates": [110.64355, -0.49399]}, "properties": {"kab_kota": "SEKADAU", "kecamatan": "Nanga Mahap", "desa": "Tembaga", "tanggal": "2026-08-09", "timestamp": "2026-08-09T12:14:00+07:00", "satelit": "NASA-NOAA20", "confidence": "Medium"}}, {"type": "Feature", "geometry": {"type": "Point", "coordinates": [110.64122, -0.49308]}, "properties": {"kab_kota": "SEKADAU", "kecamatan": "Nanga Mahap", "desa": "Tembaga", "tanggal": "2026-08-09", "timestamp": "2026-08-09T12:14:00+07:00", "satelit": "NASA-NOAA20", "confidence": "Medium"}}, {"type": "Feature", "geometry": {"type": "Point", "coordinates": [110.64995, -0.49296]}, "properties": {"kab_kota": "SEKADAU", "kecamatan": "Nanga Mahap", "desa": "Tembaga", "tanggal": "2026-08-09", "timestamp": "2026-08-09T12:14:00+07:00", "satelit": "NASA-NOAA20", "confidence": "Medium"}}, {"type": "Feature", "geometry": {"type": "Point", "coordinates": [110.63538, -0.51702]}, "properties": {"kab_kota": "SEKADAU", "kecamatan": "Nanga Mahap", "desa": "Tembaga", "tanggal": "2026-08-10", "timestamp": "2026-08-10T13:35:00+07:00", "satelit": "NASA-NOAA20", "confidence": "Medium"}}, {"type": "Feature", "geometry": {"type": "Point", "coordinates": [110.64516, -0.50767]}, "properties": {"kab_kota": "SEKADAU", "kecamatan": "Nanga Mahap", "desa": "Tembaga", "tanggal": "2026-08-14", "timestamp": "2026-08-14T12:23:00+07:00", "satelit": "NASA-NOAA20", "confidence": "Medium"}}, {"type": "Feature", "geometry": {"type": "Point", "coordinates": [110.64565, -0.50409]}, "properties": {"kab_kota": "SEKADAU", "kecamatan": "Nanga Mahap", "desa": "Tembaga", "tanggal": "2026-08-14", "timestamp": "2026-08-14T12:23:00+07:00", "satelit": "NASA-NOAA20", "confidence": "Medium"}}, {"type": "Feature", "geometry": {"type": "Point", "coordinates": [110.63782, -0.45048]}, "properties": {"kab_kota": "SEKADAU", "kecamatan": "Nanga Mahap", "desa": "Tembaga", "tanggal": "2026-08-14", "timestamp": "2026-08-14T12:23:00+07:00", "satelit": "NASA-NOAA20", "confidence": "Medium"}}, {"type": "Feature", "geometry": {"type": "Point", "coordinates": [110.68013, -0.49437]}, "properties": {"kab_kota": "SEKADAU", "kecamatan": "Nanga Mahap", "desa": "Tembaga", "tanggal": "2026-08-15", "timestamp": "2026-08-15T13:42:00+07:00", "satelit": "NASA-NOAA20", "confidence": "Medium"}}, {"type": "Feature", "geometry": {"type": "Point", "coordinates": [110.6721, -0.56405]}, "properties": {"kab_kota": "SEKADAU", "kecamatan": "Nanga Mahap", "desa": "Tembaga", "tanggal": "2026-08-16", "timestamp": "2026-08-16T13:25:00+07:00", "satelit": "NASA-NOAA20", "confidence": "Medium"}}, {"type": "Feature", "geometry": {"type": "Point", "coordinates": [110.6508, -0.50567]}, "properties": {"kab_kota": "SEKADAU", "kecamatan": "Nanga Mahap", "desa": "Tembaga", "tanggal": "2026-08-16", "timestamp": "2026-08-16T13:25:00+07:00", "satelit": "NASA-NOAA20", "confidence": "Medium"}}, {"type": "Feature", "geometry": {"type": "Point", "coordinates": [110.65028, -0.50185]}, "properties": {"kab_kota": "SEKADAU", "kecamatan": "Nanga Mahap", "desa": "Tembaga", "tanggal": "2026-08-16", "timestamp": "2026-08-16T13:25:00+07:00", "satelit": "NASA-NOAA20", "confidence": "Medium"}}, {"type": "Feature", "geometry": {"type": "Point", "coordinates": [110.65801, -0.48897]}, "properties": {"kab_kota": "SEKADAU", "kecamatan": "Nanga Mahap", "desa": "Tembaga", "tanggal": "2026-08-16", "timestamp": "2026-08-16T13:25:00+07:00", "satelit": "NASA-NOAA20", "confidence": "Medium"}}, {"type": "Feature", "geometry": {"type": "Point", "coordinates": [110.6627, -0.48824]}, "properties": {"kab_kota": "SEKADAU", "kecamatan": "Nanga Mahap", "desa": "Tembaga", "tanggal": "2026-08-16", "timestamp": "2026-08-16T13:25:00+07:00", "satelit": "NASA-NOAA20", "confidence": "Medium"}}, {"type": "Feature", "geometry": {"type": "Point", "coordinates": [110.67204, -0.48681]}, "properties": {"kab_kota": "SEKADAU", "kecamatan": "Nanga Mahap", "desa": "Tembaga", "tanggal": "2026-08-16", "timestamp": "2026-08-16T13:25:00+07:00", "satelit": "NASA-NOAA20", "confidence": "Medium"}}, {"type": "Feature", "geometry": {"type": "Point", "coordinates": [110.6621, -0.48443]}, "properties": {"kab_kota": "SEKADAU", "kecamatan": "Nanga Mahap", "desa": "Tembaga", "tanggal": "2026-08-16", "timestamp": "2026-08-16T13:25:00+07:00", "satelit": "NASA-NOAA20", "confidence": "Medium"}}, {"type": "Feature", "geometry": {"type": "Point", "coordinates": [110.64742, -0.4828]}, "properties": {"kab_kota": "SEKADAU", "kecamatan": "Nanga Mahap", "desa": "Tembaga", "tanggal": "2026-08-16", "timestamp": "2026-08-16T13:25:00+07:00", "satelit": "NASA-NOAA20", "confidence": "Medium"}}, {"type": "Feature", "geometry": {"type": "Point", "coordinates": [110.65002, -0.4707]}, "properties": {"kab_kota": "SEKADAU", "kecamatan": "Nanga Mahap", "desa": "Tembaga", "tanggal": "2026-08-16", "timestamp": "2026-08-16T13:25:00+07:00", "satelit": "NASA-NOAA20", "confidence": "Medium"}}, {"type": "Feature", "geometry": {"type": "Point", "coordinates": [110.67642, -0.54798]}, "properties": {"kab_kota": "SEKADAU", "kecamatan": "Nanga Mahap", "desa": "Tembaga", "tanggal": "2026-08-18", "timestamp": "2026-08-18T12:46:00+07:00", "satelit": "NASA-NOAA20", "confidence": "Medium"}}, {"type": "Feature", "geometry": {"type": "Point", "coordinates": [110.66773, -0.54085]}, "properties": {"kab_kota": "SEKADAU", "kecamatan": "Nanga Mahap", "desa": "Tembaga", "tanggal": "2026-08-18", "timestamp": "2026-08-18T12:46:00+07:00", "satelit": "NASA-NOAA20", "confidence": "Medium"}}, {"type": "Feature", "geometry": {"type": "Point", "coordinates": [110.67586, -0.51849]}, "properties": {"kab_kota": "SEKADAU", "kecamatan": "Nanga Mahap", "desa": "Tembaga", "tanggal": "2026-08-18", "timestamp": "2026-08-18T12:46:00+07:00", "satelit": "NASA-NOAA20", "confidence": "Medium"}}, {"type": "Feature", "geometry": {"type": "Point", "coordinates": [110.6857, -0.50856]}, "properties": {"kab_kota": "SEKADAU", "kecamatan": "Nanga Mahap", "desa": "Tembaga", "tanggal": "2026-08-18", "timestamp": "2026-08-18T12:46:00+07:00", "satelit": "NASA-NOAA20", "confidence": "Medium"}}, {"type": "Feature", "geometry": {"type": "Point", "coordinates": [110.68874, -0.50389]}, "properties": {"kab_kota": "SEKADAU", "kecamatan": "Nanga Mahap", "desa": "Tembaga", "tanggal": "2026-08-18", "timestamp": "2026-08-18T12:46:00+07:00", "satelit": "NASA-NOAA20", "confidence": "Medium"}}, {"type": "Feature", "geometry": {"type": "Point", "coordinates": [110.65425, -0.50061]}, "properties": {"kab_kota": "SEKADAU", "kecamatan": "Nanga Mahap", "desa": "Tembaga", "tanggal": "2026-08-18", "timestamp": "2026-08-18T12:46:00+07:00", "satelit": "NASA-NOAA20", "confidence": "Medium"}}, {"type": "Feature", "geometry": {"type": "Point", "coordinates": [110.65422, -0.49805]}, "properties": {"kab_kota": "SEKADAU", "kecamatan": "Nanga Mahap", "desa": "Tembaga", "tanggal": "2026-08-18", "timestamp": "2026-08-18T12:46:00+07:00", "satelit": "NASA-NOAA20", "confidence": "Medium"}}, {"type": "Feature", "geometry": {"type": "Point", "coordinates": [110.65285, -0.49236]}, "properties": {"kab_kota": "SEKADAU", "kecamatan": "Nanga Mahap", "desa": "Tembaga", "tanggal": "2026-08-18", "timestamp": "2026-08-18T12:46:00+07:00", "satelit": "NASA-NOAA20", "confidence": "Medium"}}, {"type": "Feature", "geometry": {"type": "Point", "coordinates": [110.65656, -0.49181]}, "properties": {"kab_kota": "SEKADAU", "kecamatan": "Nanga Mahap", "desa": "Tembaga", "tanggal": "2026-08-18", "timestamp": "2026-08-18T12:46:00+07:00", "satelit": "NASA-NOAA20", "confidence": "Medium"}}, {"type": "Feature", "geometry": {"type": "Point", "coordinates": [110.65292, -0.48979]}, "properties": {"kab_kota": "SEKADAU", "kecamatan": "Nanga Mahap", "desa": "Tembaga", "tanggal": "2026-08-18", "timestamp": "2026-08-18T12:46:00+07:00", "satelit": "NASA-NOAA20", "confidence": "Medium"}}, {"type": "Feature", "geometry": {"type": "Point", "coordinates": [110.65971, -0.4845]}, "properties": {"kab_kota": "SEKADAU", "kecamatan": "Nanga Mahap", "desa": "Tembaga", "tanggal": "2026-08-18", "timestamp": "2026-08-18T12:46:00+07:00", "satelit": "NASA-NOAA20", "confidence": "Medium"}}, {"type": "Feature", "geometry": {"type": "Point", "coordinates": [110.66446, -0.52613]}, "properties": {"kab_kota": "SEKADAU", "kecamatan": "Nanga Mahap", "desa": "Tembaga", "tanggal": "2026-08-19", "timestamp": "2026-08-19T12:27:00+07:00", "satelit": "NASA-NOAA20", "confidence": "Medium"}}, {"type": "Feature", "geometry": {"type": "Point", "coordinates": [110.67349, -0.50719]}, "properties": {"kab_kota": "SEKADAU", "kecamatan": "Nanga Mahap", "desa": "Tembaga", "tanggal": "2026-08-19", "timestamp": "2026-08-19T12:27:00+07:00", "satelit": "NASA-NOAA20", "confidence": "Medium"}}, {"type": "Feature", "geometry": {"type": "Point", "coordinates": [110.66495, -0.50169]}, "properties": {"kab_kota": "SEKADAU", "kecamatan": "Nanga Mahap", "desa": "Tembaga", "tanggal": "2026-08-22", "timestamp": "2026-08-22T13:12:00+07:00", "satelit": "NASA-NOAA20", "confidence": "Medium"}}, {"type": "Feature", "geometry": {"type": "Point", "coordinates": [110.65852, -0.4797]}, "properties": {"kab_kota": "SEKADAU", "kecamatan": "Nanga Mahap", "desa": "Tembaga", "tanggal": "2026-08-29", "timestamp": "2026-08-29T12:40:00+07:00", "satelit": "NASA-NOAA20", "confidence": "Medium"}}, {"type": "Feature", "geometry": {"type": "Point", "coordinates": [110.65888, -0.47587]}, "properties": {"kab_kota": "SEKADAU", "kecamatan": "Nanga Mahap", "desa": "Tembaga", "tanggal": "2026-08-30", "timestamp": "2026-08-30T12:23:00+07:00", "satelit": "NASA-NOAA20", "confidence": "Medium"}}, {"type": "Feature", "geometry": {"type": "Point", "coordinates": [110.83468, -0.54408]}, "properties": {"kab_kota": "SEKADAU", "kecamatan": "Nanga Mahap", "desa": "Tembesuk", "tanggal": "2026-08-01", "timestamp": "2026-08-01T13:03:00+07:00", "satelit": "NASA-NOAA20", "confidence": "Medium"}}, {"type": "Feature", "geometry": {"type": "Point", "coordinates": [110.83418, -0.54077]}, "properties": {"kab_kota": "SEKADAU", "kecamatan": "Nanga Mahap", "desa": "Tembesuk", "tanggal": "2026-08-01", "timestamp": "2026-08-01T13:03:00+07:00", "satelit": "NASA-NOAA20", "confidence": "Medium"}}, {"type": "Feature", "geometry": {"type": "Point", "coordinates": [110.81776, -0.55982]}, "properties": {"kab_kota": "SEKADAU", "kecamatan": "Nanga Mahap", "desa": "Tembesuk", "tanggal": "2026-08-02", "timestamp": "2026-08-02T12:46:00+07:00", "satelit": "NASA-NOAA20", "confidence": "Medium"}}, {"type": "Feature", "geometry": {"type": "Point", "coordinates": [110.82131, -0.55929]}, "properties": {"kab_kota": "SEKADAU", "kecamatan": "Nanga Mahap", "desa": "Tembesuk", "tanggal": "2026-08-02", "timestamp": "2026-08-02T12:46:00+07:00", "satelit": "NASA-NOAA20", "confidence": "Medium"}}, {"type": "Feature", "geometry": {"type": "Point", "coordinates": [110.81689, -0.55576]}, "properties": {"kab_kota": "SEKADAU", "kecamatan": "Nanga Mahap", "desa": "Tembesuk", "tanggal": "2026-08-02", "timestamp": "2026-08-02T12:46:00+07:00", "satelit": "NASA-NOAA20", "confidence": "Medium"}}, {"type": "Feature", "geometry": {"type": "Point", "coordinates": [110.78766, -0.48551]}, "properties": {"kab_kota": "SEKADAU", "kecamatan": "Nanga Mahap", "desa": "Tembesuk", "tanggal": "2026-08-02", "timestamp": "2026-08-02T12:46:00+07:00", "satelit": "NASA-NOAA20", "confidence": "Medium"}}, {"type": "Feature", "geometry": {"type": "Point", "coordinates": [110.79124, -0.48496]}, "properties": {"kab_kota": "SEKADAU", "kecamatan": "Nanga Mahap", "desa": "Tembesuk", "tanggal": "2026-08-02", "timestamp": "2026-08-02T12:46:00+07:00", "satelit": "NASA-NOAA20", "confidence": "Medium"}}, {"type": "Feature", "geometry": {"type": "Point", "coordinates": [110.78701, -0.48141]}, "properties": {"kab_kota": "SEKADAU", "kecamatan": "Nanga Mahap", "desa": "Tembesuk", "tanggal": "2026-08-02", "timestamp": "2026-08-02T12:46:00+07:00", "satelit": "NASA-NOAA20", "confidence": "Medium"}}, {"type": "Feature", "geometry": {"type": "Point", "coordinates": [110.79061, -0.48086]}, "properties": {"kab_kota": "SEKADAU", "kecamatan": "Nanga Mahap", "desa": "Tembesuk", "tanggal": "2026-08-02", "timestamp": "2026-08-02T12:46:00+07:00", "satelit": "NASA-NOAA20", "confidence": "Medium"}}, {"type": "Feature", "geometry": {"type": "Point", "coordinates": [110.81237, -0.49212]}, "properties": {"kab_kota": "SEKADAU", "kecamatan": "Nanga Mahap", "desa": "Tembesuk", "tanggal": "2026-08-05", "timestamp": "2026-08-05T13:29:00+07:00", "satelit": "NASA-NOAA20", "confidence": "Medium"}}, {"type": "Feature", "geometry": {"type": "Point", "coordinates": [110.81226, -0.4887]}, "properties": {"kab_kota": "SEKADAU", "kecamatan": "Nanga Mahap", "desa": "Tembesuk", "tanggal": "2026-08-05", "timestamp": "2026-08-05T13:29:00+07:00", "satelit": "NASA-NOAA20", "confidence": "Medium"}}, {"type": "Feature", "geometry": {"type": "Point", "coordinates": [110.78767, -0.46416]}, "properties": {"kab_kota": "SEKADAU", "kecamatan": "Nanga Mahap", "desa": "Tembesuk", "tanggal": "2026-08-11", "timestamp": "2026-08-11T13:18:00+07:00", "satelit": "NASA-NOAA20", "confidence": "Medium"}}, {"type": "Feature", "geometry": {"type": "Point", "coordinates": [110.78806, -0.51412]}, "properties": {"kab_kota": "SEKADAU", "kecamatan": "Nanga Mahap", "desa": "Tembesuk", "tanggal": "2026-08-18", "timestamp": "2026-08-18T12:46:00+07:00", "satelit": "NASA-NOAA20", "confidence": "Medium"}}, {"type": "Feature", "geometry": {"type": "Point", "coordinates": [110.82452, -0.51257]}, "properties": {"kab_kota": "SEKADAU", "kecamatan": "Nanga Mahap", "desa": "Tembesuk", "tanggal": "2026-08-20", "timestamp": "2026-08-20T13:50:00+07:00", "satelit": "NASA-NOAA20", "confidence": "Medium"}}, {"type": "Feature", "geometry": {"type": "Point", "coordinates": [110.82095, -0.51141]}, "properties": {"kab_kota": "SEKADAU", "kecamatan": "Nanga Mahap", "desa": "Tembesuk", "tanggal": "2026-08-20", "timestamp": "2026-08-20T13:50:00+07:00", "satelit": "NASA-NOAA20", "confidence": "Medium"}}, {"type": "Feature", "geometry": {"type": "Point", "coordinates": [110.82523, -0.51072]}, "properties": {"kab_kota": "SEKADAU", "kecamatan": "Nanga Mahap", "desa": "Tembesuk", "tanggal": "2026-08-20", "timestamp": "2026-08-20T13:50:00+07:00", "satelit": "NASA-NOAA20", "confidence": "Medium"}}, {"type": "Feature", "geometry": {"type": "Point", "coordinates": [110.81919, -0.50735]}, "properties": {"kab_kota": "SEKADAU", "kecamatan": "Nanga Mahap", "desa": "Tembesuk", "tanggal": "2026-08-20", "timestamp": "2026-08-20T13:50:00+07:00", "satelit": "NASA-NOAA20", "confidence": "Medium"}}, {"type": "Feature", "geometry": {"type": "Point", "coordinates": [110.82346, -0.50669]}, "properties": {"kab_kota": "SEKADAU", "kecamatan": "Nanga Mahap", "desa": "Tembesuk", "tanggal": "2026-08-20", "timestamp": "2026-08-20T13:50:00+07:00", "satelit": "NASA-NOAA20", "confidence": "Medium"}}, {"type": "Feature", "geometry": {"type": "Point", "coordinates": [110.78777, -0.50016]}, "properties": {"kab_kota": "SEKADAU", "kecamatan": "Nanga Mahap", "desa": "Tembesuk", "tanggal": "2026-08-20", "timestamp": "2026-08-20T13:50:00+07:00", "satelit": "NASA-NOAA20", "confidence": "Medium"}}, {"type": "Feature", "geometry": {"type": "Point", "coordinates": [110.79209, -0.49948]}, "properties": {"kab_kota": "SEKADAU", "kecamatan": "Nanga Mahap", "desa": "Tembesuk", "tanggal": "2026-08-20", "timestamp": "2026-08-20T13:50:00+07:00", "satelit": "NASA-NOAA20", "confidence": "Medium"}}, {"type": "Feature", "geometry": {"type": "Point", "coordinates": [110.80066, -0.49815]}, "properties": {"kab_kota": "SEKADAU", "kecamatan": "Nanga Mahap", "desa": "Tembesuk", "tanggal": "2026-08-20", "timestamp": "2026-08-20T13:50:00+07:00", "satelit": "NASA-NOAA20", "confidence": "Medium"}}, {"type": "Feature", "geometry": {"type": "Point", "coordinates": [110.80217, -0.4798]}, "properties": {"kab_kota": "SEKADAU", "kecamatan": "Nanga Mahap", "desa": "Tembesuk", "tanggal": "2026-08-20", "timestamp": "2026-08-20T13:50:00+07:00", "satelit": "NASA-NOAA20", "confidence": "Medium"}}, {"type": "Feature", "geometry": {"type": "Point", "coordinates": [110.85535, -0.53608]}, "properties": {"kab_kota": "SEKADAU", "kecamatan": "Nanga Mahap", "desa": "Tembesuk", "tanggal": "2026-08-21", "timestamp": "2026-08-21T13:29:00+07:00", "satelit": "NASA-NOAA20", "confidence": "Medium"}}, {"type": "Feature", "geometry": {"type": "Point", "coordinates": [110.80307, -0.51372]}, "properties": {"kab_kota": "SEKADAU", "kecamatan": "Nanga Mahap", "desa": "Tembesuk", "tanggal": "2026-08-21", "timestamp": "2026-08-21T13:29:00+07:00", "satelit": "NASA-NOAA20", "confidence": "Medium"}}, {"type": "Feature", "geometry": {"type": "Point", "coordinates": [110.78787, -0.49096]}, "properties": {"kab_kota": "SEKADAU", "kecamatan": "Nanga Mahap", "desa": "Tembesuk", "tanggal": "2026-08-24", "timestamp": "2026-08-24T01:34:00+07:00", "satelit": "NASA-NOAA20", "confidence": "Medium"}}, {"type": "Feature", "geometry": {"type": "Point", "coordinates": [110.80464, -0.50334]}, "properties": {"kab_kota": "SEKADAU", "kecamatan": "Nanga Mahap", "desa": "Tembesuk", "tanggal": "2026-08-26", "timestamp": "2026-08-26T13:35:00+07:00", "satelit": "NASA-NOAA20", "confidence": "Medium"}}, {"type": "Feature", "geometry": {"type": "Point", "coordinates": [110.80682, -0.48035]}, "properties": {"kab_kota": "SEKADAU", "kecamatan": "Nanga Mahap", "desa": "Tembesuk", "tanggal": "2026-08-29", "timestamp": "2026-08-29T12:40:00+07:00", "satelit": "NASA-NOAA20", "confidence": "Medium"}}, {"type": "Feature", "geometry": {"type": "Point", "coordinates": [110.84632, -0.28514]}, "properties": {"kab_kota": "SEKADAU", "kecamatan": "Nanga Taman", "desa": "Lubuk Tajau", "tanggal": "2026-08-02", "timestamp": "2026-08-02T12:46:00+07:00", "satelit": "NASA-NOAA20", "confidence": "Medium"}}, {"type": "Feature", "geometry": {"type": "Point", "coordinates": [110.84202, -0.34474]}, "properties": {"kab_kota": "SEKADAU", "kecamatan": "Nanga Taman", "desa": "Lubuk Tajau", "tanggal": "2026-08-04", "timestamp": "2026-08-04T13:48:00+07:00", "satelit": "NASA-NOAA20", "confidence": "Medium"}}, {"type": "Feature", "geometry": {"type": "Point", "coordinates": [110.8321, -0.33418]}, "properties": {"kab_kota": "SEKADAU", "kecamatan": "Nanga Taman", "desa": "Lubuk Tajau", "tanggal": "2026-08-04", "timestamp": "2026-08-04T13:48:00+07:00", "satelit": "NASA-NOAA20", "confidence": "Medium"}}, {"type": "Feature", "geometry": {"type": "Point", "coordinates": [110.8258, -0.32306]}, "properties": {"kab_kota": "SEKADAU", "kecamatan": "Nanga Taman", "desa": "Lubuk Tajau", "tanggal": "2026-08-04", "timestamp": "2026-08-04T13:48:00+07:00", "satelit": "NASA-NOAA20", "confidence": "Medium"}}, {"type": "Feature", "geometry": {"type": "Point", "coordinates": [110.82656, -0.33484]}, "properties": {"kab_kota": "SEKADAU", "kecamatan": "Nanga Taman", "desa": "Lubuk Tajau", "tanggal": "2026-08-05", "timestamp": "2026-08-05T13:29:00+07:00", "satelit": "NASA-NOAA20", "confidence": "Medium"}}, {"type": "Feature", "geometry": {"type": "Point", "coordinates": [110.80482, -0.33567]}, "properties": {"kab_kota": "SEKADAU", "kecamatan": "Nanga Taman", "desa": "Lubuk Tajau", "tanggal": "2026-08-06", "timestamp": "2026-08-06T13:10:00+07:00", "satelit": "NASA-NOAA20", "confidence": "Medium"}}, {"type": "Feature", "geometry": {"type": "Point", "coordinates": [110.80432, -0.33233]}, "properties": {"kab_kota": "SEKADAU", "kecamatan": "Nanga Taman", "desa": "Lubuk Tajau", "tanggal": "2026-08-06", "timestamp": "2026-08-06T13:10:00+07:00", "satelit": "NASA-NOAA20", "confidence": "Medium"}}, {"type": "Feature", "geometry": {"type": "Point", "coordinates": [110.80081, -0.3089]}, "properties": {"kab_kota": "SEKADAU", "kecamatan": "Nanga Taman", "desa": "Lubuk Tajau", "tanggal": "2026-08-06", "timestamp": "2026-08-06T13:12:00+07:00", "satelit": "NASA-NOAA20", "confidence": "Medium"}}, {"type": "Feature", "geometry": {"type": "Point", "coordinates": [110.80434, -0.31115]}, "properties": {"kab_kota": "SEKADAU", "kecamatan": "Nanga Taman", "desa": "Lubuk Tajau", "tanggal": "2026-08-07", "timestamp": "2026-08-07T12:53:00+07:00", "satelit": "NASA-NOAA20", "confidence": "Medium"}}, {"type": "Feature", "geometry": {"type": "Point", "coordinates": [110.79946, -0.30075]}, "properties": {"kab_kota": "SEKADAU", "kecamatan": "Nanga Taman", "desa": "Lubuk Tajau", "tanggal": "2026-08-10", "timestamp": "2026-08-10T13:35:00+07:00", "satelit": "NASA-NOAA20", "confidence": "Medium"}}, {"type": "Feature", "geometry": {"type": "Point", "coordinates": [110.77619, -0.31777]}, "properties": {"kab_kota": "SEKADAU", "kecamatan": "Nanga Taman", "desa": "Lubuk Tajau", "tanggal": "2026-08-16", "timestamp": "2026-08-16T00:43:00+07:00", "satelit": "NASA-NOAA20", "confidence": "Medium"}}, {"type": "Feature", "geometry": {"type": "Point", "coordinates": [110.80013, -0.30866]}, "properties": {"kab_kota": "SEKADAU", "kecamatan": "Nanga Taman", "desa": "Lubuk Tajau", "tanggal": "2026-08-20", "timestamp": "2026-08-20T13:50:00+07:00", "satelit": "NASA-NOAA20", "confidence": "Medium"}}, {"type": "Feature", "geometry": {"type": "Point", "coordinates": [110.7987, -0.30698]}, "properties": {"kab_kota": "SEKADAU", "kecamatan": "Nanga Taman", "desa": "Lubuk Tajau", "tanggal": "2026-08-20", "timestamp": "2026-08-20T13:50:00+07:00", "satelit": "NASA-NOAA20", "confidence": "Medium"}}, {"type": "Feature", "geometry": {"type": "Point", "coordinates": [110.79396, -0.29751]}, "properties": {"kab_kota": "SEKADAU", "kecamatan": "Nanga Taman", "desa": "Lubuk Tajau", "tanggal": "2026-08-20", "timestamp": "2026-08-20T13:50:00+07:00", "satelit": "NASA-NOAA20", "confidence": "Medium"}}, {"type": "Feature", "geometry": {"type": "Point", "coordinates": [110.79826, -0.29684]}, "properties": {"kab_kota": "SEKADAU", "kecamatan": "Nanga Taman", "desa": "Lubuk Tajau", "tanggal": "2026-08-20", "timestamp": "2026-08-20T13:50:00+07:00", "satelit": "NASA-NOAA20", "confidence": "Medium"}}, {"type": "Feature", "geometry": {"type": "Point", "coordinates": [110.81246, -0.35275]}, "properties": {"kab_kota": "SEKADAU", "kecamatan": "Nanga Taman", "desa": "Lubuk Tajau", "tanggal": "2026-08-21", "timestamp": "2026-08-21T13:29:00+07:00", "satelit": "NASA-NOAA20", "confidence": "Medium"}}, {"type": "Feature", "geometry": {"type": "Point", "coordinates": [110.84563, -0.33446]}, "properties": {"kab_kota": "SEKADAU", "kecamatan": "Nanga Taman", "desa": "Lubuk Tajau", "tanggal": "2026-08-21", "timestamp": "2026-08-21T13:29:00+07:00", "satelit": "NASA-NOAA20", "confidence": "Medium"}}, {"type": "Feature", "geometry": {"type": "Point", "coordinates": [110.8152, -0.29098]}, "properties": {"kab_kota": "SEKADAU", "kecamatan": "Nanga Taman", "desa": "Lubuk Tajau", "tanggal": "2026-08-21", "timestamp": "2026-08-21T13:29:00+07:00", "satelit": "NASA-NOAA20", "confidence": "Medium"}}, {"type": "Feature", "geometry": {"type": "Point", "coordinates": [110.81483, -0.28821]}, "properties": {"kab_kota": "SEKADAU", "kecamatan": "Nanga Taman", "desa": "Lubuk Tajau", "tanggal": "2026-08-21", "timestamp": "2026-08-21T13:29:00+07:00", "satelit": "NASA-NOAA20", "confidence": "Medium"}}, {"type": "Feature", "geometry": {"type": "Point", "coordinates": [110.78604, -0.28629]}, "properties": {"kab_kota": "SEKADAU", "kecamatan": "Nanga Taman", "desa": "Lubuk Tajau", "tanggal": "2026-08-29", "timestamp": "2026-08-29T12:40:00+07:00", "satelit": "NASA-NOAA20", "confidence": "Medium"}}, {"type": "Feature", "geometry": {"type": "Point", "coordinates": [110.88866, -0.25426]}, "properties": {"kab_kota": "SEKADAU", "kecamatan": "Nanga Taman", "desa": "Meragun", "tanggal": "2026-08-01", "timestamp": "2026-08-01T13:03:00+07:00", "satelit": "NASA-NOAA20", "confidence": "Medium"}}, {"type": "Feature", "geometry": {"type": "Point", "coordinates": [110.89211, -0.25373]}, "properties": {"kab_kota": "SEKADAU", "kecamatan": "Nanga Taman", "desa": "Meragun", "tanggal": "2026-08-01", "timestamp": "2026-08-01T13:03:00+07:00", "satelit": "NASA-NOAA20", "confidence": "Medium"}}, {"type": "Feature", "geometry": {"type": "Point", "coordinates": [110.88815, -0.25094]}, "properties": {"kab_kota": "SEKADAU", "kecamatan": "Nanga Taman", "desa": "Meragun", "tanggal": "2026-08-01", "timestamp": "2026-08-01T13:03:00+07:00", "satelit": "NASA-NOAA20", "confidence": "Medium"}}, {"type": "Feature", "geometry": {"type": "Point", "coordinates": [110.8916, -0.25042]}, "properties": {"kab_kota": "SEKADAU", "kecamatan": "Nanga Taman", "desa": "Meragun", "tanggal": "2026-08-01", "timestamp": "2026-08-01T13:03:00+07:00", "satelit": "NASA-NOAA20", "confidence": "Medium"}}, {"type": "Feature", "geometry": {"type": "Point", "coordinates": [110.96243, -0.32167]}, "properties": {"kab_kota": "SEKADAU", "kecamatan": "Nanga Taman", "desa": "Meragun", "tanggal": "2026-08-02", "timestamp": "2026-08-02T12:46:00+07:00", "satelit": "NASA-NOAA20", "confidence": "Medium"}}, {"type": "Feature", "geometry": {"type": "Point", "coordinates": [110.96579, -0.32116]}, "properties": {"kab_kota": "SEKADAU", "kecamatan": "Nanga Taman", "desa": "Meragun", "tanggal": "2026-08-02", "timestamp": "2026-08-02T12:46:00+07:00", "satelit": "NASA-NOAA20", "confidence": "Medium"}}, {"type": "Feature", "geometry": {"type": "Point", "coordinates": [110.96361, -0.30907]}, "properties": {"kab_kota": "SEKADAU", "kecamatan": "Nanga Taman", "desa": "Meragun", "tanggal": "2026-08-02", "timestamp": "2026-08-02T12:46:00+07:00", "satelit": "NASA-NOAA20", "confidence": "Medium"}}, {"type": "Feature", "geometry": {"type": "Point", "coordinates": [110.95113, -0.29853]}, "properties": {"kab_kota": "SEKADAU", "kecamatan": "Nanga Taman", "desa": "Meragun", "tanggal": "2026-08-02", "timestamp": "2026-08-02T12:46:00+07:00", "satelit": "NASA-NOAA20", "confidence": "Medium"}}, {"type": "Feature", "geometry": {"type": "Point", "coordinates": [110.9502, -0.29801]}, "properties": {"kab_kota": "SEKADAU", "kecamatan": "Nanga Taman", "desa": "Meragun", "tanggal": "2026-08-02", "timestamp": "2026-08-02T12:46:00+07:00", "satelit": "NASA-NOAA20", "confidence": "Medium"}}, {"type": "Feature", "geometry": {"type": "Point", "coordinates": [110.95457, -0.29801]}, "properties": {"kab_kota": "SEKADAU", "kecamatan": "Nanga Taman", "desa": "Meragun", "tanggal": "2026-08-02", "timestamp": "2026-08-02T12:46:00+07:00", "satelit": "NASA-NOAA20", "confidence": "Medium"}}, {"type": "Feature", "geometry": {"type": "Point", "coordinates": [110.95367, -0.29747]}, "properties": {"kab_kota": "SEKADAU", "kecamatan": "Nanga Taman", "desa": "Meragun", "tanggal": "2026-08-02", "timestamp": "2026-08-02T12:46:00+07:00", "satelit": "NASA-NOAA20", "confidence": "Medium"}}, {"type": "Feature", "geometry": {"type": "Point", "coordinates": [110.95393, -0.29397]}, "properties": {"kab_kota": "SEKADAU", "kecamatan": "Nanga Taman", "desa": "Meragun", "tanggal": "2026-08-02", "timestamp": "2026-08-02T12:46:00+07:00", "satelit": "NASA-NOAA20", "confidence": "Medium"}}, {"type": "Feature", "geometry": {"type": "Point", "coordinates": [110.89043, -0.29077]}, "properties": {"kab_kota": "SEKADAU", "kecamatan": "Nanga Taman", "desa": "Meragun", "tanggal": "2026-08-02", "timestamp": "2026-08-02T12:46:00+07:00", "satelit": "NASA-NOAA20", "confidence": "Medium"}}, {"type": "Feature", "geometry": {"type": "Point", "coordinates": [110.9483, -0.28588]}, "properties": {"kab_kota": "SEKADAU", "kecamatan": "Nanga Taman", "desa": "Meragun", "tanggal": "2026-08-02", "timestamp": "2026-08-02T12:46:00+07:00", "satelit": "NASA-NOAA20", "confidence": "Medium"}}, {"type": "Feature", "geometry": {"type": "Point", "coordinates": [110.8452, -0.28114]}, "properties": {"kab_kota": "SEKADAU", "kecamatan": "Nanga Taman", "desa": "Meragun", "tanggal": "2026-08-02", "timestamp": "2026-08-02T12:46:00+07:00", "satelit": "NASA-NOAA20", "confidence": "Medium"}}, {"type": "Feature", "geometry": {"type": "Point", "coordinates": [110.87417, -0.28082]}, "properties": {"kab_kota": "SEKADAU", "kecamatan": "Nanga Taman", "desa": "Meragun", "tanggal": "2026-08-02", "timestamp": "2026-08-02T12:46:00+07:00", "satelit": "NASA-NOAA20", "confidence": "Medium"}}, {"type": "Feature", "geometry": {"type": "Point", "coordinates": [110.90321, -0.27631]}, "properties": {"kab_kota": "SEKADAU", "kecamatan": "Nanga Taman", "desa": "Meragun", "tanggal": "2026-08-02", "timestamp": "2026-08-02T12:46:00+07:00", "satelit": "NASA-NOAA20", "confidence": "Medium"}}, {"type": "Feature", "geometry": {"type": "Point", "coordinates": [110.98087, -0.33375]}, "properties": {"kab_kota": "SEKADAU", "kecamatan": "Nanga Taman", "desa": "Meragun", "tanggal": "2026-08-03", "timestamp": "2026-08-03T12:27:00+07:00", "satelit": "NASA-NOAA20", "confidence": "Medium"}}, {"type": "Feature", "geometry": {"type": "Point", "coordinates": [110.97235, -0.31216]}, "properties": {"kab_kota": "SEKADAU", "kecamatan": "Nanga Taman", "desa": "Meragun", "tanggal": "2026-08-03", "timestamp": "2026-08-03T12:27:00+07:00", "satelit": "NASA-NOAA20", "confidence": "Medium"}}, {"type": "Feature", "geometry": {"type": "Point", "coordinates": [110.97159, -0.30655]}, "properties": {"kab_kota": "SEKADAU", "kecamatan": "Nanga Taman", "desa": "Meragun", "tanggal": "2026-08-03", "timestamp": "2026-08-03T12:27:00+07:00", "satelit": "NASA-NOAA20", "confidence": "Medium"}}, {"type": "Feature", "geometry": {"type": "Point", "coordinates": [110.86487, -0.29082]}, "properties": {"kab_kota": "SEKADAU", "kecamatan": "Nanga Taman", "desa": "Meragun", "tanggal": "2026-08-03", "timestamp": "2026-08-03T12:27:00+07:00", "satelit": "NASA-NOAA20", "confidence": "Medium"}}, {"type": "Feature", "geometry": {"type": "Point", "coordinates": [110.92335, -0.30159]}, "properties": {"kab_kota": "SEKADAU", "kecamatan": "Nanga Taman", "desa": "Meragun", "tanggal": "2026-08-04", "timestamp": "2026-08-04T13:48:00+07:00", "satelit": "NASA-NOAA20", "confidence": "Medium"}}, {"type": "Feature", "geometry": {"type": "Point", "coordinates": [110.96549, -0.32668]}, "properties": {"kab_kota": "SEKADAU", "kecamatan": "Nanga Taman", "desa": "Meragun", "tanggal": "2026-08-05", "timestamp": "2026-08-05T13:29:00+07:00", "satelit": "NASA-NOAA20", "confidence": "Medium"}}, {"type": "Feature", "geometry": {"type": "Point", "coordinates": [110.88473, -0.31707]}, "properties": {"kab_kota": "SEKADAU", "kecamatan": "Nanga Taman", "desa": "Meragun", "tanggal": "2026-08-05", "timestamp": "2026-08-05T13:29:00+07:00", "satelit": "NASA-NOAA20", "confidence": "Medium"}}, {"type": "Feature", "geometry": {"type": "Point", "coordinates": [110.89497, -0.30228]}, "properties": {"kab_kota": "SEKADAU", "kecamatan": "Nanga Taman", "desa": "Meragun", "tanggal": "2026-08-05", "timestamp": "2026-08-05T13:29:00+07:00", "satelit": "NASA-NOAA20", "confidence": "Medium"}}, {"type": "Feature", "geometry": {"type": "Point", "coordinates": [110.85475, -0.27063]}, "properties": {"kab_kota": "SEKADAU", "kecamatan": "Nanga Taman", "desa": "Meragun", "tanggal": "2026-08-05", "timestamp": "2026-08-05T13:29:00+07:00", "satelit": "NASA-NOAA20", "confidence": "Medium"}}, {"type": "Feature", "geometry": {"type": "Point", "coordinates": [110.85394, -0.26914]}, "properties": {"kab_kota": "SEKADAU", "kecamatan": "Nanga Taman", "desa": "Meragun", "tanggal": "2026-08-05", "timestamp": "2026-08-05T13:29:00+07:00", "satelit": "NASA-NOAA20", "confidence": "Medium"}}, {"type": "Feature", "geometry": {"type": "Point", "coordinates": [110.9673, -0.33499]}, "properties": {"kab_kota": "SEKADAU", "kecamatan": "Nanga Taman", "desa": "Meragun", "tanggal": "2026-08-06", "timestamp": "2026-08-06T13:10:00+07:00", "satelit": "NASA-NOAA20", "confidence": "Medium"}}, {"type": "Feature", "geometry": {"type": "Point", "coordinates": [110.97089, -0.33444]}, "properties": {"kab_kota": "SEKADAU", "kecamatan": "Nanga Taman", "desa": "Meragun", "tanggal": "2026-08-06", "timestamp": "2026-08-06T13:10:00+07:00", "satelit": "NASA-NOAA20", "confidence": "Medium"}}, {"type": "Feature", "geometry": {"type": "Point", "coordinates": [110.96684, -0.33162]}, "properties": {"kab_kota": "SEKADAU", "kecamatan": "Nanga Taman", "desa": "Meragun", "tanggal": "2026-08-06", "timestamp": "2026-08-06T13:10:00+07:00", "satelit": "NASA-NOAA20", "confidence": "Medium"}}, {"type": "Feature", "geometry": {"type": "Point", "coordinates": [110.97043, -0.33108]}, "properties": {"kab_kota": "SEKADAU", "kecamatan": "Nanga Taman", "desa": "Meragun", "tanggal": "2026-08-06", "timestamp": "2026-08-06T13:10:00+07:00", "satelit": "NASA-NOAA20", "confidence": "Medium"}}, {"type": "Feature", "geometry": {"type": "Point", "coordinates": [110.89386, -0.30497]}, "properties": {"kab_kota": "SEKADAU", "kecamatan": "Nanga Taman", "desa": "Meragun", "tanggal": "2026-08-06", "timestamp": "2026-08-06T13:10:00+07:00", "satelit": "NASA-NOAA20", "confidence": "Medium"}}, {"type": "Feature", "geometry": {"type": "Point", "coordinates": [110.88903, -0.29541]}, "properties": {"kab_kota": "SEKADAU", "kecamatan": "Nanga Taman", "desa": "Meragun", "tanggal": "2026-08-06", "timestamp": "2026-08-06T13:12:00+07:00", "satelit": "NASA-NOAA20", "confidence": "Medium"}}, {"type": "Feature", "geometry": {"type": "Point", "coordinates": [110.88853, -0.29206]}, "properties": {"kab_kota": "SEKADAU", "kecamatan": "Nanga Taman", "desa": "Meragun", "tanggal": "2026-08-06", "timestamp": "2026-08-06T13:12:00+07:00", "satelit": "NASA-NOAA20", "confidence": "Medium"}}, {"type": "Feature", "geometry": {"type": "Point", "coordinates": [110.89206, -0.29152]}, "properties": {"kab_kota": "SEKADAU", "kecamatan": "Nanga Taman", "desa": "Meragun", "tanggal": "2026-08-06", "timestamp": "2026-08-06T13:12:00+07:00", "satelit": "NASA-NOAA20", "confidence": "Medium"}}, {"type": "Feature", "geometry": {"type": "Point", "coordinates": [110.9859, -0.33906]}, "properties": {"kab_kota": "SEKADAU", "kecamatan": "Nanga Taman", "desa": "Meragun", "tanggal": "2026-08-07", "timestamp": "2026-08-07T12:53:00+07:00", "satelit": "NASA-NOAA20", "confidence": "Medium"}}, {"type": "Feature", "geometry": {"type": "Point", "coordinates": [110.9596, -0.33239]}, "properties": {"kab_kota": "SEKADAU", "kecamatan": "Nanga Taman", "desa": "Meragun", "tanggal": "2026-08-07", "timestamp": "2026-08-07T12:53:00+07:00", "satelit": "NASA-NOAA20", "confidence": "Medium"}}, {"type": "Feature", "geometry": {"type": "Point", "coordinates": [110.97023, -0.32639]}, "properties": {"kab_kota": "SEKADAU", "kecamatan": "Nanga Taman", "desa": "Meragun", "tanggal": "2026-08-07", "timestamp": "2026-08-07T12:53:00+07:00", "satelit": "NASA-NOAA20", "confidence": "Medium"}}, {"type": "Feature", "geometry": {"type": "Point", "coordinates": [110.97452, -0.32575]}, "properties": {"kab_kota": "SEKADAU", "kecamatan": "Nanga Taman", "desa": "Meragun", "tanggal": "2026-08-07", "timestamp": "2026-08-07T12:53:00+07:00", "satelit": "NASA-NOAA20", "confidence": "Medium"}}, {"type": "Feature", "geometry": {"type": "Point", "coordinates": [110.86547, -0.27156]}, "properties": {"kab_kota": "SEKADAU", "kecamatan": "Nanga Taman", "desa": "Meragun", "tanggal": "2026-08-07", "timestamp": "2026-08-07T12:53:00+07:00", "satelit": "NASA-NOAA20", "confidence": "Medium"}}, {"type": "Feature", "geometry": {"type": "Point", "coordinates": [110.9041, -0.29987]}, "properties": {"kab_kota": "SEKADAU", "kecamatan": "Nanga Taman", "desa": "Meragun", "tanggal": "2026-08-08", "timestamp": "2026-08-08T12:33:00+07:00", "satelit": "NASA-NOAA20", "confidence": "Medium"}}, {"type": "Feature", "geometry": {"type": "Point", "coordinates": [110.86235, -0.27016]}, "properties": {"kab_kota": "SEKADAU", "kecamatan": "Nanga Taman", "desa": "Meragun", "tanggal": "2026-08-08", "timestamp": "2026-08-08T12:33:00+07:00", "satelit": "NASA-NOAA20", "confidence": "Medium"}}, {"type": "Feature", "geometry": {"type": "Point", "coordinates": [110.94252, -0.32003]}, "properties": {"kab_kota": "SEKADAU", "kecamatan": "Nanga Taman", "desa": "Meragun", "tanggal": "2026-08-09", "timestamp": "2026-08-09T12:14:00+07:00", "satelit": "NASA-NOAA20", "confidence": "Medium"}}, {"type": "Feature", "geometry": {"type": "Point", "coordinates": [110.93729, -0.31953]}, "properties": {"kab_kota": "SEKADAU", "kecamatan": "Nanga Taman", "desa": "Meragun", "tanggal": "2026-08-09", "timestamp": "2026-08-09T12:14:00+07:00", "satelit": "NASA-NOAA20", "confidence": "Medium"}}, {"type": "Feature", "geometry": {"type": "Point", "coordinates": [110.94243, -0.31871]}, "properties": {"kab_kota": "SEKADAU", "kecamatan": "Nanga Taman", "desa": "Meragun", "tanggal": "2026-08-09", "timestamp": "2026-08-09T12:14:00+07:00", "satelit": "NASA-NOAA20", "confidence": "Medium"}}, {"type": "Feature", "geometry": {"type": "Point", "coordinates": [110.94055, -0.29103]}, "properties": {"kab_kota": "SEKADAU", "kecamatan": "Nanga Taman", "desa": "Meragun", "tanggal": "2026-08-09", "timestamp": "2026-08-09T12:14:00+07:00", "satelit": "NASA-NOAA20", "confidence": "Medium"}}, {"type": "Feature", "geometry": {"type": "Point", "coordinates": [110.90639, -0.28241]}, "properties": {"kab_kota": "SEKADAU", "kecamatan": "Nanga Taman", "desa": "Meragun", "tanggal": "2026-08-09", "timestamp": "2026-08-09T12:14:00+07:00", "satelit": "NASA-NOAA20", "confidence": "Medium"}}, {"type": "Feature", "geometry": {"type": "Point", "coordinates": [110.88239, -0.2695]}, "properties": {"kab_kota": "SEKADAU", "kecamatan": "Nanga Taman", "desa": "Meragun", "tanggal": "2026-08-09", "timestamp": "2026-08-09T13:57:00+07:00", "satelit": "NASA-NOAA20", "confidence": "Medium"}}, {"type": "Feature", "geometry": {"type": "Point", "coordinates": [110.92657, -0.29078]}, "properties": {"kab_kota": "SEKADAU", "kecamatan": "Nanga Taman", "desa": "Meragun", "tanggal": "2026-08-10", "timestamp": "2026-08-10T13:35:00+07:00", "satelit": "NASA-NOAA20", "confidence": "Medium"}}, {"type": "Feature", "geometry": {"type": "Point", "coordinates": [110.95915, -0.29055]}, "properties": {"kab_kota": "SEKADAU", "kecamatan": "Nanga Taman", "desa": "Meragun", "tanggal": "2026-08-10", "timestamp": "2026-08-10T13:35:00+07:00", "satelit": "NASA-NOAA20", "confidence": "Medium"}}, {"type": "Feature", "geometry": {"type": "Point", "coordinates": [110.8944, -0.28605]}, "properties": {"kab_kota": "SEKADAU", "kecamatan": "Nanga Taman", "desa": "Meragun", "tanggal": "2026-08-10", "timestamp": "2026-08-10T13:35:00+07:00", "satelit": "NASA-NOAA20", "confidence": "Medium"}}, {"type": "Feature", "geometry": {"type": "Point", "coordinates": [110.89735, -0.28592]}, "properties": {"kab_kota": "SEKADAU", "kecamatan": "Nanga Taman", "desa": "Meragun", "tanggal": "2026-08-10", "timestamp": "2026-08-10T13:35:00+07:00", "satelit": "NASA-NOAA20", "confidence": "Medium"}}, {"type": "Feature", "geometry": {"type": "Point", "coordinates": [110.89288, -0.27645]}, "properties": {"kab_kota": "SEKADAU", "kecamatan": "Nanga Taman", "desa": "Meragun", "tanggal": "2026-08-10", "timestamp": "2026-08-10T13:35:00+07:00", "satelit": "NASA-NOAA20", "confidence": "Medium"}}, {"type": "Feature", "geometry": {"type": "Point", "coordinates": [110.88977, -0.27233]}, "properties": {"kab_kota": "SEKADAU", "kecamatan": "Nanga Taman", "desa": "Meragun", "tanggal": "2026-08-10", "timestamp": "2026-08-10T13:35:00+07:00", "satelit": "NASA-NOAA20", "confidence": "Medium"}}, {"type": "Feature", "geometry": {"type": "Point", "coordinates": [110.89182, -0.27171]}, "properties": {"kab_kota": "SEKADAU", "kecamatan": "Nanga Taman", "desa": "Meragun", "tanggal": "2026-08-10", "timestamp": "2026-08-10T13:35:00+07:00", "satelit": "NASA-NOAA20", "confidence": "Medium"}}, {"type": "Feature", "geometry": {"type": "Point", "coordinates": [110.88188, -0.25387]}, "properties": {"kab_kota": "SEKADAU", "kecamatan": "Nanga Taman", "desa": "Meragun", "tanggal": "2026-08-10", "timestamp": "2026-08-10T13:35:00+07:00", "satelit": "NASA-NOAA20", "confidence": "Medium"}}, {"type": "Feature", "geometry": {"type": "Point", "coordinates": [110.97257, -0.33827]}, "properties": {"kab_kota": "SEKADAU", "kecamatan": "Nanga Taman", "desa": "Meragun", "tanggal": "2026-08-11", "timestamp": "2026-08-11T13:18:00+07:00", "satelit": "NASA-NOAA20", "confidence": "Medium"}}, {"type": "Feature", "geometry": {"type": "Point", "coordinates": [110.88979, -0.30367]}, "properties": {"kab_kota": "SEKADAU", "kecamatan": "Nanga Taman", "desa": "Meragun", "tanggal": "2026-08-11", "timestamp": "2026-08-11T13:18:00+07:00", "satelit": "NASA-NOAA20", "confidence": "Medium"}}, {"type": "Feature", "geometry": {"type": "Point", "coordinates": [110.90118, -0.29828]}, "properties": {"kab_kota": "SEKADAU", "kecamatan": "Nanga Taman", "desa": "Meragun", "tanggal": "2026-08-11", "timestamp": "2026-08-11T13:18:00+07:00", "satelit": "NASA-NOAA20", "confidence": "Medium"}}, {"type": "Feature", "geometry": {"type": "Point", "coordinates": [110.86047, -0.26872]}, "properties": {"kab_kota": "SEKADAU", "kecamatan": "Nanga Taman", "desa": "Meragun", "tanggal": "2026-08-11", "timestamp": "2026-08-11T13:18:00+07:00", "satelit": "NASA-NOAA20", "confidence": "Medium"}}, {"type": "Feature", "geometry": {"type": "Point", "coordinates": [110.87745, -0.26528]}, "properties": {"kab_kota": "SEKADAU", "kecamatan": "Nanga Taman", "desa": "Meragun", "tanggal": "2026-08-12", "timestamp": "2026-08-12T12:57:00+07:00", "satelit": "NASA-NOAA20", "confidence": "Medium"}}, {"type": "Feature", "geometry": {"type": "Point", "coordinates": [110.91897, -0.3048]}, "properties": {"kab_kota": "SEKADAU", "kecamatan": "Nanga Taman", "desa": "Meragun", "tanggal": "2026-08-16", "timestamp": "2026-08-16T13:25:00+07:00", "satelit": "NASA-NOAA20", "confidence": "Medium"}}, {"type": "Feature", "geometry": {"type": "Point", "coordinates": [110.9532, -0.29946]}, "properties": {"kab_kota": "SEKADAU", "kecamatan": "Nanga Taman", "desa": "Meragun", "tanggal": "2026-08-16", "timestamp": "2026-08-16T13:25:00+07:00", "satelit": "NASA-NOAA20", "confidence": "Medium"}}, {"type": "Feature", "geometry": {"type": "Point", "coordinates": [110.89136, -0.30973]}, "properties": {"kab_kota": "SEKADAU", "kecamatan": "Nanga Taman", "desa": "Meragun", "tanggal": "2026-08-21", "timestamp": "2026-08-21T13:29:00+07:00", "satelit": "NASA-NOAA20", "confidence": "Medium"}}, {"type": "Feature", "geometry": {"type": "Point", "coordinates": [110.91136, -0.30659]}, "properties": {"kab_kota": "SEKADAU", "kecamatan": "Nanga Taman", "desa": "Meragun", "tanggal": "2026-08-21", "timestamp": "2026-08-21T13:29:00+07:00", "satelit": "NASA-NOAA20", "confidence": "Medium"}}, {"type": "Feature", "geometry": {"type": "Point", "coordinates": [110.89119, -0.30535]}, "properties": {"kab_kota": "SEKADAU", "kecamatan": "Nanga Taman", "desa": "Meragun", "tanggal": "2026-08-21", "timestamp": "2026-08-21T13:29:00+07:00", "satelit": "NASA-NOAA20", "confidence": "Medium"}}, {"type": "Feature", "geometry": {"type": "Point", "coordinates": [110.88045, -0.28268]}, "properties": {"kab_kota": "SEKADAU", "kecamatan": "Nanga Taman", "desa": "Meragun", "tanggal": "2026-08-21", "timestamp": "2026-08-21T13:29:00+07:00", "satelit": "NASA-NOAA20", "confidence": "Medium"}}, {"type": "Feature", "geometry": {"type": "Point", "coordinates": [110.88309, -0.27348]}, "properties": {"kab_kota": "SEKADAU", "kecamatan": "Nanga Taman", "desa": "Meragun", "tanggal": "2026-08-21", "timestamp": "2026-08-21T13:29:00+07:00", "satelit": "NASA-NOAA20", "confidence": "Medium"}}, {"type": "Feature", "geometry": {"type": "Point", "coordinates": [110.87284, -0.26183]}, "properties": {"kab_kota": "SEKADAU", "kecamatan": "Nanga Taman", "desa": "Meragun", "tanggal": "2026-08-21", "timestamp": "2026-08-21T13:29:00+07:00", "satelit": "NASA-NOAA20", "confidence": "Medium"}}, {"type": "Feature", "geometry": {"type": "Point", "coordinates": [110.8764, -0.25688]}, "properties": {"kab_kota": "SEKADAU", "kecamatan": "Nanga Taman", "desa": "Meragun", "tanggal": "2026-08-21", "timestamp": "2026-08-21T13:29:00+07:00", "satelit": "NASA-NOAA20", "confidence": "Medium"}}, {"type": "Feature", "geometry": {"type": "Point", "coordinates": [110.87036, -0.29348]}, "properties": {"kab_kota": "SEKADAU", "kecamatan": "Nanga Taman", "desa": "Meragun", "tanggal": "2026-08-22", "timestamp": "2026-08-22T13:12:00+07:00", "satelit": "NASA-NOAA20", "confidence": "Medium"}}, {"type": "Feature", "geometry": {"type": "Point", "coordinates": [110.90423, -0.27799]}, "properties": {"kab_kota": "SEKADAU", "kecamatan": "Nanga Taman", "desa": "Meragun", "tanggal": "2026-08-22", "timestamp": "2026-08-22T13:12:00+07:00", "satelit": "NASA-NOAA20", "confidence": "Medium"}}, {"type": "Feature", "geometry": {"type": "Point", "coordinates": [110.90678, -0.29158]}, "properties": {"kab_kota": "SEKADAU", "kecamatan": "Nanga Taman", "desa": "Meragun", "tanggal": "2026-08-23", "timestamp": "2026-08-23T12:53:00+07:00", "satelit": "NASA-NOAA20", "confidence": "Medium"}}, {"type": "Feature", "geometry": {"type": "Point", "coordinates": [110.94456, -0.31482]}, "properties": {"kab_kota": "SEKADAU", "kecamatan": "Nanga Taman", "desa": "Meragun", "tanggal": "2026-08-24", "timestamp": "2026-08-24T12:33:00+07:00", "satelit": "NASA-NOAA20", "confidence": "Medium"}}, {"type": "Feature", "geometry": {"type": "Point", "coordinates": [110.94624, -0.31404]}, "properties": {"kab_kota": "SEKADAU", "kecamatan": "Nanga Taman", "desa": "Meragun", "tanggal": "2026-08-24", "timestamp": "2026-08-24T12:33:00+07:00", "satelit": "NASA-NOAA20", "confidence": "Medium"}}, {"type": "Feature", "geometry": {"type": "Point", "coordinates": [110.93053, -0.30078]}, "properties": {"kab_kota": "SEKADAU", "kecamatan": "Nanga Taman", "desa": "Meragun", "tanggal": "2026-08-25", "timestamp": "2026-08-25T13:57:00+07:00", "satelit": "NASA-NOAA20", "confidence": "Medium"}}, {"type": "Feature", "geometry": {"type": "Point", "coordinates": [110.60228, -0.30172]}, "properties": {"kab_kota": "SEKADAU", "kecamatan": "Nanga Taman", "desa": "Nanga Engkulun", "tanggal": "2026-08-06", "timestamp": "2026-08-06T13:12:00+07:00", "satelit": "NASA-NOAA20", "confidence": "Medium"}}, {"type": "Feature", "geometry": {"type": "Point", "coordinates": [110.60178, -0.29839]}, "properties": {"kab_kota": "SEKADAU", "kecamatan": "Nanga Taman", "desa": "Nanga Engkulun", "tanggal": "2026-08-06", "timestamp": "2026-08-06T13:12:00+07:00", "satelit": "NASA-NOAA20", "confidence": "Medium"}}, {"type": "Feature", "geometry": {"type": "Point", "coordinates": [110.58059, -0.28517]}, "properties": {"kab_kota": "SEKADAU", "kecamatan": "Nanga Taman", "desa": "Nanga Engkulun", "tanggal": "2026-08-06", "timestamp": "2026-08-06T13:12:00+07:00", "satelit": "NASA-NOAA20", "confidence": "Medium"}}, {"type": "Feature", "geometry": {"type": "Point", "coordinates": [110.64252, -0.34748]}, "properties": {"kab_kota": "SEKADAU", "kecamatan": "Nanga Taman", "desa": "Nanga Engkulun", "tanggal": "2026-08-07", "timestamp": "2026-08-07T12:53:00+07:00", "satelit": "NASA-NOAA20", "confidence": "Medium"}}, {"type": "Feature", "geometry": {"type": "Point", "coordinates": [110.59245, -0.29]}, "properties": {"kab_kota": "SEKADAU", "kecamatan": "Nanga Taman", "desa": "Nanga Engkulun", "tanggal": "2026-08-07", "timestamp": "2026-08-07T12:53:00+07:00", "satelit": "NASA-NOAA20", "confidence": "Medium"}}, {"type": "Feature", "geometry": {"type": "Point", "coordinates": [110.6254, -0.32655]}, "properties": {"kab_kota": "SEKADAU", "kecamatan": "Nanga Taman", "desa": "Nanga Engkulun", "tanggal": "2026-08-09", "timestamp": "2026-08-09T12:14:00+07:00", "satelit": "NASA-NOAA20", "confidence": "Medium"}}, {"type": "Feature", "geometry": {"type": "Point", "coordinates": [110.64887, -0.35416]}, "properties": {"kab_kota": "SEKADAU", "kecamatan": "Nanga Taman", "desa": "Nanga Engkulun", "tanggal": "2026-08-10", "timestamp": "2026-08-10T13:35:00+07:00", "satelit": "NASA-NOAA20", "confidence": "Medium"}}, {"type": "Feature", "geometry": {"type": "Point", "coordinates": [110.69012, -0.37406]}, "properties": {"kab_kota": "SEKADAU", "kecamatan": "Nanga Taman", "desa": "Nanga Engkulun", "tanggal": "2026-08-11", "timestamp": "2026-08-11T13:18:00+07:00", "satelit": "NASA-NOAA20", "confidence": "Medium"}}, {"type": "Feature", "geometry": {"type": "Point", "coordinates": [110.58467, -0.31038]}, "properties": {"kab_kota": "SEKADAU", "kecamatan": "Nanga Taman", "desa": "Nanga Engkulun", "tanggal": "2026-08-11", "timestamp": "2026-08-11T13:18:00+07:00", "satelit": "NASA-NOAA20", "confidence": "Medium"}}, {"type": "Feature", "geometry": {"type": "Point", "coordinates": [110.61536, -0.30873]}, "properties": {"kab_kota": "SEKADAU", "kecamatan": "Nanga Taman", "desa": "Nanga Engkulun", "tanggal": "2026-08-14", "timestamp": "2026-08-14T12:23:00+07:00", "satelit": "NASA-NOAA20", "confidence": "Medium"}}, {"type": "Feature", "geometry": {"type": "Point", "coordinates": [110.66993, -0.37516]}, "properties": {"kab_kota": "SEKADAU", "kecamatan": "Nanga Taman", "desa": "Nanga Engkulun", "tanggal": "2026-08-14", "timestamp": "2026-08-14T14:01:00+07:00", "satelit": "NASA-NOAA20", "confidence": "Medium"}}, {"type": "Feature", "geometry": {"type": "Point", "coordinates": [110.68882, -0.3642]}, "properties": {"kab_kota": "SEKADAU", "kecamatan": "Nanga Taman", "desa": "Nanga Engkulun", "tanggal": "2026-08-16", "timestamp": "2026-08-16T13:25:00+07:00", "satelit": "NASA-NOAA20", "confidence": "Medium"}}, {"type": "Feature", "geometry": {"type": "Point", "coordinates": [110.60132, -0.29751]}, "properties": {"kab_kota": "SEKADAU", "kecamatan": "Nanga Taman", "desa": "Nanga Engkulun", "tanggal": "2026-08-17", "timestamp": "2026-08-17T13:05:00+07:00", "satelit": "NASA-NOAA20", "confidence": "Medium"}}, {"type": "Feature", "geometry": {"type": "Point", "coordinates": [110.62128, -0.30625]}, "properties": {"kab_kota": "SEKADAU", "kecamatan": "Nanga Taman", "desa": "Nanga Engkulun", "tanggal": "2026-08-18", "timestamp": "2026-08-18T12:46:00+07:00", "satelit": "NASA-NOAA20", "confidence": "Medium"}}, {"type": "Feature", "geometry": {"type": "Point", "coordinates": [110.62514, -0.30567]}, "properties": {"kab_kota": "SEKADAU", "kecamatan": "Nanga Taman", "desa": "Nanga Engkulun", "tanggal": "2026-08-18", "timestamp": "2026-08-18T12:46:00+07:00", "satelit": "NASA-NOAA20", "confidence": "Medium"}}, {"type": "Feature", "geometry": {"type": "Point", "coordinates": [110.59841, -0.30548]}, "properties": {"kab_kota": "SEKADAU", "kecamatan": "Nanga Taman", "desa": "Nanga Engkulun", "tanggal": "2026-08-18", "timestamp": "2026-08-18T12:46:00+07:00", "satelit": "NASA-NOAA20", "confidence": "Medium"}}, {"type": "Feature", "geometry": {"type": "Point", "coordinates": [110.60142, -0.30079]}, "properties": {"kab_kota": "SEKADAU", "kecamatan": "Nanga Taman", "desa": "Nanga Engkulun", "tanggal": "2026-08-18", "timestamp": "2026-08-18T12:46:00+07:00", "satelit": "NASA-NOAA20", "confidence": "Medium"}}, {"type": "Feature", "geometry": {"type": "Point", "coordinates": [110.6483, -0.36328]}, "properties": {"kab_kota": "SEKADAU", "kecamatan": "Nanga Taman", "desa": "Nanga Engkulun", "tanggal": "2026-08-19", "timestamp": "2026-08-19T12:27:00+07:00", "satelit": "NASA-NOAA20", "confidence": "Medium"}}, {"type": "Feature", "geometry": {"type": "Point", "coordinates": [110.64735, -0.36142]}, "properties": {"kab_kota": "SEKADAU", "kecamatan": "Nanga Taman", "desa": "Nanga Engkulun", "tanggal": "2026-08-19", "timestamp": "2026-08-19T12:27:00+07:00", "satelit": "NASA-NOAA20", "confidence": "Medium"}}, {"type": "Feature", "geometry": {"type": "Point", "coordinates": [110.66104, -0.34758]}, "properties": {"kab_kota": "SEKADAU", "kecamatan": "Nanga Taman", "desa": "Nanga Engkulun", "tanggal": "2026-08-19", "timestamp": "2026-08-19T12:27:00+07:00", "satelit": "NASA-NOAA20", "confidence": "Medium"}}, {"type": "Feature", "geometry": {"type": "Point", "coordinates": [110.61513, -0.30795]}, "properties": {"kab_kota": "SEKADAU", "kecamatan": "Nanga Taman", "desa": "Nanga Engkulun", "tanggal": "2026-08-19", "timestamp": "2026-08-19T12:27:00+07:00", "satelit": "NASA-NOAA20", "confidence": "Medium"}}, {"type": "Feature", "geometry": {"type": "Point", "coordinates": [110.64311, -0.36795]}, "properties": {"kab_kota": "SEKADAU", "kecamatan": "Nanga Taman", "desa": "Nanga Engkulun", "tanggal": "2026-08-20", "timestamp": "2026-08-20T13:50:00+07:00", "satelit": "NASA-NOAA20", "confidence": "Medium"}}, {"type": "Feature", "geometry": {"type": "Point", "coordinates": [110.65505, -0.36006]}, "properties": {"kab_kota": "SEKADAU", "kecamatan": "Nanga Taman", "desa": "Nanga Engkulun", "tanggal": "2026-08-20", "timestamp": "2026-08-20T13:50:00+07:00", "satelit": "NASA-NOAA20", "confidence": "Medium"}}, {"type": "Feature", "geometry": {"type": "Point", "coordinates": [110.65251, -0.36881]}, "properties": {"kab_kota": "SEKADAU", "kecamatan": "Nanga Taman", "desa": "Nanga Engkulun", "tanggal": "2026-08-21", "timestamp": "2026-08-21T13:29:00+07:00", "satelit": "NASA-NOAA20", "confidence": "Medium"}}, {"type": "Feature", "geometry": {"type": "Point", "coordinates": [110.69849, -0.35299]}, "properties": {"kab_kota": "SEKADAU", "kecamatan": "Nanga Taman", "desa": "Nanga Engkulun", "tanggal": "2026-08-21", "timestamp": "2026-08-21T13:29:00+07:00", "satelit": "NASA-NOAA20", "confidence": "Medium"}}, {"type": "Feature", "geometry": {"type": "Point", "coordinates": [110.64941, -0.34764]}, "properties": {"kab_kota": "SEKADAU", "kecamatan": "Nanga Taman", "desa": "Nanga Engkulun", "tanggal": "2026-08-21", "timestamp": "2026-08-21T13:29:00+07:00", "satelit": "NASA-NOAA20", "confidence": "Medium"}}, {"type": "Feature", "geometry": {"type": "Point", "coordinates": [110.61932, -0.33507]}, "properties": {"kab_kota": "SEKADAU", "kecamatan": "Nanga Taman", "desa": "Nanga Engkulun", "tanggal": "2026-08-21", "timestamp": "2026-08-21T13:29:00+07:00", "satelit": "NASA-NOAA20", "confidence": "Medium"}}, {"type": "Feature", "geometry": {"type": "Point", "coordinates": [110.60574, -0.29825]}, "properties": {"kab_kota": "SEKADAU", "kecamatan": "Nanga Taman", "desa": "Nanga Engkulun", "tanggal": "2026-08-21", "timestamp": "2026-08-21T13:29:00+07:00", "satelit": "NASA-NOAA20", "confidence": "Medium"}}, {"type": "Feature", "geometry": {"type": "Point", "coordinates": [110.65076, -0.34077]}, "properties": {"kab_kota": "SEKADAU", "kecamatan": "Nanga Taman", "desa": "Nanga Engkulun", "tanggal": "2026-08-22", "timestamp": "2026-08-22T13:12:00+07:00", "satelit": "NASA-NOAA20", "confidence": "Medium"}}, {"type": "Feature", "geometry": {"type": "Point", "coordinates": [110.63576, -0.33624]}, "properties": {"kab_kota": "SEKADAU", "kecamatan": "Nanga Taman", "desa": "Nanga Engkulun", "tanggal": "2026-08-22", "timestamp": "2026-08-22T13:12:00+07:00", "satelit": "NASA-NOAA20", "confidence": "Medium"}}, {"type": "Feature", "geometry": {"type": "Point", "coordinates": [110.64735, -0.35603]}, "properties": {"kab_kota": "SEKADAU", "kecamatan": "Nanga Taman", "desa": "Nanga Engkulun", "tanggal": "2026-08-26", "timestamp": "2026-08-26T13:35:00+07:00", "satelit": "NASA-NOAA20", "confidence": "Medium"}}, {"type": "Feature", "geometry": {"type": "Point", "coordinates": [110.65759, -0.35444]}, "properties": {"kab_kota": "SEKADAU", "kecamatan": "Nanga Taman", "desa": "Nanga Engkulun", "tanggal": "2026-08-26", "timestamp": "2026-08-26T13:35:00+07:00", "satelit": "NASA-NOAA20", "confidence": "Medium"}}, {"type": "Feature", "geometry": {"type": "Point", "coordinates": [110.6311, -0.3151]}, "properties": {"kab_kota": "SEKADAU", "kecamatan": "Nanga Taman", "desa": "Nanga Engkulun", "tanggal": "2026-08-26", "timestamp": "2026-08-26T13:35:00+07:00", "satelit": "NASA-NOAA20", "confidence": "Medium"}}, {"type": "Feature", "geometry": {"type": "Point", "coordinates": [110.65932, -0.34579]}, "properties": {"kab_kota": "SEKADAU", "kecamatan": "Nanga Taman", "desa": "Nanga Engkulun", "tanggal": "2026-08-28", "timestamp": "2026-08-28T12:59:00+07:00", "satelit": "NASA-NOAA20", "confidence": "Medium"}}, {"type": "Feature", "geometry": {"type": "Point", "coordinates": [110.65113, -0.35427]}, "properties": {"kab_kota": "SEKADAU", "kecamatan": "Nanga Taman", "desa": "Nanga Engkulun", "tanggal": "2026-08-29", "timestamp": "2026-08-29T12:40:00+07:00", "satelit": "NASA-NOAA20", "confidence": "Medium"}}, {"type": "Feature", "geometry": {"type": "Point", "coordinates": [110.63971, -0.32326]}, "properties": {"kab_kota": "SEKADAU", "kecamatan": "Nanga Taman", "desa": "Nanga Engkulun", "tanggal": "2026-08-29", "timestamp": "2026-08-29T12:40:00+07:00", "satelit": "NASA-NOAA20", "confidence": "Medium"}}, {"type": "Feature", "geometry": {"type": "Point", "coordinates": [110.64215, -0.32272]}, "properties": {"kab_kota": "SEKADAU", "kecamatan": "Nanga Taman", "desa": "Nanga Engkulun", "tanggal": "2026-08-29", "timestamp": "2026-08-29T12:40:00+07:00", "satelit": "NASA-NOAA20", "confidence": "Medium"}}, {"type": "Feature", "geometry": {"type": "Point", "coordinates": [110.61661, -0.34057]}, "properties": {"kab_kota": "SEKADAU", "kecamatan": "Nanga Taman", "desa": "Nanga Engkulun", "tanggal": "2026-08-30", "timestamp": "2026-08-30T12:23:00+07:00", "satelit": "NASA-NOAA20", "confidence": "Medium"}}, {"type": "Feature", "geometry": {"type": "Point", "coordinates": [110.62167, -0.33976]}, "properties": {"kab_kota": "SEKADAU", "kecamatan": "Nanga Taman", "desa": "Nanga Engkulun", "tanggal": "2026-08-30", "timestamp": "2026-08-30T12:23:00+07:00", "satelit": "NASA-NOAA20", "confidence": "Medium"}}, {"type": "Feature", "geometry": {"type": "Point", "coordinates": [110.65681, -0.33717]}, "properties": {"kab_kota": "SEKADAU", "kecamatan": "Nanga Taman", "desa": "Nanga Engkulun", "tanggal": "2026-08-30", "timestamp": "2026-08-30T12:23:00+07:00", "satelit": "NASA-NOAA20", "confidence": "Medium"}}, {"type": "Feature", "geometry": {"type": "Point", "coordinates": [110.6158, -0.337]}, "properties": {"kab_kota": "SEKADAU", "kecamatan": "Nanga Taman", "desa": "Nanga Engkulun", "tanggal": "2026-08-30", "timestamp": "2026-08-30T12:23:00+07:00", "satelit": "NASA-NOAA20", "confidence": "Medium"}}, {"type": "Feature", "geometry": {"type": "Point", "coordinates": [110.62079, -0.33623]}, "properties": {"kab_kota": "SEKADAU", "kecamatan": "Nanga Taman", "desa": "Nanga Engkulun", "tanggal": "2026-08-30", "timestamp": "2026-08-30T12:23:00+07:00", "satelit": "NASA-NOAA20", "confidence": "Medium"}}, {"type": "Feature", "geometry": {"type": "Point", "coordinates": [110.65661, -0.33415]}, "properties": {"kab_kota": "SEKADAU", "kecamatan": "Nanga Taman", "desa": "Nanga Engkulun", "tanggal": "2026-08-30", "timestamp": "2026-08-30T12:23:00+07:00", "satelit": "NASA-NOAA20", "confidence": "Medium"}}, {"type": "Feature", "geometry": {"type": "Point", "coordinates": [110.66156, -0.33335]}, "properties": {"kab_kota": "SEKADAU", "kecamatan": "Nanga Taman", "desa": "Nanga Engkulun", "tanggal": "2026-08-30", "timestamp": "2026-08-30T12:23:00+07:00", "satelit": "NASA-NOAA20", "confidence": "Medium"}}, {"type": "Feature", "geometry": {"type": "Point", "coordinates": [110.65631, -0.33079]}, "properties": {"kab_kota": "SEKADAU", "kecamatan": "Nanga Taman", "desa": "Nanga Engkulun", "tanggal": "2026-08-30", "timestamp": "2026-08-30T12:23:00+07:00", "satelit": "NASA-NOAA20", "confidence": "Medium"}}, {"type": "Feature", "geometry": {"type": "Point", "coordinates": [110.66595, -0.36363]}, "properties": {"kab_kota": "SEKADAU", "kecamatan": "Nanga Taman", "desa": "Nanga Engkulun", "tanggal": "2026-08-30", "timestamp": "2026-08-30T14:01:00+07:00", "satelit": "NASA-NOAA20", "confidence": "Medium"}}, {"type": "Feature", "geometry": {"type": "Point", "coordinates": [110.66445, -0.36045]}, "properties": {"kab_kota": "SEKADAU", "kecamatan": "Nanga Taman", "desa": "Nanga Engkulun", "tanggal": "2026-08-30", "timestamp": "2026-08-30T14:01:00+07:00", "satelit": "NASA-NOAA20", "confidence": "Medium"}}, {"type": "Feature", "geometry": {"type": "Point", "coordinates": [110.80969, -0.20503]}, "properties": {"kab_kota": "SEKADAU", "kecamatan": "Nanga Taman", "desa": "Nanga Kiungkang", "tanggal": "2026-08-01", "timestamp": "2026-08-01T13:03:00+07:00", "satelit": "NASA-NOAA20", "confidence": "Medium"}}, {"type": "Feature", "geometry": {"type": "Point", "coordinates": [110.81314, -0.2045]}, "properties": {"kab_kota": "SEKADAU", "kecamatan": "Nanga Taman", "desa": "Nanga Kiungkang", "tanggal": "2026-08-01", "timestamp": "2026-08-01T13:03:00+07:00", "satelit": "NASA-NOAA20", "confidence": "Medium"}}, {"type": "Feature", "geometry": {"type": "Point", "coordinates": [110.80286, -0.22591]}, "properties": {"kab_kota": "SEKADAU", "kecamatan": "Nanga Taman", "desa": "Nanga Kiungkang", "tanggal": "2026-08-05", "timestamp": "2026-08-05T13:29:00+07:00", "satelit": "NASA-NOAA20", "confidence": "Medium"}}, {"type": "Feature", "geometry": {"type": "Point", "coordinates": [110.81404, -0.22716]}, "properties": {"kab_kota": "SEKADAU", "kecamatan": "Nanga Taman", "desa": "Nanga Kiungkang", "tanggal": "2026-08-18", "timestamp": "2026-08-18T12:46:00+07:00", "satelit": "NASA-NOAA20", "confidence": "Medium"}}, {"type": "Feature", "geometry": {"type": "Point", "coordinates": [110.81714, -0.23339]}, "properties": {"kab_kota": "SEKADAU", "kecamatan": "Nanga Taman", "desa": "Nanga Kiungkang", "tanggal": "2026-08-19", "timestamp": "2026-08-19T12:27:00+07:00", "satelit": "NASA-NOAA20", "confidence": "Medium"}}, {"type": "Feature", "geometry": {"type": "Point", "coordinates": [110.80082, -0.22376]}, "properties": {"kab_kota": "SEKADAU", "kecamatan": "Nanga Taman", "desa": "Nanga Kiungkang", "tanggal": "2026-08-20", "timestamp": "2026-08-20T13:50:00+07:00", "satelit": "NASA-NOAA20", "confidence": "Medium"}}, {"type": "Feature", "geometry": {"type": "Point", "coordinates": [110.79676, -0.22265]}, "properties": {"kab_kota": "SEKADAU", "kecamatan": "Nanga Taman", "desa": "Nanga Kiungkang", "tanggal": "2026-08-30", "timestamp": "2026-08-30T14:01:00+07:00", "satelit": "NASA-NOAA20", "confidence": "Medium"}}, {"type": "Feature", "geometry": {"type": "Point", "coordinates": [110.79617, -0.21849]}, "properties": {"kab_kota": "SEKADAU", "kecamatan": "Nanga Taman", "desa": "Nanga Kiungkang", "tanggal": "2026-08-30", "timestamp": "2026-08-30T14:01:00+07:00", "satelit": "NASA-NOAA20", "confidence": "Medium"}}, {"type": "Feature", "geometry": {"type": "Point", "coordinates": [110.8174, -0.23758]}, "properties": {"kab_kota": "SEKADAU", "kecamatan": "Nanga Taman", "desa": "Nanga Kiungkang", "tanggal": "2026-08-31", "timestamp": "2026-08-31T13:44:00+07:00", "satelit": "NASA-NOAA20", "confidence": "Medium"}}, {"type": "Feature", "geometry": {"type": "Point", "coordinates": [110.74706, -0.32572]}, "properties": {"kab_kota": "SEKADAU", "kecamatan": "Nanga Taman", "desa": "Nanga Koman", "tanggal": "2026-08-29", "timestamp": "2026-08-29T12:40:00+07:00", "satelit": "NASA-NOAA20", "confidence": "Medium"}}, {"type": "Feature", "geometry": {"type": "Point", "coordinates": [110.75169, -0.32503]}, "properties": {"kab_kota": "SEKADAU", "kecamatan": "Nanga Taman", "desa": "Nanga Koman", "tanggal": "2026-08-29", "timestamp": "2026-08-29T12:40:00+07:00", "satelit": "NASA-NOAA20", "confidence": "Medium"}}, {"type": "Feature", "geometry": {"type": "Point", "coordinates": [110.74928, -0.32472]}, "properties": {"kab_kota": "SEKADAU", "kecamatan": "Nanga Taman", "desa": "Nanga Koman", "tanggal": "2026-08-29", "timestamp": "2026-08-29T12:40:00+07:00", "satelit": "NASA-NOAA20", "confidence": "Medium"}}, {"type": "Feature", "geometry": {"type": "Point", "coordinates": [110.80001, -0.24529]}, "properties": {"kab_kota": "SEKADAU", "kecamatan": "Nanga Taman", "desa": "Nanga Mentukak", "tanggal": "2026-08-11", "timestamp": "2026-08-11T13:18:00+07:00", "satelit": "NASA-NOAA20", "confidence": "Medium"}}, {"type": "Feature", "geometry": {"type": "Point", "coordinates": [110.79666, -0.24717]}, "properties": {"kab_kota": "SEKADAU", "kecamatan": "Nanga Taman", "desa": "Nanga Mentukak", "tanggal": "2026-08-21", "timestamp": "2026-08-21T13:29:00+07:00", "satelit": "NASA-NOAA20", "confidence": "Medium"}}, {"type": "Feature", "geometry": {"type": "Point", "coordinates": [110.81769, -0.28304]}, "properties": {"kab_kota": "SEKADAU", "kecamatan": "Nanga Taman", "desa": "Nanga Mentukak", "tanggal": "2026-08-24", "timestamp": "2026-08-24T12:33:00+07:00", "satelit": "NASA-NOAA20", "confidence": "Medium"}}, {"type": "Feature", "geometry": {"type": "Point", "coordinates": [110.79258, -0.26111]}, "properties": {"kab_kota": "SEKADAU", "kecamatan": "Nanga Taman", "desa": "Nanga Mentukak", "tanggal": "2026-08-30", "timestamp": "2026-08-30T12:23:00+07:00", "satelit": "NASA-NOAA20", "confidence": "Medium"}}, {"type": "Feature", "geometry": {"type": "Point", "coordinates": [110.79713, -0.24976]}, "properties": {"kab_kota": "SEKADAU", "kecamatan": "Nanga Taman", "desa": "Nanga Mentukak", "tanggal": "2026-08-31", "timestamp": "2026-08-31T13:44:00+07:00", "satelit": "NASA-NOAA20", "confidence": "Medium"}}, {"type": "Feature", "geometry": {"type": "Point", "coordinates": [110.68128, -0.31387]}, "properties": {"kab_kota": "SEKADAU", "kecamatan": "Nanga Taman", "desa": "Nanga Mongko", "tanggal": "2026-08-05", "timestamp": "2026-08-05T13:29:00+07:00", "satelit": "NASA-NOAA20", "confidence": "Medium"}}, {"type": "Feature", "geometry": {"type": "Point", "coordinates": [110.70334, -0.30671]}, "properties": {"kab_kota": "SEKADAU", "kecamatan": "Nanga Taman", "desa": "Nanga Mongko", "tanggal": "2026-08-06", "timestamp": "2026-08-06T13:12:00+07:00", "satelit": "NASA-NOAA20", "confidence": "Medium"}}, {"type": "Feature", "geometry": {"type": "Point", "coordinates": [110.70282, -0.30337]}, "properties": {"kab_kota": "SEKADAU", "kecamatan": "Nanga Taman", "desa": "Nanga Mongko", "tanggal": "2026-08-06", "timestamp": "2026-08-06T13:12:00+07:00", "satelit": "NASA-NOAA20", "confidence": "Medium"}}, {"type": "Feature", "geometry": {"type": "Point", "coordinates": [110.68475, -0.30273]}, "properties": {"kab_kota": "SEKADAU", "kecamatan": "Nanga Taman", "desa": "Nanga Mongko", "tanggal": "2026-08-06", "timestamp": "2026-08-06T13:12:00+07:00", "satelit": "NASA-NOAA20", "confidence": "Medium"}}, {"type": "Feature", "geometry": {"type": "Point", "coordinates": [110.67729, -0.30045]}, "properties": {"kab_kota": "SEKADAU", "kecamatan": "Nanga Taman", "desa": "Nanga Mongko", "tanggal": "2026-08-06", "timestamp": "2026-08-06T13:12:00+07:00", "satelit": "NASA-NOAA20", "confidence": "Medium"}}, {"type": "Feature", "geometry": {"type": "Point", "coordinates": [110.66927, -0.29485]}, "properties": {"kab_kota": "SEKADAU", "kecamatan": "Nanga Taman", "desa": "Nanga Mongko", "tanggal": "2026-08-06", "timestamp": "2026-08-06T13:12:00+07:00", "satelit": "NASA-NOAA20", "confidence": "Medium"}}, {"type": "Feature", "geometry": {"type": "Point", "coordinates": [110.69574, -0.30876]}, "properties": {"kab_kota": "SEKADAU", "kecamatan": "Nanga Taman", "desa": "Nanga Mongko", "tanggal": "2026-08-07", "timestamp": "2026-08-07T12:53:00+07:00", "satelit": "NASA-NOAA20", "confidence": "Medium"}}, {"type": "Feature", "geometry": {"type": "Point", "coordinates": [110.68635, -0.30638]}, "properties": {"kab_kota": "SEKADAU", "kecamatan": "Nanga Taman", "desa": "Nanga Mongko", "tanggal": "2026-08-07", "timestamp": "2026-08-07T12:53:00+07:00", "satelit": "NASA-NOAA20", "confidence": "Medium"}}, {"type": "Feature", "geometry": {"type": "Point", "coordinates": [110.68594, -0.30263]}, "properties": {"kab_kota": "SEKADAU", "kecamatan": "Nanga Taman", "desa": "Nanga Mongko", "tanggal": "2026-08-07", "timestamp": "2026-08-07T12:53:00+07:00", "satelit": "NASA-NOAA20", "confidence": "Medium"}}, {"type": "Feature", "geometry": {"type": "Point", "coordinates": [110.67014, -0.31025]}, "properties": {"kab_kota": "SEKADAU", "kecamatan": "Nanga Taman", "desa": "Nanga Mongko", "tanggal": "2026-08-08", "timestamp": "2026-08-08T12:33:00+07:00", "satelit": "NASA-NOAA20", "confidence": "Medium"}}, {"type": "Feature", "geometry": {"type": "Point", "coordinates": [110.6791, -0.30887]}, "properties": {"kab_kota": "SEKADAU", "kecamatan": "Nanga Taman", "desa": "Nanga Mongko", "tanggal": "2026-08-08", "timestamp": "2026-08-08T12:33:00+07:00", "satelit": "NASA-NOAA20", "confidence": "Medium"}}, {"type": "Feature", "geometry": {"type": "Point", "coordinates": [110.66851, -0.30001]}, "properties": {"kab_kota": "SEKADAU", "kecamatan": "Nanga Taman", "desa": "Nanga Mongko", "tanggal": "2026-08-08", "timestamp": "2026-08-08T12:33:00+07:00", "satelit": "NASA-NOAA20", "confidence": "Medium"}}, {"type": "Feature", "geometry": {"type": "Point", "coordinates": [110.63397, -0.24525]}, "properties": {"kab_kota": "SEKADAU", "kecamatan": "Nanga Taman", "desa": "Nanga Mongko", "tanggal": "2026-08-08", "timestamp": "2026-08-08T12:33:00+07:00", "satelit": "NASA-NOAA20", "confidence": "Medium"}}, {"type": "Feature", "geometry": {"type": "Point", "coordinates": [110.66207, -0.2845]}, "properties": {"kab_kota": "SEKADAU", "kecamatan": "Nanga Taman", "desa": "Nanga Mongko", "tanggal": "2026-08-12", "timestamp": "2026-08-12T12:57:00+07:00", "satelit": "NASA-NOAA20", "confidence": "Medium"}}, {"type": "Feature", "geometry": {"type": "Point", "coordinates": [110.75294, -0.3071]}, "properties": {"kab_kota": "SEKADAU", "kecamatan": "Nanga Taman", "desa": "Nanga Mongko", "tanggal": "2026-08-16", "timestamp": "2026-08-16T13:25:00+07:00", "satelit": "NASA-NOAA20", "confidence": "Medium"}}, {"type": "Feature", "geometry": {"type": "Point", "coordinates": [110.75465, -0.3046]}, "properties": {"kab_kota": "SEKADAU", "kecamatan": "Nanga Taman", "desa": "Nanga Mongko", "tanggal": "2026-08-16", "timestamp": "2026-08-16T13:25:00+07:00", "satelit": "NASA-NOAA20", "confidence": "Medium"}}, {"type": "Feature", "geometry": {"type": "Point", "coordinates": [110.64931, -0.28678]}, "properties": {"kab_kota": "SEKADAU", "kecamatan": "Nanga Taman", "desa": "Nanga Mongko", "tanggal": "2026-08-17", "timestamp": "2026-08-17T13:05:00+07:00", "satelit": "NASA-NOAA20", "confidence": "Medium"}}, {"type": "Feature", "geometry": {"type": "Point", "coordinates": [110.65363, -0.27316]}, "properties": {"kab_kota": "SEKADAU", "kecamatan": "Nanga Taman", "desa": "Nanga Mongko", "tanggal": "2026-08-18", "timestamp": "2026-08-18T12:46:00+07:00", "satelit": "NASA-NOAA20", "confidence": "Medium"}}, {"type": "Feature", "geometry": {"type": "Point", "coordinates": [110.65868, -0.27791]}, "properties": {"kab_kota": "SEKADAU", "kecamatan": "Nanga Taman", "desa": "Nanga Mongko", "tanggal": "2026-08-19", "timestamp": "2026-08-19T12:27:00+07:00", "satelit": "NASA-NOAA20", "confidence": "Medium"}}, {"type": "Feature", "geometry": {"type": "Point", "coordinates": [110.66326, -0.27722]}, "properties": {"kab_kota": "SEKADAU", "kecamatan": "Nanga Taman", "desa": "Nanga Mongko", "tanggal": "2026-08-19", "timestamp": "2026-08-19T12:27:00+07:00", "satelit": "NASA-NOAA20", "confidence": "Medium"}}, {"type": "Feature", "geometry": {"type": "Point", "coordinates": [110.65899, -0.27597]}, "properties": {"kab_kota": "SEKADAU", "kecamatan": "Nanga Taman", "desa": "Nanga Mongko", "tanggal": "2026-08-19", "timestamp": "2026-08-19T12:27:00+07:00", "satelit": "NASA-NOAA20", "confidence": "Medium"}}, {"type": "Feature", "geometry": {"type": "Point", "coordinates": [110.63707, -0.26368]}, "properties": {"kab_kota": "SEKADAU", "kecamatan": "Nanga Taman", "desa": "Nanga Mongko", "tanggal": "2026-08-19", "timestamp": "2026-08-19T12:27:00+07:00", "satelit": "NASA-NOAA20", "confidence": "Medium"}}, {"type": "Feature", "geometry": {"type": "Point", "coordinates": [110.64095, -0.2631]}, "properties": {"kab_kota": "SEKADAU", "kecamatan": "Nanga Taman", "desa": "Nanga Mongko", "tanggal": "2026-08-19", "timestamp": "2026-08-19T12:27:00+07:00", "satelit": "NASA-NOAA20", "confidence": "Medium"}}, {"type": "Feature", "geometry": {"type": "Point", "coordinates": [110.63694, -0.26196]}, "properties": {"kab_kota": "SEKADAU", "kecamatan": "Nanga Taman", "desa": "Nanga Mongko", "tanggal": "2026-08-19", "timestamp": "2026-08-19T12:27:00+07:00", "satelit": "NASA-NOAA20", "confidence": "Medium"}}, {"type": "Feature", "geometry": {"type": "Point", "coordinates": [110.64095, -0.26132]}, "properties": {"kab_kota": "SEKADAU", "kecamatan": "Nanga Taman", "desa": "Nanga Mongko", "tanggal": "2026-08-19", "timestamp": "2026-08-19T12:27:00+07:00", "satelit": "NASA-NOAA20", "confidence": "Medium"}}, {"type": "Feature", "geometry": {"type": "Point", "coordinates": [110.63577, -0.25804]}, "properties": {"kab_kota": "SEKADAU", "kecamatan": "Nanga Taman", "desa": "Nanga Mongko", "tanggal": "2026-08-19", "timestamp": "2026-08-19T12:27:00+07:00", "satelit": "NASA-NOAA20", "confidence": "Medium"}}, {"type": "Feature", "geometry": {"type": "Point", "coordinates": [110.63976, -0.25744]}, "properties": {"kab_kota": "SEKADAU", "kecamatan": "Nanga Taman", "desa": "Nanga Mongko", "tanggal": "2026-08-19", "timestamp": "2026-08-19T12:27:00+07:00", "satelit": "NASA-NOAA20", "confidence": "Medium"}}, {"type": "Feature", "geometry": {"type": "Point", "coordinates": [110.71526, -0.30327]}, "properties": {"kab_kota": "SEKADAU", "kecamatan": "Nanga Taman", "desa": "Nanga Mongko", "tanggal": "2026-08-21", "timestamp": "2026-08-21T13:29:00+07:00", "satelit": "NASA-NOAA20", "confidence": "Medium"}}, {"type": "Feature", "geometry": {"type": "Point", "coordinates": [110.71529, -0.30249]}, "properties": {"kab_kota": "SEKADAU", "kecamatan": "Nanga Taman", "desa": "Nanga Mongko", "tanggal": "2026-08-21", "timestamp": "2026-08-21T13:29:00+07:00", "satelit": "NASA-NOAA20", "confidence": "Medium"}}, {"type": "Feature", "geometry": {"type": "Point", "coordinates": [110.73917, -0.29966]}, "properties": {"kab_kota": "SEKADAU", "kecamatan": "Nanga Taman", "desa": "Nanga Mongko", "tanggal": "2026-08-21", "timestamp": "2026-08-21T13:29:00+07:00", "satelit": "NASA-NOAA20", "confidence": "Medium"}}, {"type": "Feature", "geometry": {"type": "Point", "coordinates": [110.73913, -0.2987]}, "properties": {"kab_kota": "SEKADAU", "kecamatan": "Nanga Taman", "desa": "Nanga Mongko", "tanggal": "2026-08-21", "timestamp": "2026-08-21T13:29:00+07:00", "satelit": "NASA-NOAA20", "confidence": "Medium"}}, {"type": "Feature", "geometry": {"type": "Point", "coordinates": [110.67371, -0.29654]}, "properties": {"kab_kota": "SEKADAU", "kecamatan": "Nanga Taman", "desa": "Nanga Mongko", "tanggal": "2026-08-21", "timestamp": "2026-08-21T13:29:00+07:00", "satelit": "NASA-NOAA20", "confidence": "Medium"}}, {"type": "Feature", "geometry": {"type": "Point", "coordinates": [110.71739, -0.30666]}, "properties": {"kab_kota": "SEKADAU", "kecamatan": "Nanga Taman", "desa": "Nanga Mongko", "tanggal": "2026-08-22", "timestamp": "2026-08-22T13:12:00+07:00", "satelit": "NASA-NOAA20", "confidence": "Medium"}}, {"type": "Feature", "geometry": {"type": "Point", "coordinates": [110.7209, -0.30613]}, "properties": {"kab_kota": "SEKADAU", "kecamatan": "Nanga Taman", "desa": "Nanga Mongko", "tanggal": "2026-08-22", "timestamp": "2026-08-22T13:12:00+07:00", "satelit": "NASA-NOAA20", "confidence": "Medium"}}, {"type": "Feature", "geometry": {"type": "Point", "coordinates": [110.78017, -0.29361]}, "properties": {"kab_kota": "SEKADAU", "kecamatan": "Nanga Taman", "desa": "Nanga Mongko", "tanggal": "2026-08-22", "timestamp": "2026-08-22T13:12:00+07:00", "satelit": "NASA-NOAA20", "confidence": "Medium"}}, {"type": "Feature", "geometry": {"type": "Point", "coordinates": [110.73172, -0.28465]}, "properties": {"kab_kota": "SEKADAU", "kecamatan": "Nanga Taman", "desa": "Nanga Mongko", "tanggal": "2026-08-22", "timestamp": "2026-08-22T13:12:00+07:00", "satelit": "NASA-NOAA20", "confidence": "Medium"}}, {"type": "Feature", "geometry": {"type": "Point", "coordinates": [110.77748, -0.28699]}, "properties": {"kab_kota": "SEKADAU", "kecamatan": "Nanga Taman", "desa": "Nanga Mongko", "tanggal": "2026-08-26", "timestamp": "2026-08-26T13:35:00+07:00", "satelit": "NASA-NOAA20", "confidence": "Medium"}}, {"type": "Feature", "geometry": {"type": "Point", "coordinates": [110.78029, -0.28606]}, "properties": {"kab_kota": "SEKADAU", "kecamatan": "Nanga Taman", "desa": "Nanga Mongko", "tanggal": "2026-08-26", "timestamp": "2026-08-26T13:35:00+07:00", "satelit": "NASA-NOAA20", "confidence": "Medium"}}, {"type": "Feature", "geometry": {"type": "Point", "coordinates": [110.71944, -0.29484]}, "properties": {"kab_kota": "SEKADAU", "kecamatan": "Nanga Taman", "desa": "Nanga Mongko", "tanggal": "2026-08-27", "timestamp": "2026-08-27T13:18:00+07:00", "satelit": "NASA-NOAA20", "confidence": "Medium"}}, {"type": "Feature", "geometry": {"type": "Point", "coordinates": [110.67342, -0.31186]}, "properties": {"kab_kota": "SEKADAU", "kecamatan": "Nanga Taman", "desa": "Nanga Mongko", "tanggal": "2026-08-28", "timestamp": "2026-08-28T12:59:00+07:00", "satelit": "NASA-NOAA20", "confidence": "Medium"}}, {"type": "Feature", "geometry": {"type": "Point", "coordinates": [110.6902, -0.31064]}, "properties": {"kab_kota": "SEKADAU", "kecamatan": "Nanga Taman", "desa": "Nanga Mongko", "tanggal": "2026-08-29", "timestamp": "2026-08-29T12:40:00+07:00", "satelit": "NASA-NOAA20", "confidence": "Medium"}}, {"type": "Feature", "geometry": {"type": "Point", "coordinates": [110.69487, -0.3099]}, "properties": {"kab_kota": "SEKADAU", "kecamatan": "Nanga Taman", "desa": "Nanga Mongko", "tanggal": "2026-08-29", "timestamp": "2026-08-29T12:40:00+07:00", "satelit": "NASA-NOAA20", "confidence": "Medium"}}, {"type": "Feature", "geometry": {"type": "Point", "coordinates": [110.74574, -0.30192]}, "properties": {"kab_kota": "SEKADAU", "kecamatan": "Nanga Taman", "desa": "Nanga Mongko", "tanggal": "2026-08-29", "timestamp": "2026-08-29T12:40:00+07:00", "satelit": "NASA-NOAA20", "confidence": "Medium"}}, {"type": "Feature", "geometry": {"type": "Point", "coordinates": [110.71213, -0.29784]}, "properties": {"kab_kota": "SEKADAU", "kecamatan": "Nanga Taman", "desa": "Nanga Mongko", "tanggal": "2026-08-29", "timestamp": "2026-08-29T12:40:00+07:00", "satelit": "NASA-NOAA20", "confidence": "Medium"}}, {"type": "Feature", "geometry": {"type": "Point", "coordinates": [110.74438, -0.2928]}, "properties": {"kab_kota": "SEKADAU", "kecamatan": "Nanga Taman", "desa": "Nanga Mongko", "tanggal": "2026-08-29", "timestamp": "2026-08-29T12:40:00+07:00", "satelit": "NASA-NOAA20", "confidence": "Medium"}}, {"type": "Feature", "geometry": {"type": "Point", "coordinates": [110.66336, -0.29137]}, "properties": {"kab_kota": "SEKADAU", "kecamatan": "Nanga Taman", "desa": "Nanga Mongko", "tanggal": "2026-08-29", "timestamp": "2026-08-29T12:40:00+07:00", "satelit": "NASA-NOAA20", "confidence": "Medium"}}, {"type": "Feature", "geometry": {"type": "Point", "coordinates": [110.65669, -0.27831]}, "properties": {"kab_kota": "SEKADAU", "kecamatan": "Nanga Taman", "desa": "Nanga Mongko", "tanggal": "2026-08-29", "timestamp": "2026-08-29T12:40:00+07:00", "satelit": "NASA-NOAA20", "confidence": "Medium"}}, {"type": "Feature", "geometry": {"type": "Point", "coordinates": [110.65624, -0.27369]}, "properties": {"kab_kota": "SEKADAU", "kecamatan": "Nanga Taman", "desa": "Nanga Mongko", "tanggal": "2026-08-29", "timestamp": "2026-08-29T12:40:00+07:00", "satelit": "NASA-NOAA20", "confidence": "Medium"}}, {"type": "Feature", "geometry": {"type": "Point", "coordinates": [110.64298, -0.27172]}, "properties": {"kab_kota": "SEKADAU", "kecamatan": "Nanga Taman", "desa": "Nanga Mongko", "tanggal": "2026-08-30", "timestamp": "2026-08-30T12:23:00+07:00", "satelit": "NASA-NOAA20", "confidence": "Medium"}}, {"type": "Feature", "geometry": {"type": "Point", "coordinates": [110.80986, -0.24891]}, "properties": {"kab_kota": "SEKADAU", "kecamatan": "Nanga Taman", "desa": "Nanga Taman", "tanggal": "2026-08-16", "timestamp": "2026-08-16T13:25:00+07:00", "satelit": "NASA-NOAA20", "confidence": "Medium"}}, {"type": "Feature", "geometry": {"type": "Point", "coordinates": [110.80183, -0.23582]}, "properties": {"kab_kota": "SEKADAU", "kecamatan": "Nanga Taman", "desa": "Nanga Taman", "tanggal": "2026-08-19", "timestamp": "2026-08-19T12:27:00+07:00", "satelit": "NASA-NOAA20", "confidence": "Medium"}}, {"type": "Feature", "geometry": {"type": "Point", "coordinates": [110.80885, -0.24529]}, "properties": {"kab_kota": "SEKADAU", "kecamatan": "Nanga Taman", "desa": "Nanga Taman", "tanggal": "2026-08-21", "timestamp": "2026-08-21T13:29:00+07:00", "satelit": "NASA-NOAA20", "confidence": "Medium"}}, {"type": "Feature", "geometry": {"type": "Point", "coordinates": [110.79601, -0.24289]}, "properties": {"kab_kota": "SEKADAU", "kecamatan": "Nanga Taman", "desa": "Nanga Taman", "tanggal": "2026-08-21", "timestamp": "2026-08-21T13:29:00+07:00", "satelit": "NASA-NOAA20", "confidence": "Medium"}}, {"type": "Feature", "geometry": {"type": "Point", "coordinates": [110.7954, -0.2386]}, "properties": {"kab_kota": "SEKADAU", "kecamatan": "Nanga Taman", "desa": "Nanga Taman", "tanggal": "2026-08-21", "timestamp": "2026-08-21T13:29:00+07:00", "satelit": "NASA-NOAA20", "confidence": "Medium"}}, {"type": "Feature", "geometry": {"type": "Point", "coordinates": [110.80756, -0.23671]}, "properties": {"kab_kota": "SEKADAU", "kecamatan": "Nanga Taman", "desa": "Nanga Taman", "tanggal": "2026-08-21", "timestamp": "2026-08-21T13:29:00+07:00", "satelit": "NASA-NOAA20", "confidence": "Medium"}}, {"type": "Feature", "geometry": {"type": "Point", "coordinates": [110.79259, -0.23436]}, "properties": {"kab_kota": "SEKADAU", "kecamatan": "Nanga Taman", "desa": "Nanga Taman", "tanggal": "2026-08-22", "timestamp": "2026-08-22T13:12:00+07:00", "satelit": "NASA-NOAA20", "confidence": "Medium"}}, {"type": "Feature", "geometry": {"type": "Point", "coordinates": [110.87094, -0.40967]}, "properties": {"kab_kota": "SEKADAU", "kecamatan": "Nanga Taman", "desa": "Pantok", "tanggal": "2026-08-05", "timestamp": "2026-08-05T13:29:00+07:00", "satelit": "NASA-NOAA20", "confidence": "Medium"}}, {"type": "Feature", "geometry": {"type": "Point", "coordinates": [110.8605, -0.37787]}, "properties": {"kab_kota": "SEKADAU", "kecamatan": "Nanga Taman", "desa": "Pantok", "tanggal": "2026-08-05", "timestamp": "2026-08-05T13:29:00+07:00", "satelit": "NASA-NOAA20", "confidence": "Medium"}}, {"type": "Feature", "geometry": {"type": "Point", "coordinates": [110.86018, -0.37625]}, "properties": {"kab_kota": "SEKADAU", "kecamatan": "Nanga Taman", "desa": "Pantok", "tanggal": "2026-08-05", "timestamp": "2026-08-05T13:29:00+07:00", "satelit": "NASA-NOAA20", "confidence": "Medium"}}, {"type": "Feature", "geometry": {"type": "Point", "coordinates": [110.84664, -0.36681]}, "properties": {"kab_kota": "SEKADAU", "kecamatan": "Nanga Taman", "desa": "Pantok", "tanggal": "2026-08-05", "timestamp": "2026-08-05T13:29:00+07:00", "satelit": "NASA-NOAA20", "confidence": "Medium"}}, {"type": "Feature", "geometry": {"type": "Point", "coordinates": [110.82915, -0.35196]}, "properties": {"kab_kota": "SEKADAU", "kecamatan": "Nanga Taman", "desa": "Pantok", "tanggal": "2026-08-05", "timestamp": "2026-08-05T13:29:00+07:00", "satelit": "NASA-NOAA20", "confidence": "Medium"}}, {"type": "Feature", "geometry": {"type": "Point", "coordinates": [110.89283, -0.39667]}, "properties": {"kab_kota": "SEKADAU", "kecamatan": "Nanga Taman", "desa": "Pantok", "tanggal": "2026-08-06", "timestamp": "2026-08-06T13:10:00+07:00", "satelit": "NASA-NOAA20", "confidence": "Medium"}}, {"type": "Feature", "geometry": {"type": "Point", "coordinates": [110.87492, -0.39598]}, "properties": {"kab_kota": "SEKADAU", "kecamatan": "Nanga Taman", "desa": "Pantok", "tanggal": "2026-08-06", "timestamp": "2026-08-06T13:10:00+07:00", "satelit": "NASA-NOAA20", "confidence": "Medium"}}, {"type": "Feature", "geometry": {"type": "Point", "coordinates": [110.87438, -0.39264]}, "properties": {"kab_kota": "SEKADAU", "kecamatan": "Nanga Taman", "desa": "Pantok", "tanggal": "2026-08-06", "timestamp": "2026-08-06T13:10:00+07:00", "satelit": "NASA-NOAA20", "confidence": "Medium"}}, {"type": "Feature", "geometry": {"type": "Point", "coordinates": [110.86512, -0.37691]}, "properties": {"kab_kota": "SEKADAU", "kecamatan": "Nanga Taman", "desa": "Pantok", "tanggal": "2026-08-06", "timestamp": "2026-08-06T13:10:00+07:00", "satelit": "NASA-NOAA20", "confidence": "Medium"}}, {"type": "Feature", "geometry": {"type": "Point", "coordinates": [110.83823, -0.39154]}, "properties": {"kab_kota": "SEKADAU", "kecamatan": "Nanga Taman", "desa": "Pantok", "tanggal": "2026-08-07", "timestamp": "2026-08-07T12:53:00+07:00", "satelit": "NASA-NOAA20", "confidence": "Medium"}}, {"type": "Feature", "geometry": {"type": "Point", "coordinates": [110.8856, -0.41053]}, "properties": {"kab_kota": "SEKADAU", "kecamatan": "Nanga Taman", "desa": "Pantok", "tanggal": "2026-08-08", "timestamp": "2026-08-08T12:33:00+07:00", "satelit": "NASA-NOAA20", "confidence": "Medium"}}, {"type": "Feature", "geometry": {"type": "Point", "coordinates": [110.88626, -0.39489]}, "properties": {"kab_kota": "SEKADAU", "kecamatan": "Nanga Taman", "desa": "Pantok", "tanggal": "2026-08-08", "timestamp": "2026-08-08T12:33:00+07:00", "satelit": "NASA-NOAA20", "confidence": "Medium"}}, {"type": "Feature", "geometry": {"type": "Point", "coordinates": [110.82938, -0.38446]}, "properties": {"kab_kota": "SEKADAU", "kecamatan": "Nanga Taman", "desa": "Pantok", "tanggal": "2026-08-10", "timestamp": "2026-08-10T13:35:00+07:00", "satelit": "NASA-NOAA20", "confidence": "Medium"}}, {"type": "Feature", "geometry": {"type": "Point", "coordinates": [110.84006, -0.38016]}, "properties": {"kab_kota": "SEKADAU", "kecamatan": "Nanga Taman", "desa": "Pantok", "tanggal": "2026-08-11", "timestamp": "2026-08-11T13:18:00+07:00", "satelit": "NASA-NOAA20", "confidence": "Medium"}}, {"type": "Feature", "geometry": {"type": "Point", "coordinates": [110.81551, -0.4048]}, "properties": {"kab_kota": "SEKADAU", "kecamatan": "Nanga Taman", "desa": "Pantok", "tanggal": "2026-08-21", "timestamp": "2026-08-21T13:29:00+07:00", "satelit": "NASA-NOAA20", "confidence": "Medium"}}, {"type": "Feature", "geometry": {"type": "Point", "coordinates": [110.81486, -0.40373]}, "properties": {"kab_kota": "SEKADAU", "kecamatan": "Nanga Taman", "desa": "Pantok", "tanggal": "2026-08-21", "timestamp": "2026-08-21T13:29:00+07:00", "satelit": "NASA-NOAA20", "confidence": "Medium"}}, {"type": "Feature", "geometry": {"type": "Point", "coordinates": [110.8235, -0.37295]}, "properties": {"kab_kota": "SEKADAU", "kecamatan": "Nanga Taman", "desa": "Pantok", "tanggal": "2026-08-21", "timestamp": "2026-08-21T13:29:00+07:00", "satelit": "NASA-NOAA20", "confidence": "Medium"}}, {"type": "Feature", "geometry": {"type": "Point", "coordinates": [110.81492, -0.36989]}, "properties": {"kab_kota": "SEKADAU", "kecamatan": "Nanga Taman", "desa": "Pantok", "tanggal": "2026-08-21", "timestamp": "2026-08-21T13:29:00+07:00", "satelit": "NASA-NOAA20", "confidence": "Medium"}}, {"type": "Feature", "geometry": {"type": "Point", "coordinates": [110.82289, -0.36866]}, "properties": {"kab_kota": "SEKADAU", "kecamatan": "Nanga Taman", "desa": "Pantok", "tanggal": "2026-08-21", "timestamp": "2026-08-21T13:29:00+07:00", "satelit": "NASA-NOAA20", "confidence": "Medium"}}, {"type": "Feature", "geometry": {"type": "Point", "coordinates": [110.8479, -0.38148]}, "properties": {"kab_kota": "SEKADAU", "kecamatan": "Nanga Taman", "desa": "Pantok", "tanggal": "2026-08-22", "timestamp": "2026-08-22T13:12:00+07:00", "satelit": "NASA-NOAA20", "confidence": "Medium"}}, {"type": "Feature", "geometry": {"type": "Point", "coordinates": [110.8062, -0.40664]}, "properties": {"kab_kota": "SEKADAU", "kecamatan": "Nanga Taman", "desa": "Pantok", "tanggal": "2026-08-30", "timestamp": "2026-08-30T14:01:00+07:00", "satelit": "NASA-NOAA20", "confidence": "Medium"}}, {"type": "Feature", "geometry": {"type": "Point", "coordinates": [110.80575, -0.40338]}, "properties": {"kab_kota": "SEKADAU", "kecamatan": "Nanga Taman", "desa": "Pantok", "tanggal": "2026-08-30", "timestamp": "2026-08-30T14:01:00+07:00", "satelit": "NASA-NOAA20", "confidence": "Medium"}}, {"type": "Feature", "geometry": {"type": "Point", "coordinates": [110.8443, -0.27711]}, "properties": {"kab_kota": "SEKADAU", "kecamatan": "Nanga Taman", "desa": "Rirang Jati", "tanggal": "2026-08-02", "timestamp": "2026-08-02T12:46:00+07:00", "satelit": "NASA-NOAA20", "confidence": "Medium"}}, {"type": "Feature", "geometry": {"type": "Point", "coordinates": [110.85072, -0.27124]}, "properties": {"kab_kota": "SEKADAU", "kecamatan": "Nanga Taman", "desa": "Rirang Jati", "tanggal": "2026-08-05", "timestamp": "2026-08-05T13:29:00+07:00", "satelit": "NASA-NOAA20", "confidence": "Medium"}}, {"type": "Feature", "geometry": {"type": "Point", "coordinates": [110.81814, -0.2057]}, "properties": {"kab_kota": "SEKADAU", "kecamatan": "Nanga Taman", "desa": "Rirang Jati", "tanggal": "2026-08-18", "timestamp": "2026-08-18T12:46:00+07:00", "satelit": "NASA-NOAA20", "confidence": "Medium"}}, {"type": "Feature", "geometry": {"type": "Point", "coordinates": [110.83307, -0.21519]}, "properties": {"kab_kota": "SEKADAU", "kecamatan": "Nanga Taman", "desa": "Rirang Jati", "tanggal": "2026-08-21", "timestamp": "2026-08-21T13:29:00+07:00", "satelit": "NASA-NOAA20", "confidence": "Medium"}}, {"type": "Feature", "geometry": {"type": "Point", "coordinates": [110.8511, -0.26315]}, "properties": {"kab_kota": "SEKADAU", "kecamatan": "Nanga Taman", "desa": "Rirang Jati", "tanggal": "2026-08-22", "timestamp": "2026-08-22T13:12:00+07:00", "satelit": "NASA-NOAA20", "confidence": "Medium"}}, {"type": "Feature", "geometry": {"type": "Point", "coordinates": [110.76527, -0.29036]}, "properties": {"kab_kota": "SEKADAU", "kecamatan": "Nanga Taman", "desa": "Senangak", "tanggal": "2026-08-04", "timestamp": "2026-08-04T13:48:00+07:00", "satelit": "NASA-NOAA20", "confidence": "Medium"}}, {"type": "Feature", "geometry": {"type": "Point", "coordinates": [110.6753, -0.2399]}, "properties": {"kab_kota": "SEKADAU", "kecamatan": "Nanga Taman", "desa": "Senangak", "tanggal": "2026-08-04", "timestamp": "2026-08-04T13:48:00+07:00", "satelit": "NASA-NOAA20", "confidence": "Medium"}}, {"type": "Feature", "geometry": {"type": "Point", "coordinates": [110.64542, -0.23288]}, "properties": {"kab_kota": "SEKADAU", "kecamatan": "Nanga Taman", "desa": "Senangak", "tanggal": "2026-08-05", "timestamp": "2026-08-05T13:29:00+07:00", "satelit": "NASA-NOAA20", "confidence": "Medium"}}, {"type": "Feature", "geometry": {"type": "Point", "coordinates": [110.66705, -0.24132]}, "properties": {"kab_kota": "SEKADAU", "kecamatan": "Nanga Taman", "desa": "Senangak", "tanggal": "2026-08-06", "timestamp": "2026-08-06T13:12:00+07:00", "satelit": "NASA-NOAA20", "confidence": "Medium"}}, {"type": "Feature", "geometry": {"type": "Point", "coordinates": [110.62355, -0.23771]}, "properties": {"kab_kota": "SEKADAU", "kecamatan": "Nanga Taman", "desa": "Senangak", "tanggal": "2026-08-06", "timestamp": "2026-08-06T13:12:00+07:00", "satelit": "NASA-NOAA20", "confidence": "Medium"}}, {"type": "Feature", "geometry": {"type": "Point", "coordinates": [110.62304, -0.23438]}, "properties": {"kab_kota": "SEKADAU", "kecamatan": "Nanga Taman", "desa": "Senangak", "tanggal": "2026-08-06", "timestamp": "2026-08-06T13:12:00+07:00", "satelit": "NASA-NOAA20", "confidence": "Medium"}}, {"type": "Feature", "geometry": {"type": "Point", "coordinates": [110.66283, -0.23847]}, "properties": {"kab_kota": "SEKADAU", "kecamatan": "Nanga Taman", "desa": "Senangak", "tanggal": "2026-08-12", "timestamp": "2026-08-12T12:57:00+07:00", "satelit": "NASA-NOAA20", "confidence": "Medium"}}, {"type": "Feature", "geometry": {"type": "Point", "coordinates": [110.67731, -0.24184]}, "properties": {"kab_kota": "SEKADAU", "kecamatan": "Nanga Taman", "desa": "Senangak", "tanggal": "2026-08-16", "timestamp": "2026-08-16T13:25:00+07:00", "satelit": "NASA-NOAA20", "confidence": "Medium"}}, {"type": "Feature", "geometry": {"type": "Point", "coordinates": [110.7739, -0.2543]}, "properties": {"kab_kota": "SEKADAU", "kecamatan": "Nanga Taman", "desa": "Senangak", "tanggal": "2026-08-18", "timestamp": "2026-08-18T12:46:00+07:00", "satelit": "NASA-NOAA20", "confidence": "Medium"}}, {"type": "Feature", "geometry": {"type": "Point", "coordinates": [110.64191, -0.24547]}, "properties": {"kab_kota": "SEKADAU", "kecamatan": "Nanga Taman", "desa": "Senangak", "tanggal": "2026-08-18", "timestamp": "2026-08-18T12:46:00+07:00", "satelit": "NASA-NOAA20", "confidence": "Medium"}}, {"type": "Feature", "geometry": {"type": "Point", "coordinates": [110.63005, -0.24308]}, "properties": {"kab_kota": "SEKADAU", "kecamatan": "Nanga Taman", "desa": "Senangak", "tanggal": "2026-08-18", "timestamp": "2026-08-18T12:46:00+07:00", "satelit": "NASA-NOAA20", "confidence": "Medium"}}, {"type": "Feature", "geometry": {"type": "Point", "coordinates": [110.61768, -0.23655]}, "properties": {"kab_kota": "SEKADAU", "kecamatan": "Nanga Taman", "desa": "Senangak", "tanggal": "2026-08-18", "timestamp": "2026-08-18T12:46:00+07:00", "satelit": "NASA-NOAA20", "confidence": "Medium"}}, {"type": "Feature", "geometry": {"type": "Point", "coordinates": [110.66258, -0.23385]}, "properties": {"kab_kota": "SEKADAU", "kecamatan": "Nanga Taman", "desa": "Senangak", "tanggal": "2026-08-18", "timestamp": "2026-08-18T12:46:00+07:00", "satelit": "NASA-NOAA20", "confidence": "Medium"}}, {"type": "Feature", "geometry": {"type": "Point", "coordinates": [110.6564, -0.21795]}, "properties": {"kab_kota": "SEKADAU", "kecamatan": "Nanga Taman", "desa": "Senangak", "tanggal": "2026-08-18", "timestamp": "2026-08-18T12:46:00+07:00", "satelit": "NASA-NOAA20", "confidence": "Medium"}}, {"type": "Feature", "geometry": {"type": "Point", "coordinates": [110.63376, -0.2172]}, "properties": {"kab_kota": "SEKADAU", "kecamatan": "Nanga Taman", "desa": "Senangak", "tanggal": "2026-08-18", "timestamp": "2026-08-18T12:46:00+07:00", "satelit": "NASA-NOAA20", "confidence": "Medium"}}, {"type": "Feature", "geometry": {"type": "Point", "coordinates": [110.63313, -0.21308]}, "properties": {"kab_kota": "SEKADAU", "kecamatan": "Nanga Taman", "desa": "Senangak", "tanggal": "2026-08-18", "timestamp": "2026-08-18T12:46:00+07:00", "satelit": "NASA-NOAA20", "confidence": "Medium"}}, {"type": "Feature", "geometry": {"type": "Point", "coordinates": [110.7447, -0.287]}, "properties": {"kab_kota": "SEKADAU", "kecamatan": "Nanga Taman", "desa": "Senangak", "tanggal": "2026-08-20", "timestamp": "2026-08-20T13:50:00+07:00", "satelit": "NASA-NOAA20", "confidence": "Medium"}}, {"type": "Feature", "geometry": {"type": "Point", "coordinates": [110.74853, -0.28079]}, "properties": {"kab_kota": "SEKADAU", "kecamatan": "Nanga Taman", "desa": "Senangak", "tanggal": "2026-08-21", "timestamp": "2026-08-21T13:29:00+07:00", "satelit": "NASA-NOAA20", "confidence": "Medium"}}, {"type": "Feature", "geometry": {"type": "Point", "coordinates": [110.62043, -0.23541]}, "properties": {"kab_kota": "SEKADAU", "kecamatan": "Nanga Taman", "desa": "Senangak", "tanggal": "2026-08-21", "timestamp": "2026-08-21T13:29:00+07:00", "satelit": "NASA-NOAA20", "confidence": "Medium"}}, {"type": "Feature", "geometry": {"type": "Point", "coordinates": [110.61195, -0.23242]}, "properties": {"kab_kota": "SEKADAU", "kecamatan": "Nanga Taman", "desa": "Senangak", "tanggal": "2026-08-21", "timestamp": "2026-08-21T13:29:00+07:00", "satelit": "NASA-NOAA20", "confidence": "Medium"}}, {"type": "Feature", "geometry": {"type": "Point", "coordinates": [110.6636, -0.22863]}, "properties": {"kab_kota": "SEKADAU", "kecamatan": "Nanga Taman", "desa": "Senangak", "tanggal": "2026-08-21", "timestamp": "2026-08-21T13:29:00+07:00", "satelit": "NASA-NOAA20", "confidence": "Medium"}}, {"type": "Feature", "geometry": {"type": "Point", "coordinates": [110.65387, -0.21714]}, "properties": {"kab_kota": "SEKADAU", "kecamatan": "Nanga Taman", "desa": "Senangak", "tanggal": "2026-08-21", "timestamp": "2026-08-21T13:29:00+07:00", "satelit": "NASA-NOAA20", "confidence": "Medium"}}, {"type": "Feature", "geometry": {"type": "Point", "coordinates": [110.64571, -0.18829]}, "properties": {"kab_kota": "SEKADAU", "kecamatan": "Nanga Taman", "desa": "Senangak", "tanggal": "2026-08-21", "timestamp": "2026-08-21T13:29:00+07:00", "satelit": "NASA-NOAA20", "confidence": "Medium"}}, {"type": "Feature", "geometry": {"type": "Point", "coordinates": [110.64378, -0.24058]}, "properties": {"kab_kota": "SEKADAU", "kecamatan": "Nanga Taman", "desa": "Senangak", "tanggal": "2026-08-25", "timestamp": "2026-08-25T12:16:00+07:00", "satelit": "NASA-NOAA20", "confidence": "Medium"}}, {"type": "Feature", "geometry": {"type": "Point", "coordinates": [110.64455, -0.23971]}, "properties": {"kab_kota": "SEKADAU", "kecamatan": "Nanga Taman", "desa": "Senangak", "tanggal": "2026-08-25", "timestamp": "2026-08-25T12:16:00+07:00", "satelit": "NASA-NOAA20", "confidence": "Medium"}}, {"type": "Feature", "geometry": {"type": "Point", "coordinates": [110.6505, -0.23951]}, "properties": {"kab_kota": "SEKADAU", "kecamatan": "Nanga Taman", "desa": "Senangak", "tanggal": "2026-08-25", "timestamp": "2026-08-25T12:16:00+07:00", "satelit": "NASA-NOAA20", "confidence": "Medium"}}, {"type": "Feature", "geometry": {"type": "Point", "coordinates": [110.65113, -0.2387]}, "properties": {"kab_kota": "SEKADAU", "kecamatan": "Nanga Taman", "desa": "Senangak", "tanggal": "2026-08-25", "timestamp": "2026-08-25T12:16:00+07:00", "satelit": "NASA-NOAA20", "confidence": "Medium"}}, {"type": "Feature", "geometry": {"type": "Point", "coordinates": [110.77515, -0.28684]}, "properties": {"kab_kota": "SEKADAU", "kecamatan": "Nanga Taman", "desa": "Senangak", "tanggal": "2026-08-26", "timestamp": "2026-08-26T13:35:00+07:00", "satelit": "NASA-NOAA20", "confidence": "Medium"}}, {"type": "Feature", "geometry": {"type": "Point", "coordinates": [110.72861, -0.2753]}, "properties": {"kab_kota": "SEKADAU", "kecamatan": "Nanga Taman", "desa": "Senangak", "tanggal": "2026-08-26", "timestamp": "2026-08-26T13:35:00+07:00", "satelit": "NASA-NOAA20", "confidence": "Medium"}}, {"type": "Feature", "geometry": {"type": "Point", "coordinates": [110.73119, -0.27402]}, "properties": {"kab_kota": "SEKADAU", "kecamatan": "Nanga Taman", "desa": "Senangak", "tanggal": "2026-08-26", "timestamp": "2026-08-26T13:35:00+07:00", "satelit": "NASA-NOAA20", "confidence": "Medium"}}, {"type": "Feature", "geometry": {"type": "Point", "coordinates": [110.71082, -0.2634]}, "properties": {"kab_kota": "SEKADAU", "kecamatan": "Nanga Taman", "desa": "Senangak", "tanggal": "2026-08-27", "timestamp": "2026-08-27T13:18:00+07:00", "satelit": "NASA-NOAA20", "confidence": "Medium"}}, {"type": "Feature", "geometry": {"type": "Point", "coordinates": [110.66766, -0.24474]}, "properties": {"kab_kota": "SEKADAU", "kecamatan": "Nanga Taman", "desa": "Senangak", "tanggal": "2026-08-27", "timestamp": "2026-08-27T13:18:00+07:00", "satelit": "NASA-NOAA20", "confidence": "Medium"}}, {"type": "Feature", "geometry": {"type": "Point", "coordinates": [110.62265, -0.23723]}, "properties": {"kab_kota": "SEKADAU", "kecamatan": "Nanga Taman", "desa": "Senangak", "tanggal": "2026-08-27", "timestamp": "2026-08-27T13:18:00+07:00", "satelit": "NASA-NOAA20", "confidence": "Medium"}}, {"type": "Feature", "geometry": {"type": "Point", "coordinates": [110.64609, -0.23365]}, "properties": {"kab_kota": "SEKADAU", "kecamatan": "Nanga Taman", "desa": "Senangak", "tanggal": "2026-08-27", "timestamp": "2026-08-27T13:18:00+07:00", "satelit": "NASA-NOAA20", "confidence": "Medium"}}, {"type": "Feature", "geometry": {"type": "Point", "coordinates": [110.67745, -0.22886]}, "properties": {"kab_kota": "SEKADAU", "kecamatan": "Nanga Taman", "desa": "Senangak", "tanggal": "2026-08-27", "timestamp": "2026-08-27T13:18:00+07:00", "satelit": "NASA-NOAA20", "confidence": "Medium"}}, {"type": "Feature", "geometry": {"type": "Point", "coordinates": [110.63508, -0.21377]}, "properties": {"kab_kota": "SEKADAU", "kecamatan": "Nanga Taman", "desa": "Senangak", "tanggal": "2026-08-27", "timestamp": "2026-08-27T13:18:00+07:00", "satelit": "NASA-NOAA20", "confidence": "Medium"}}, {"type": "Feature", "geometry": {"type": "Point", "coordinates": [110.67702, -0.28309]}, "properties": {"kab_kota": "SEKADAU", "kecamatan": "Nanga Taman", "desa": "Senangak", "tanggal": "2026-08-28", "timestamp": "2026-08-28T12:59:00+07:00", "satelit": "NASA-NOAA20", "confidence": "Medium"}}, {"type": "Feature", "geometry": {"type": "Point", "coordinates": [110.62367, -0.25047]}, "properties": {"kab_kota": "SEKADAU", "kecamatan": "Nanga Taman", "desa": "Senangak", "tanggal": "2026-08-29", "timestamp": "2026-08-29T12:40:00+07:00", "satelit": "NASA-NOAA20", "confidence": "Medium"}}, {"type": "Feature", "geometry": {"type": "Point", "coordinates": [110.66899, -0.23421]}, "properties": {"kab_kota": "SEKADAU", "kecamatan": "Nanga Taman", "desa": "Senangak", "tanggal": "2026-08-29", "timestamp": "2026-08-29T12:40:00+07:00", "satelit": "NASA-NOAA20", "confidence": "Medium"}}, {"type": "Feature", "geometry": {"type": "Point", "coordinates": [110.78758, -0.26189]}, "properties": {"kab_kota": "SEKADAU", "kecamatan": "Nanga Taman", "desa": "Senangak", "tanggal": "2026-08-30", "timestamp": "2026-08-30T12:23:00+07:00", "satelit": "NASA-NOAA20", "confidence": "Medium"}}, {"type": "Feature", "geometry": {"type": "Point", "coordinates": [110.63334, -0.23789]}, "properties": {"kab_kota": "SEKADAU", "kecamatan": "Nanga Taman", "desa": "Senangak", "tanggal": "2026-08-30", "timestamp": "2026-08-30T14:01:00+07:00", "satelit": "NASA-NOAA20", "confidence": "Medium"}}, {"type": "Feature", "geometry": {"type": "Point", "coordinates": [110.64657, -0.18797]}, "properties": {"kab_kota": "SEKADAU", "kecamatan": "Nanga Taman", "desa": "Senangak", "tanggal": "2026-08-30", "timestamp": "2026-08-30T14:01:00+07:00", "satelit": "NASA-NOAA20", "confidence": "Medium"}}, {"type": "Feature", "geometry": {"type": "Point", "coordinates": [110.65349, -0.18686]}, "properties": {"kab_kota": "SEKADAU", "kecamatan": "Nanga Taman", "desa": "Senangak", "tanggal": "2026-08-30", "timestamp": "2026-08-30T14:01:00+07:00", "satelit": "NASA-NOAA20", "confidence": "Medium"}}, {"type": "Feature", "geometry": {"type": "Point", "coordinates": [110.71137, -0.26343]}, "properties": {"kab_kota": "SEKADAU", "kecamatan": "Nanga Taman", "desa": "Senangak", "tanggal": "2026-08-31", "timestamp": "2026-08-31T13:44:00+07:00", "satelit": "NASA-NOAA20", "confidence": "Medium"}}, {"type": "Feature", "geometry": {"type": "Point", "coordinates": [110.71464, -0.26291]}, "properties": {"kab_kota": "SEKADAU", "kecamatan": "Nanga Taman", "desa": "Senangak", "tanggal": "2026-08-31", "timestamp": "2026-08-31T13:44:00+07:00", "satelit": "NASA-NOAA20", "confidence": "Medium"}}, {"type": "Feature", "geometry": {"type": "Point", "coordinates": [110.64304, -0.22095]}, "properties": {"kab_kota": "SEKADAU", "kecamatan": "Nanga Taman", "desa": "Senangak", "tanggal": "2026-08-31", "timestamp": "2026-08-31T13:44:00+07:00", "satelit": "NASA-NOAA20", "confidence": "Medium"}}, {"type": "Feature", "geometry": {"type": "Point", "coordinates": [110.76588, -0.21849]}, "properties": {"kab_kota": "SEKADAU", "kecamatan": "Nanga Taman", "desa": "Sungailawak", "tanggal": "2026-08-01", "timestamp": "2026-08-01T13:03:00+07:00", "satelit": "NASA-NOAA20", "confidence": "Medium"}}, {"type": "Feature", "geometry": {"type": "Point", "coordinates": [110.7212, -0.21143]}, "properties": {"kab_kota": "SEKADAU", "kecamatan": "Nanga Taman", "desa": "Sungailawak", "tanggal": "2026-08-16", "timestamp": "2026-08-16T13:25:00+07:00", "satelit": "NASA-NOAA20", "confidence": "Medium"}}, {"type": "Feature", "geometry": {"type": "Point", "coordinates": [110.77195, -0.24093]}, "properties": {"kab_kota": "SEKADAU", "kecamatan": "Nanga Taman", "desa": "Sungailawak", "tanggal": "2026-08-22", "timestamp": "2026-08-22T13:12:00+07:00", "satelit": "NASA-NOAA20", "confidence": "Medium"}}, {"type": "Feature", "geometry": {"type": "Point", "coordinates": [110.77221, -0.22769]}, "properties": {"kab_kota": "SEKADAU", "kecamatan": "Nanga Taman", "desa": "Sungailawak", "tanggal": "2026-08-24", "timestamp": "2026-08-24T12:33:00+07:00", "satelit": "NASA-NOAA20", "confidence": "Medium"}}, {"type": "Feature", "geometry": {"type": "Point", "coordinates": [110.71622, -0.20821]}, "properties": {"kab_kota": "SEKADAU", "kecamatan": "Nanga Taman", "desa": "Sungailawak", "tanggal": "2026-08-26", "timestamp": "2026-08-26T13:35:00+07:00", "satelit": "NASA-NOAA20", "confidence": "Medium"}}, {"type": "Feature", "geometry": {"type": "Point", "coordinates": [110.72901, -0.25315]}, "properties": {"kab_kota": "SEKADAU", "kecamatan": "Nanga Taman", "desa": "Sungailawak", "tanggal": "2026-08-29", "timestamp": "2026-08-29T12:40:00+07:00", "satelit": "NASA-NOAA20", "confidence": "Medium"}}, {"type": "Feature", "geometry": {"type": "Point", "coordinates": [110.79159, -0.22962]}, "properties": {"kab_kota": "SEKADAU", "kecamatan": "Nanga Taman", "desa": "Sungailawak", "tanggal": "2026-08-29", "timestamp": "2026-08-29T12:40:00+07:00", "satelit": "NASA-NOAA20", "confidence": "Medium"}}, {"type": "Feature", "geometry": {"type": "Point", "coordinates": [110.71288, -0.20889]}, "properties": {"kab_kota": "SEKADAU", "kecamatan": "Nanga Taman", "desa": "Sungailawak", "tanggal": "2026-08-29", "timestamp": "2026-08-29T12:40:00+07:00", "satelit": "NASA-NOAA20", "confidence": "Medium"}}, {"type": "Feature", "geometry": {"type": "Point", "coordinates": [110.71348, -0.20847]}, "properties": {"kab_kota": "SEKADAU", "kecamatan": "Nanga Taman", "desa": "Sungailawak", "tanggal": "2026-08-29", "timestamp": "2026-08-29T12:40:00+07:00", "satelit": "NASA-NOAA20", "confidence": "Medium"}}, {"type": "Feature", "geometry": {"type": "Point", "coordinates": [110.71748, -0.20821]}, "properties": {"kab_kota": "SEKADAU", "kecamatan": "Nanga Taman", "desa": "Sungailawak", "tanggal": "2026-08-29", "timestamp": "2026-08-29T12:40:00+07:00", "satelit": "NASA-NOAA20", "confidence": "Medium"}}, {"type": "Feature", "geometry": {"type": "Point", "coordinates": [110.72555, -0.24488]}, "properties": {"kab_kota": "SEKADAU", "kecamatan": "Nanga Taman", "desa": "Sungailawak", "tanggal": "2026-08-31", "timestamp": "2026-08-31T13:44:00+07:00", "satelit": "NASA-NOAA20", "confidence": "Medium"}}, {"type": "Feature", "geometry": {"type": "Point", "coordinates": [110.74131, -0.20488]}, "properties": {"kab_kota": "SEKADAU", "kecamatan": "Nanga Taman", "desa": "Tapang Tingang", "tanggal": "2026-08-05", "timestamp": "2026-08-05T13:29:00+07:00", "satelit": "NASA-NOAA20", "confidence": "Medium"}}, {"type": "Feature", "geometry": {"type": "Point", "coordinates": [110.74887, -0.19496]}, "properties": {"kab_kota": "SEKADAU", "kecamatan": "Nanga Taman", "desa": "Tapang Tingang", "tanggal": "2026-08-05", "timestamp": "2026-08-05T13:29:00+07:00", "satelit": "NASA-NOAA20", "confidence": "Medium"}}, {"type": "Feature", "geometry": {"type": "Point", "coordinates": [110.73972, -0.18767]}, "properties": {"kab_kota": "SEKADAU", "kecamatan": "Nanga Taman", "desa": "Tapang Tingang", "tanggal": "2026-08-05", "timestamp": "2026-08-05T13:29:00+07:00", "satelit": "NASA-NOAA20", "confidence": "Medium"}}, {"type": "Feature", "geometry": {"type": "Point", "coordinates": [110.74606, -0.17794]}, "properties": {"kab_kota": "SEKADAU", "kecamatan": "Nanga Taman", "desa": "Tapang Tingang", "tanggal": "2026-08-05", "timestamp": "2026-08-05T13:29:00+07:00", "satelit": "NASA-NOAA20", "confidence": "Medium"}}, {"type": "Feature", "geometry": {"type": "Point", "coordinates": [110.74968, -0.17737]}, "properties": {"kab_kota": "SEKADAU", "kecamatan": "Nanga Taman", "desa": "Tapang Tingang", "tanggal": "2026-08-05", "timestamp": "2026-08-05T13:29:00+07:00", "satelit": "NASA-NOAA20", "confidence": "Medium"}}, {"type": "Feature", "geometry": {"type": "Point", "coordinates": [110.749, -0.1731]}, "properties": {"kab_kota": "SEKADAU", "kecamatan": "Nanga Taman", "desa": "Tapang Tingang", "tanggal": "2026-08-05", "timestamp": "2026-08-05T13:29:00+07:00", "satelit": "NASA-NOAA20", "confidence": "Medium"}}, {"type": "Feature", "geometry": {"type": "Point", "coordinates": [110.68756, -0.18969]}, "properties": {"kab_kota": "SEKADAU", "kecamatan": "Nanga Taman", "desa": "Tapang Tingang", "tanggal": "2026-08-08", "timestamp": "2026-08-08T12:33:00+07:00", "satelit": "NASA-NOAA20", "confidence": "Medium"}}, {"type": "Feature", "geometry": {"type": "Point", "coordinates": [110.69068, -0.18921]}, "properties": {"kab_kota": "SEKADAU", "kecamatan": "Nanga Taman", "desa": "Tapang Tingang", "tanggal": "2026-08-08", "timestamp": "2026-08-08T12:33:00+07:00", "satelit": "NASA-NOAA20", "confidence": "Medium"}}, {"type": "Feature", "geometry": {"type": "Point", "coordinates": [110.61215, -0.15423]}, "properties": {"kab_kota": "SEKADAU", "kecamatan": "Nanga Taman", "desa": "Tapang Tingang", "tanggal": "2026-08-14", "timestamp": "2026-08-14T14:01:00+07:00", "satelit": "NASA-NOAA20", "confidence": "Medium"}}, {"type": "Feature", "geometry": {"type": "Point", "coordinates": [110.64423, -0.17782]}, "properties": {"kab_kota": "SEKADAU", "kecamatan": "Nanga Taman", "desa": "Tapang Tingang", "tanggal": "2026-08-16", "timestamp": "2026-08-16T13:25:00+07:00", "satelit": "NASA-NOAA20", "confidence": "Medium"}}, {"type": "Feature", "geometry": {"type": "Point", "coordinates": [110.72598, -0.17321]}, "properties": {"kab_kota": "SEKADAU", "kecamatan": "Nanga Taman", "desa": "Tapang Tingang", "tanggal": "2026-08-16", "timestamp": "2026-08-16T13:25:00+07:00", "satelit": "NASA-NOAA20", "confidence": "Medium"}}, {"type": "Feature", "geometry": {"type": "Point", "coordinates": [110.62941, -0.1722]}, "properties": {"kab_kota": "SEKADAU", "kecamatan": "Nanga Taman", "desa": "Tapang Tingang", "tanggal": "2026-08-26", "timestamp": "2026-08-26T13:35:00+07:00", "satelit": "NASA-NOAA20", "confidence": "Medium"}}, {"type": "Feature", "geometry": {"type": "Point", "coordinates": [110.7389, -0.17379]}, "properties": {"kab_kota": "SEKADAU", "kecamatan": "Nanga Taman", "desa": "Tapang Tingang", "tanggal": "2026-08-31", "timestamp": "2026-08-31T01:02:00+07:00", "satelit": "NASA-NOAA20", "confidence": "Medium"}}, {"type": "Feature", "geometry": {"type": "Point", "coordinates": [110.64617, -0.17723]}, "properties": {"kab_kota": "SEKADAU", "kecamatan": "Nanga Taman", "desa": "Tapang Tingang", "tanggal": "2026-08-31", "timestamp": "2026-08-31T13:44:00+07:00", "satelit": "NASA-NOAA20", "confidence": "Medium"}}, {"type": "Feature", "geometry": {"type": "Point", "coordinates": [110.68311, -0.1768]}, "properties": {"kab_kota": "SEKADAU", "kecamatan": "Nanga Taman", "desa": "Tapang Tingang", "tanggal": "2026-08-31", "timestamp": "2026-08-31T13:44:00+07:00", "satelit": "NASA-NOAA20", "confidence": "Medium"}}, {"type": "Feature", "geometry": {"type": "Point", "coordinates": [110.64563, -0.17191]}, "properties": {"kab_kota": "SEKADAU", "kecamatan": "Nanga Taman", "desa": "Tapang Tingang", "tanggal": "2026-08-31", "timestamp": "2026-08-31T13:44:00+07:00", "satelit": "NASA-NOAA20", "confidence": "Medium"}}, {"type": "Feature", "geometry": {"type": "Point", "coordinates": [110.64898, -0.17138]}, "properties": {"kab_kota": "SEKADAU", "kecamatan": "Nanga Taman", "desa": "Tapang Tingang", "tanggal": "2026-08-31", "timestamp": "2026-08-31T13:44:00+07:00", "satelit": "NASA-NOAA20", "confidence": "Medium"}}, {"type": "Feature", "geometry": {"type": "Point", "coordinates": [111.09407, -0.08382]}, "properties": {"kab_kota": "SEKADAU", "kecamatan": "Sekadau Hilir", "desa": "Engkersik", "tanggal": "2026-08-01", "timestamp": "2026-08-01T13:03:00+07:00", "satelit": "NASA-NOAA20", "confidence": "Medium"}}, {"type": "Feature", "geometry": {"type": "Point", "coordinates": [111.08527, -0.13169]}, "properties": {"kab_kota": "SEKADAU", "kecamatan": "Sekadau Hilir", "desa": "Engkersik", "tanggal": "2026-08-02", "timestamp": "2026-08-02T12:46:00+07:00", "satelit": "NASA-NOAA20", "confidence": "Medium"}}, {"type": "Feature", "geometry": {"type": "Point", "coordinates": [111.12307, -0.05956]}, "properties": {"kab_kota": "SEKADAU", "kecamatan": "Sekadau Hilir", "desa": "Engkersik", "tanggal": "2026-08-05", "timestamp": "2026-08-05T13:29:00+07:00", "satelit": "NASA-NOAA20", "confidence": "Medium"}}, {"type": "Feature", "geometry": {"type": "Point", "coordinates": [111.09563, -0.06186]}, "properties": {"kab_kota": "SEKADAU", "kecamatan": "Sekadau Hilir", "desa": "Engkersik", "tanggal": "2026-08-09", "timestamp": "2026-08-09T13:57:00+07:00", "satelit": "NASA-NOAA20", "confidence": "Medium"}}, {"type": "Feature", "geometry": {"type": "Point", "coordinates": [111.08277, -0.12959]}, "properties": {"kab_kota": "SEKADAU", "kecamatan": "Sekadau Hilir", "desa": "Engkersik", "tanggal": "2026-08-11", "timestamp": "2026-08-11T00:34:00+07:00", "satelit": "NASA-NOAA20", "confidence": "Medium"}}, {"type": "Feature", "geometry": {"type": "Point", "coordinates": [111.11951, -0.03596]}, "properties": {"kab_kota": "SEKADAU", "kecamatan": "Sekadau Hilir", "desa": "Engkersik", "tanggal": "2026-08-12", "timestamp": "2026-08-12T12:57:00+07:00", "satelit": "NASA-NOAA20", "confidence": "Medium"}}, {"type": "Feature", "geometry": {"type": "Point", "coordinates": [111.08149, -0.11507]}, "properties": {"kab_kota": "SEKADAU", "kecamatan": "Sekadau Hilir", "desa": "Engkersik", "tanggal": "2026-08-16", "timestamp": "2026-08-16T13:25:00+07:00", "satelit": "NASA-NOAA20", "confidence": "Medium"}}, {"type": "Feature", "geometry": {"type": "Point", "coordinates": [111.09542, -0.10489]}, "properties": {"kab_kota": "SEKADAU", "kecamatan": "Sekadau Hilir", "desa": "Engkersik", "tanggal": "2026-08-16", "timestamp": "2026-08-16T13:25:00+07:00", "satelit": "NASA-NOAA20", "confidence": "Medium"}}, {"type": "Feature", "geometry": {"type": "Point", "coordinates": [111.08823, -0.07607]}, "properties": {"kab_kota": "SEKADAU", "kecamatan": "Sekadau Hilir", "desa": "Engkersik", "tanggal": "2026-08-21", "timestamp": "2026-08-21T13:29:00+07:00", "satelit": "NASA-NOAA20", "confidence": "Medium"}}, {"type": "Feature", "geometry": {"type": "Point", "coordinates": [111.11951, -0.11229]}, "properties": {"kab_kota": "SEKADAU", "kecamatan": "Sekadau Hilir", "desa": "Engkersik", "tanggal": "2026-08-26", "timestamp": "2026-08-26T13:35:00+07:00", "satelit": "NASA-NOAA20", "confidence": "Medium"}}, {"type": "Feature", "geometry": {"type": "Point", "coordinates": [111.12189, -0.10925]}, "properties": {"kab_kota": "SEKADAU", "kecamatan": "Sekadau Hilir", "desa": "Engkersik", "tanggal": "2026-08-26", "timestamp": "2026-08-26T13:35:00+07:00", "satelit": "NASA-NOAA20", "confidence": "Medium"}}, {"type": "Feature", "geometry": {"type": "Point", "coordinates": [111.07951, -0.07343]}, "properties": {"kab_kota": "SEKADAU", "kecamatan": "Sekadau Hilir", "desa": "Engkersik", "tanggal": "2026-08-29", "timestamp": "2026-08-29T12:40:00+07:00", "satelit": "NASA-NOAA20", "confidence": "Medium"}}, {"type": "Feature", "geometry": {"type": "Point", "coordinates": [111.07885, -0.06899]}, "properties": {"kab_kota": "SEKADAU", "kecamatan": "Sekadau Hilir", "desa": "Engkersik", "tanggal": "2026-08-29", "timestamp": "2026-08-29T12:40:00+07:00", "satelit": "NASA-NOAA20", "confidence": "Medium"}}, {"type": "Feature", "geometry": {"type": "Point", "coordinates": [111.06167, -0.0742]}, "properties": {"kab_kota": "SEKADAU", "kecamatan": "Sekadau Hilir", "desa": "Engkersik", "tanggal": "2026-08-30", "timestamp": "2026-08-30T12:23:00+07:00", "satelit": "NASA-NOAA20", "confidence": "Medium"}}, {"type": "Feature", "geometry": {"type": "Point", "coordinates": [111.0872, -0.07387]}, "properties": {"kab_kota": "SEKADAU", "kecamatan": "Sekadau Hilir", "desa": "Engkersik", "tanggal": "2026-08-31", "timestamp": "2026-08-31T13:44:00+07:00", "satelit": "NASA-NOAA20", "confidence": "Medium"}}, {"type": "Feature", "geometry": {"type": "Point", "coordinates": [111.0942, -0.07275]}, "properties": {"kab_kota": "SEKADAU", "kecamatan": "Sekadau Hilir", "desa": "Engkersik", "tanggal": "2026-08-31", "timestamp": "2026-08-31T13:44:00+07:00", "satelit": "NASA-NOAA20", "confidence": "Medium"}}, {"type": "Feature", "geometry": {"type": "Point", "coordinates": [111.08656, -0.07254]}, "properties": {"kab_kota": "SEKADAU", "kecamatan": "Sekadau Hilir", "desa": "Engkersik", "tanggal": "2026-08-31", "timestamp": "2026-08-31T13:44:00+07:00", "satelit": "NASA-NOAA20", "confidence": "Medium"}}, {"type": "Feature", "geometry": {"type": "Point", "coordinates": [110.82952, -0.03795]}, "properties": {"kab_kota": "SEKADAU", "kecamatan": "Sekadau Hilir", "desa": "Ensalang", "tanggal": "2026-08-02", "timestamp": "2026-08-02T12:46:00+07:00", "satelit": "NASA-NOAA20", "confidence": "Medium"}}, {"type": "Feature", "geometry": {"type": "Point", "coordinates": [110.84225, -0.04306]}, "properties": {"kab_kota": "SEKADAU", "kecamatan": "Sekadau Hilir", "desa": "Ensalang", "tanggal": "2026-08-09", "timestamp": "2026-08-09T13:57:00+07:00", "satelit": "NASA-NOAA20", "confidence": "Medium"}}, {"type": "Feature", "geometry": {"type": "Point", "coordinates": [110.84781, -0.04219]}, "properties": {"kab_kota": "SEKADAU", "kecamatan": "Sekadau Hilir", "desa": "Ensalang", "tanggal": "2026-08-09", "timestamp": "2026-08-09T13:57:00+07:00", "satelit": "NASA-NOAA20", "confidence": "Medium"}}, {"type": "Feature", "geometry": {"type": "Point", "coordinates": [110.84277, -0.04166]}, "properties": {"kab_kota": "SEKADAU", "kecamatan": "Sekadau Hilir", "desa": "Ensalang", "tanggal": "2026-08-09", "timestamp": "2026-08-09T13:57:00+07:00", "satelit": "NASA-NOAA20", "confidence": "Medium"}}, {"type": "Feature", "geometry": {"type": "Point", "coordinates": [110.8483, -0.04076]}, "properties": {"kab_kota": "SEKADAU", "kecamatan": "Sekadau Hilir", "desa": "Ensalang", "tanggal": "2026-08-09", "timestamp": "2026-08-09T13:57:00+07:00", "satelit": "NASA-NOAA20", "confidence": "Medium"}}, {"type": "Feature", "geometry": {"type": "Point", "coordinates": [110.80235, -0.02785]}, "properties": {"kab_kota": "SEKADAU", "kecamatan": "Sekadau Hilir", "desa": "Ensalang", "tanggal": "2026-08-20", "timestamp": "2026-08-20T13:50:00+07:00", "satelit": "NASA-NOAA20", "confidence": "Medium"}}, {"type": "Feature", "geometry": {"type": "Point", "coordinates": [110.83676, -0.01598]}, "properties": {"kab_kota": "SEKADAU", "kecamatan": "Sekadau Hilir", "desa": "Ensalang", "tanggal": "2026-08-21", "timestamp": "2026-08-21T13:29:00+07:00", "satelit": "NASA-NOAA20", "confidence": "Medium"}}, {"type": "Feature", "geometry": {"type": "Point", "coordinates": [110.79742, -0.02731]}, "properties": {"kab_kota": "SEKADAU", "kecamatan": "Sekadau Hilir", "desa": "Ensalang", "tanggal": "2026-08-23", "timestamp": "2026-08-23T12:53:00+07:00", "satelit": "NASA-NOAA20", "confidence": "Medium"}}, {"type": "Feature", "geometry": {"type": "Point", "coordinates": [110.82484, -0.02823]}, "properties": {"kab_kota": "SEKADAU", "kecamatan": "Sekadau Hilir", "desa": "Ensalang", "tanggal": "2026-08-25", "timestamp": "2026-08-25T12:16:00+07:00", "satelit": "NASA-NOAA20", "confidence": "Medium"}}, {"type": "Feature", "geometry": {"type": "Point", "coordinates": [110.82343, -0.02767]}, "properties": {"kab_kota": "SEKADAU", "kecamatan": "Sekadau Hilir", "desa": "Ensalang", "tanggal": "2026-08-25", "timestamp": "2026-08-25T12:16:00+07:00", "satelit": "NASA-NOAA20", "confidence": "Medium"}}, {"type": "Feature", "geometry": {"type": "Point", "coordinates": [110.81517, -0.0203]}, "properties": {"kab_kota": "SEKADAU", "kecamatan": "Sekadau Hilir", "desa": "Ensalang", "tanggal": "2026-08-25", "timestamp": "2026-08-25T13:57:00+07:00", "satelit": "NASA-NOAA20", "confidence": "Medium"}}, {"type": "Feature", "geometry": {"type": "Point", "coordinates": [110.79832, -0.02383]}, "properties": {"kab_kota": "SEKADAU", "kecamatan": "Sekadau Hilir", "desa": "Ensalang", "tanggal": "2026-08-26", "timestamp": "2026-08-26T13:35:00+07:00", "satelit": "NASA-NOAA20", "confidence": "Medium"}}, {"type": "Feature", "geometry": {"type": "Point", "coordinates": [110.82534, -0.02895]}, "properties": {"kab_kota": "SEKADAU", "kecamatan": "Sekadau Hilir", "desa": "Ensalang", "tanggal": "2026-08-30", "timestamp": "2026-08-30T14:01:00+07:00", "satelit": "NASA-NOAA20", "confidence": "Medium"}}, {"type": "Feature", "geometry": {"type": "Point", "coordinates": [111.02495, -0.05335]}, "properties": {"kab_kota": "SEKADAU", "kecamatan": "Sekadau Hilir", "desa": "Gonis Tekam", "tanggal": "2026-08-04", "timestamp": "2026-08-04T13:48:00+07:00", "satelit": "NASA-NOAA20", "confidence": "Medium"}}, {"type": "Feature", "geometry": {"type": "Point", "coordinates": [111.0235, -0.01289]}, "properties": {"kab_kota": "SEKADAU", "kecamatan": "Sekadau Hilir", "desa": "Gonis Tekam", "tanggal": "2026-08-06", "timestamp": "2026-08-06T13:12:00+07:00", "satelit": "NASA-NOAA20", "confidence": "Medium"}}, {"type": "Feature", "geometry": {"type": "Point", "coordinates": [111.02627, -0.01086]}, "properties": {"kab_kota": "SEKADAU", "kecamatan": "Sekadau Hilir", "desa": "Gonis Tekam", "tanggal": "2026-08-06", "timestamp": "2026-08-06T13:12:00+07:00", "satelit": "NASA-NOAA20", "confidence": "Medium"}}, {"type": "Feature", "geometry": {"type": "Point", "coordinates": [111.02438, 0.01637]}, "properties": {"kab_kota": "SEKADAU", "kecamatan": "Sekadau Hilir", "desa": "Gonis Tekam", "tanggal": "2026-08-08", "timestamp": "2026-08-08T12:33:00+07:00", "satelit": "NASA-NOAA20", "confidence": "Medium"}}, {"type": "Feature", "geometry": {"type": "Point", "coordinates": [111.02418, 0.02097]}, "properties": {"kab_kota": "SEKADAU", "kecamatan": "Sekadau Hilir", "desa": "Gonis Tekam", "tanggal": "2026-08-08", "timestamp": "2026-08-08T12:33:00+07:00", "satelit": "NASA-NOAA20", "confidence": "Medium"}}, {"type": "Feature", "geometry": {"type": "Point", "coordinates": [111.02087, 0.01797]}, "properties": {"kab_kota": "SEKADAU", "kecamatan": "Sekadau Hilir", "desa": "Gonis Tekam", "tanggal": "2026-08-09", "timestamp": "2026-08-09T01:13:00+07:00", "satelit": "NASA-NOAA20", "confidence": "Medium"}}, {"type": "Feature", "geometry": {"type": "Point", "coordinates": [111.04251, -0.04081]}, "properties": {"kab_kota": "SEKADAU", "kecamatan": "Sekadau Hilir", "desa": "Gonis Tekam", "tanggal": "2026-08-16", "timestamp": "2026-08-16T13:25:00+07:00", "satelit": "NASA-NOAA20", "confidence": "Medium"}}, {"type": "Feature", "geometry": {"type": "Point", "coordinates": [111.04493, -0.04027]}, "properties": {"kab_kota": "SEKADAU", "kecamatan": "Sekadau Hilir", "desa": "Gonis Tekam", "tanggal": "2026-08-16", "timestamp": "2026-08-16T13:25:00+07:00", "satelit": "NASA-NOAA20", "confidence": "Medium"}}, {"type": "Feature", "geometry": {"type": "Point", "coordinates": [111.07519, 0.00561]}, "properties": {"kab_kota": "SEKADAU", "kecamatan": "Sekadau Hilir", "desa": "Gonis Tekam", "tanggal": "2026-08-17", "timestamp": "2026-08-17T13:05:00+07:00", "satelit": "NASA-NOAA20", "confidence": "Medium"}}, {"type": "Feature", "geometry": {"type": "Point", "coordinates": [111.00478, -0.03301]}, "properties": {"kab_kota": "SEKADAU", "kecamatan": "Sekadau Hilir", "desa": "Gonis Tekam", "tanggal": "2026-08-20", "timestamp": "2026-08-20T13:50:00+07:00", "satelit": "NASA-NOAA20", "confidence": "Medium"}}, {"type": "Feature", "geometry": {"type": "Point", "coordinates": [111.00931, -0.0323]}, "properties": {"kab_kota": "SEKADAU", "kecamatan": "Sekadau Hilir", "desa": "Gonis Tekam", "tanggal": "2026-08-20", "timestamp": "2026-08-20T13:50:00+07:00", "satelit": "NASA-NOAA20", "confidence": "Medium"}}, {"type": "Feature", "geometry": {"type": "Point", "coordinates": [111.02551, -0.01747]}, "properties": {"kab_kota": "SEKADAU", "kecamatan": "Sekadau Hilir", "desa": "Gonis Tekam", "tanggal": "2026-08-20", "timestamp": "2026-08-20T13:50:00+07:00", "satelit": "NASA-NOAA20", "confidence": "Medium"}}, {"type": "Feature", "geometry": {"type": "Point", "coordinates": [110.99768, -0.01564]}, "properties": {"kab_kota": "SEKADAU", "kecamatan": "Sekadau Hilir", "desa": "Gonis Tekam", "tanggal": "2026-08-20", "timestamp": "2026-08-20T13:50:00+07:00", "satelit": "NASA-NOAA20", "confidence": "Medium"}}, {"type": "Feature", "geometry": {"type": "Point", "coordinates": [111.06129, -0.01191]}, "properties": {"kab_kota": "SEKADAU", "kecamatan": "Sekadau Hilir", "desa": "Gonis Tekam", "tanggal": "2026-08-20", "timestamp": "2026-08-20T13:50:00+07:00", "satelit": "NASA-NOAA20", "confidence": "Medium"}}, {"type": "Feature", "geometry": {"type": "Point", "coordinates": [111.0332, -0.05337]}, "properties": {"kab_kota": "SEKADAU", "kecamatan": "Sekadau Hilir", "desa": "Gonis Tekam", "tanggal": "2026-08-21", "timestamp": "2026-08-21T13:29:00+07:00", "satelit": "NASA-NOAA20", "confidence": "Medium"}}, {"type": "Feature", "geometry": {"type": "Point", "coordinates": [111.00206, -0.02163]}, "properties": {"kab_kota": "SEKADAU", "kecamatan": "Sekadau Hilir", "desa": "Gonis Tekam", "tanggal": "2026-08-21", "timestamp": "2026-08-21T13:29:00+07:00", "satelit": "NASA-NOAA20", "confidence": "Medium"}}, {"type": "Feature", "geometry": {"type": "Point", "coordinates": [111.05377, -0.04241]}, "properties": {"kab_kota": "SEKADAU", "kecamatan": "Sekadau Hilir", "desa": "Gonis Tekam", "tanggal": "2026-08-26", "timestamp": "2026-08-26T13:35:00+07:00", "satelit": "NASA-NOAA20", "confidence": "Medium"}}, {"type": "Feature", "geometry": {"type": "Point", "coordinates": [111.0032, -0.02221]}, "properties": {"kab_kota": "SEKADAU", "kecamatan": "Sekadau Hilir", "desa": "Gonis Tekam", "tanggal": "2026-08-26", "timestamp": "2026-08-26T13:35:00+07:00", "satelit": "NASA-NOAA20", "confidence": "Medium"}}, {"type": "Feature", "geometry": {"type": "Point", "coordinates": [111.00098, -0.02086]}, "properties": {"kab_kota": "SEKADAU", "kecamatan": "Sekadau Hilir", "desa": "Gonis Tekam", "tanggal": "2026-08-26", "timestamp": "2026-08-26T13:35:00+07:00", "satelit": "NASA-NOAA20", "confidence": "Medium"}}, {"type": "Feature", "geometry": {"type": "Point", "coordinates": [111.00642, -0.01998]}, "properties": {"kab_kota": "SEKADAU", "kecamatan": "Sekadau Hilir", "desa": "Gonis Tekam", "tanggal": "2026-08-26", "timestamp": "2026-08-26T13:35:00+07:00", "satelit": "NASA-NOAA20", "confidence": "Medium"}}, {"type": "Feature", "geometry": {"type": "Point", "coordinates": [111.06516, 0.00719]}, "properties": {"kab_kota": "SEKADAU", "kecamatan": "Sekadau Hilir", "desa": "Gonis Tekam", "tanggal": "2026-08-26", "timestamp": "2026-08-26T13:35:00+07:00", "satelit": "NASA-NOAA20", "confidence": "Medium"}}, {"type": "Feature", "geometry": {"type": "Point", "coordinates": [111.05286, 0.0153]}, "properties": {"kab_kota": "SEKADAU", "kecamatan": "Sekadau Hilir", "desa": "Gonis Tekam", "tanggal": "2026-08-26", "timestamp": "2026-08-26T13:35:00+07:00", "satelit": "NASA-NOAA20", "confidence": "Medium"}}, {"type": "Feature", "geometry": {"type": "Point", "coordinates": [111.05211, 0.02018]}, "properties": {"kab_kota": "SEKADAU", "kecamatan": "Sekadau Hilir", "desa": "Gonis Tekam", "tanggal": "2026-08-26", "timestamp": "2026-08-26T13:35:00+07:00", "satelit": "NASA-NOAA20", "confidence": "Medium"}}, {"type": "Feature", "geometry": {"type": "Point", "coordinates": [111.02657, -0.03719]}, "properties": {"kab_kota": "SEKADAU", "kecamatan": "Sekadau Hilir", "desa": "Gonis Tekam", "tanggal": "2026-08-29", "timestamp": "2026-08-29T12:40:00+07:00", "satelit": "NASA-NOAA20", "confidence": "Medium"}}, {"type": "Feature", "geometry": {"type": "Point", "coordinates": [110.93533, 0.12165]}, "properties": {"kab_kota": "SEKADAU", "kecamatan": "Sekadau Hilir", "desa": "Landau Kodah", "tanggal": "2026-08-04", "timestamp": "2026-08-04T13:48:00+07:00", "satelit": "NASA-NOAA20", "confidence": "Medium"}}, {"type": "Feature", "geometry": {"type": "Point", "coordinates": [110.93001, 0.12695]}, "properties": {"kab_kota": "SEKADAU", "kecamatan": "Sekadau Hilir", "desa": "Landau Kodah", "tanggal": "2026-08-04", "timestamp": "2026-08-04T13:48:00+07:00", "satelit": "NASA-NOAA20", "confidence": "Medium"}}, {"type": "Feature", "geometry": {"type": "Point", "coordinates": [110.92905, 0.12436]}, "properties": {"kab_kota": "SEKADAU", "kecamatan": "Sekadau Hilir", "desa": "Landau Kodah", "tanggal": "2026-08-06", "timestamp": "2026-08-06T13:12:00+07:00", "satelit": "NASA-NOAA20", "confidence": "Medium"}}, {"type": "Feature", "geometry": {"type": "Point", "coordinates": [110.93973, 0.12598]}, "properties": {"kab_kota": "SEKADAU", "kecamatan": "Sekadau Hilir", "desa": "Landau Kodah", "tanggal": "2026-08-06", "timestamp": "2026-08-06T13:12:00+07:00", "satelit": "NASA-NOAA20", "confidence": "Medium"}}, {"type": "Feature", "geometry": {"type": "Point", "coordinates": [110.9311, 0.13499]}, "properties": {"kab_kota": "SEKADAU", "kecamatan": "Sekadau Hilir", "desa": "Landau Kodah", "tanggal": "2026-08-06", "timestamp": "2026-08-06T13:12:00+07:00", "satelit": "NASA-NOAA20", "confidence": "Medium"}}, {"type": "Feature", "geometry": {"type": "Point", "coordinates": [110.93891, 0.11223]}, "properties": {"kab_kota": "SEKADAU", "kecamatan": "Sekadau Hilir", "desa": "Landau Kodah", "tanggal": "2026-08-09", "timestamp": "2026-08-09T13:57:00+07:00", "satelit": "NASA-NOAA20", "confidence": "Medium"}}, {"type": "Feature", "geometry": {"type": "Point", "coordinates": [110.94667, 0.11737]}, "properties": {"kab_kota": "SEKADAU", "kecamatan": "Sekadau Hilir", "desa": "Landau Kodah", "tanggal": "2026-08-15", "timestamp": "2026-08-15T13:44:00+07:00", "satelit": "NASA-NOAA20", "confidence": "Medium"}}, {"type": "Feature", "geometry": {"type": "Point", "coordinates": [110.9301, 0.11438]}, "properties": {"kab_kota": "SEKADAU", "kecamatan": "Sekadau Hilir", "desa": "Landau Kodah", "tanggal": "2026-08-16", "timestamp": "2026-08-16T13:25:00+07:00", "satelit": "NASA-NOAA20", "confidence": "Medium"}}, {"type": "Feature", "geometry": {"type": "Point", "coordinates": [110.93501, 0.11514]}, "properties": {"kab_kota": "SEKADAU", "kecamatan": "Sekadau Hilir", "desa": "Landau Kodah", "tanggal": "2026-08-16", "timestamp": "2026-08-16T13:25:00+07:00", "satelit": "NASA-NOAA20", "confidence": "Medium"}}, {"type": "Feature", "geometry": {"type": "Point", "coordinates": [110.89159, -0.01367]}, "properties": {"kab_kota": "SEKADAU", "kecamatan": "Sekadau Hilir", "desa": "Mungguk", "tanggal": "2026-08-07", "timestamp": "2026-08-07T12:53:00+07:00", "satelit": "NASA-NOAA20", "confidence": "Medium"}}, {"type": "Feature", "geometry": {"type": "Point", "coordinates": [110.89439, -0.01281]}, "properties": {"kab_kota": "SEKADAU", "kecamatan": "Sekadau Hilir", "desa": "Mungguk", "tanggal": "2026-08-07", "timestamp": "2026-08-07T12:53:00+07:00", "satelit": "NASA-NOAA20", "confidence": "Medium"}}, {"type": "Feature", "geometry": {"type": "Point", "coordinates": [110.89503, -0.02162]}, "properties": {"kab_kota": "SEKADAU", "kecamatan": "Sekadau Hilir", "desa": "Mungguk", "tanggal": "2026-08-10", "timestamp": "2026-08-10T13:35:00+07:00", "satelit": "NASA-NOAA20", "confidence": "Medium"}}, {"type": "Feature", "geometry": {"type": "Point", "coordinates": [110.90079, -0.03824]}, "properties": {"kab_kota": "SEKADAU", "kecamatan": "Sekadau Hilir", "desa": "Mungguk", "tanggal": "2026-08-16", "timestamp": "2026-08-16T13:25:00+07:00", "satelit": "NASA-NOAA20", "confidence": "Medium"}}, {"type": "Feature", "geometry": {"type": "Point", "coordinates": [110.76693, -0.04195]}, "properties": {"kab_kota": "SEKADAU", "kecamatan": "Sekadau Hilir", "desa": "Peniti", "tanggal": "2026-08-04", "timestamp": "2026-08-04T13:48:00+07:00", "satelit": "NASA-NOAA20", "confidence": "Medium"}}, {"type": "Feature", "geometry": {"type": "Point", "coordinates": [110.77038, -0.03536]}, "properties": {"kab_kota": "SEKADAU", "kecamatan": "Sekadau Hilir", "desa": "Peniti", "tanggal": "2026-08-04", "timestamp": "2026-08-04T13:48:00+07:00", "satelit": "NASA-NOAA20", "confidence": "Medium"}}, {"type": "Feature", "geometry": {"type": "Point", "coordinates": [110.74374, -0.03989]}, "properties": {"kab_kota": "SEKADAU", "kecamatan": "Sekadau Hilir", "desa": "Peniti", "tanggal": "2026-08-06", "timestamp": "2026-08-06T13:12:00+07:00", "satelit": "NASA-NOAA20", "confidence": "Medium"}}, {"type": "Feature", "geometry": {"type": "Point", "coordinates": [110.74325, -0.03655]}, "properties": {"kab_kota": "SEKADAU", "kecamatan": "Sekadau Hilir", "desa": "Peniti", "tanggal": "2026-08-06", "timestamp": "2026-08-06T13:12:00+07:00", "satelit": "NASA-NOAA20", "confidence": "Medium"}}, {"type": "Feature", "geometry": {"type": "Point", "coordinates": [110.74316, -0.05791]}, "properties": {"kab_kota": "SEKADAU", "kecamatan": "Sekadau Hilir", "desa": "Peniti", "tanggal": "2026-08-09", "timestamp": "2026-08-09T13:57:00+07:00", "satelit": "NASA-NOAA20", "confidence": "Medium"}}, {"type": "Feature", "geometry": {"type": "Point", "coordinates": [110.75821, -0.05902]}, "properties": {"kab_kota": "SEKADAU", "kecamatan": "Sekadau Hilir", "desa": "Peniti", "tanggal": "2026-08-20", "timestamp": "2026-08-20T13:50:00+07:00", "satelit": "NASA-NOAA20", "confidence": "Medium"}}, {"type": "Feature", "geometry": {"type": "Point", "coordinates": [110.72855, -0.0677]}, "properties": {"kab_kota": "SEKADAU", "kecamatan": "Sekadau Hilir", "desa": "Peniti", "tanggal": "2026-08-21", "timestamp": "2026-08-21T13:29:00+07:00", "satelit": "NASA-NOAA20", "confidence": "Medium"}}, {"type": "Feature", "geometry": {"type": "Point", "coordinates": [110.73257, -0.06709]}, "properties": {"kab_kota": "SEKADAU", "kecamatan": "Sekadau Hilir", "desa": "Peniti", "tanggal": "2026-08-21", "timestamp": "2026-08-21T13:29:00+07:00", "satelit": "NASA-NOAA20", "confidence": "Medium"}}, {"type": "Feature", "geometry": {"type": "Point", "coordinates": [110.80511, 0.00113]}, "properties": {"kab_kota": "SEKADAU", "kecamatan": "Sekadau Hilir", "desa": "Peniti", "tanggal": "2026-08-21", "timestamp": "2026-08-21T13:29:00+07:00", "satelit": "NASA-NOAA20", "confidence": "Medium"}}, {"type": "Feature", "geometry": {"type": "Point", "coordinates": [110.89272, -0.03519]}, "properties": {"kab_kota": "SEKADAU", "kecamatan": "Sekadau Hilir", "desa": "Selalong", "tanggal": "2026-08-09", "timestamp": "2026-08-09T13:57:00+07:00", "satelit": "NASA-NOAA20", "confidence": "Medium"}}, {"type": "Feature", "geometry": {"type": "Point", "coordinates": [110.87856, -0.01719]}, "properties": {"kab_kota": "SEKADAU", "kecamatan": "Sekadau Hilir", "desa": "Selalong", "tanggal": "2026-08-09", "timestamp": "2026-08-09T13:57:00+07:00", "satelit": "NASA-NOAA20", "confidence": "Medium"}}, {"type": "Feature", "geometry": {"type": "Point", "coordinates": [110.90137, -0.04214]}, "properties": {"kab_kota": "SEKADAU", "kecamatan": "Sekadau Hilir", "desa": "Selalong", "tanggal": "2026-08-16", "timestamp": "2026-08-16T13:25:00+07:00", "satelit": "NASA-NOAA20", "confidence": "Medium"}}, {"type": "Feature", "geometry": {"type": "Point", "coordinates": [110.87206, 0.09344]}, "properties": {"kab_kota": "SEKADAU", "kecamatan": "Sekadau Hilir", "desa": "Semabi", "tanggal": "2026-08-04", "timestamp": "2026-08-04T13:48:00+07:00", "satelit": "NASA-NOAA20", "confidence": "Medium"}}, {"type": "Feature", "geometry": {"type": "Point", "coordinates": [110.88227, 0.09662]}, "properties": {"kab_kota": "SEKADAU", "kecamatan": "Sekadau Hilir", "desa": "Semabi", "tanggal": "2026-08-06", "timestamp": "2026-08-06T13:12:00+07:00", "satelit": "NASA-NOAA20", "confidence": "Medium"}}, {"type": "Feature", "geometry": {"type": "Point", "coordinates": [110.98627, 0.07519]}, "properties": {"kab_kota": "SEKADAU", "kecamatan": "Sekadau Hilir", "desa": "Seraras", "tanggal": "2026-08-10", "timestamp": "2026-08-10T13:35:00+07:00", "satelit": "NASA-NOAA20", "confidence": "Medium"}}, {"type": "Feature", "geometry": {"type": "Point", "coordinates": [110.98428, 0.11024]}, "properties": {"kab_kota": "SEKADAU", "kecamatan": "Sekadau Hilir", "desa": "Seraras", "tanggal": "2026-08-28", "timestamp": "2026-08-28T12:59:00+07:00", "satelit": "NASA-NOAA20", "confidence": "Medium"}}, {"type": "Feature", "geometry": {"type": "Point", "coordinates": [110.76035, 0.01677]}, "properties": {"kab_kota": "SEKADAU", "kecamatan": "Sekadau Hilir", "desa": "Sungai Kunyit", "tanggal": "2026-08-30", "timestamp": "2026-08-30T14:01:00+07:00", "satelit": "NASA-NOAA20", "confidence": "Medium"}}, {"type": "Feature", "geometry": {"type": "Point", "coordinates": [110.75974, 0.01967]}, "properties": {"kab_kota": "SEKADAU", "kecamatan": "Sekadau Hilir", "desa": "Sungai Kunyit", "tanggal": "2026-08-30", "timestamp": "2026-08-30T14:01:00+07:00", "satelit": "NASA-NOAA20", "confidence": "Medium"}}, {"type": "Feature", "geometry": {"type": "Point", "coordinates": [110.95287, 0.02835]}, "properties": {"kab_kota": "SEKADAU", "kecamatan": "Sekadau Hilir", "desa": "Tanjung", "tanggal": "2026-08-09", "timestamp": "2026-08-09T13:57:00+07:00", "satelit": "NASA-NOAA20", "confidence": "Medium"}}, {"type": "Feature", "geometry": {"type": "Point", "coordinates": [111.12846, -0.01404]}, "properties": {"kab_kota": "SEKADAU", "kecamatan": "Sekadau Hilir", "desa": "Tapang Semadak", "tanggal": "2026-08-01", "timestamp": "2026-08-01T13:03:00+07:00", "satelit": "NASA-NOAA20", "confidence": "Medium"}}, {"type": "Feature", "geometry": {"type": "Point", "coordinates": [111.12797, -0.01074]}, "properties": {"kab_kota": "SEKADAU", "kecamatan": "Sekadau Hilir", "desa": "Tapang Semadak", "tanggal": "2026-08-01", "timestamp": "2026-08-01T13:03:00+07:00", "satelit": "NASA-NOAA20", "confidence": "Medium"}}, {"type": "Feature", "geometry": {"type": "Point", "coordinates": [110.91573, 0.1538]}, "properties": {"kab_kota": "SEKADAU", "kecamatan": "Sekadau Hilir", "desa": "Timpuk", "tanggal": "2026-08-01", "timestamp": "2026-08-01T13:03:00+07:00", "satelit": "NASA-NOAA20", "confidence": "Medium"}}, {"type": "Feature", "geometry": {"type": "Point", "coordinates": [110.92027, 0.15121]}, "properties": {"kab_kota": "SEKADAU", "kecamatan": "Sekadau Hilir", "desa": "Timpuk", "tanggal": "2026-08-02", "timestamp": "2026-08-02T12:46:00+07:00", "satelit": "NASA-NOAA20", "confidence": "Medium"}}, {"type": "Feature", "geometry": {"type": "Point", "coordinates": [110.92609, 0.16036]}, "properties": {"kab_kota": "SEKADAU", "kecamatan": "Sekadau Hilir", "desa": "Timpuk", "tanggal": "2026-08-02", "timestamp": "2026-08-02T12:46:00+07:00", "satelit": "NASA-NOAA20", "confidence": "Medium"}}, {"type": "Feature", "geometry": {"type": "Point", "coordinates": [110.91141, 0.1622]}, "properties": {"kab_kota": "SEKADAU", "kecamatan": "Sekadau Hilir", "desa": "Timpuk", "tanggal": "2026-08-02", "timestamp": "2026-08-02T12:46:00+07:00", "satelit": "NASA-NOAA20", "confidence": "Medium"}}, {"type": "Feature", "geometry": {"type": "Point", "coordinates": [110.89366, 0.18422]}, "properties": {"kab_kota": "SEKADAU", "kecamatan": "Sekadau Hilir", "desa": "Timpuk", "tanggal": "2026-08-02", "timestamp": "2026-08-02T12:46:00+07:00", "satelit": "NASA-NOAA20", "confidence": "Medium"}}, {"type": "Feature", "geometry": {"type": "Point", "coordinates": [110.92522, 0.15908]}, "properties": {"kab_kota": "SEKADAU", "kecamatan": "Sekadau Hilir", "desa": "Timpuk", "tanggal": "2026-08-03", "timestamp": "2026-08-03T12:27:00+07:00", "satelit": "NASA-NOAA20", "confidence": "Medium"}}, {"type": "Feature", "geometry": {"type": "Point", "coordinates": [110.92892, 0.15967]}, "properties": {"kab_kota": "SEKADAU", "kecamatan": "Sekadau Hilir", "desa": "Timpuk", "tanggal": "2026-08-03", "timestamp": "2026-08-03T12:27:00+07:00", "satelit": "NASA-NOAA20", "confidence": "Medium"}}, {"type": "Feature", "geometry": {"type": "Point", "coordinates": [110.92439, 0.16466]}, "properties": {"kab_kota": "SEKADAU", "kecamatan": "Sekadau Hilir", "desa": "Timpuk", "tanggal": "2026-08-03", "timestamp": "2026-08-03T12:27:00+07:00", "satelit": "NASA-NOAA20", "confidence": "Medium"}}, {"type": "Feature", "geometry": {"type": "Point", "coordinates": [110.92295, 0.14425]}, "properties": {"kab_kota": "SEKADAU", "kecamatan": "Sekadau Hilir", "desa": "Timpuk", "tanggal": "2026-08-04", "timestamp": "2026-08-04T13:48:00+07:00", "satelit": "NASA-NOAA20", "confidence": "Medium"}}, {"type": "Feature", "geometry": {"type": "Point", "coordinates": [110.92648, 0.15094]}, "properties": {"kab_kota": "SEKADAU", "kecamatan": "Sekadau Hilir", "desa": "Timpuk", "tanggal": "2026-08-04", "timestamp": "2026-08-04T13:48:00+07:00", "satelit": "NASA-NOAA20", "confidence": "Medium"}}, {"type": "Feature", "geometry": {"type": "Point", "coordinates": [110.91589, 0.16153]}, "properties": {"kab_kota": "SEKADAU", "kecamatan": "Sekadau Hilir", "desa": "Timpuk", "tanggal": "2026-08-04", "timestamp": "2026-08-04T13:48:00+07:00", "satelit": "NASA-NOAA20", "confidence": "Medium"}}, {"type": "Feature", "geometry": {"type": "Point", "coordinates": [110.91566, 0.16395]}, "properties": {"kab_kota": "SEKADAU", "kecamatan": "Sekadau Hilir", "desa": "Timpuk", "tanggal": "2026-08-04", "timestamp": "2026-08-04T13:50:00+07:00", "satelit": "NASA-NOAA20", "confidence": "Medium"}}, {"type": "Feature", "geometry": {"type": "Point", "coordinates": [110.93153, 0.20391]}, "properties": {"kab_kota": "SEKADAU", "kecamatan": "Sekadau Hilir", "desa": "Timpuk", "tanggal": "2026-08-05", "timestamp": "2026-08-05T13:29:00+07:00", "satelit": "NASA-NOAA20", "confidence": "Medium"}}, {"type": "Feature", "geometry": {"type": "Point", "coordinates": [110.94417, 0.20583]}, "properties": {"kab_kota": "SEKADAU", "kecamatan": "Sekadau Hilir", "desa": "Timpuk", "tanggal": "2026-08-05", "timestamp": "2026-08-05T13:29:00+07:00", "satelit": "NASA-NOAA20", "confidence": "Medium"}}, {"type": "Feature", "geometry": {"type": "Point", "coordinates": [110.91331, 0.15637]}, "properties": {"kab_kota": "SEKADAU", "kecamatan": "Sekadau Hilir", "desa": "Timpuk", "tanggal": "2026-08-06", "timestamp": "2026-08-06T13:12:00+07:00", "satelit": "NASA-NOAA20", "confidence": "Medium"}}, {"type": "Feature", "geometry": {"type": "Point", "coordinates": [110.90926, 0.15918]}, "properties": {"kab_kota": "SEKADAU", "kecamatan": "Sekadau Hilir", "desa": "Timpuk", "tanggal": "2026-08-06", "timestamp": "2026-08-06T13:12:00+07:00", "satelit": "NASA-NOAA20", "confidence": "Medium"}}, {"type": "Feature", "geometry": {"type": "Point", "coordinates": [110.93734, 0.22173]}, "properties": {"kab_kota": "SEKADAU", "kecamatan": "Sekadau Hilir", "desa": "Timpuk", "tanggal": "2026-08-07", "timestamp": "2026-08-07T12:53:00+07:00", "satelit": "NASA-NOAA20", "confidence": "Medium"}}, {"type": "Feature", "geometry": {"type": "Point", "coordinates": [110.92049, 0.17487]}, "properties": {"kab_kota": "SEKADAU", "kecamatan": "Sekadau Hilir", "desa": "Timpuk", "tanggal": "2026-08-09", "timestamp": "2026-08-09T13:57:00+07:00", "satelit": "NASA-NOAA20", "confidence": "Medium"}}, {"type": "Feature", "geometry": {"type": "Point", "coordinates": [110.91776, 0.17659]}, "properties": {"kab_kota": "SEKADAU", "kecamatan": "Sekadau Hilir", "desa": "Timpuk", "tanggal": "2026-08-09", "timestamp": "2026-08-09T13:57:00+07:00", "satelit": "NASA-NOAA20", "confidence": "Medium"}}, {"type": "Feature", "geometry": {"type": "Point", "coordinates": [110.9234, 0.1775]}, "properties": {"kab_kota": "SEKADAU", "kecamatan": "Sekadau Hilir", "desa": "Timpuk", "tanggal": "2026-08-09", "timestamp": "2026-08-09T13:57:00+07:00", "satelit": "NASA-NOAA20", "confidence": "Medium"}}, {"type": "Feature", "geometry": {"type": "Point", "coordinates": [110.93035, 0.22384]}, "properties": {"kab_kota": "SEKADAU", "kecamatan": "Sekadau Hilir", "desa": "Timpuk", "tanggal": "2026-08-09", "timestamp": "2026-08-09T13:57:00+07:00", "satelit": "NASA-NOAA20", "confidence": "Medium"}}, {"type": "Feature", "geometry": {"type": "Point", "coordinates": [110.9295, 0.23048]}, "properties": {"kab_kota": "SEKADAU", "kecamatan": "Sekadau Hilir", "desa": "Timpuk", "tanggal": "2026-08-09", "timestamp": "2026-08-09T13:57:00+07:00", "satelit": "NASA-NOAA20", "confidence": "Medium"}}, {"type": "Feature", "geometry": {"type": "Point", "coordinates": [110.93533, 0.2314]}, "properties": {"kab_kota": "SEKADAU", "kecamatan": "Sekadau Hilir", "desa": "Timpuk", "tanggal": "2026-08-09", "timestamp": "2026-08-09T13:57:00+07:00", "satelit": "NASA-NOAA20", "confidence": "Medium"}}, {"type": "Feature", "geometry": {"type": "Point", "coordinates": [110.97528, 0.14815]}, "properties": {"kab_kota": "SEKADAU", "kecamatan": "Sekadau Hilir", "desa": "Timpuk", "tanggal": "2026-08-10", "timestamp": "2026-08-10T13:35:00+07:00", "satelit": "NASA-NOAA20", "confidence": "Medium"}}, {"type": "Feature", "geometry": {"type": "Point", "coordinates": [110.91885, 0.18262]}, "properties": {"kab_kota": "SEKADAU", "kecamatan": "Sekadau Hilir", "desa": "Timpuk", "tanggal": "2026-08-10", "timestamp": "2026-08-10T13:35:00+07:00", "satelit": "NASA-NOAA20", "confidence": "Medium"}}, {"type": "Feature", "geometry": {"type": "Point", "coordinates": [110.90382, 0.2047]}, "properties": {"kab_kota": "SEKADAU", "kecamatan": "Sekadau Hilir", "desa": "Timpuk", "tanggal": "2026-08-12", "timestamp": "2026-08-12T12:57:00+07:00", "satelit": "NASA-NOAA20", "confidence": "Medium"}}, {"type": "Feature", "geometry": {"type": "Point", "coordinates": [110.92465, 0.16025]}, "properties": {"kab_kota": "SEKADAU", "kecamatan": "Sekadau Hilir", "desa": "Timpuk", "tanggal": "2026-08-15", "timestamp": "2026-08-15T13:44:00+07:00", "satelit": "NASA-NOAA20", "confidence": "Medium"}}, {"type": "Feature", "geometry": {"type": "Point", "coordinates": [110.90976, 0.21327]}, "properties": {"kab_kota": "SEKADAU", "kecamatan": "Sekadau Hilir", "desa": "Timpuk", "tanggal": "2026-08-15", "timestamp": "2026-08-15T13:44:00+07:00", "satelit": "NASA-NOAA20", "confidence": "Medium"}}, {"type": "Feature", "geometry": {"type": "Point", "coordinates": [110.91315, 0.2138]}, "properties": {"kab_kota": "SEKADAU", "kecamatan": "Sekadau Hilir", "desa": "Timpuk", "tanggal": "2026-08-15", "timestamp": "2026-08-15T13:44:00+07:00", "satelit": "NASA-NOAA20", "confidence": "Medium"}}, {"type": "Feature", "geometry": {"type": "Point", "coordinates": [110.91142, 0.18903]}, "properties": {"kab_kota": "SEKADAU", "kecamatan": "Sekadau Hilir", "desa": "Timpuk", "tanggal": "2026-08-19", "timestamp": "2026-08-19T12:27:00+07:00", "satelit": "NASA-NOAA20", "confidence": "Medium"}}, {"type": "Feature", "geometry": {"type": "Point", "coordinates": [110.90879, 0.19311]}, "properties": {"kab_kota": "SEKADAU", "kecamatan": "Sekadau Hilir", "desa": "Timpuk", "tanggal": "2026-08-19", "timestamp": "2026-08-19T12:27:00+07:00", "satelit": "NASA-NOAA20", "confidence": "Medium"}}, {"type": "Feature", "geometry": {"type": "Point", "coordinates": [110.93172, 0.22462]}, "properties": {"kab_kota": "SEKADAU", "kecamatan": "Sekadau Hilir", "desa": "Timpuk", "tanggal": "2026-08-22", "timestamp": "2026-08-22T13:12:00+07:00", "satelit": "NASA-NOAA20", "confidence": "Medium"}}, {"type": "Feature", "geometry": {"type": "Point", "coordinates": [110.9449, 0.20902]}, "properties": {"kab_kota": "SEKADAU", "kecamatan": "Sekadau Hilir", "desa": "Timpuk", "tanggal": "2026-08-31", "timestamp": "2026-08-31T13:44:00+07:00", "satelit": "NASA-NOAA20", "confidence": "Medium"}}, {"type": "Feature", "geometry": {"type": "Point", "coordinates": [110.97083, -0.12099]}, "properties": {"kab_kota": "SEKADAU", "kecamatan": "Sekadau Hulu", "desa": "Boti", "tanggal": "2026-08-21", "timestamp": "2026-08-21T13:29:00+07:00", "satelit": "NASA-NOAA20", "confidence": "Medium"}}, {"type": "Feature", "geometry": {"type": "Point", "coordinates": [110.91827, -0.09012]}, "properties": {"kab_kota": "SEKADAU", "kecamatan": "Sekadau Hulu", "desa": "Boti", "tanggal": "2026-08-30", "timestamp": "2026-08-30T12:23:00+07:00", "satelit": "NASA-NOAA20", "confidence": "Medium"}}, {"type": "Feature", "geometry": {"type": "Point", "coordinates": [110.92988, -0.13228]}, "properties": {"kab_kota": "SEKADAU", "kecamatan": "Sekadau Hulu", "desa": "Boti", "tanggal": "2026-08-31", "timestamp": "2026-08-31T13:44:00+07:00", "satelit": "NASA-NOAA20", "confidence": "Medium"}}, {"type": "Feature", "geometry": {"type": "Point", "coordinates": [110.96593, -0.1155]}, "properties": {"kab_kota": "SEKADAU", "kecamatan": "Sekadau Hulu", "desa": "Boti", "tanggal": "2026-08-31", "timestamp": "2026-08-31T13:44:00+07:00", "satelit": "NASA-NOAA20", "confidence": "Medium"}}, {"type": "Feature", "geometry": {"type": "Point", "coordinates": [110.97452, -0.1063]}, "properties": {"kab_kota": "SEKADAU", "kecamatan": "Sekadau Hulu", "desa": "Boti", "tanggal": "2026-08-31", "timestamp": "2026-08-31T13:44:00+07:00", "satelit": "NASA-NOAA20", "confidence": "Medium"}}, {"type": "Feature", "geometry": {"type": "Point", "coordinates": [110.97457, -0.10306]}, "properties": {"kab_kota": "SEKADAU", "kecamatan": "Sekadau Hulu", "desa": "Boti", "tanggal": "2026-08-31", "timestamp": "2026-08-31T13:44:00+07:00", "satelit": "NASA-NOAA20", "confidence": "Medium"}}, {"type": "Feature", "geometry": {"type": "Point", "coordinates": [110.95061, -0.2317]}, "properties": {"kab_kota": "SEKADAU", "kecamatan": "Sekadau Hulu", "desa": "Cupang Gading", "tanggal": "2026-08-02", "timestamp": "2026-08-02T12:46:00+07:00", "satelit": "NASA-NOAA20", "confidence": "Medium"}}, {"type": "Feature", "geometry": {"type": "Point", "coordinates": [110.89545, -0.20276]}, "properties": {"kab_kota": "SEKADAU", "kecamatan": "Sekadau Hulu", "desa": "Cupang Gading", "tanggal": "2026-08-02", "timestamp": "2026-08-02T12:46:00+07:00", "satelit": "NASA-NOAA20", "confidence": "Medium"}}, {"type": "Feature", "geometry": {"type": "Point", "coordinates": [110.89899, -0.20223]}, "properties": {"kab_kota": "SEKADAU", "kecamatan": "Sekadau Hulu", "desa": "Cupang Gading", "tanggal": "2026-08-02", "timestamp": "2026-08-02T12:46:00+07:00", "satelit": "NASA-NOAA20", "confidence": "Medium"}}, {"type": "Feature", "geometry": {"type": "Point", "coordinates": [110.86716, -0.21582]}, "properties": {"kab_kota": "SEKADAU", "kecamatan": "Sekadau Hulu", "desa": "Cupang Gading", "tanggal": "2026-08-04", "timestamp": "2026-08-04T13:48:00+07:00", "satelit": "NASA-NOAA20", "confidence": "Medium"}}, {"type": "Feature", "geometry": {"type": "Point", "coordinates": [110.91264, -0.24427]}, "properties": {"kab_kota": "SEKADAU", "kecamatan": "Sekadau Hulu", "desa": "Cupang Gading", "tanggal": "2026-08-05", "timestamp": "2026-08-05T13:29:00+07:00", "satelit": "NASA-NOAA20", "confidence": "Medium"}}, {"type": "Feature", "geometry": {"type": "Point", "coordinates": [110.92446, -0.23806]}, "properties": {"kab_kota": "SEKADAU", "kecamatan": "Sekadau Hulu", "desa": "Cupang Gading", "tanggal": "2026-08-05", "timestamp": "2026-08-05T13:29:00+07:00", "satelit": "NASA-NOAA20", "confidence": "Medium"}}, {"type": "Feature", "geometry": {"type": "Point", "coordinates": [110.9286, -0.23743]}, "properties": {"kab_kota": "SEKADAU", "kecamatan": "Sekadau Hulu", "desa": "Cupang Gading", "tanggal": "2026-08-05", "timestamp": "2026-08-05T13:29:00+07:00", "satelit": "NASA-NOAA20", "confidence": "Medium"}}, {"type": "Feature", "geometry": {"type": "Point", "coordinates": [110.91501, -0.23068]}, "properties": {"kab_kota": "SEKADAU", "kecamatan": "Sekadau Hulu", "desa": "Cupang Gading", "tanggal": "2026-08-05", "timestamp": "2026-08-05T13:29:00+07:00", "satelit": "NASA-NOAA20", "confidence": "Medium"}}, {"type": "Feature", "geometry": {"type": "Point", "coordinates": [110.86761, -0.22032]}, "properties": {"kab_kota": "SEKADAU", "kecamatan": "Sekadau Hulu", "desa": "Cupang Gading", "tanggal": "2026-08-05", "timestamp": "2026-08-05T13:29:00+07:00", "satelit": "NASA-NOAA20", "confidence": "Medium"}}, {"type": "Feature", "geometry": {"type": "Point", "coordinates": [110.91891, -0.23729]}, "properties": {"kab_kota": "SEKADAU", "kecamatan": "Sekadau Hulu", "desa": "Cupang Gading", "tanggal": "2026-08-06", "timestamp": "2026-08-06T13:12:00+07:00", "satelit": "NASA-NOAA20", "confidence": "Medium"}}, {"type": "Feature", "geometry": {"type": "Point", "coordinates": [110.93973, -0.2307]}, "properties": {"kab_kota": "SEKADAU", "kecamatan": "Sekadau Hulu", "desa": "Cupang Gading", "tanggal": "2026-08-06", "timestamp": "2026-08-06T13:12:00+07:00", "satelit": "NASA-NOAA20", "confidence": "Medium"}}, {"type": "Feature", "geometry": {"type": "Point", "coordinates": [110.90092, -0.23972]}, "properties": {"kab_kota": "SEKADAU", "kecamatan": "Sekadau Hulu", "desa": "Cupang Gading", "tanggal": "2026-08-09", "timestamp": "2026-08-09T13:57:00+07:00", "satelit": "NASA-NOAA20", "confidence": "Medium"}}, {"type": "Feature", "geometry": {"type": "Point", "coordinates": [110.89879, -0.23868]}, "properties": {"kab_kota": "SEKADAU", "kecamatan": "Sekadau Hulu", "desa": "Cupang Gading", "tanggal": "2026-08-09", "timestamp": "2026-08-09T13:57:00+07:00", "satelit": "NASA-NOAA20", "confidence": "Medium"}}, {"type": "Feature", "geometry": {"type": "Point", "coordinates": [110.90443, -0.23776]}, "properties": {"kab_kota": "SEKADAU", "kecamatan": "Sekadau Hulu", "desa": "Cupang Gading", "tanggal": "2026-08-09", "timestamp": "2026-08-09T13:57:00+07:00", "satelit": "NASA-NOAA20", "confidence": "Medium"}}, {"type": "Feature", "geometry": {"type": "Point", "coordinates": [110.90589, -0.23221]}, "properties": {"kab_kota": "SEKADAU", "kecamatan": "Sekadau Hulu", "desa": "Cupang Gading", "tanggal": "2026-08-09", "timestamp": "2026-08-09T13:57:00+07:00", "satelit": "NASA-NOAA20", "confidence": "Medium"}}, {"type": "Feature", "geometry": {"type": "Point", "coordinates": [110.90085, -0.23619]}, "properties": {"kab_kota": "SEKADAU", "kecamatan": "Sekadau Hulu", "desa": "Cupang Gading", "tanggal": "2026-08-10", "timestamp": "2026-08-10T13:35:00+07:00", "satelit": "NASA-NOAA20", "confidence": "Medium"}}, {"type": "Feature", "geometry": {"type": "Point", "coordinates": [110.90474, -0.22573]}, "properties": {"kab_kota": "SEKADAU", "kecamatan": "Sekadau Hulu", "desa": "Cupang Gading", "tanggal": "2026-08-10", "timestamp": "2026-08-10T13:35:00+07:00", "satelit": "NASA-NOAA20", "confidence": "Medium"}}, {"type": "Feature", "geometry": {"type": "Point", "coordinates": [110.90421, -0.23303]}, "properties": {"kab_kota": "SEKADAU", "kecamatan": "Sekadau Hulu", "desa": "Cupang Gading", "tanggal": "2026-08-11", "timestamp": "2026-08-11T13:18:00+07:00", "satelit": "NASA-NOAA20", "confidence": "Medium"}}, {"type": "Feature", "geometry": {"type": "Point", "coordinates": [110.90371, -0.22947]}, "properties": {"kab_kota": "SEKADAU", "kecamatan": "Sekadau Hulu", "desa": "Cupang Gading", "tanggal": "2026-08-11", "timestamp": "2026-08-11T13:18:00+07:00", "satelit": "NASA-NOAA20", "confidence": "Medium"}}, {"type": "Feature", "geometry": {"type": "Point", "coordinates": [110.86308, -0.20519]}, "properties": {"kab_kota": "SEKADAU", "kecamatan": "Sekadau Hulu", "desa": "Cupang Gading", "tanggal": "2026-08-15", "timestamp": "2026-08-15T01:02:00+07:00", "satelit": "NASA-NOAA20", "confidence": "Medium"}}, {"type": "Feature", "geometry": {"type": "Point", "coordinates": [110.89659, -0.23558]}, "properties": {"kab_kota": "SEKADAU", "kecamatan": "Sekadau Hulu", "desa": "Cupang Gading", "tanggal": "2026-08-16", "timestamp": "2026-08-16T13:25:00+07:00", "satelit": "NASA-NOAA20", "confidence": "Medium"}}, {"type": "Feature", "geometry": {"type": "Point", "coordinates": [110.88134, -0.23396]}, "properties": {"kab_kota": "SEKADAU", "kecamatan": "Sekadau Hulu", "desa": "Cupang Gading", "tanggal": "2026-08-16", "timestamp": "2026-08-16T13:25:00+07:00", "satelit": "NASA-NOAA20", "confidence": "Medium"}}, {"type": "Feature", "geometry": {"type": "Point", "coordinates": [110.91373, -0.26]}, "properties": {"kab_kota": "SEKADAU", "kecamatan": "Sekadau Hulu", "desa": "Cupang Gading", "tanggal": "2026-08-21", "timestamp": "2026-08-21T13:29:00+07:00", "satelit": "NASA-NOAA20", "confidence": "Medium"}}, {"type": "Feature", "geometry": {"type": "Point", "coordinates": [110.91114, -0.25405]}, "properties": {"kab_kota": "SEKADAU", "kecamatan": "Sekadau Hulu", "desa": "Cupang Gading", "tanggal": "2026-08-22", "timestamp": "2026-08-22T13:12:00+07:00", "satelit": "NASA-NOAA20", "confidence": "Medium"}}, {"type": "Feature", "geometry": {"type": "Point", "coordinates": [110.95416, -0.23116]}, "properties": {"kab_kota": "SEKADAU", "kecamatan": "Sekadau Hulu", "desa": "Mondi", "tanggal": "2026-08-02", "timestamp": "2026-08-02T12:46:00+07:00", "satelit": "NASA-NOAA20", "confidence": "Medium"}}, {"type": "Feature", "geometry": {"type": "Point", "coordinates": [110.95044, -0.20283]}, "properties": {"kab_kota": "SEKADAU", "kecamatan": "Sekadau Hulu", "desa": "Mondi", "tanggal": "2026-08-03", "timestamp": "2026-08-03T12:27:00+07:00", "satelit": "NASA-NOAA20", "confidence": "Medium"}}, {"type": "Feature", "geometry": {"type": "Point", "coordinates": [110.97595, -0.21693]}, "properties": {"kab_kota": "SEKADAU", "kecamatan": "Sekadau Hulu", "desa": "Mondi", "tanggal": "2026-08-05", "timestamp": "2026-08-05T13:29:00+07:00", "satelit": "NASA-NOAA20", "confidence": "Medium"}}, {"type": "Feature", "geometry": {"type": "Point", "coordinates": [110.94548, -0.20833]}, "properties": {"kab_kota": "SEKADAU", "kecamatan": "Sekadau Hulu", "desa": "Mondi", "tanggal": "2026-08-05", "timestamp": "2026-08-05T13:29:00+07:00", "satelit": "NASA-NOAA20", "confidence": "Medium"}}, {"type": "Feature", "geometry": {"type": "Point", "coordinates": [110.95509, -0.21408]}, "properties": {"kab_kota": "SEKADAU", "kecamatan": "Sekadau Hulu", "desa": "Mondi", "tanggal": "2026-08-06", "timestamp": "2026-08-06T00:30:00+07:00", "satelit": "NASA-NOAA20", "confidence": "Medium"}}, {"type": "Feature", "geometry": {"type": "Point", "coordinates": [111.01637, -0.24842]}, "properties": {"kab_kota": "SEKADAU", "kecamatan": "Sekadau Hulu", "desa": "Mondi", "tanggal": "2026-08-06", "timestamp": "2026-08-06T13:12:00+07:00", "satelit": "NASA-NOAA20", "confidence": "Medium"}}, {"type": "Feature", "geometry": {"type": "Point", "coordinates": [110.97983, -0.2315]}, "properties": {"kab_kota": "SEKADAU", "kecamatan": "Sekadau Hulu", "desa": "Mondi", "tanggal": "2026-08-06", "timestamp": "2026-08-06T13:12:00+07:00", "satelit": "NASA-NOAA20", "confidence": "Medium"}}, {"type": "Feature", "geometry": {"type": "Point", "coordinates": [110.956, -0.21793]}, "properties": {"kab_kota": "SEKADAU", "kecamatan": "Sekadau Hulu", "desa": "Mondi", "tanggal": "2026-08-06", "timestamp": "2026-08-06T13:12:00+07:00", "satelit": "NASA-NOAA20", "confidence": "Medium"}}, {"type": "Feature", "geometry": {"type": "Point", "coordinates": [111.02055, -0.24802]}, "properties": {"kab_kota": "SEKADAU", "kecamatan": "Sekadau Hulu", "desa": "Mondi", "tanggal": "2026-08-07", "timestamp": "2026-08-07T12:53:00+07:00", "satelit": "NASA-NOAA20", "confidence": "Medium"}}, {"type": "Feature", "geometry": {"type": "Point", "coordinates": [110.98899, -0.24156]}, "properties": {"kab_kota": "SEKADAU", "kecamatan": "Sekadau Hulu", "desa": "Mondi", "tanggal": "2026-08-07", "timestamp": "2026-08-07T12:53:00+07:00", "satelit": "NASA-NOAA20", "confidence": "Medium"}}, {"type": "Feature", "geometry": {"type": "Point", "coordinates": [110.94229, -0.22699]}, "properties": {"kab_kota": "SEKADAU", "kecamatan": "Sekadau Hulu", "desa": "Mondi", "tanggal": "2026-08-08", "timestamp": "2026-08-08T12:33:00+07:00", "satelit": "NASA-NOAA20", "confidence": "Medium"}}, {"type": "Feature", "geometry": {"type": "Point", "coordinates": [110.94519, -0.22654]}, "properties": {"kab_kota": "SEKADAU", "kecamatan": "Sekadau Hulu", "desa": "Mondi", "tanggal": "2026-08-08", "timestamp": "2026-08-08T12:33:00+07:00", "satelit": "NASA-NOAA20", "confidence": "Medium"}}, {"type": "Feature", "geometry": {"type": "Point", "coordinates": [110.94264, -0.21151]}, "properties": {"kab_kota": "SEKADAU", "kecamatan": "Sekadau Hulu", "desa": "Mondi", "tanggal": "2026-08-08", "timestamp": "2026-08-08T12:33:00+07:00", "satelit": "NASA-NOAA20", "confidence": "Medium"}}, {"type": "Feature", "geometry": {"type": "Point", "coordinates": [110.95129, -0.2102]}, "properties": {"kab_kota": "SEKADAU", "kecamatan": "Sekadau Hulu", "desa": "Mondi", "tanggal": "2026-08-08", "timestamp": "2026-08-08T12:33:00+07:00", "satelit": "NASA-NOAA20", "confidence": "Medium"}}, {"type": "Feature", "geometry": {"type": "Point", "coordinates": [111.01576, -0.24816]}, "properties": {"kab_kota": "SEKADAU", "kecamatan": "Sekadau Hulu", "desa": "Mondi", "tanggal": "2026-08-10", "timestamp": "2026-08-10T13:35:00+07:00", "satelit": "NASA-NOAA20", "confidence": "Medium"}}, {"type": "Feature", "geometry": {"type": "Point", "coordinates": [111.01785, -0.24651]}, "properties": {"kab_kota": "SEKADAU", "kecamatan": "Sekadau Hulu", "desa": "Mondi", "tanggal": "2026-08-10", "timestamp": "2026-08-10T13:35:00+07:00", "satelit": "NASA-NOAA20", "confidence": "Medium"}}, {"type": "Feature", "geometry": {"type": "Point", "coordinates": [110.96954, -0.22943]}, "properties": {"kab_kota": "SEKADAU", "kecamatan": "Sekadau Hulu", "desa": "Mondi", "tanggal": "2026-08-14", "timestamp": "2026-08-14T12:23:00+07:00", "satelit": "NASA-NOAA20", "confidence": "Medium"}}, {"type": "Feature", "geometry": {"type": "Point", "coordinates": [110.93365, -0.19038]}, "properties": {"kab_kota": "SEKADAU", "kecamatan": "Sekadau Hulu", "desa": "Mondi", "tanggal": "2026-08-15", "timestamp": "2026-08-15T13:42:00+07:00", "satelit": "NASA-NOAA20", "confidence": "Medium"}}, {"type": "Feature", "geometry": {"type": "Point", "coordinates": [111.01697, -0.23115]}, "properties": {"kab_kota": "SEKADAU", "kecamatan": "Sekadau Hulu", "desa": "Mondi", "tanggal": "2026-08-22", "timestamp": "2026-08-22T13:12:00+07:00", "satelit": "NASA-NOAA20", "confidence": "Medium"}}, {"type": "Feature", "geometry": {"type": "Point", "coordinates": [110.97153, -0.29134]}, "properties": {"kab_kota": "SEKADAU", "kecamatan": "Sekadau Hulu", "desa": "Nanga Biaban", "tanggal": "2026-08-02", "timestamp": "2026-08-02T12:46:00+07:00", "satelit": "NASA-NOAA20", "confidence": "Medium"}}, {"type": "Feature", "geometry": {"type": "Point", "coordinates": [110.97506, -0.29081]}, "properties": {"kab_kota": "SEKADAU", "kecamatan": "Sekadau Hulu", "desa": "Nanga Biaban", "tanggal": "2026-08-02", "timestamp": "2026-08-02T12:46:00+07:00", "satelit": "NASA-NOAA20", "confidence": "Medium"}}, {"type": "Feature", "geometry": {"type": "Point", "coordinates": [110.97409, -0.29012]}, "properties": {"kab_kota": "SEKADAU", "kecamatan": "Sekadau Hulu", "desa": "Nanga Biaban", "tanggal": "2026-08-02", "timestamp": "2026-08-02T12:46:00+07:00", "satelit": "NASA-NOAA20", "confidence": "Medium"}}, {"type": "Feature", "geometry": {"type": "Point", "coordinates": [110.96929, -0.2826]}, "properties": {"kab_kota": "SEKADAU", "kecamatan": "Sekadau Hulu", "desa": "Nanga Biaban", "tanggal": "2026-08-02", "timestamp": "2026-08-02T12:46:00+07:00", "satelit": "NASA-NOAA20", "confidence": "Medium"}}, {"type": "Feature", "geometry": {"type": "Point", "coordinates": [110.9519, -0.23978]}, "properties": {"kab_kota": "SEKADAU", "kecamatan": "Sekadau Hulu", "desa": "Nanga Biaban", "tanggal": "2026-08-02", "timestamp": "2026-08-02T12:46:00+07:00", "satelit": "NASA-NOAA20", "confidence": "Medium"}}, {"type": "Feature", "geometry": {"type": "Point", "coordinates": [110.95547, -0.23923]}, "properties": {"kab_kota": "SEKADAU", "kecamatan": "Sekadau Hulu", "desa": "Nanga Biaban", "tanggal": "2026-08-02", "timestamp": "2026-08-02T12:46:00+07:00", "satelit": "NASA-NOAA20", "confidence": "Medium"}}, {"type": "Feature", "geometry": {"type": "Point", "coordinates": [110.98978, -0.29033]}, "properties": {"kab_kota": "SEKADAU", "kecamatan": "Sekadau Hulu", "desa": "Nanga Biaban", "tanggal": "2026-08-06", "timestamp": "2026-08-06T13:10:00+07:00", "satelit": "NASA-NOAA20", "confidence": "Medium"}}, {"type": "Feature", "geometry": {"type": "Point", "coordinates": [110.94253, -0.24666]}, "properties": {"kab_kota": "SEKADAU", "kecamatan": "Sekadau Hulu", "desa": "Nanga Biaban", "tanggal": "2026-08-09", "timestamp": "2026-08-09T13:57:00+07:00", "satelit": "NASA-NOAA20", "confidence": "Medium"}}, {"type": "Feature", "geometry": {"type": "Point", "coordinates": [110.96452, -0.2897]}, "properties": {"kab_kota": "SEKADAU", "kecamatan": "Sekadau Hulu", "desa": "Nanga Biaban", "tanggal": "2026-08-10", "timestamp": "2026-08-10T13:35:00+07:00", "satelit": "NASA-NOAA20", "confidence": "Medium"}}, {"type": "Feature", "geometry": {"type": "Point", "coordinates": [110.95015, -0.24337]}, "properties": {"kab_kota": "SEKADAU", "kecamatan": "Sekadau Hulu", "desa": "Nanga Biaban", "tanggal": "2026-08-10", "timestamp": "2026-08-10T13:35:00+07:00", "satelit": "NASA-NOAA20", "confidence": "Medium"}}, {"type": "Feature", "geometry": {"type": "Point", "coordinates": [110.96465, -0.27374]}, "properties": {"kab_kota": "SEKADAU", "kecamatan": "Sekadau Hulu", "desa": "Nanga Biaban", "tanggal": "2026-08-16", "timestamp": "2026-08-16T13:25:00+07:00", "satelit": "NASA-NOAA20", "confidence": "Medium"}}, {"type": "Feature", "geometry": {"type": "Point", "coordinates": [110.96686, -0.27265]}, "properties": {"kab_kota": "SEKADAU", "kecamatan": "Sekadau Hulu", "desa": "Nanga Biaban", "tanggal": "2026-08-16", "timestamp": "2026-08-16T13:25:00+07:00", "satelit": "NASA-NOAA20", "confidence": "Medium"}}, {"type": "Feature", "geometry": {"type": "Point", "coordinates": [110.94003, -0.06985]}, "properties": {"kab_kota": "SEKADAU", "kecamatan": "Sekadau Hulu", "desa": "Nanga Menterap", "tanggal": "2026-08-01", "timestamp": "2026-08-01T13:03:00+07:00", "satelit": "NASA-NOAA20", "confidence": "Medium"}}, {"type": "Feature", "geometry": {"type": "Point", "coordinates": [110.93507, -0.06308]}, "properties": {"kab_kota": "SEKADAU", "kecamatan": "Sekadau Hulu", "desa": "Nanga Menterap", "tanggal": "2026-08-02", "timestamp": "2026-08-02T12:46:00+07:00", "satelit": "NASA-NOAA20", "confidence": "Medium"}}, {"type": "Feature", "geometry": {"type": "Point", "coordinates": [110.93587, -0.06135]}, "properties": {"kab_kota": "SEKADAU", "kecamatan": "Sekadau Hulu", "desa": "Nanga Menterap", "tanggal": "2026-08-04", "timestamp": "2026-08-04T13:48:00+07:00", "satelit": "NASA-NOAA20", "confidence": "Medium"}}, {"type": "Feature", "geometry": {"type": "Point", "coordinates": [111.02052, -0.05405]}, "properties": {"kab_kota": "SEKADAU", "kecamatan": "Sekadau Hulu", "desa": "Nanga Menterap", "tanggal": "2026-08-04", "timestamp": "2026-08-04T13:48:00+07:00", "satelit": "NASA-NOAA20", "confidence": "Medium"}}, {"type": "Feature", "geometry": {"type": "Point", "coordinates": [110.96124, -0.08442]}, "properties": {"kab_kota": "SEKADAU", "kecamatan": "Sekadau Hulu", "desa": "Nanga Menterap", "tanggal": "2026-08-06", "timestamp": "2026-08-06T13:12:00+07:00", "satelit": "NASA-NOAA20", "confidence": "Medium"}}, {"type": "Feature", "geometry": {"type": "Point", "coordinates": [110.9648, -0.08388]}, "properties": {"kab_kota": "SEKADAU", "kecamatan": "Sekadau Hulu", "desa": "Nanga Menterap", "tanggal": "2026-08-06", "timestamp": "2026-08-06T13:12:00+07:00", "satelit": "NASA-NOAA20", "confidence": "Medium"}}, {"type": "Feature", "geometry": {"type": "Point", "coordinates": [110.96583, -0.06652]}, "properties": {"kab_kota": "SEKADAU", "kecamatan": "Sekadau Hulu", "desa": "Nanga Menterap", "tanggal": "2026-08-06", "timestamp": "2026-08-06T13:12:00+07:00", "satelit": "NASA-NOAA20", "confidence": "Medium"}}, {"type": "Feature", "geometry": {"type": "Point", "coordinates": [110.93636, -0.06414]}, "properties": {"kab_kota": "SEKADAU", "kecamatan": "Sekadau Hulu", "desa": "Nanga Menterap", "tanggal": "2026-08-06", "timestamp": "2026-08-06T13:12:00+07:00", "satelit": "NASA-NOAA20", "confidence": "Medium"}}, {"type": "Feature", "geometry": {"type": "Point", "coordinates": [110.93586, -0.06078]}, "properties": {"kab_kota": "SEKADAU", "kecamatan": "Sekadau Hulu", "desa": "Nanga Menterap", "tanggal": "2026-08-06", "timestamp": "2026-08-06T13:12:00+07:00", "satelit": "NASA-NOAA20", "confidence": "Medium"}}, {"type": "Feature", "geometry": {"type": "Point", "coordinates": [110.96587, -0.07387]}, "properties": {"kab_kota": "SEKADAU", "kecamatan": "Sekadau Hulu", "desa": "Nanga Menterap", "tanggal": "2026-08-10", "timestamp": "2026-08-10T13:35:00+07:00", "satelit": "NASA-NOAA20", "confidence": "Medium"}}, {"type": "Feature", "geometry": {"type": "Point", "coordinates": [110.96514, -0.06903]}, "properties": {"kab_kota": "SEKADAU", "kecamatan": "Sekadau Hulu", "desa": "Nanga Menterap", "tanggal": "2026-08-10", "timestamp": "2026-08-10T13:35:00+07:00", "satelit": "NASA-NOAA20", "confidence": "Medium"}}, {"type": "Feature", "geometry": {"type": "Point", "coordinates": [110.95862, -0.07236]}, "properties": {"kab_kota": "SEKADAU", "kecamatan": "Sekadau Hulu", "desa": "Nanga Menterap", "tanggal": "2026-08-11", "timestamp": "2026-08-11T13:18:00+07:00", "satelit": "NASA-NOAA20", "confidence": "Medium"}}, {"type": "Feature", "geometry": {"type": "Point", "coordinates": [110.95335, -0.0707]}, "properties": {"kab_kota": "SEKADAU", "kecamatan": "Sekadau Hulu", "desa": "Nanga Menterap", "tanggal": "2026-08-16", "timestamp": "2026-08-16T13:25:00+07:00", "satelit": "NASA-NOAA20", "confidence": "Medium"}}, {"type": "Feature", "geometry": {"type": "Point", "coordinates": [110.9377, -0.06267]}, "properties": {"kab_kota": "SEKADAU", "kecamatan": "Sekadau Hulu", "desa": "Nanga Menterap", "tanggal": "2026-08-18", "timestamp": "2026-08-18T12:46:00+07:00", "satelit": "NASA-NOAA20", "confidence": "Medium"}}, {"type": "Feature", "geometry": {"type": "Point", "coordinates": [110.97969, -0.06626]}, "properties": {"kab_kota": "SEKADAU", "kecamatan": "Sekadau Hulu", "desa": "Nanga Menterap", "tanggal": "2026-08-21", "timestamp": "2026-08-21T13:29:00+07:00", "satelit": "NASA-NOAA20", "confidence": "Medium"}}, {"type": "Feature", "geometry": {"type": "Point", "coordinates": [110.92305, -0.08938]}, "properties": {"kab_kota": "SEKADAU", "kecamatan": "Sekadau Hulu", "desa": "Nanga Menterap", "tanggal": "2026-08-30", "timestamp": "2026-08-30T12:23:00+07:00", "satelit": "NASA-NOAA20", "confidence": "Medium"}}, {"type": "Feature", "geometry": {"type": "Point", "coordinates": [110.94593, -0.05541]}, "properties": {"kab_kota": "SEKADAU", "kecamatan": "Sekadau Hulu", "desa": "Nanga Menterap", "tanggal": "2026-08-31", "timestamp": "2026-08-31T13:44:00+07:00", "satelit": "NASA-NOAA20", "confidence": "Medium"}}, {"type": "Feature", "geometry": {"type": "Point", "coordinates": [110.94935, -0.05488]}, "properties": {"kab_kota": "SEKADAU", "kecamatan": "Sekadau Hulu", "desa": "Nanga Menterap", "tanggal": "2026-08-31", "timestamp": "2026-08-31T13:44:00+07:00", "satelit": "NASA-NOAA20", "confidence": "Medium"}}, {"type": "Feature", "geometry": {"type": "Point", "coordinates": [110.9768, -0.0506]}, "properties": {"kab_kota": "SEKADAU", "kecamatan": "Sekadau Hulu", "desa": "Nanga Menterap", "tanggal": "2026-08-31", "timestamp": "2026-08-31T13:44:00+07:00", "satelit": "NASA-NOAA20", "confidence": "Medium"}}, {"type": "Feature", "geometry": {"type": "Point", "coordinates": [110.98024, -0.05006]}, "properties": {"kab_kota": "SEKADAU", "kecamatan": "Sekadau Hulu", "desa": "Nanga Menterap", "tanggal": "2026-08-31", "timestamp": "2026-08-31T13:44:00+07:00", "satelit": "NASA-NOAA20", "confidence": "Medium"}}, {"type": "Feature", "geometry": {"type": "Point", "coordinates": [111.06199, -0.13681]}, "properties": {"kab_kota": "SEKADAU", "kecamatan": "Sekadau Hulu", "desa": "Nanga Pembubuh", "tanggal": "2026-08-05", "timestamp": "2026-08-05T13:29:00+07:00", "satelit": "NASA-NOAA20", "confidence": "Medium"}}, {"type": "Feature", "geometry": {"type": "Point", "coordinates": [111.06892, -0.15095]}, "properties": {"kab_kota": "SEKADAU", "kecamatan": "Sekadau Hulu", "desa": "Nanga Pembubuh", "tanggal": "2026-08-23", "timestamp": "2026-08-23T12:53:00+07:00", "satelit": "NASA-NOAA20", "confidence": "Medium"}}, {"type": "Feature", "geometry": {"type": "Point", "coordinates": [111.06491, -0.15305]}, "properties": {"kab_kota": "SEKADAU", "kecamatan": "Sekadau Hulu", "desa": "Nanga Pembubuh", "tanggal": "2026-08-29", "timestamp": "2026-08-29T12:40:00+07:00", "satelit": "NASA-NOAA20", "confidence": "Medium"}}, {"type": "Feature", "geometry": {"type": "Point", "coordinates": [111.0645, -0.15165]}, "properties": {"kab_kota": "SEKADAU", "kecamatan": "Sekadau Hulu", "desa": "Nanga Pembubuh", "tanggal": "2026-08-29", "timestamp": "2026-08-29T12:40:00+07:00", "satelit": "NASA-NOAA20", "confidence": "Medium"}}, {"type": "Feature", "geometry": {"type": "Point", "coordinates": [110.88499, -0.07824]}, "properties": {"kab_kota": "SEKADAU", "kecamatan": "Sekadau Hulu", "desa": "Perongkan", "tanggal": "2026-08-01", "timestamp": "2026-08-01T13:03:00+07:00", "satelit": "NASA-NOAA20", "confidence": "Medium"}}, {"type": "Feature", "geometry": {"type": "Point", "coordinates": [110.91396, -0.06028]}, "properties": {"kab_kota": "SEKADAU", "kecamatan": "Sekadau Hulu", "desa": "Perongkan", "tanggal": "2026-08-01", "timestamp": "2026-08-01T13:03:00+07:00", "satelit": "NASA-NOAA20", "confidence": "Medium"}}, {"type": "Feature", "geometry": {"type": "Point", "coordinates": [110.87518, -0.10676]}, "properties": {"kab_kota": "SEKADAU", "kecamatan": "Sekadau Hulu", "desa": "Perongkan", "tanggal": "2026-08-05", "timestamp": "2026-08-05T13:29:00+07:00", "satelit": "NASA-NOAA20", "confidence": "Medium"}}, {"type": "Feature", "geometry": {"type": "Point", "coordinates": [110.86938, -0.10185]}, "properties": {"kab_kota": "SEKADAU", "kecamatan": "Sekadau Hulu", "desa": "Perongkan", "tanggal": "2026-08-06", "timestamp": "2026-08-06T13:12:00+07:00", "satelit": "NASA-NOAA20", "confidence": "Medium"}}, {"type": "Feature", "geometry": {"type": "Point", "coordinates": [110.88815, -0.08182]}, "properties": {"kab_kota": "SEKADAU", "kecamatan": "Sekadau Hulu", "desa": "Perongkan", "tanggal": "2026-08-06", "timestamp": "2026-08-06T13:12:00+07:00", "satelit": "NASA-NOAA20", "confidence": "Medium"}}, {"type": "Feature", "geometry": {"type": "Point", "coordinates": [110.86584, -0.07836]}, "properties": {"kab_kota": "SEKADAU", "kecamatan": "Sekadau Hulu", "desa": "Perongkan", "tanggal": "2026-08-06", "timestamp": "2026-08-06T13:12:00+07:00", "satelit": "NASA-NOAA20", "confidence": "Medium"}}, {"type": "Feature", "geometry": {"type": "Point", "coordinates": [110.90684, -0.06425]}, "properties": {"kab_kota": "SEKADAU", "kecamatan": "Sekadau Hulu", "desa": "Perongkan", "tanggal": "2026-08-10", "timestamp": "2026-08-10T13:35:00+07:00", "satelit": "NASA-NOAA20", "confidence": "Medium"}}, {"type": "Feature", "geometry": {"type": "Point", "coordinates": [110.85284, -0.08143]}, "properties": {"kab_kota": "SEKADAU", "kecamatan": "Sekadau Hulu", "desa": "Perongkan", "tanggal": "2026-08-11", "timestamp": "2026-08-11T13:18:00+07:00", "satelit": "NASA-NOAA20", "confidence": "Medium"}}, {"type": "Feature", "geometry": {"type": "Point", "coordinates": [110.91578, -0.0739]}, "properties": {"kab_kota": "SEKADAU", "kecamatan": "Sekadau Hulu", "desa": "Perongkan", "tanggal": "2026-08-12", "timestamp": "2026-08-12T12:57:00+07:00", "satelit": "NASA-NOAA20", "confidence": "Medium"}}, {"type": "Feature", "geometry": {"type": "Point", "coordinates": [110.88601, -0.07885]}, "properties": {"kab_kota": "SEKADAU", "kecamatan": "Sekadau Hulu", "desa": "Perongkan", "tanggal": "2026-08-18", "timestamp": "2026-08-18T12:46:00+07:00", "satelit": "NASA-NOAA20", "confidence": "Medium"}}, {"type": "Feature", "geometry": {"type": "Point", "coordinates": [110.88955, -0.07831]}, "properties": {"kab_kota": "SEKADAU", "kecamatan": "Sekadau Hulu", "desa": "Perongkan", "tanggal": "2026-08-18", "timestamp": "2026-08-18T12:46:00+07:00", "satelit": "NASA-NOAA20", "confidence": "Medium"}}, {"type": "Feature", "geometry": {"type": "Point", "coordinates": [110.91122, -0.07194]}, "properties": {"kab_kota": "SEKADAU", "kecamatan": "Sekadau Hulu", "desa": "Perongkan", "tanggal": "2026-08-20", "timestamp": "2026-08-20T13:50:00+07:00", "satelit": "NASA-NOAA20", "confidence": "Medium"}}, {"type": "Feature", "geometry": {"type": "Point", "coordinates": [110.91363, -0.07666]}, "properties": {"kab_kota": "SEKADAU", "kecamatan": "Sekadau Hulu", "desa": "Perongkan", "tanggal": "2026-08-21", "timestamp": "2026-08-21T13:29:00+07:00", "satelit": "NASA-NOAA20", "confidence": "Medium"}}, {"type": "Feature", "geometry": {"type": "Point", "coordinates": [110.90005, -0.06994]}, "properties": {"kab_kota": "SEKADAU", "kecamatan": "Sekadau Hulu", "desa": "Perongkan", "tanggal": "2026-08-21", "timestamp": "2026-08-21T13:29:00+07:00", "satelit": "NASA-NOAA20", "confidence": "Medium"}}, {"type": "Feature", "geometry": {"type": "Point", "coordinates": [110.90417, -0.0693]}, "properties": {"kab_kota": "SEKADAU", "kecamatan": "Sekadau Hulu", "desa": "Perongkan", "tanggal": "2026-08-21", "timestamp": "2026-08-21T13:29:00+07:00", "satelit": "NASA-NOAA20", "confidence": "Medium"}}, {"type": "Feature", "geometry": {"type": "Point", "coordinates": [110.89896, -0.06832]}, "properties": {"kab_kota": "SEKADAU", "kecamatan": "Sekadau Hulu", "desa": "Perongkan", "tanggal": "2026-08-21", "timestamp": "2026-08-21T13:29:00+07:00", "satelit": "NASA-NOAA20", "confidence": "Medium"}}, {"type": "Feature", "geometry": {"type": "Point", "coordinates": [110.89526, -0.08274]}, "properties": {"kab_kota": "SEKADAU", "kecamatan": "Sekadau Hulu", "desa": "Perongkan", "tanggal": "2026-08-22", "timestamp": "2026-08-22T13:12:00+07:00", "satelit": "NASA-NOAA20", "confidence": "Medium"}}, {"type": "Feature", "geometry": {"type": "Point", "coordinates": [110.89344, -0.11719]}, "properties": {"kab_kota": "SEKADAU", "kecamatan": "Sekadau Hulu", "desa": "Rawak Hilir", "tanggal": "2026-08-05", "timestamp": "2026-08-05T13:29:00+07:00", "satelit": "NASA-NOAA20", "confidence": "Medium"}}, {"type": "Feature", "geometry": {"type": "Point", "coordinates": [110.87925, -0.10613]}, "properties": {"kab_kota": "SEKADAU", "kecamatan": "Sekadau Hulu", "desa": "Rawak Hilir", "tanggal": "2026-08-05", "timestamp": "2026-08-05T13:29:00+07:00", "satelit": "NASA-NOAA20", "confidence": "Medium"}}, {"type": "Feature", "geometry": {"type": "Point", "coordinates": [110.8876, -0.12654]}, "properties": {"kab_kota": "SEKADAU", "kecamatan": "Sekadau Hulu", "desa": "Rawak Hilir", "tanggal": "2026-08-06", "timestamp": "2026-08-06T13:12:00+07:00", "satelit": "NASA-NOAA20", "confidence": "Medium"}}, {"type": "Feature", "geometry": {"type": "Point", "coordinates": [110.88297, -0.11232]}, "properties": {"kab_kota": "SEKADAU", "kecamatan": "Sekadau Hulu", "desa": "Rawak Hilir", "tanggal": "2026-08-07", "timestamp": "2026-08-07T12:53:00+07:00", "satelit": "NASA-NOAA20", "confidence": "Medium"}}, {"type": "Feature", "geometry": {"type": "Point", "coordinates": [110.89183, -0.12808]}, "properties": {"kab_kota": "SEKADAU", "kecamatan": "Sekadau Hulu", "desa": "Rawak Hilir", "tanggal": "2026-08-16", "timestamp": "2026-08-16T13:25:00+07:00", "satelit": "NASA-NOAA20", "confidence": "Medium"}}, {"type": "Feature", "geometry": {"type": "Point", "coordinates": [110.85232, -0.12939]}, "properties": {"kab_kota": "SEKADAU", "kecamatan": "Sekadau Hulu", "desa": "Rawak Hulu", "tanggal": "2026-08-04", "timestamp": "2026-08-04T13:48:00+07:00", "satelit": "NASA-NOAA20", "confidence": "Medium"}}, {"type": "Feature", "geometry": {"type": "Point", "coordinates": [110.86928, -0.16934]}, "properties": {"kab_kota": "SEKADAU", "kecamatan": "Sekadau Hulu", "desa": "Rawak Hulu", "tanggal": "2026-08-31", "timestamp": "2026-08-31T13:44:00+07:00", "satelit": "NASA-NOAA20", "confidence": "Medium"}}, {"type": "Feature", "geometry": {"type": "Point", "coordinates": [110.8727, -0.1688]}, "properties": {"kab_kota": "SEKADAU", "kecamatan": "Sekadau Hulu", "desa": "Rawak Hulu", "tanggal": "2026-08-31", "timestamp": "2026-08-31T13:44:00+07:00", "satelit": "NASA-NOAA20", "confidence": "Medium"}}, {"type": "Feature", "geometry": {"type": "Point", "coordinates": [110.8018, -0.19945]}, "properties": {"kab_kota": "SEKADAU", "kecamatan": "Sekadau Hulu", "desa": "Sekonau", "tanggal": "2026-08-01", "timestamp": "2026-08-01T13:03:00+07:00", "satelit": "NASA-NOAA20", "confidence": "Medium"}}, {"type": "Feature", "geometry": {"type": "Point", "coordinates": [110.80475, -0.19562]}, "properties": {"kab_kota": "SEKADAU", "kecamatan": "Sekadau Hulu", "desa": "Sekonau", "tanggal": "2026-08-01", "timestamp": "2026-08-01T13:03:00+07:00", "satelit": "NASA-NOAA20", "confidence": "Medium"}}, {"type": "Feature", "geometry": {"type": "Point", "coordinates": [110.81587, -0.17754]}, "properties": {"kab_kota": "SEKADAU", "kecamatan": "Sekadau Hulu", "desa": "Sekonau", "tanggal": "2026-08-06", "timestamp": "2026-08-06T13:12:00+07:00", "satelit": "NASA-NOAA20", "confidence": "Medium"}}, {"type": "Feature", "geometry": {"type": "Point", "coordinates": [110.80721, -0.19794]}, "properties": {"kab_kota": "SEKADAU", "kecamatan": "Sekadau Hulu", "desa": "Sekonau", "tanggal": "2026-08-16", "timestamp": "2026-08-16T13:25:00+07:00", "satelit": "NASA-NOAA20", "confidence": "Medium"}}, {"type": "Feature", "geometry": {"type": "Point", "coordinates": [110.82481, -0.14958]}, "properties": {"kab_kota": "SEKADAU", "kecamatan": "Sekadau Hulu", "desa": "Sekonau", "tanggal": "2026-08-20", "timestamp": "2026-08-20T13:50:00+07:00", "satelit": "NASA-NOAA20", "confidence": "Medium"}}, {"type": "Feature", "geometry": {"type": "Point", "coordinates": [110.82162, -0.15261]}, "properties": {"kab_kota": "SEKADAU", "kecamatan": "Sekadau Hulu", "desa": "Sekonau", "tanggal": "2026-08-31", "timestamp": "2026-08-31T01:02:00+07:00", "satelit": "NASA-NOAA20", "confidence": "Medium"}}, {"type": "Feature", "geometry": {"type": "Point", "coordinates": [111.02589, -0.12127]}, "properties": {"kab_kota": "SEKADAU", "kecamatan": "Sekadau Hulu", "desa": "Setawar", "tanggal": "2026-08-01", "timestamp": "2026-08-01T13:03:00+07:00", "satelit": "NASA-NOAA20", "confidence": "Medium"}}, {"type": "Feature", "geometry": {"type": "Point", "coordinates": [111.03668, -0.12265]}, "properties": {"kab_kota": "SEKADAU", "kecamatan": "Sekadau Hulu", "desa": "Setawar", "tanggal": "2026-08-20", "timestamp": "2026-08-20T13:50:00+07:00", "satelit": "NASA-NOAA20", "confidence": "Medium"}}, {"type": "Feature", "geometry": {"type": "Point", "coordinates": [110.9952, -0.14981]}, "properties": {"kab_kota": "SEKADAU", "kecamatan": "Sekadau Hulu", "desa": "Setawar", "tanggal": "2026-08-21", "timestamp": "2026-08-21T13:29:00+07:00", "satelit": "NASA-NOAA20", "confidence": "Medium"}}, {"type": "Feature", "geometry": {"type": "Point", "coordinates": [110.99575, -0.1483]}, "properties": {"kab_kota": "SEKADAU", "kecamatan": "Sekadau Hulu", "desa": "Setawar", "tanggal": "2026-08-21", "timestamp": "2026-08-21T13:29:00+07:00", "satelit": "NASA-NOAA20", "confidence": "Medium"}}, {"type": "Feature", "geometry": {"type": "Point", "coordinates": [111.02451, -0.14515]}, "properties": {"kab_kota": "SEKADAU", "kecamatan": "Sekadau Hulu", "desa": "Setawar", "tanggal": "2026-08-21", "timestamp": "2026-08-21T13:29:00+07:00", "satelit": "NASA-NOAA20", "confidence": "Medium"}}, {"type": "Feature", "geometry": {"type": "Point", "coordinates": [111.03547, -0.09767]}, "properties": {"kab_kota": "SEKADAU", "kecamatan": "Sekadau Hulu", "desa": "Setawar", "tanggal": "2026-08-21", "timestamp": "2026-08-21T13:29:00+07:00", "satelit": "NASA-NOAA20", "confidence": "Medium"}}, {"type": "Feature", "geometry": {"type": "Point", "coordinates": [111.04796, -0.08006]}, "properties": {"kab_kota": "SEKADAU", "kecamatan": "Sekadau Hulu", "desa": "Setawar", "tanggal": "2026-08-22", "timestamp": "2026-08-22T13:12:00+07:00", "satelit": "NASA-NOAA20", "confidence": "Medium"}}, {"type": "Feature", "geometry": {"type": "Point", "coordinates": [111.024, -0.06649]}, "properties": {"kab_kota": "SEKADAU", "kecamatan": "Sekadau Hulu", "desa": "Setawar", "tanggal": "2026-08-22", "timestamp": "2026-08-22T13:12:00+07:00", "satelit": "NASA-NOAA20", "confidence": "Medium"}}, {"type": "Feature", "geometry": {"type": "Point", "coordinates": [111.00195, -0.13142]}, "properties": {"kab_kota": "SEKADAU", "kecamatan": "Sekadau Hulu", "desa": "Setawar", "tanggal": "2026-08-24", "timestamp": "2026-08-24T12:33:00+07:00", "satelit": "NASA-NOAA20", "confidence": "Medium"}}, {"type": "Feature", "geometry": {"type": "Point", "coordinates": [111.00481, -0.13098]}, "properties": {"kab_kota": "SEKADAU", "kecamatan": "Sekadau Hulu", "desa": "Setawar", "tanggal": "2026-08-24", "timestamp": "2026-08-24T12:33:00+07:00", "satelit": "NASA-NOAA20", "confidence": "Medium"}}, {"type": "Feature", "geometry": {"type": "Point", "coordinates": [110.99799, -0.16952]}, "properties": {"kab_kota": "SEKADAU", "kecamatan": "Sekadau Hulu", "desa": "Sungaisambang", "tanggal": "2026-08-01", "timestamp": "2026-08-01T13:03:00+07:00", "satelit": "NASA-NOAA20", "confidence": "Medium"}}, {"type": "Feature", "geometry": {"type": "Point", "coordinates": [110.91735, -0.15764]}, "properties": {"kab_kota": "SEKADAU", "kecamatan": "Sekadau Hulu", "desa": "Sungaisambang", "tanggal": "2026-08-12", "timestamp": "2026-08-12T12:57:00+07:00", "satelit": "NASA-NOAA20", "confidence": "Medium"}}, {"type": "Feature", "geometry": {"type": "Point", "coordinates": [110.9772, -0.18346]}, "properties": {"kab_kota": "SEKADAU", "kecamatan": "Sekadau Hulu", "desa": "Sungaisambang", "tanggal": "2026-08-20", "timestamp": "2026-08-20T13:50:00+07:00", "satelit": "NASA-NOAA20", "confidence": "Medium"}}, {"type": "Feature", "geometry": {"type": "Point", "coordinates": [110.94973, -0.17906]}, "properties": {"kab_kota": "SEKADAU", "kecamatan": "Sekadau Hulu", "desa": "Sungaisambang", "tanggal": "2026-08-20", "timestamp": "2026-08-20T13:50:00+07:00", "satelit": "NASA-NOAA20", "confidence": "Medium"}}, {"type": "Feature", "geometry": {"type": "Point", "coordinates": [110.95331, -0.17239]}, "properties": {"kab_kota": "SEKADAU", "kecamatan": "Sekadau Hulu", "desa": "Sungaisambang", "tanggal": "2026-08-20", "timestamp": "2026-08-20T13:50:00+07:00", "satelit": "NASA-NOAA20", "confidence": "Medium"}}, {"type": "Feature", "geometry": {"type": "Point", "coordinates": [110.95266, -0.169]}, "properties": {"kab_kota": "SEKADAU", "kecamatan": "Sekadau Hulu", "desa": "Sungaisambang", "tanggal": "2026-08-20", "timestamp": "2026-08-20T13:50:00+07:00", "satelit": "NASA-NOAA20", "confidence": "Medium"}}, {"type": "Feature", "geometry": {"type": "Point", "coordinates": [110.98804, -0.18652]}, "properties": {"kab_kota": "SEKADAU", "kecamatan": "Sekadau Hulu", "desa": "Sungaisambang", "tanggal": "2026-08-21", "timestamp": "2026-08-21T13:29:00+07:00", "satelit": "NASA-NOAA20", "confidence": "Medium"}}, {"type": "Feature", "geometry": {"type": "Point", "coordinates": [110.93752, -0.15269]}, "properties": {"kab_kota": "SEKADAU", "kecamatan": "Sekadau Hulu", "desa": "Sungaisambang", "tanggal": "2026-08-21", "timestamp": "2026-08-21T13:29:00+07:00", "satelit": "NASA-NOAA20", "confidence": "Medium"}}, {"type": "Feature", "geometry": {"type": "Point", "coordinates": [110.96229, -0.14893]}, "properties": {"kab_kota": "SEKADAU", "kecamatan": "Sekadau Hulu", "desa": "Sungaisambang", "tanggal": "2026-08-21", "timestamp": "2026-08-21T13:29:00+07:00", "satelit": "NASA-NOAA20", "confidence": "Medium"}}, {"type": "Feature", "geometry": {"type": "Point", "coordinates": [110.91155, -0.14779]}, "properties": {"kab_kota": "SEKADAU", "kecamatan": "Sekadau Hulu", "desa": "Sungaisambang", "tanggal": "2026-08-21", "timestamp": "2026-08-21T13:29:00+07:00", "satelit": "NASA-NOAA20", "confidence": "Medium"}}, {"type": "Feature", "geometry": {"type": "Point", "coordinates": [110.98047, -0.15758]}, "properties": {"kab_kota": "SEKADAU", "kecamatan": "Sekadau Hulu", "desa": "Sungaisambang", "tanggal": "2026-08-22", "timestamp": "2026-08-22T13:12:00+07:00", "satelit": "NASA-NOAA20", "confidence": "Medium"}}, {"type": "Feature", "geometry": {"type": "Point", "coordinates": [110.98923, -0.18013]}, "properties": {"kab_kota": "SEKADAU", "kecamatan": "Sekadau Hulu", "desa": "Sungaisambang", "tanggal": "2026-08-26", "timestamp": "2026-08-26T13:35:00+07:00", "satelit": "NASA-NOAA20", "confidence": "Medium"}}, {"type": "Feature", "geometry": {"type": "Point", "coordinates": [110.98195, -0.16644]}, "properties": {"kab_kota": "SEKADAU", "kecamatan": "Sekadau Hulu", "desa": "Sungaisambang", "tanggal": "2026-08-28", "timestamp": "2026-08-28T12:59:00+07:00", "satelit": "NASA-NOAA20", "confidence": "Medium"}}, {"type": "Feature", "geometry": {"type": "Point", "coordinates": [111.01788, -0.35453]}, "properties": {"kab_kota": "SEKADAU", "kecamatan": "Sekadau Hulu", "desa": "Sunsong", "tanggal": "2026-08-02", "timestamp": "2026-08-02T12:46:00+07:00", "satelit": "NASA-NOAA20", "confidence": "Medium"}}, {"type": "Feature", "geometry": {"type": "Point", "coordinates": [111.02694, -0.34171]}, "properties": {"kab_kota": "SEKADAU", "kecamatan": "Sekadau Hulu", "desa": "Sunsong", "tanggal": "2026-08-06", "timestamp": "2026-08-06T13:10:00+07:00", "satelit": "NASA-NOAA20", "confidence": "Medium"}}, {"type": "Feature", "geometry": {"type": "Point", "coordinates": [111.03049, -0.31385]}, "properties": {"kab_kota": "SEKADAU", "kecamatan": "Sekadau Hulu", "desa": "Sunsong", "tanggal": "2026-08-07", "timestamp": "2026-08-07T12:53:00+07:00", "satelit": "NASA-NOAA20", "confidence": "Medium"}}, {"type": "Feature", "geometry": {"type": "Point", "coordinates": [111.0294, -0.31379]}, "properties": {"kab_kota": "SEKADAU", "kecamatan": "Sekadau Hulu", "desa": "Sunsong", "tanggal": "2026-08-07", "timestamp": "2026-08-07T12:53:00+07:00", "satelit": "NASA-NOAA20", "confidence": "Medium"}}, {"type": "Feature", "geometry": {"type": "Point", "coordinates": [111.00736, -0.30429]}, "properties": {"kab_kota": "SEKADAU", "kecamatan": "Sekadau Hulu", "desa": "Sunsong", "tanggal": "2026-08-08", "timestamp": "2026-08-08T12:33:00+07:00", "satelit": "NASA-NOAA20", "confidence": "Medium"}}, {"type": "Feature", "geometry": {"type": "Point", "coordinates": [111.00784, -0.30415]}, "properties": {"kab_kota": "SEKADAU", "kecamatan": "Sekadau Hulu", "desa": "Sunsong", "tanggal": "2026-08-08", "timestamp": "2026-08-08T12:33:00+07:00", "satelit": "NASA-NOAA20", "confidence": "Medium"}}, {"type": "Feature", "geometry": {"type": "Point", "coordinates": [111.02087, -0.327]}, "properties": {"kab_kota": "SEKADAU", "kecamatan": "Sekadau Hulu", "desa": "Sunsong", "tanggal": "2026-08-09", "timestamp": "2026-08-09T13:57:00+07:00", "satelit": "NASA-NOAA20", "confidence": "Medium"}}, {"type": "Feature", "geometry": {"type": "Point", "coordinates": [111.02232, -0.32494]}, "properties": {"kab_kota": "SEKADAU", "kecamatan": "Sekadau Hulu", "desa": "Sunsong", "tanggal": "2026-08-09", "timestamp": "2026-08-09T13:57:00+07:00", "satelit": "NASA-NOAA20", "confidence": "Medium"}}, {"type": "Feature", "geometry": {"type": "Point", "coordinates": [111.03153, -0.31855]}, "properties": {"kab_kota": "SEKADAU", "kecamatan": "Sekadau Hulu", "desa": "Sunsong", "tanggal": "2026-08-09", "timestamp": "2026-08-09T13:57:00+07:00", "satelit": "NASA-NOAA20", "confidence": "Medium"}}, {"type": "Feature", "geometry": {"type": "Point", "coordinates": [111.01881, -0.31379]}, "properties": {"kab_kota": "SEKADAU", "kecamatan": "Sekadau Hulu", "desa": "Sunsong", "tanggal": "2026-08-09", "timestamp": "2026-08-09T13:57:00+07:00", "satelit": "NASA-NOAA20", "confidence": "Medium"}}, {"type": "Feature", "geometry": {"type": "Point", "coordinates": [111.01719, -0.30728]}, "properties": {"kab_kota": "SEKADAU", "kecamatan": "Sekadau Hulu", "desa": "Sunsong", "tanggal": "2026-08-09", "timestamp": "2026-08-09T13:57:00+07:00", "satelit": "NASA-NOAA20", "confidence": "Medium"}}, {"type": "Feature", "geometry": {"type": "Point", "coordinates": [111.02787, -0.3144]}, "properties": {"kab_kota": "SEKADAU", "kecamatan": "Sekadau Hulu", "desa": "Sunsong", "tanggal": "2026-08-10", "timestamp": "2026-08-10T13:35:00+07:00", "satelit": "NASA-NOAA20", "confidence": "Medium"}}, {"type": "Feature", "geometry": {"type": "Point", "coordinates": [111.02155, -0.31043]}, "properties": {"kab_kota": "SEKADAU", "kecamatan": "Sekadau Hulu", "desa": "Sunsong", "tanggal": "2026-08-10", "timestamp": "2026-08-10T13:35:00+07:00", "satelit": "NASA-NOAA20", "confidence": "Medium"}}, {"type": "Feature", "geometry": {"type": "Point", "coordinates": [111.00309, -0.35187]}, "properties": {"kab_kota": "SEKADAU", "kecamatan": "Sekadau Hulu", "desa": "Sunsong", "tanggal": "2026-08-11", "timestamp": "2026-08-11T13:18:00+07:00", "satelit": "NASA-NOAA20", "confidence": "Medium"}}, {"type": "Feature", "geometry": {"type": "Point", "coordinates": [111.03733, -0.32477]}, "properties": {"kab_kota": "SEKADAU", "kecamatan": "Sekadau Hulu", "desa": "Sunsong", "tanggal": "2026-08-11", "timestamp": "2026-08-11T13:18:00+07:00", "satelit": "NASA-NOAA20", "confidence": "Medium"}}, {"type": "Feature", "geometry": {"type": "Point", "coordinates": [111.01533, -0.31716]}, "properties": {"kab_kota": "SEKADAU", "kecamatan": "Sekadau Hulu", "desa": "Sunsong", "tanggal": "2026-08-11", "timestamp": "2026-08-11T13:18:00+07:00", "satelit": "NASA-NOAA20", "confidence": "Medium"}}, {"type": "Feature", "geometry": {"type": "Point", "coordinates": [111.01485, -0.31358]}, "properties": {"kab_kota": "SEKADAU", "kecamatan": "Sekadau Hulu", "desa": "Sunsong", "tanggal": "2026-08-11", "timestamp": "2026-08-11T13:18:00+07:00", "satelit": "NASA-NOAA20", "confidence": "Medium"}}, {"type": "Feature", "geometry": {"type": "Point", "coordinates": [111.01892, -0.31296]}, "properties": {"kab_kota": "SEKADAU", "kecamatan": "Sekadau Hulu", "desa": "Sunsong", "tanggal": "2026-08-11", "timestamp": "2026-08-11T13:18:00+07:00", "satelit": "NASA-NOAA20", "confidence": "Medium"}}, {"type": "Feature", "geometry": {"type": "Point", "coordinates": [111.02489, -0.341]}, "properties": {"kab_kota": "SEKADAU", "kecamatan": "Sekadau Hulu", "desa": "Sunsong", "tanggal": "2026-08-12", "timestamp": "2026-08-12T12:57:00+07:00", "satelit": "NASA-NOAA20", "confidence": "Medium"}}, {"type": "Feature", "geometry": {"type": "Point", "coordinates": [111.02461, -0.34071]}, "properties": {"kab_kota": "SEKADAU", "kecamatan": "Sekadau Hulu", "desa": "Sunsong", "tanggal": "2026-08-12", "timestamp": "2026-08-12T12:57:00+07:00", "satelit": "NASA-NOAA20", "confidence": "Medium"}}, {"type": "Feature", "geometry": {"type": "Point", "coordinates": [111.0475, -0.31059]}, "properties": {"kab_kota": "SEKADAU", "kecamatan": "Sekadau Hulu", "desa": "Sunsong", "tanggal": "2026-08-14", "timestamp": "2026-08-14T12:23:00+07:00", "satelit": "NASA-NOAA20", "confidence": "Medium"}}, {"type": "Feature", "geometry": {"type": "Point", "coordinates": [111.04706, -0.30504]}, "properties": {"kab_kota": "SEKADAU", "kecamatan": "Sekadau Hulu", "desa": "Sunsong", "tanggal": "2026-08-14", "timestamp": "2026-08-14T12:23:00+07:00", "satelit": "NASA-NOAA20", "confidence": "Medium"}}, {"type": "Feature", "geometry": {"type": "Point", "coordinates": [111.04722, -0.30433]}, "properties": {"kab_kota": "SEKADAU", "kecamatan": "Sekadau Hulu", "desa": "Sunsong", "tanggal": "2026-08-14", "timestamp": "2026-08-14T12:23:00+07:00", "satelit": "NASA-NOAA20", "confidence": "Medium"}}, {"type": "Feature", "geometry": {"type": "Point", "coordinates": [111.02191, -0.32073]}, "properties": {"kab_kota": "SEKADAU", "kecamatan": "Sekadau Hulu", "desa": "Sunsong", "tanggal": "2026-08-16", "timestamp": "2026-08-16T13:25:00+07:00", "satelit": "NASA-NOAA20", "confidence": "Medium"}}, {"type": "Feature", "geometry": {"type": "Point", "coordinates": [111.01572, -0.31369]}, "properties": {"kab_kota": "SEKADAU", "kecamatan": "Sekadau Hulu", "desa": "Sunsong", "tanggal": "2026-08-16", "timestamp": "2026-08-16T13:25:00+07:00", "satelit": "NASA-NOAA20", "confidence": "Medium"}}, {"type": "Feature", "geometry": {"type": "Point", "coordinates": [111.01997, -0.30903]}, "properties": {"kab_kota": "SEKADAU", "kecamatan": "Sekadau Hulu", "desa": "Sunsong", "tanggal": "2026-08-16", "timestamp": "2026-08-16T13:25:00+07:00", "satelit": "NASA-NOAA20", "confidence": "Medium"}}, {"type": "Feature", "geometry": {"type": "Point", "coordinates": [111.0356, -0.31803]}, "properties": {"kab_kota": "SEKADAU", "kecamatan": "Sekadau Hulu", "desa": "Sunsong", "tanggal": "2026-08-20", "timestamp": "2026-08-20T13:50:00+07:00", "satelit": "NASA-NOAA20", "confidence": "Medium"}}, {"type": "Feature", "geometry": {"type": "Point", "coordinates": [111.00297, -0.3468]}, "properties": {"kab_kota": "SEKADAU", "kecamatan": "Sekadau Hulu", "desa": "Sunsong", "tanggal": "2026-08-29", "timestamp": "2026-08-29T12:40:00+07:00", "satelit": "NASA-NOAA20", "confidence": "Medium"}}, {"type": "Feature", "geometry": {"type": "Point", "coordinates": [111.00694, -0.34618]}, "properties": {"kab_kota": "SEKADAU", "kecamatan": "Sekadau Hulu", "desa": "Sunsong", "tanggal": "2026-08-29", "timestamp": "2026-08-29T12:40:00+07:00", "satelit": "NASA-NOAA20", "confidence": "Medium"}}, {"type": "Feature", "geometry": {"type": "Point", "coordinates": [111.05181, -0.23955]}, "properties": {"kab_kota": "SEKADAU", "kecamatan": "Sekadau Hulu", "desa": "Tapang Perodah", "tanggal": "2026-08-01", "timestamp": "2026-08-01T13:03:00+07:00", "satelit": "NASA-NOAA20", "confidence": "Medium"}}, {"type": "Feature", "geometry": {"type": "Point", "coordinates": [111.05131, -0.23624]}, "properties": {"kab_kota": "SEKADAU", "kecamatan": "Sekadau Hulu", "desa": "Tapang Perodah", "tanggal": "2026-08-01", "timestamp": "2026-08-01T13:03:00+07:00", "satelit": "NASA-NOAA20", "confidence": "Medium"}}, {"type": "Feature", "geometry": {"type": "Point", "coordinates": [111.0462, -0.2459]}, "properties": {"kab_kota": "SEKADAU", "kecamatan": "Sekadau Hulu", "desa": "Tapang Perodah", "tanggal": "2026-08-02", "timestamp": "2026-08-02T12:46:00+07:00", "satelit": "NASA-NOAA20", "confidence": "Medium"}}, {"type": "Feature", "geometry": {"type": "Point", "coordinates": [111.05199, -0.23678]}, "properties": {"kab_kota": "SEKADAU", "kecamatan": "Sekadau Hulu", "desa": "Tapang Perodah", "tanggal": "2026-08-02", "timestamp": "2026-08-02T12:46:00+07:00", "satelit": "NASA-NOAA20", "confidence": "Medium"}}, {"type": "Feature", "geometry": {"type": "Point", "coordinates": [111.04887, -0.2167]}, "properties": {"kab_kota": "SEKADAU", "kecamatan": "Sekadau Hulu", "desa": "Tapang Perodah", "tanggal": "2026-08-02", "timestamp": "2026-08-02T12:46:00+07:00", "satelit": "NASA-NOAA20", "confidence": "Medium"}}, {"type": "Feature", "geometry": {"type": "Point", "coordinates": [111.04892, -0.25165]}, "properties": {"kab_kota": "SEKADAU", "kecamatan": "Sekadau Hulu", "desa": "Tapang Perodah", "tanggal": "2026-08-08", "timestamp": "2026-08-08T12:33:00+07:00", "satelit": "NASA-NOAA20", "confidence": "Medium"}}, {"type": "Feature", "geometry": {"type": "Point", "coordinates": [111.06387, -0.21835]}, "properties": {"kab_kota": "SEKADAU", "kecamatan": "Sekadau Hulu", "desa": "Tapang Perodah", "tanggal": "2026-08-09", "timestamp": "2026-08-09T13:57:00+07:00", "satelit": "NASA-NOAA20", "confidence": "Medium"}}, {"type": "Feature", "geometry": {"type": "Point", "coordinates": [111.03864, -0.24582]}, "properties": {"kab_kota": "SEKADAU", "kecamatan": "Sekadau Hulu", "desa": "Tapang Perodah", "tanggal": "2026-08-16", "timestamp": "2026-08-16T13:25:00+07:00", "satelit": "NASA-NOAA20", "confidence": "Medium"}}, {"type": "Feature", "geometry": {"type": "Point", "coordinates": [111.0239, -0.19445]}, "properties": {"kab_kota": "SEKADAU", "kecamatan": "Sekadau Hulu", "desa": "Tapang Perodah", "tanggal": "2026-08-20", "timestamp": "2026-08-20T13:50:00+07:00", "satelit": "NASA-NOAA20", "confidence": "Medium"}}, {"type": "Feature", "geometry": {"type": "Point", "coordinates": [111.04456, -0.17885]}, "properties": {"kab_kota": "SEKADAU", "kecamatan": "Sekadau Hulu", "desa": "Tapang Perodah", "tanggal": "2026-08-20", "timestamp": "2026-08-20T13:50:00+07:00", "satelit": "NASA-NOAA20", "confidence": "Medium"}}, {"type": "Feature", "geometry": {"type": "Point", "coordinates": [111.04815, -0.17212]}, "properties": {"kab_kota": "SEKADAU", "kecamatan": "Sekadau Hulu", "desa": "Tapang Perodah", "tanggal": "2026-08-20", "timestamp": "2026-08-20T13:50:00+07:00", "satelit": "NASA-NOAA20", "confidence": "Medium"}}, {"type": "Feature", "geometry": {"type": "Point", "coordinates": [111.03224, -0.19742]}, "properties": {"kab_kota": "SEKADAU", "kecamatan": "Sekadau Hulu", "desa": "Tapang Perodah", "tanggal": "2026-08-21", "timestamp": "2026-08-21T13:29:00+07:00", "satelit": "NASA-NOAA20", "confidence": "Medium"}}, {"type": "Feature", "geometry": {"type": "Point", "coordinates": [111.01278, -0.15593]}, "properties": {"kab_kota": "SEKADAU", "kecamatan": "Sekadau Hulu", "desa": "Tapang Perodah", "tanggal": "2026-08-21", "timestamp": "2026-08-21T13:29:00+07:00", "satelit": "NASA-NOAA20", "confidence": "Medium"}}, {"type": "Feature", "geometry": {"type": "Point", "coordinates": [111.01346, -0.15452]}, "properties": {"kab_kota": "SEKADAU", "kecamatan": "Sekadau Hulu", "desa": "Tapang Perodah", "tanggal": "2026-08-21", "timestamp": "2026-08-21T13:29:00+07:00", "satelit": "NASA-NOAA20", "confidence": "Medium"}}, {"type": "Feature", "geometry": {"type": "Point", "coordinates": [111.04806, -0.15377]}, "properties": {"kab_kota": "SEKADAU", "kecamatan": "Sekadau Hulu", "desa": "Tapang Perodah", "tanggal": "2026-08-21", "timestamp": "2026-08-21T13:29:00+07:00", "satelit": "NASA-NOAA20", "confidence": "Medium"}}, {"type": "Feature", "geometry": {"type": "Point", "coordinates": [111.01205, -0.15159]}, "properties": {"kab_kota": "SEKADAU", "kecamatan": "Sekadau Hulu", "desa": "Tapang Perodah", "tanggal": "2026-08-21", "timestamp": "2026-08-21T13:29:00+07:00", "satelit": "NASA-NOAA20", "confidence": "Medium"}}, {"type": "Feature", "geometry": {"type": "Point", "coordinates": [111.02585, -0.1482]}, "properties": {"kab_kota": "SEKADAU", "kecamatan": "Sekadau Hulu", "desa": "Tapang Perodah", "tanggal": "2026-08-21", "timestamp": "2026-08-21T13:29:00+07:00", "satelit": "NASA-NOAA20", "confidence": "Medium"}}, {"type": "Feature", "geometry": {"type": "Point", "coordinates": [111.05914, -0.15315]}, "properties": {"kab_kota": "SEKADAU", "kecamatan": "Sekadau Hulu", "desa": "Tapang Perodah", "tanggal": "2026-08-24", "timestamp": "2026-08-24T12:33:00+07:00", "satelit": "NASA-NOAA20", "confidence": "Medium"}}, {"type": "Feature", "geometry": {"type": "Point", "coordinates": [111.00159, -0.15832]}, "properties": {"kab_kota": "SEKADAU", "kecamatan": "Sekadau Hulu", "desa": "Tapang Perodah", "tanggal": "2026-08-26", "timestamp": "2026-08-26T13:35:00+07:00", "satelit": "NASA-NOAA20", "confidence": "Medium"}}, {"type": "Feature", "geometry": {"type": "Point", "coordinates": [111.00677, -0.15751]}, "properties": {"kab_kota": "SEKADAU", "kecamatan": "Sekadau Hulu", "desa": "Tapang Perodah", "tanggal": "2026-08-26", "timestamp": "2026-08-26T13:35:00+07:00", "satelit": "NASA-NOAA20", "confidence": "Medium"}}, {"type": "Feature", "geometry": {"type": "Point", "coordinates": [110.84373, -0.10825]}, "properties": {"kab_kota": "SEKADAU", "kecamatan": "Sekadau Hulu", "desa": "Tinting Boyok", "tanggal": "2026-08-01", "timestamp": "2026-08-01T13:03:00+07:00", "satelit": "NASA-NOAA20", "confidence": "Medium"}}, {"type": "Feature", "geometry": {"type": "Point", "coordinates": [110.82303, -0.0877]}, "properties": {"kab_kota": "SEKADAU", "kecamatan": "Sekadau Hulu", "desa": "Tinting Boyok", "tanggal": "2026-08-01", "timestamp": "2026-08-01T13:03:00+07:00", "satelit": "NASA-NOAA20", "confidence": "Medium"}}, {"type": "Feature", "geometry": {"type": "Point", "coordinates": [110.82328, -0.09303]}, "properties": {"kab_kota": "SEKADAU", "kecamatan": "Sekadau Hulu", "desa": "Tinting Boyok", "tanggal": "2026-08-02", "timestamp": "2026-08-02T12:46:00+07:00", "satelit": "NASA-NOAA20", "confidence": "Medium"}}, {"type": "Feature", "geometry": {"type": "Point", "coordinates": [110.82683, -0.09247]}, "properties": {"kab_kota": "SEKADAU", "kecamatan": "Sekadau Hulu", "desa": "Tinting Boyok", "tanggal": "2026-08-02", "timestamp": "2026-08-02T12:46:00+07:00", "satelit": "NASA-NOAA20", "confidence": "Medium"}}, {"type": "Feature", "geometry": {"type": "Point", "coordinates": [110.82623, -0.0884]}, "properties": {"kab_kota": "SEKADAU", "kecamatan": "Sekadau Hulu", "desa": "Tinting Boyok", "tanggal": "2026-08-02", "timestamp": "2026-08-02T12:46:00+07:00", "satelit": "NASA-NOAA20", "confidence": "Medium"}}, {"type": "Feature", "geometry": {"type": "Point", "coordinates": [110.79784, -0.08126]}, "properties": {"kab_kota": "SEKADAU", "kecamatan": "Sekadau Hulu", "desa": "Tinting Boyok", "tanggal": "2026-08-03", "timestamp": "2026-08-03T12:27:00+07:00", "satelit": "NASA-NOAA20", "confidence": "Medium"}}, {"type": "Feature", "geometry": {"type": "Point", "coordinates": [110.74544, -0.09161]}, "properties": {"kab_kota": "SEKADAU", "kecamatan": "Sekadau Hulu", "desa": "Tinting Boyok", "tanggal": "2026-08-04", "timestamp": "2026-08-04T13:48:00+07:00", "satelit": "NASA-NOAA20", "confidence": "Medium"}}, {"type": "Feature", "geometry": {"type": "Point", "coordinates": [110.74973, -0.09093]}, "properties": {"kab_kota": "SEKADAU", "kecamatan": "Sekadau Hulu", "desa": "Tinting Boyok", "tanggal": "2026-08-04", "timestamp": "2026-08-04T13:48:00+07:00", "satelit": "NASA-NOAA20", "confidence": "Medium"}}, {"type": "Feature", "geometry": {"type": "Point", "coordinates": [110.76888, -0.03943]}, "properties": {"kab_kota": "SEKADAU", "kecamatan": "Sekadau Hulu", "desa": "Tinting Boyok", "tanggal": "2026-08-04", "timestamp": "2026-08-04T13:48:00+07:00", "satelit": "NASA-NOAA20", "confidence": "Medium"}}, {"type": "Feature", "geometry": {"type": "Point", "coordinates": [110.77313, -0.03874]}, "properties": {"kab_kota": "SEKADAU", "kecamatan": "Sekadau Hulu", "desa": "Tinting Boyok", "tanggal": "2026-08-04", "timestamp": "2026-08-04T13:48:00+07:00", "satelit": "NASA-NOAA20", "confidence": "Medium"}}, {"type": "Feature", "geometry": {"type": "Point", "coordinates": [110.81624, -0.10267]}, "properties": {"kab_kota": "SEKADAU", "kecamatan": "Sekadau Hulu", "desa": "Tinting Boyok", "tanggal": "2026-08-05", "timestamp": "2026-08-05T13:29:00+07:00", "satelit": "NASA-NOAA20", "confidence": "Medium"}}, {"type": "Feature", "geometry": {"type": "Point", "coordinates": [110.83128, -0.09154]}, "properties": {"kab_kota": "SEKADAU", "kecamatan": "Sekadau Hulu", "desa": "Tinting Boyok", "tanggal": "2026-08-05", "timestamp": "2026-08-05T13:29:00+07:00", "satelit": "NASA-NOAA20", "confidence": "Medium"}}, {"type": "Feature", "geometry": {"type": "Point", "coordinates": [110.79208, -0.13069]}, "properties": {"kab_kota": "SEKADAU", "kecamatan": "Sekadau Hulu", "desa": "Tinting Boyok", "tanggal": "2026-08-10", "timestamp": "2026-08-10T13:35:00+07:00", "satelit": "NASA-NOAA20", "confidence": "Medium"}}, {"type": "Feature", "geometry": {"type": "Point", "coordinates": [110.85448, -0.12097]}, "properties": {"kab_kota": "SEKADAU", "kecamatan": "Sekadau Hulu", "desa": "Tinting Boyok", "tanggal": "2026-08-10", "timestamp": "2026-08-10T13:35:00+07:00", "satelit": "NASA-NOAA20", "confidence": "Medium"}}, {"type": "Feature", "geometry": {"type": "Point", "coordinates": [110.76318, -0.06643]}, "properties": {"kab_kota": "SEKADAU", "kecamatan": "Sekadau Hulu", "desa": "Tinting Boyok", "tanggal": "2026-08-10", "timestamp": "2026-08-10T13:35:00+07:00", "satelit": "NASA-NOAA20", "confidence": "Medium"}}, {"type": "Feature", "geometry": {"type": "Point", "coordinates": [110.71895, -0.08401]}, "properties": {"kab_kota": "SEKADAU", "kecamatan": "Sekadau Hulu", "desa": "Tinting Boyok", "tanggal": "2026-08-11", "timestamp": "2026-08-11T13:18:00+07:00", "satelit": "NASA-NOAA20", "confidence": "Medium"}}, {"type": "Feature", "geometry": {"type": "Point", "coordinates": [110.74411, -0.11665]}, "properties": {"kab_kota": "SEKADAU", "kecamatan": "Sekadau Hulu", "desa": "Tinting Boyok", "tanggal": "2026-08-13", "timestamp": "2026-08-13T01:41:00+07:00", "satelit": "NASA-NOAA20", "confidence": "Medium"}}, {"type": "Feature", "geometry": {"type": "Point", "coordinates": [110.80891, -0.07581]}, "properties": {"kab_kota": "SEKADAU", "kecamatan": "Sekadau Hulu", "desa": "Tinting Boyok", "tanggal": "2026-08-14", "timestamp": "2026-08-14T14:01:00+07:00", "satelit": "NASA-NOAA20", "confidence": "Medium"}}, {"type": "Feature", "geometry": {"type": "Point", "coordinates": [110.79831, -0.13824]}, "properties": {"kab_kota": "SEKADAU", "kecamatan": "Sekadau Hulu", "desa": "Tinting Boyok", "tanggal": "2026-08-19", "timestamp": "2026-08-19T12:27:00+07:00", "satelit": "NASA-NOAA20", "confidence": "Medium"}}, {"type": "Feature", "geometry": {"type": "Point", "coordinates": [110.80208, -0.13767]}, "properties": {"kab_kota": "SEKADAU", "kecamatan": "Sekadau Hulu", "desa": "Tinting Boyok", "tanggal": "2026-08-19", "timestamp": "2026-08-19T12:27:00+07:00", "satelit": "NASA-NOAA20", "confidence": "Medium"}}, {"type": "Feature", "geometry": {"type": "Point", "coordinates": [110.7975, -0.13259]}, "properties": {"kab_kota": "SEKADAU", "kecamatan": "Sekadau Hulu", "desa": "Tinting Boyok", "tanggal": "2026-08-19", "timestamp": "2026-08-19T12:27:00+07:00", "satelit": "NASA-NOAA20", "confidence": "Medium"}}, {"type": "Feature", "geometry": {"type": "Point", "coordinates": [110.80123, -0.13203]}, "properties": {"kab_kota": "SEKADAU", "kecamatan": "Sekadau Hulu", "desa": "Tinting Boyok", "tanggal": "2026-08-19", "timestamp": "2026-08-19T12:27:00+07:00", "satelit": "NASA-NOAA20", "confidence": "Medium"}}, {"type": "Feature", "geometry": {"type": "Point", "coordinates": [110.73317, -0.07137]}, "properties": {"kab_kota": "SEKADAU", "kecamatan": "Sekadau Hulu", "desa": "Tinting Boyok", "tanggal": "2026-08-21", "timestamp": "2026-08-21T13:29:00+07:00", "satelit": "NASA-NOAA20", "confidence": "Medium"}}, {"type": "Feature", "geometry": {"type": "Point", "coordinates": [110.79477, -0.03902]}, "properties": {"kab_kota": "SEKADAU", "kecamatan": "Sekadau Hulu", "desa": "Tinting Boyok", "tanggal": "2026-08-23", "timestamp": "2026-08-23T12:53:00+07:00", "satelit": "NASA-NOAA20", "confidence": "Medium"}}, {"type": "Feature", "geometry": {"type": "Point", "coordinates": [110.77796, -0.09219]}, "properties": {"kab_kota": "SEKADAU", "kecamatan": "Sekadau Hulu", "desa": "Tinting Boyok", "tanggal": "2026-08-25", "timestamp": "2026-08-25T13:57:00+07:00", "satelit": "NASA-NOAA20", "confidence": "Medium"}}, {"type": "Feature", "geometry": {"type": "Point", "coordinates": [111.14576, 0.23059]}, "properties": {"kab_kota": "SEKADAU", "kecamatan": "Belitang", "desa": "Melanjan Raya", "tanggal": "2026-08-07", "timestamp": "2026-08-07T12:33:00+07:00", "satelit": "NASA-SNPP", "confidence": "High"}}, {"type": "Feature", "geometry": {"type": "Point", "coordinates": [111.14487, 0.23611]}, "properties": {"kab_kota": "SEKADAU", "kecamatan": "Belitang", "desa": "Melanjan Raya", "tanggal": "2026-08-07", "timestamp": "2026-08-07T12:33:00+07:00", "satelit": "NASA-SNPP", "confidence": "High"}}, {"type": "Feature", "geometry": {"type": "Point", "coordinates": [111.14446, 0.28496]}, "properties": {"kab_kota": "SEKADAU", "kecamatan": "Belitang", "desa": "Menua Prama", "tanggal": "2026-08-08", "timestamp": "2026-08-08T13:57:00+07:00", "satelit": "NASA-SNPP", "confidence": "High"}}, {"type": "Feature", "geometry": {"type": "Point", "coordinates": [111.15737, 0.29323]}, "properties": {"kab_kota": "SEKADAU", "kecamatan": "Belitang", "desa": "Menua Prama", "tanggal": "2026-08-08", "timestamp": "2026-08-08T13:57:00+07:00", "satelit": "NASA-SNPP", "confidence": "High"}}, {"type": "Feature", "geometry": {"type": "Point", "coordinates": [111.07199, 0.24426]}, "properties": {"kab_kota": "SEKADAU", "kecamatan": "Belitang Hilir", "desa": "Kumpang Bis", "tanggal": "2026-08-19", "timestamp": "2026-08-19T13:50:00+07:00", "satelit": "NASA-SNPP", "confidence": "High"}}, {"type": "Feature", "geometry": {"type": "Point", "coordinates": [111.07116, 0.24463]}, "properties": {"kab_kota": "SEKADAU", "kecamatan": "Belitang Hilir", "desa": "Kumpang Bis", "tanggal": "2026-08-19", "timestamp": "2026-08-19T13:50:00+07:00", "satelit": "NASA-SNPP", "confidence": "High"}}, {"type": "Feature", "geometry": {"type": "Point", "coordinates": [110.98178, 0.25346]}, "properties": {"kab_kota": "SEKADAU", "kecamatan": "Belitang Hilir", "desa": "Menawai Tekam", "tanggal": "2026-08-08", "timestamp": "2026-08-08T13:57:00+07:00", "satelit": "NASA-SNPP", "confidence": "High"}}, {"type": "Feature", "geometry": {"type": "Point", "coordinates": [111.09698, 0.5126]}, "properties": {"kab_kota": "SEKADAU", "kecamatan": "Belitang Hulu", "desa": "Batuk Mulau", "tanggal": "2026-08-19", "timestamp": "2026-08-19T13:50:00+07:00", "satelit": "NASA-SNPP", "confidence": "High"}}, {"type": "Feature", "geometry": {"type": "Point", "coordinates": [111.01301, 0.56377]}, "properties": {"kab_kota": "SEKADAU", "kecamatan": "Belitang Hulu", "desa": "Seburuk Satu", "tanggal": "2026-08-07", "timestamp": "2026-08-07T12:33:00+07:00", "satelit": "NASA-SNPP", "confidence": "High"}}, {"type": "Feature", "geometry": {"type": "Point", "coordinates": [110.6398, -0.37053]}, "properties": {"kab_kota": "SEKADAU", "kecamatan": "Nanga Mahap", "desa": "Cenayan", "tanggal": "2026-08-12", "timestamp": "2026-08-12T12:40:00+07:00", "satelit": "NASA-SNPP", "confidence": "High"}}, {"type": "Feature", "geometry": {"type": "Point", "coordinates": [110.61581, -0.36324]}, "properties": {"kab_kota": "SEKADAU", "kecamatan": "Nanga Mahap", "desa": "Cenayan", "tanggal": "2026-08-19", "timestamp": "2026-08-19T13:48:00+07:00", "satelit": "NASA-SNPP", "confidence": "High"}}, {"type": "Feature", "geometry": {"type": "Point", "coordinates": [110.90153, -0.57572]}, "properties": {"kab_kota": "SEKADAU", "kecamatan": "Nanga Mahap", "desa": "Karang Betung", "tanggal": "2026-08-23", "timestamp": "2026-08-23T12:33:00+07:00", "satelit": "NASA-SNPP", "confidence": "High"}}, {"type": "Feature", "geometry": {"type": "Point", "coordinates": [110.71166, -0.49934]}, "properties": {"kab_kota": "SEKADAU", "kecamatan": "Nanga Mahap", "desa": "Landau Apin", "tanggal": "2026-08-02", "timestamp": "2026-08-02T14:07:00+07:00", "satelit": "NASA-SNPP", "confidence": "High"}}, {"type": "Feature", "geometry": {"type": "Point", "coordinates": [110.70972, -0.51502]}, "properties": {"kab_kota": "SEKADAU", "kecamatan": "Nanga Mahap", "desa": "Landau Apin", "tanggal": "2026-08-18", "timestamp": "2026-08-18T14:07:00+07:00", "satelit": "NASA-SNPP", "confidence": "High"}}, {"type": "Feature", "geometry": {"type": "Point", "coordinates": [110.75871, -0.52661]}, "properties": {"kab_kota": "SEKADAU", "kecamatan": "Nanga Mahap", "desa": "Lembah Beringin", "tanggal": "2026-08-08", "timestamp": "2026-08-08T13:54:00+07:00", "satelit": "NASA-SNPP", "confidence": "High"}}, {"type": "Feature", "geometry": {"type": "Point", "coordinates": [110.77679, -0.59174]}, "properties": {"kab_kota": "SEKADAU", "kecamatan": "Nanga Mahap", "desa": "Lembah Beringin", "tanggal": "2026-08-18", "timestamp": "2026-08-18T14:07:00+07:00", "satelit": "NASA-SNPP", "confidence": "High"}}, {"type": "Feature", "geometry": {"type": "Point", "coordinates": [110.77913, -0.58687]}, "properties": {"kab_kota": "SEKADAU", "kecamatan": "Nanga Mahap", "desa": "Lembah Beringin", "tanggal": "2026-08-18", "timestamp": "2026-08-18T14:07:00+07:00", "satelit": "NASA-SNPP", "confidence": "High"}}, {"type": "Feature", "geometry": {"type": "Point", "coordinates": [110.75478, -0.51348]}, "properties": {"kab_kota": "SEKADAU", "kecamatan": "Nanga Mahap", "desa": "Lembah Beringin", "tanggal": "2026-08-19", "timestamp": "2026-08-19T13:48:00+07:00", "satelit": "NASA-SNPP", "confidence": "High"}}, {"type": "Feature", "geometry": {"type": "Point", "coordinates": [110.76166, -0.68612]}, "properties": {"kab_kota": "SEKADAU", "kecamatan": "Nanga Mahap", "desa": "Lembah Beringin", "tanggal": "2026-08-28", "timestamp": "2026-08-28T12:40:00+07:00", "satelit": "NASA-SNPP", "confidence": "High"}}, {"type": "Feature", "geometry": {"type": "Point", "coordinates": [110.78321, -0.45114]}, "properties": {"kab_kota": "SEKADAU", "kecamatan": "Nanga Mahap", "desa": "Sebabas", "tanggal": "2026-08-02", "timestamp": "2026-08-02T14:07:00+07:00", "satelit": "NASA-SNPP", "confidence": "High"}}, {"type": "Feature", "geometry": {"type": "Point", "coordinates": [110.78311, -0.44918]}, "properties": {"kab_kota": "SEKADAU", "kecamatan": "Nanga Mahap", "desa": "Sebabas", "tanggal": "2026-08-02", "timestamp": "2026-08-02T14:07:00+07:00", "satelit": "NASA-SNPP", "confidence": "High"}}, {"type": "Feature", "geometry": {"type": "Point", "coordinates": [110.78745, -0.44314]}, "properties": {"kab_kota": "SEKADAU", "kecamatan": "Nanga Mahap", "desa": "Sebabas", "tanggal": "2026-08-19", "timestamp": "2026-08-19T13:48:00+07:00", "satelit": "NASA-SNPP", "confidence": "High"}}, {"type": "Feature", "geometry": {"type": "Point", "coordinates": [110.80983, -0.45199]}, "properties": {"kab_kota": "SEKADAU", "kecamatan": "Nanga Mahap", "desa": "Sebabas", "tanggal": "2026-08-24", "timestamp": "2026-08-24T13:57:00+07:00", "satelit": "NASA-SNPP", "confidence": "High"}}, {"type": "Feature", "geometry": {"type": "Point", "coordinates": [110.85325, -0.49418]}, "properties": {"kab_kota": "SEKADAU", "kecamatan": "Nanga Mahap", "desa": "Sebabas", "tanggal": "2026-08-29", "timestamp": "2026-08-29T12:23:00+07:00", "satelit": "NASA-SNPP", "confidence": "High"}}, {"type": "Feature", "geometry": {"type": "Point", "coordinates": [110.68735, -0.38347]}, "properties": {"kab_kota": "SEKADAU", "kecamatan": "Nanga Mahap", "desa": "Tamang", "tanggal": "2026-08-24", "timestamp": "2026-08-24T13:57:00+07:00", "satelit": "NASA-SNPP", "confidence": "High"}}, {"type": "Feature", "geometry": {"type": "Point", "coordinates": [110.68402, -0.44226]}, "properties": {"kab_kota": "SEKADAU", "kecamatan": "Nanga Mahap", "desa": "Tamang", "tanggal": "2026-08-29", "timestamp": "2026-08-29T14:01:00+07:00", "satelit": "NASA-SNPP", "confidence": "High"}}, {"type": "Feature", "geometry": {"type": "Point", "coordinates": [110.6873, -0.44219]}, "properties": {"kab_kota": "SEKADAU", "kecamatan": "Nanga Mahap", "desa": "Tamang", "tanggal": "2026-08-29", "timestamp": "2026-08-29T14:01:00+07:00", "satelit": "NASA-SNPP", "confidence": "High"}}, {"type": "Feature", "geometry": {"type": "Point", "coordinates": [110.70948, -0.48222]}, "properties": {"kab_kota": "SEKADAU", "kecamatan": "Nanga Mahap", "desa": "Telukkebau", "tanggal": "2026-08-18", "timestamp": "2026-08-18T14:07:00+07:00", "satelit": "NASA-SNPP", "confidence": "High"}}, {"type": "Feature", "geometry": {"type": "Point", "coordinates": [110.7275, -0.58118]}, "properties": {"kab_kota": "SEKADAU", "kecamatan": "Nanga Mahap", "desa": "Telukkebau", "tanggal": "2026-08-19", "timestamp": "2026-08-19T13:48:00+07:00", "satelit": "NASA-SNPP", "confidence": "High"}}, {"type": "Feature", "geometry": {"type": "Point", "coordinates": [110.71187, -0.53873]}, "properties": {"kab_kota": "SEKADAU", "kecamatan": "Nanga Mahap", "desa": "Telukkebau", "tanggal": "2026-08-24", "timestamp": "2026-08-24T13:57:00+07:00", "satelit": "NASA-SNPP", "confidence": "High"}}, {"type": "Feature", "geometry": {"type": "Point", "coordinates": [110.71014, -0.55557]}, "properties": {"kab_kota": "SEKADAU", "kecamatan": "Nanga Mahap", "desa": "Telukkebau", "tanggal": "2026-08-28", "timestamp": "2026-08-28T12:40:00+07:00", "satelit": "NASA-SNPP", "confidence": "High"}}, {"type": "Feature", "geometry": {"type": "Point", "coordinates": [110.64873, -0.50323]}, "properties": {"kab_kota": "SEKADAU", "kecamatan": "Nanga Mahap", "desa": "Tembaga", "tanggal": "2026-08-02", "timestamp": "2026-08-02T12:25:00+07:00", "satelit": "NASA-SNPP", "confidence": "High"}}, {"type": "Feature", "geometry": {"type": "Point", "coordinates": [110.65089, -0.48333]}, "properties": {"kab_kota": "SEKADAU", "kecamatan": "Nanga Mahap", "desa": "Tembaga", "tanggal": "2026-08-02", "timestamp": "2026-08-02T12:25:00+07:00", "satelit": "NASA-SNPP", "confidence": "High"}}, {"type": "Feature", "geometry": {"type": "Point", "coordinates": [110.65277, -0.48067]}, "properties": {"kab_kota": "SEKADAU", "kecamatan": "Nanga Mahap", "desa": "Tembaga", "tanggal": "2026-08-07", "timestamp": "2026-08-07T12:33:00+07:00", "satelit": "NASA-SNPP", "confidence": "High"}}, {"type": "Feature", "geometry": {"type": "Point", "coordinates": [110.65236, -0.47484]}, "properties": {"kab_kota": "SEKADAU", "kecamatan": "Nanga Mahap", "desa": "Tembaga", "tanggal": "2026-08-07", "timestamp": "2026-08-07T12:33:00+07:00", "satelit": "NASA-SNPP", "confidence": "High"}}, {"type": "Feature", "geometry": {"type": "Point", "coordinates": [110.67496, -0.52076]}, "properties": {"kab_kota": "SEKADAU", "kecamatan": "Nanga Mahap", "desa": "Tembaga", "tanggal": "2026-08-18", "timestamp": "2026-08-18T14:07:00+07:00", "satelit": "NASA-SNPP", "confidence": "High"}}, {"type": "Feature", "geometry": {"type": "Point", "coordinates": [110.65462, -0.49102]}, "properties": {"kab_kota": "SEKADAU", "kecamatan": "Nanga Mahap", "desa": "Tembaga", "tanggal": "2026-08-18", "timestamp": "2026-08-18T14:07:00+07:00", "satelit": "NASA-SNPP", "confidence": "High"}}, {"type": "Feature", "geometry": {"type": "Point", "coordinates": [110.64098, -0.36551]}, "properties": {"kab_kota": "SEKADAU", "kecamatan": "Nanga Taman", "desa": "Nanga Engkulun", "tanggal": "2026-08-12", "timestamp": "2026-08-12T12:40:00+07:00", "satelit": "NASA-SNPP", "confidence": "High"}}, {"type": "Feature", "geometry": {"type": "Point", "coordinates": [110.62198, -0.30501]}, "properties": {"kab_kota": "SEKADAU", "kecamatan": "Nanga Taman", "desa": "Nanga Engkulun", "tanggal": "2026-08-18", "timestamp": "2026-08-18T12:27:00+07:00", "satelit": "NASA-SNPP", "confidence": "High"}}, {"type": "Feature", "geometry": {"type": "Point", "coordinates": [110.60037, -0.30191]}, "properties": {"kab_kota": "SEKADAU", "kecamatan": "Nanga Taman", "desa": "Nanga Engkulun", "tanggal": "2026-08-18", "timestamp": "2026-08-18T12:27:00+07:00", "satelit": "NASA-SNPP", "confidence": "High"}}, {"type": "Feature", "geometry": {"type": "Point", "coordinates": [110.61652, -0.31556]}, "properties": {"kab_kota": "SEKADAU", "kecamatan": "Nanga Taman", "desa": "Nanga Engkulun", "tanggal": "2026-08-19", "timestamp": "2026-08-19T13:48:00+07:00", "satelit": "NASA-SNPP", "confidence": "High"}}, {"type": "Feature", "geometry": {"type": "Point", "coordinates": [110.66296, -0.37282]}, "properties": {"kab_kota": "SEKADAU", "kecamatan": "Nanga Taman", "desa": "Nanga Engkulun", "tanggal": "2026-08-29", "timestamp": "2026-08-29T14:01:00+07:00", "satelit": "NASA-SNPP", "confidence": "High"}}, {"type": "Feature", "geometry": {"type": "Point", "coordinates": [110.80096, -0.22254]}, "properties": {"kab_kota": "SEKADAU", "kecamatan": "Nanga Taman", "desa": "Nanga Kiungkang", "tanggal": "2026-08-20", "timestamp": "2026-08-20T13:29:00+07:00", "satelit": "NASA-SNPP", "confidence": "High"}}, {"type": "Feature", "geometry": {"type": "Point", "coordinates": [110.74291, -0.31205]}, "properties": {"kab_kota": "SEKADAU", "kecamatan": "Nanga Taman", "desa": "Nanga Koman", "tanggal": "2026-08-12", "timestamp": "2026-08-12T12:40:00+07:00", "satelit": "NASA-SNPP", "confidence": "High"}}, {"type": "Feature", "geometry": {"type": "Point", "coordinates": [110.68334, -0.31097]}, "properties": {"kab_kota": "SEKADAU", "kecamatan": "Nanga Taman", "desa": "Nanga Mongko", "tanggal": "2026-08-07", "timestamp": "2026-08-07T12:33:00+07:00", "satelit": "NASA-SNPP", "confidence": "High"}}, {"type": "Feature", "geometry": {"type": "Point", "coordinates": [110.68343, -0.30965]}, "properties": {"kab_kota": "SEKADAU", "kecamatan": "Nanga Taman", "desa": "Nanga Mongko", "tanggal": "2026-08-07", "timestamp": "2026-08-07T12:33:00+07:00", "satelit": "NASA-SNPP", "confidence": "High"}}, {"type": "Feature", "geometry": {"type": "Point", "coordinates": [110.69517, -0.30918]}, "properties": {"kab_kota": "SEKADAU", "kecamatan": "Nanga Taman", "desa": "Nanga Mongko", "tanggal": "2026-08-07", "timestamp": "2026-08-07T12:33:00+07:00", "satelit": "NASA-SNPP", "confidence": "High"}}, {"type": "Feature", "geometry": {"type": "Point", "coordinates": [110.69523, -0.30777]}, "properties": {"kab_kota": "SEKADAU", "kecamatan": "Nanga Taman", "desa": "Nanga Mongko", "tanggal": "2026-08-07", "timestamp": "2026-08-07T12:33:00+07:00", "satelit": "NASA-SNPP", "confidence": "High"}}, {"type": "Feature", "geometry": {"type": "Point", "coordinates": [110.68682, -0.30458]}, "properties": {"kab_kota": "SEKADAU", "kecamatan": "Nanga Taman", "desa": "Nanga Mongko", "tanggal": "2026-08-07", "timestamp": "2026-08-07T12:33:00+07:00", "satelit": "NASA-SNPP", "confidence": "High"}}, {"type": "Feature", "geometry": {"type": "Point", "coordinates": [110.68705, -0.3032]}, "properties": {"kab_kota": "SEKADAU", "kecamatan": "Nanga Taman", "desa": "Nanga Mongko", "tanggal": "2026-08-07", "timestamp": "2026-08-07T12:33:00+07:00", "satelit": "NASA-SNPP", "confidence": "High"}}, {"type": "Feature", "geometry": {"type": "Point", "coordinates": [110.67069, -0.30171]}, "properties": {"kab_kota": "SEKADAU", "kecamatan": "Nanga Taman", "desa": "Nanga Mongko", "tanggal": "2026-08-19", "timestamp": "2026-08-19T13:48:00+07:00", "satelit": "NASA-SNPP", "confidence": "High"}}, {"type": "Feature", "geometry": {"type": "Point", "coordinates": [110.66997, -0.30454]}, "properties": {"kab_kota": "SEKADAU", "kecamatan": "Nanga Taman", "desa": "Nanga Mongko", "tanggal": "2026-08-23", "timestamp": "2026-08-23T12:33:00+07:00", "satelit": "NASA-SNPP", "confidence": "High"}}, {"type": "Feature", "geometry": {"type": "Point", "coordinates": [110.67165, -0.30417]}, "properties": {"kab_kota": "SEKADAU", "kecamatan": "Nanga Taman", "desa": "Nanga Mongko", "tanggal": "2026-08-23", "timestamp": "2026-08-23T12:33:00+07:00", "satelit": "NASA-SNPP", "confidence": "High"}}, {"type": "Feature", "geometry": {"type": "Point", "coordinates": [110.79398, -0.23723]}, "properties": {"kab_kota": "SEKADAU", "kecamatan": "Nanga Taman", "desa": "Nanga Taman", "tanggal": "2026-08-22", "timestamp": "2026-08-22T12:53:00+07:00", "satelit": "NASA-SNPP", "confidence": "High"}}, {"type": "Feature", "geometry": {"type": "Point", "coordinates": [110.62003, -0.2372]}, "properties": {"kab_kota": "SEKADAU", "kecamatan": "Nanga Taman", "desa": "Senangak", "tanggal": "2026-08-07", "timestamp": "2026-08-07T12:33:00+07:00", "satelit": "NASA-SNPP", "confidence": "High"}}, {"type": "Feature", "geometry": {"type": "Point", "coordinates": [110.66225, -0.24433]}, "properties": {"kab_kota": "SEKADAU", "kecamatan": "Nanga Taman", "desa": "Senangak", "tanggal": "2026-08-08", "timestamp": "2026-08-08T13:54:00+07:00", "satelit": "NASA-SNPP", "confidence": "High"}}, {"type": "Feature", "geometry": {"type": "Point", "coordinates": [110.68114, -0.25003]}, "properties": {"kab_kota": "SEKADAU", "kecamatan": "Nanga Taman", "desa": "Senangak", "tanggal": "2026-08-18", "timestamp": "2026-08-18T12:27:00+07:00", "satelit": "NASA-SNPP", "confidence": "High"}}, {"type": "Feature", "geometry": {"type": "Point", "coordinates": [110.64079, -0.24321]}, "properties": {"kab_kota": "SEKADAU", "kecamatan": "Nanga Taman", "desa": "Senangak", "tanggal": "2026-08-18", "timestamp": "2026-08-18T14:07:00+07:00", "satelit": "NASA-SNPP", "confidence": "High"}}, {"type": "Feature", "geometry": {"type": "Point", "coordinates": [110.78709, -0.27366]}, "properties": {"kab_kota": "SEKADAU", "kecamatan": "Nanga Taman", "desa": "Senangak", "tanggal": "2026-08-29", "timestamp": "2026-08-29T14:01:00+07:00", "satelit": "NASA-SNPP", "confidence": "High"}}, {"type": "Feature", "geometry": {"type": "Point", "coordinates": [110.62878, -0.24591]}, "properties": {"kab_kota": "SEKADAU", "kecamatan": "Nanga Taman", "desa": "Senangak", "tanggal": "2026-08-29", "timestamp": "2026-08-29T14:01:00+07:00", "satelit": "NASA-SNPP", "confidence": "High"}}, {"type": "Feature", "geometry": {"type": "Point", "coordinates": [110.631, -0.24498]}, "properties": {"kab_kota": "SEKADAU", "kecamatan": "Nanga Taman", "desa": "Senangak", "tanggal": "2026-08-29", "timestamp": "2026-08-29T14:01:00+07:00", "satelit": "NASA-SNPP", "confidence": "High"}}, {"type": "Feature", "geometry": {"type": "Point", "coordinates": [110.71289, -0.2082]}, "properties": {"kab_kota": "SEKADAU", "kecamatan": "Nanga Taman", "desa": "Sungailawak", "tanggal": "2026-08-29", "timestamp": "2026-08-29T12:23:00+07:00", "satelit": "NASA-SNPP", "confidence": "High"}}, {"type": "Feature", "geometry": {"type": "Point", "coordinates": [110.64294, -0.18561]}, "properties": {"kab_kota": "SEKADAU", "kecamatan": "Nanga Taman", "desa": "Tapang Tingang", "tanggal": "2026-08-21", "timestamp": "2026-08-21T13:12:00+07:00", "satelit": "NASA-SNPP", "confidence": "High"}}, {"type": "Feature", "geometry": {"type": "Point", "coordinates": [110.92336, 0.12241]}, "properties": {"kab_kota": "SEKADAU", "kecamatan": "Sekadau Hilir", "desa": "Landau Kodah", "tanggal": "2026-08-18", "timestamp": "2026-08-18T14:07:00+07:00", "satelit": "NASA-SNPP", "confidence": "High"}}, {"type": "Feature", "geometry": {"type": "Point", "coordinates": [110.92187, 0.12364]}, "properties": {"kab_kota": "SEKADAU", "kecamatan": "Sekadau Hilir", "desa": "Landau Kodah", "tanggal": "2026-08-18", "timestamp": "2026-08-18T14:07:00+07:00", "satelit": "NASA-SNPP", "confidence": "High"}}, {"type": "Feature", "geometry": {"type": "Point", "coordinates": [110.93287, 0.11]}, "properties": {"kab_kota": "SEKADAU", "kecamatan": "Sekadau Hilir", "desa": "Landau Kodah", "tanggal": "2026-08-19", "timestamp": "2026-08-19T13:50:00+07:00", "satelit": "NASA-SNPP", "confidence": "High"}}, {"type": "Feature", "geometry": {"type": "Point", "coordinates": [110.95044, 0.10408]}, "properties": {"kab_kota": "SEKADAU", "kecamatan": "Sekadau Hilir", "desa": "Landau Kodah", "tanggal": "2026-08-29", "timestamp": "2026-08-29T14:01:00+07:00", "satelit": "NASA-SNPP", "confidence": "High"}}, {"type": "Feature", "geometry": {"type": "Point", "coordinates": [110.94611, 0.10732]}, "properties": {"kab_kota": "SEKADAU", "kecamatan": "Sekadau Hilir", "desa": "Landau Kodah", "tanggal": "2026-08-29", "timestamp": "2026-08-29T14:01:00+07:00", "satelit": "NASA-SNPP", "confidence": "High"}}, {"type": "Feature", "geometry": {"type": "Point", "coordinates": [110.93837, 0.01519]}, "properties": {"kab_kota": "SEKADAU", "kecamatan": "Sekadau Hilir", "desa": "Mungguk", "tanggal": "2026-08-28", "timestamp": "2026-08-28T12:40:00+07:00", "satelit": "NASA-SNPP", "confidence": "High"}}, {"type": "Feature", "geometry": {"type": "Point", "coordinates": [110.98444, 0.10846]}, "properties": {"kab_kota": "SEKADAU", "kecamatan": "Sekadau Hilir", "desa": "Seraras", "tanggal": "2026-08-28", "timestamp": "2026-08-28T12:40:00+07:00", "satelit": "NASA-SNPP", "confidence": "High"}}, {"type": "Feature", "geometry": {"type": "Point", "coordinates": [110.91343, 0.19135]}, "properties": {"kab_kota": "SEKADAU", "kecamatan": "Sekadau Hilir", "desa": "Timpuk", "tanggal": "2026-08-19", "timestamp": "2026-08-19T13:50:00+07:00", "satelit": "NASA-SNPP", "confidence": "High"}}, {"type": "Feature", "geometry": {"type": "Point", "coordinates": [110.94166, 0.23059]}, "properties": {"kab_kota": "SEKADAU", "kecamatan": "Sekadau Hilir", "desa": "Timpuk", "tanggal": "2026-08-19", "timestamp": "2026-08-19T13:50:00+07:00", "satelit": "NASA-SNPP", "confidence": "High"}}, {"type": "Feature", "geometry": {"type": "Point", "coordinates": [110.98735, -0.24412]}, "properties": {"kab_kota": "SEKADAU", "kecamatan": "Sekadau Hulu", "desa": "Mondi", "tanggal": "2026-08-07", "timestamp": "2026-08-07T12:33:00+07:00", "satelit": "NASA-SNPP", "confidence": "High"}}, {"type": "Feature", "geometry": {"type": "Point", "coordinates": [110.97826, -0.06642]}, "properties": {"kab_kota": "SEKADAU", "kecamatan": "Sekadau Hulu", "desa": "Nanga Menterap", "tanggal": "2026-08-08", "timestamp": "2026-08-08T13:57:00+07:00", "satelit": "NASA-SNPP", "confidence": "High"}}, {"type": "Feature", "geometry": {"type": "Point", "coordinates": [111.06605, -0.15258]}, "properties": {"kab_kota": "SEKADAU", "kecamatan": "Sekadau Hulu", "desa": "Nanga Pembubuh", "tanggal": "2026-08-29", "timestamp": "2026-08-29T12:23:00+07:00", "satelit": "NASA-SNPP", "confidence": "High"}}, {"type": "Feature", "geometry": {"type": "Point", "coordinates": [111.06702, -0.15122]}, "properties": {"kab_kota": "SEKADAU", "kecamatan": "Sekadau Hulu", "desa": "Nanga Pembubuh", "tanggal": "2026-08-29", "timestamp": "2026-08-29T12:23:00+07:00", "satelit": "NASA-SNPP", "confidence": "High"}}, {"type": "Feature", "geometry": {"type": "Point", "coordinates": [110.85782, -0.11187]}, "properties": {"kab_kota": "SEKADAU", "kecamatan": "Sekadau Hulu", "desa": "Perongkan", "tanggal": "2026-08-08", "timestamp": "2026-08-08T13:57:00+07:00", "satelit": "NASA-SNPP", "confidence": "High"}}, {"type": "Feature", "geometry": {"type": "Point", "coordinates": [110.8691, -0.0978]}, "properties": {"kab_kota": "SEKADAU", "kecamatan": "Sekadau Hulu", "desa": "Perongkan", "tanggal": "2026-08-08", "timestamp": "2026-08-08T13:57:00+07:00", "satelit": "NASA-SNPP", "confidence": "High"}}, {"type": "Feature", "geometry": {"type": "Point", "coordinates": [110.91328, -0.08271]}, "properties": {"kab_kota": "SEKADAU", "kecamatan": "Sekadau Hulu", "desa": "Perongkan", "tanggal": "2026-08-08", "timestamp": "2026-08-08T13:57:00+07:00", "satelit": "NASA-SNPP", "confidence": "High"}}, {"type": "Feature", "geometry": {"type": "Point", "coordinates": [110.90199, -0.09028]}, "properties": {"kab_kota": "SEKADAU", "kecamatan": "Sekadau Hulu", "desa": "Perongkan", "tanggal": "2026-08-19", "timestamp": "2026-08-19T13:48:00+07:00", "satelit": "NASA-SNPP", "confidence": "High"}}, {"type": "Feature", "geometry": {"type": "Point", "coordinates": [110.89317, -0.08537]}, "properties": {"kab_kota": "SEKADAU", "kecamatan": "Sekadau Hulu", "desa": "Perongkan", "tanggal": "2026-08-29", "timestamp": "2026-08-29T14:01:00+07:00", "satelit": "NASA-SNPP", "confidence": "High"}}, {"type": "Feature", "geometry": {"type": "Point", "coordinates": [110.89126, -0.0722]}, "properties": {"kab_kota": "SEKADAU", "kecamatan": "Sekadau Hulu", "desa": "Perongkan", "tanggal": "2026-08-29", "timestamp": "2026-08-29T14:01:00+07:00", "satelit": "NASA-SNPP", "confidence": "High"}}, {"type": "Feature", "geometry": {"type": "Point", "coordinates": [110.88943, -0.07031]}, "properties": {"kab_kota": "SEKADAU", "kecamatan": "Sekadau Hulu", "desa": "Perongkan", "tanggal": "2026-08-29", "timestamp": "2026-08-29T14:01:00+07:00", "satelit": "NASA-SNPP", "confidence": "High"}}, {"type": "Feature", "geometry": {"type": "Point", "coordinates": [110.86017, -0.11542]}, "properties": {"kab_kota": "SEKADAU", "kecamatan": "Sekadau Hulu", "desa": "Rawak Hulu", "tanggal": "2026-08-08", "timestamp": "2026-08-08T13:57:00+07:00", "satelit": "NASA-SNPP", "confidence": "High"}}, {"type": "Feature", "geometry": {"type": "Point", "coordinates": [111.01949, -0.13728]}, "properties": {"kab_kota": "SEKADAU", "kecamatan": "Sekadau Hulu", "desa": "Setawar", "tanggal": "2026-08-29", "timestamp": "2026-08-29T14:01:00+07:00", "satelit": "NASA-SNPP", "confidence": "High"}}, {"type": "Feature", "geometry": {"type": "Point", "coordinates": [111.02454, -0.09576]}, "properties": {"kab_kota": "SEKADAU", "kecamatan": "Sekadau Hulu", "desa": "Setawar", "tanggal": "2026-08-29", "timestamp": "2026-08-29T14:01:00+07:00", "satelit": "NASA-SNPP", "confidence": "High"}}, {"type": "Feature", "geometry": {"type": "Point", "coordinates": [111.05324, -0.09115]}, "properties": {"kab_kota": "SEKADAU", "kecamatan": "Sekadau Hulu", "desa": "Setawar", "tanggal": "2026-08-29", "timestamp": "2026-08-29T14:01:00+07:00", "satelit": "NASA-SNPP", "confidence": "High"}}, {"type": "Feature", "geometry": {"type": "Point", "coordinates": [110.82519, -0.08909]}, "properties": {"kab_kota": "SEKADAU", "kecamatan": "Sekadau Hulu", "desa": "Tinting Boyok", "tanggal": "2026-08-02", "timestamp": "2026-08-02T12:25:00+07:00", "satelit": "NASA-SNPP", "confidence": "High"}}, {"type": "Feature", "geometry": {"type": "Point", "coordinates": [110.84563, -0.11232]}, "properties": {"kab_kota": "SEKADAU", "kecamatan": "Sekadau Hulu", "desa": "Tinting Boyok", "tanggal": "2026-08-19", "timestamp": "2026-08-19T13:48:00+07:00", "satelit": "NASA-SNPP", "confidence": "High"}}, {"type": "Feature", "geometry": {"type": "Point", "coordinates": [111.25813, 0.15114]}, "properties": {"kab_kota": "SEKADAU", "kecamatan": "Belitang", "desa": "Belitang Satu", "tanggal": "2026-08-10", "timestamp": "2026-08-10T13:18:00+07:00", "satelit": "NASA-SNPP", "confidence": "Low"}}, {"type": "Feature", "geometry": {"type": "Point", "coordinates": [111.11713, 0.31176]}, "properties": {"kab_kota": "SEKADAU", "kecamatan": "Belitang", "desa": "Nanga Ansar", "tanggal": "2026-08-05", "timestamp": "2026-08-05T13:10:00+07:00", "satelit": "NASA-SNPP", "confidence": "Low"}}, {"type": "Feature", "geometry": {"type": "Point", "coordinates": [111.15216, 0.16293]}, "properties": {"kab_kota": "SEKADAU", "kecamatan": "Belitang Hilir", "desa": "Entabuk", "tanggal": "2026-08-10", "timestamp": "2026-08-10T13:18:00+07:00", "satelit": "NASA-SNPP", "confidence": "Low"}}, {"type": "Feature", "geometry": {"type": "Point", "coordinates": [111.12836, 0.17322]}, "properties": {"kab_kota": "SEKADAU", "kecamatan": "Belitang Hilir", "desa": "Tapang Pulau", "tanggal": "2026-08-10", "timestamp": "2026-08-10T13:18:00+07:00", "satelit": "NASA-SNPP", "confidence": "Low"}}, {"type": "Feature", "geometry": {"type": "Point", "coordinates": [111.02316, 0.6163]}, "properties": {"kab_kota": "SEKADAU", "kecamatan": "Belitang Hulu", "desa": "Seburuk Satu", "tanggal": "2026-08-30", "timestamp": "2026-08-30T13:44:00+07:00", "satelit": "NASA-SNPP", "confidence": "Low"}}, {"type": "Feature", "geometry": {"type": "Point", "coordinates": [110.7448, -0.47474]}, "properties": {"kab_kota": "SEKADAU", "kecamatan": "Nanga Mahap", "desa": "Batu Pahat", "tanggal": "2026-08-05", "timestamp": "2026-08-05T13:10:00+07:00", "satelit": "NASA-SNPP", "confidence": "Low"}}, {"type": "Feature", "geometry": {"type": "Point", "coordinates": [110.61649, -0.36851]}, "properties": {"kab_kota": "SEKADAU", "kecamatan": "Nanga Mahap", "desa": "Cenayan", "tanggal": "2026-08-19", "timestamp": "2026-08-19T13:48:00+07:00", "satelit": "NASA-SNPP", "confidence": "Low"}}, {"type": "Feature", "geometry": {"type": "Point", "coordinates": [110.74219, -0.37443]}, "properties": {"kab_kota": "SEKADAU", "kecamatan": "Nanga Mahap", "desa": "Landau Kumpai", "tanggal": "2026-08-10", "timestamp": "2026-08-10T13:18:00+07:00", "satelit": "NASA-SNPP", "confidence": "Low"}}, {"type": "Feature", "geometry": {"type": "Point", "coordinates": [110.83102, -0.43429]}, "properties": {"kab_kota": "SEKADAU", "kecamatan": "Nanga Mahap", "desa": "Sebabas", "tanggal": "2026-08-05", "timestamp": "2026-08-05T13:10:00+07:00", "satelit": "NASA-SNPP", "confidence": "Low"}}, {"type": "Feature", "geometry": {"type": "Point", "coordinates": [110.80723, -0.45788]}, "properties": {"kab_kota": "SEKADAU", "kecamatan": "Nanga Mahap", "desa": "Sebabas", "tanggal": "2026-08-21", "timestamp": "2026-08-21T13:12:00+07:00", "satelit": "NASA-SNPP", "confidence": "Low"}}, {"type": "Feature", "geometry": {"type": "Point", "coordinates": [110.73183, -0.50011]}, "properties": {"kab_kota": "SEKADAU", "kecamatan": "Nanga Mahap", "desa": "Telukkebau", "tanggal": "2026-08-21", "timestamp": "2026-08-21T13:10:00+07:00", "satelit": "NASA-SNPP", "confidence": "Low"}}, {"type": "Feature", "geometry": {"type": "Point", "coordinates": [110.62114, -0.56424]}, "properties": {"kab_kota": "SEKADAU", "kecamatan": "Nanga Mahap", "desa": "Tembaga", "tanggal": "2026-08-15", "timestamp": "2026-08-15T13:25:00+07:00", "satelit": "NASA-SNPP", "confidence": "Low"}}, {"type": "Feature", "geometry": {"type": "Point", "coordinates": [110.59897, -0.29882]}, "properties": {"kab_kota": "SEKADAU", "kecamatan": "Nanga Taman", "desa": "Nanga Engkulun", "tanggal": "2026-08-06", "timestamp": "2026-08-06T12:53:00+07:00", "satelit": "NASA-SNPP", "confidence": "Low"}}, {"type": "Feature", "geometry": {"type": "Point", "coordinates": [110.63059, -0.32895]}, "properties": {"kab_kota": "SEKADAU", "kecamatan": "Nanga Taman", "desa": "Nanga Engkulun", "tanggal": "2026-08-16", "timestamp": "2026-08-16T13:03:00+07:00", "satelit": "NASA-SNPP", "confidence": "Low"}}, {"type": "Feature", "geometry": {"type": "Point", "coordinates": [110.71055, -0.36422]}, "properties": {"kab_kota": "SEKADAU", "kecamatan": "Nanga Taman", "desa": "Nanga Engkulun", "tanggal": "2026-08-21", "timestamp": "2026-08-21T13:12:00+07:00", "satelit": "NASA-SNPP", "confidence": "Low"}}, {"type": "Feature", "geometry": {"type": "Point", "coordinates": [110.67725, -0.30739]}, "properties": {"kab_kota": "SEKADAU", "kecamatan": "Nanga Taman", "desa": "Nanga Mongko", "tanggal": "2026-08-10", "timestamp": "2026-08-10T13:18:00+07:00", "satelit": "NASA-SNPP", "confidence": "Low"}}, {"type": "Feature", "geometry": {"type": "Point", "coordinates": [110.74509, -0.30645]}, "properties": {"kab_kota": "SEKADAU", "kecamatan": "Nanga Taman", "desa": "Nanga Mongko", "tanggal": "2026-08-12", "timestamp": "2026-08-12T12:40:00+07:00", "satelit": "NASA-SNPP", "confidence": "Low"}}, {"type": "Feature", "geometry": {"type": "Point", "coordinates": [110.67149, -0.30699]}, "properties": {"kab_kota": "SEKADAU", "kecamatan": "Nanga Taman", "desa": "Nanga Mongko", "tanggal": "2026-08-19", "timestamp": "2026-08-19T13:48:00+07:00", "satelit": "NASA-SNPP", "confidence": "Low"}}, {"type": "Feature", "geometry": {"type": "Point", "coordinates": [110.65573, -0.28618]}, "properties": {"kab_kota": "SEKADAU", "kecamatan": "Nanga Taman", "desa": "Nanga Mongko", "tanggal": "2026-08-31", "timestamp": "2026-08-31T13:22:00+07:00", "satelit": "NASA-SNPP", "confidence": "Low"}}, {"type": "Feature", "geometry": {"type": "Point", "coordinates": [110.63988, -0.23607]}, "properties": {"kab_kota": "SEKADAU", "kecamatan": "Nanga Taman", "desa": "Senangak", "tanggal": "2026-08-18", "timestamp": "2026-08-18T14:07:00+07:00", "satelit": "NASA-SNPP", "confidence": "Low"}}, {"type": "Feature", "geometry": {"type": "Point", "coordinates": [111.03355, -0.05191]}, "properties": {"kab_kota": "SEKADAU", "kecamatan": "Sekadau Hilir", "desa": "Gonis Tekam", "tanggal": "2026-08-21", "timestamp": "2026-08-21T13:12:00+07:00", "satelit": "NASA-SNPP", "confidence": "Low"}}, {"type": "Feature", "geometry": {"type": "Point", "coordinates": [110.88839, 0.13469]}, "properties": {"kab_kota": "SEKADAU", "kecamatan": "Sekadau Hilir", "desa": "Landau Kodah", "tanggal": "2026-08-29", "timestamp": "2026-08-29T14:01:00+07:00", "satelit": "NASA-SNPP", "confidence": "Low"}}, {"type": "Feature", "geometry": {"type": "Point", "coordinates": [110.91717, 0.18247]}, "properties": {"kab_kota": "SEKADAU", "kecamatan": "Sekadau Hilir", "desa": "Timpuk", "tanggal": "2026-08-10", "timestamp": "2026-08-10T13:18:00+07:00", "satelit": "NASA-SNPP", "confidence": "Low"}}, {"type": "Feature", "geometry": {"type": "Point", "coordinates": [110.89474, -0.23361]}, "properties": {"kab_kota": "SEKADAU", "kecamatan": "Sekadau Hulu", "desa": "Cupang Gading", "tanggal": "2026-08-16", "timestamp": "2026-08-16T13:03:00+07:00", "satelit": "NASA-SNPP", "confidence": "Low"}}, {"type": "Feature", "geometry": {"type": "Point", "coordinates": [110.96394, -0.07144]}, "properties": {"kab_kota": "SEKADAU", "kecamatan": "Sekadau Hulu", "desa": "Nanga Menterap", "tanggal": "2026-08-10", "timestamp": "2026-08-10T13:18:00+07:00", "satelit": "NASA-SNPP", "confidence": "Low"}}, {"type": "Feature", "geometry": {"type": "Point", "coordinates": [110.84444, -0.08768]}, "properties": {"kab_kota": "SEKADAU", "kecamatan": "Sekadau Hulu", "desa": "Perongkan", "tanggal": "2026-08-21", "timestamp": "2026-08-21T13:12:00+07:00", "satelit": "NASA-SNPP", "confidence": "Low"}}, {"type": "Feature", "geometry": {"type": "Point", "coordinates": [111.01286, -0.31324]}, "properties": {"kab_kota": "SEKADAU", "kecamatan": "Sekadau Hulu", "desa": "Sunsong", "tanggal": "2026-08-16", "timestamp": "2026-08-16T13:03:00+07:00", "satelit": "NASA-SNPP", "confidence": "Low"}}, {"type": "Feature", "geometry": {"type": "Point", "coordinates": [110.81889, -0.10049]}, "properties": {"kab_kota": "SEKADAU", "kecamatan": "Sekadau Hulu", "desa": "Tinting Boyok", "tanggal": "2026-08-10", "timestamp": "2026-08-10T13:18:00+07:00", "satelit": "NASA-SNPP", "confidence": "Low"}}, {"type": "Feature", "geometry": {"type": "Point", "coordinates": [111.14206, 0.21332]}, "properties": {"kab_kota": "SEKADAU", "kecamatan": "Belitang", "desa": "Melanjan Raya", "tanggal": "2026-08-15", "timestamp": "2026-08-15T13:25:00+07:00", "satelit": "NASA-SNPP", "confidence": "Medium"}}, {"type": "Feature", "geometry": {"type": "Point", "coordinates": [111.14908, 0.28568]}, "properties": {"kab_kota": "SEKADAU", "kecamatan": "Belitang", "desa": "Menua Prama", "tanggal": "2026-08-08", "timestamp": "2026-08-08T13:57:00+07:00", "satelit": "NASA-SNPP", "confidence": "Medium"}}, {"type": "Feature", "geometry": {"type": "Point", "coordinates": [111.15365, 0.28639]}, "properties": {"kab_kota": "SEKADAU", "kecamatan": "Belitang", "desa": "Menua Prama", "tanggal": "2026-08-08", "timestamp": "2026-08-08T13:57:00+07:00", "satelit": "NASA-SNPP", "confidence": "Medium"}}, {"type": "Feature", "geometry": {"type": "Point", "coordinates": [111.15276, 0.29251]}, "properties": {"kab_kota": "SEKADAU", "kecamatan": "Belitang", "desa": "Menua Prama", "tanggal": "2026-08-08", "timestamp": "2026-08-08T13:57:00+07:00", "satelit": "NASA-SNPP", "confidence": "Medium"}}, {"type": "Feature", "geometry": {"type": "Point", "coordinates": [111.14808, 0.28233]}, "properties": {"kab_kota": "SEKADAU", "kecamatan": "Belitang", "desa": "Menua Prama", "tanggal": "2026-08-09", "timestamp": "2026-08-09T00:56:00+07:00", "satelit": "NASA-SNPP", "confidence": "Medium"}}, {"type": "Feature", "geometry": {"type": "Point", "coordinates": [111.14527, 0.27693]}, "properties": {"kab_kota": "SEKADAU", "kecamatan": "Belitang", "desa": "Menua Prama", "tanggal": "2026-08-15", "timestamp": "2026-08-15T13:25:00+07:00", "satelit": "NASA-SNPP", "confidence": "Medium"}}, {"type": "Feature", "geometry": {"type": "Point", "coordinates": [111.22762, 0.29239]}, "properties": {"kab_kota": "SEKADAU", "kecamatan": "Belitang", "desa": "Nanga Ansar", "tanggal": "2026-08-01", "timestamp": "2026-08-01T12:46:00+07:00", "satelit": "NASA-SNPP", "confidence": "Medium"}}, {"type": "Feature", "geometry": {"type": "Point", "coordinates": [111.22695, 0.2968]}, "properties": {"kab_kota": "SEKADAU", "kecamatan": "Belitang", "desa": "Nanga Ansar", "tanggal": "2026-08-01", "timestamp": "2026-08-01T12:46:00+07:00", "satelit": "NASA-SNPP", "confidence": "Medium"}}, {"type": "Feature", "geometry": {"type": "Point", "coordinates": [111.12009, 0.31561]}, "properties": {"kab_kota": "SEKADAU", "kecamatan": "Belitang", "desa": "Nanga Ansar", "tanggal": "2026-08-05", "timestamp": "2026-08-05T13:10:00+07:00", "satelit": "NASA-SNPP", "confidence": "Medium"}}, {"type": "Feature", "geometry": {"type": "Point", "coordinates": [111.13109, 0.32323]}, "properties": {"kab_kota": "SEKADAU", "kecamatan": "Belitang", "desa": "Nanga Ansar", "tanggal": "2026-08-09", "timestamp": "2026-08-09T13:35:00+07:00", "satelit": "NASA-SNPP", "confidence": "Medium"}}, {"type": "Feature", "geometry": {"type": "Point", "coordinates": [111.21146, 0.31506]}, "properties": {"kab_kota": "SEKADAU", "kecamatan": "Belitang", "desa": "Nanga Ansar", "tanggal": "2026-08-10", "timestamp": "2026-08-10T13:18:00+07:00", "satelit": "NASA-SNPP", "confidence": "Medium"}}, {"type": "Feature", "geometry": {"type": "Point", "coordinates": [111.21094, 0.31847]}, "properties": {"kab_kota": "SEKADAU", "kecamatan": "Belitang", "desa": "Nanga Ansar", "tanggal": "2026-08-10", "timestamp": "2026-08-10T13:18:00+07:00", "satelit": "NASA-SNPP", "confidence": "Medium"}}, {"type": "Feature", "geometry": {"type": "Point", "coordinates": [111.21458, 0.31903]}, "properties": {"kab_kota": "SEKADAU", "kecamatan": "Belitang", "desa": "Nanga Ansar", "tanggal": "2026-08-10", "timestamp": "2026-08-10T13:18:00+07:00", "satelit": "NASA-SNPP", "confidence": "Medium"}}, {"type": "Feature", "geometry": {"type": "Point", "coordinates": [111.16523, 0.32356]}, "properties": {"kab_kota": "SEKADAU", "kecamatan": "Belitang", "desa": "Nanga Ansar", "tanggal": "2026-08-21", "timestamp": "2026-08-21T13:12:00+07:00", "satelit": "NASA-SNPP", "confidence": "Medium"}}, {"type": "Feature", "geometry": {"type": "Point", "coordinates": [111.20026, 0.32026]}, "properties": {"kab_kota": "SEKADAU", "kecamatan": "Belitang", "desa": "Nanga Ansar", "tanggal": "2026-08-26", "timestamp": "2026-08-26T13:18:00+07:00", "satelit": "NASA-SNPP", "confidence": "Medium"}}, {"type": "Feature", "geometry": {"type": "Point", "coordinates": [111.19418, 0.25115]}, "properties": {"kab_kota": "SEKADAU", "kecamatan": "Belitang", "desa": "Padak", "tanggal": "2026-08-13", "timestamp": "2026-08-13T14:01:00+07:00", "satelit": "NASA-SNPP", "confidence": "Medium"}}, {"type": "Feature", "geometry": {"type": "Point", "coordinates": [111.03783, 0.18833]}, "properties": {"kab_kota": "SEKADAU", "kecamatan": "Belitang Hilir", "desa": "Empajak", "tanggal": "2026-08-05", "timestamp": "2026-08-05T13:10:00+07:00", "satelit": "NASA-SNPP", "confidence": "Medium"}}, {"type": "Feature", "geometry": {"type": "Point", "coordinates": [111.04374, 0.19604]}, "properties": {"kab_kota": "SEKADAU", "kecamatan": "Belitang Hilir", "desa": "Empajak", "tanggal": "2026-08-05", "timestamp": "2026-08-05T13:10:00+07:00", "satelit": "NASA-SNPP", "confidence": "Medium"}}, {"type": "Feature", "geometry": {"type": "Point", "coordinates": [111.04324, 0.19937]}, "properties": {"kab_kota": "SEKADAU", "kecamatan": "Belitang Hilir", "desa": "Empajak", "tanggal": "2026-08-05", "timestamp": "2026-08-05T13:10:00+07:00", "satelit": "NASA-SNPP", "confidence": "Medium"}}, {"type": "Feature", "geometry": {"type": "Point", "coordinates": [111.05023, 0.1944]}, "properties": {"kab_kota": "SEKADAU", "kecamatan": "Belitang Hilir", "desa": "Empajak", "tanggal": "2026-08-06", "timestamp": "2026-08-06T12:53:00+07:00", "satelit": "NASA-SNPP", "confidence": "Medium"}}, {"type": "Feature", "geometry": {"type": "Point", "coordinates": [111.04176, 0.20858]}, "properties": {"kab_kota": "SEKADAU", "kecamatan": "Belitang Hilir", "desa": "Empajak", "tanggal": "2026-08-10", "timestamp": "2026-08-10T13:18:00+07:00", "satelit": "NASA-SNPP", "confidence": "Medium"}}, {"type": "Feature", "geometry": {"type": "Point", "coordinates": [111.06124, 0.21583]}, "properties": {"kab_kota": "SEKADAU", "kecamatan": "Belitang Hilir", "desa": "Empajak", "tanggal": "2026-08-15", "timestamp": "2026-08-15T13:25:00+07:00", "satelit": "NASA-SNPP", "confidence": "Medium"}}, {"type": "Feature", "geometry": {"type": "Point", "coordinates": [111.21071, 0.10707]}, "properties": {"kab_kota": "SEKADAU", "kecamatan": "Belitang Hilir", "desa": "Entabuk", "tanggal": "2026-08-09", "timestamp": "2026-08-09T13:35:00+07:00", "satelit": "NASA-SNPP", "confidence": "Medium"}}, {"type": "Feature", "geometry": {"type": "Point", "coordinates": [111.21504, 0.10775]}, "properties": {"kab_kota": "SEKADAU", "kecamatan": "Belitang Hilir", "desa": "Entabuk", "tanggal": "2026-08-09", "timestamp": "2026-08-09T13:35:00+07:00", "satelit": "NASA-SNPP", "confidence": "Medium"}}, {"type": "Feature", "geometry": {"type": "Point", "coordinates": [111.21436, 0.11219]}, "properties": {"kab_kota": "SEKADAU", "kecamatan": "Belitang Hilir", "desa": "Entabuk", "tanggal": "2026-08-09", "timestamp": "2026-08-09T13:35:00+07:00", "satelit": "NASA-SNPP", "confidence": "Medium"}}, {"type": "Feature", "geometry": {"type": "Point", "coordinates": [111.21122, 0.09549]}, "properties": {"kab_kota": "SEKADAU", "kecamatan": "Belitang Hilir", "desa": "Entabuk", "tanggal": "2026-08-10", "timestamp": "2026-08-10T13:18:00+07:00", "satelit": "NASA-SNPP", "confidence": "Medium"}}, {"type": "Feature", "geometry": {"type": "Point", "coordinates": [111.0797, 0.21515]}, "properties": {"kab_kota": "SEKADAU", "kecamatan": "Belitang Hilir", "desa": "Kumpang Bis", "tanggal": "2026-08-05", "timestamp": "2026-08-05T13:10:00+07:00", "satelit": "NASA-SNPP", "confidence": "Medium"}}, {"type": "Feature", "geometry": {"type": "Point", "coordinates": [111.04462, 0.23701]}, "properties": {"kab_kota": "SEKADAU", "kecamatan": "Belitang Hilir", "desa": "Kumpang Bis", "tanggal": "2026-08-05", "timestamp": "2026-08-05T13:10:00+07:00", "satelit": "NASA-SNPP", "confidence": "Medium"}}, {"type": "Feature", "geometry": {"type": "Point", "coordinates": [111.09238, 0.27153]}, "properties": {"kab_kota": "SEKADAU", "kecamatan": "Belitang Hilir", "desa": "Kumpang Bis", "tanggal": "2026-08-05", "timestamp": "2026-08-05T13:10:00+07:00", "satelit": "NASA-SNPP", "confidence": "Medium"}}, {"type": "Feature", "geometry": {"type": "Point", "coordinates": [111.08843, 0.27432]}, "properties": {"kab_kota": "SEKADAU", "kecamatan": "Belitang Hilir", "desa": "Kumpang Bis", "tanggal": "2026-08-05", "timestamp": "2026-08-05T13:10:00+07:00", "satelit": "NASA-SNPP", "confidence": "Medium"}}, {"type": "Feature", "geometry": {"type": "Point", "coordinates": [111.09188, 0.27485]}, "properties": {"kab_kota": "SEKADAU", "kecamatan": "Belitang Hilir", "desa": "Kumpang Bis", "tanggal": "2026-08-05", "timestamp": "2026-08-05T13:10:00+07:00", "satelit": "NASA-SNPP", "confidence": "Medium"}}, {"type": "Feature", "geometry": {"type": "Point", "coordinates": [111.09148, 0.31805]}, "properties": {"kab_kota": "SEKADAU", "kecamatan": "Belitang Hilir", "desa": "Kumpang Bis", "tanggal": "2026-08-05", "timestamp": "2026-08-05T13:10:00+07:00", "satelit": "NASA-SNPP", "confidence": "Medium"}}, {"type": "Feature", "geometry": {"type": "Point", "coordinates": [111.02573, 0.23996]}, "properties": {"kab_kota": "SEKADAU", "kecamatan": "Belitang Hilir", "desa": "Kumpang Bis", "tanggal": "2026-08-06", "timestamp": "2026-08-06T12:53:00+07:00", "satelit": "NASA-SNPP", "confidence": "Medium"}}, {"type": "Feature", "geometry": {"type": "Point", "coordinates": [111.02917, 0.24049]}, "properties": {"kab_kota": "SEKADAU", "kecamatan": "Belitang Hilir", "desa": "Kumpang Bis", "tanggal": "2026-08-06", "timestamp": "2026-08-06T12:53:00+07:00", "satelit": "NASA-SNPP", "confidence": "Medium"}}, {"type": "Feature", "geometry": {"type": "Point", "coordinates": [111.08172, 0.24855]}, "properties": {"kab_kota": "SEKADAU", "kecamatan": "Belitang Hilir", "desa": "Kumpang Bis", "tanggal": "2026-08-06", "timestamp": "2026-08-06T12:53:00+07:00", "satelit": "NASA-SNPP", "confidence": "Medium"}}, {"type": "Feature", "geometry": {"type": "Point", "coordinates": [111.06409, 0.2289]}, "properties": {"kab_kota": "SEKADAU", "kecamatan": "Belitang Hilir", "desa": "Kumpang Bis", "tanggal": "2026-08-08", "timestamp": "2026-08-08T13:57:00+07:00", "satelit": "NASA-SNPP", "confidence": "Medium"}}, {"type": "Feature", "geometry": {"type": "Point", "coordinates": [111.09327, 0.28323]}, "properties": {"kab_kota": "SEKADAU", "kecamatan": "Belitang Hilir", "desa": "Kumpang Bis", "tanggal": "2026-08-08", "timestamp": "2026-08-08T13:57:00+07:00", "satelit": "NASA-SNPP", "confidence": "Medium"}}, {"type": "Feature", "geometry": {"type": "Point", "coordinates": [111.11752, 0.26674]}, "properties": {"kab_kota": "SEKADAU", "kecamatan": "Belitang Hilir", "desa": "Kumpang Bis", "tanggal": "2026-08-09", "timestamp": "2026-08-09T13:35:00+07:00", "satelit": "NASA-SNPP", "confidence": "Medium"}}, {"type": "Feature", "geometry": {"type": "Point", "coordinates": [111.06677, 0.24075]}, "properties": {"kab_kota": "SEKADAU", "kecamatan": "Belitang Hilir", "desa": "Kumpang Bis", "tanggal": "2026-08-10", "timestamp": "2026-08-10T13:18:00+07:00", "satelit": "NASA-SNPP", "confidence": "Medium"}}, {"type": "Feature", "geometry": {"type": "Point", "coordinates": [111.07038, 0.2413]}, "properties": {"kab_kota": "SEKADAU", "kecamatan": "Belitang Hilir", "desa": "Kumpang Bis", "tanggal": "2026-08-10", "timestamp": "2026-08-10T13:18:00+07:00", "satelit": "NASA-SNPP", "confidence": "Medium"}}, {"type": "Feature", "geometry": {"type": "Point", "coordinates": [111.09473, 0.30064]}, "properties": {"kab_kota": "SEKADAU", "kecamatan": "Belitang Hilir", "desa": "Kumpang Bis", "tanggal": "2026-08-10", "timestamp": "2026-08-10T13:18:00+07:00", "satelit": "NASA-SNPP", "confidence": "Medium"}}, {"type": "Feature", "geometry": {"type": "Point", "coordinates": [111.07002, 0.2176]}, "properties": {"kab_kota": "SEKADAU", "kecamatan": "Belitang Hilir", "desa": "Kumpang Bis", "tanggal": "2026-08-11", "timestamp": "2026-08-11T12:57:00+07:00", "satelit": "NASA-SNPP", "confidence": "Medium"}}, {"type": "Feature", "geometry": {"type": "Point", "coordinates": [111.07424, 0.21824]}, "properties": {"kab_kota": "SEKADAU", "kecamatan": "Belitang Hilir", "desa": "Kumpang Bis", "tanggal": "2026-08-11", "timestamp": "2026-08-11T12:57:00+07:00", "satelit": "NASA-SNPP", "confidence": "Medium"}}, {"type": "Feature", "geometry": {"type": "Point", "coordinates": [111.06948, 0.22126]}, "properties": {"kab_kota": "SEKADAU", "kecamatan": "Belitang Hilir", "desa": "Kumpang Bis", "tanggal": "2026-08-11", "timestamp": "2026-08-11T12:57:00+07:00", "satelit": "NASA-SNPP", "confidence": "Medium"}}, {"type": "Feature", "geometry": {"type": "Point", "coordinates": [111.08504, 0.2824]}, "properties": {"kab_kota": "SEKADAU", "kecamatan": "Belitang Hilir", "desa": "Kumpang Bis", "tanggal": "2026-08-15", "timestamp": "2026-08-15T13:25:00+07:00", "satelit": "NASA-SNPP", "confidence": "Medium"}}, {"type": "Feature", "geometry": {"type": "Point", "coordinates": [111.08547, 0.28328]}, "properties": {"kab_kota": "SEKADAU", "kecamatan": "Belitang Hilir", "desa": "Kumpang Bis", "tanggal": "2026-08-15", "timestamp": "2026-08-15T13:25:00+07:00", "satelit": "NASA-SNPP", "confidence": "Medium"}}, {"type": "Feature", "geometry": {"type": "Point", "coordinates": [111.06848, 0.2437]}, "properties": {"kab_kota": "SEKADAU", "kecamatan": "Belitang Hilir", "desa": "Kumpang Bis", "tanggal": "2026-08-19", "timestamp": "2026-08-19T13:50:00+07:00", "satelit": "NASA-SNPP", "confidence": "Medium"}}, {"type": "Feature", "geometry": {"type": "Point", "coordinates": [111.06764, 0.24409]}, "properties": {"kab_kota": "SEKADAU", "kecamatan": "Belitang Hilir", "desa": "Kumpang Bis", "tanggal": "2026-08-19", "timestamp": "2026-08-19T13:50:00+07:00", "satelit": "NASA-SNPP", "confidence": "Medium"}}, {"type": "Feature", "geometry": {"type": "Point", "coordinates": [111.0564, 0.25297]}, "properties": {"kab_kota": "SEKADAU", "kecamatan": "Belitang Hilir", "desa": "Kumpang Bis", "tanggal": "2026-08-19", "timestamp": "2026-08-19T13:50:00+07:00", "satelit": "NASA-SNPP", "confidence": "Medium"}}, {"type": "Feature", "geometry": {"type": "Point", "coordinates": [111.0555, 0.25345]}, "properties": {"kab_kota": "SEKADAU", "kecamatan": "Belitang Hilir", "desa": "Kumpang Bis", "tanggal": "2026-08-19", "timestamp": "2026-08-19T13:50:00+07:00", "satelit": "NASA-SNPP", "confidence": "Medium"}}, {"type": "Feature", "geometry": {"type": "Point", "coordinates": [111.04781, 0.25778]}, "properties": {"kab_kota": "SEKADAU", "kecamatan": "Belitang Hilir", "desa": "Kumpang Bis", "tanggal": "2026-08-20", "timestamp": "2026-08-20T13:29:00+07:00", "satelit": "NASA-SNPP", "confidence": "Medium"}}, {"type": "Feature", "geometry": {"type": "Point", "coordinates": [111.04559, 0.25908]}, "properties": {"kab_kota": "SEKADAU", "kecamatan": "Belitang Hilir", "desa": "Kumpang Bis", "tanggal": "2026-08-20", "timestamp": "2026-08-20T13:29:00+07:00", "satelit": "NASA-SNPP", "confidence": "Medium"}}, {"type": "Feature", "geometry": {"type": "Point", "coordinates": [111.0506, 0.25987]}, "properties": {"kab_kota": "SEKADAU", "kecamatan": "Belitang Hilir", "desa": "Kumpang Bis", "tanggal": "2026-08-20", "timestamp": "2026-08-20T13:29:00+07:00", "satelit": "NASA-SNPP", "confidence": "Medium"}}, {"type": "Feature", "geometry": {"type": "Point", "coordinates": [111.03572, 0.25429]}, "properties": {"kab_kota": "SEKADAU", "kecamatan": "Belitang Hilir", "desa": "Kumpang Bis", "tanggal": "2026-08-24", "timestamp": "2026-08-24T13:57:00+07:00", "satelit": "NASA-SNPP", "confidence": "Medium"}}, {"type": "Feature", "geometry": {"type": "Point", "coordinates": [111.03537, 0.25503]}, "properties": {"kab_kota": "SEKADAU", "kecamatan": "Belitang Hilir", "desa": "Kumpang Bis", "tanggal": "2026-08-24", "timestamp": "2026-08-24T13:57:00+07:00", "satelit": "NASA-SNPP", "confidence": "Medium"}}, {"type": "Feature", "geometry": {"type": "Point", "coordinates": [111.0491, 0.23906]}, "properties": {"kab_kota": "SEKADAU", "kecamatan": "Belitang Hilir", "desa": "Kumpang Bis", "tanggal": "2026-08-29", "timestamp": "2026-08-29T14:01:00+07:00", "satelit": "NASA-SNPP", "confidence": "Medium"}}, {"type": "Feature", "geometry": {"type": "Point", "coordinates": [111.04567, 0.24223]}, "properties": {"kab_kota": "SEKADAU", "kecamatan": "Belitang Hilir", "desa": "Kumpang Bis", "tanggal": "2026-08-29", "timestamp": "2026-08-29T14:01:00+07:00", "satelit": "NASA-SNPP", "confidence": "Medium"}}, {"type": "Feature", "geometry": {"type": "Point", "coordinates": [111.07643, 0.23998]}, "properties": {"kab_kota": "SEKADAU", "kecamatan": "Belitang Hilir", "desa": "Kumpang Bis", "tanggal": "2026-08-31", "timestamp": "2026-08-31T13:22:00+07:00", "satelit": "NASA-SNPP", "confidence": "Medium"}}, {"type": "Feature", "geometry": {"type": "Point", "coordinates": [110.9773, 0.25276]}, "properties": {"kab_kota": "SEKADAU", "kecamatan": "Belitang Hilir", "desa": "Menawai Tekam", "tanggal": "2026-08-08", "timestamp": "2026-08-08T13:57:00+07:00", "satelit": "NASA-SNPP", "confidence": "Medium"}}, {"type": "Feature", "geometry": {"type": "Point", "coordinates": [110.98346, 0.30438]}, "properties": {"kab_kota": "SEKADAU", "kecamatan": "Belitang Hilir", "desa": "Menawai Tekam", "tanggal": "2026-08-10", "timestamp": "2026-08-10T13:18:00+07:00", "satelit": "NASA-SNPP", "confidence": "Medium"}}, {"type": "Feature", "geometry": {"type": "Point", "coordinates": [110.99591, 0.25423]}, "properties": {"kab_kota": "SEKADAU", "kecamatan": "Belitang Hilir", "desa": "Menawai Tekam", "tanggal": "2026-08-13", "timestamp": "2026-08-13T14:01:00+07:00", "satelit": "NASA-SNPP", "confidence": "Medium"}}, {"type": "Feature", "geometry": {"type": "Point", "coordinates": [111.00676, 0.2702]}, "properties": {"kab_kota": "SEKADAU", "kecamatan": "Belitang Hilir", "desa": "Menawai Tekam", "tanggal": "2026-08-15", "timestamp": "2026-08-15T13:25:00+07:00", "satelit": "NASA-SNPP", "confidence": "Medium"}}, {"type": "Feature", "geometry": {"type": "Point", "coordinates": [110.97908, 0.25275]}, "properties": {"kab_kota": "SEKADAU", "kecamatan": "Belitang Hilir", "desa": "Menawai Tekam", "tanggal": "2026-08-17", "timestamp": "2026-08-17T12:46:00+07:00", "satelit": "NASA-SNPP", "confidence": "Medium"}}, {"type": "Feature", "geometry": {"type": "Point", "coordinates": [111.00734, 0.26267]}, "properties": {"kab_kota": "SEKADAU", "kecamatan": "Belitang Hilir", "desa": "Menawai Tekam", "tanggal": "2026-08-22", "timestamp": "2026-08-22T01:51:00+07:00", "satelit": "NASA-SNPP", "confidence": "Medium"}}, {"type": "Feature", "geometry": {"type": "Point", "coordinates": [110.94624, 0.27209]}, "properties": {"kab_kota": "SEKADAU", "kecamatan": "Belitang Hilir", "desa": "Menawai Tekam", "tanggal": "2026-08-24", "timestamp": "2026-08-24T13:57:00+07:00", "satelit": "NASA-SNPP", "confidence": "Medium"}}, {"type": "Feature", "geometry": {"type": "Point", "coordinates": [110.94531, 0.27811]}, "properties": {"kab_kota": "SEKADAU", "kecamatan": "Belitang Hilir", "desa": "Menawai Tekam", "tanggal": "2026-08-24", "timestamp": "2026-08-24T13:57:00+07:00", "satelit": "NASA-SNPP", "confidence": "Medium"}}, {"type": "Feature", "geometry": {"type": "Point", "coordinates": [111.01301, 0.28821]}, "properties": {"kab_kota": "SEKADAU", "kecamatan": "Belitang Hilir", "desa": "Menawai Tekam", "tanggal": "2026-08-26", "timestamp": "2026-08-26T13:18:00+07:00", "satelit": "NASA-SNPP", "confidence": "Medium"}}, {"type": "Feature", "geometry": {"type": "Point", "coordinates": [111.01556, 0.21896]}, "properties": {"kab_kota": "SEKADAU", "kecamatan": "Belitang Hilir", "desa": "Merbang", "tanggal": "2026-08-05", "timestamp": "2026-08-05T13:10:00+07:00", "satelit": "NASA-SNPP", "confidence": "Medium"}}, {"type": "Feature", "geometry": {"type": "Point", "coordinates": [111.01505, 0.22228]}, "properties": {"kab_kota": "SEKADAU", "kecamatan": "Belitang Hilir", "desa": "Merbang", "tanggal": "2026-08-05", "timestamp": "2026-08-05T13:10:00+07:00", "satelit": "NASA-SNPP", "confidence": "Medium"}}, {"type": "Feature", "geometry": {"type": "Point", "coordinates": [110.99951, 0.21276]}, "properties": {"kab_kota": "SEKADAU", "kecamatan": "Belitang Hilir", "desa": "Merbang", "tanggal": "2026-08-09", "timestamp": "2026-08-09T13:35:00+07:00", "satelit": "NASA-SNPP", "confidence": "Medium"}}, {"type": "Feature", "geometry": {"type": "Point", "coordinates": [110.99889, 0.2131]}, "properties": {"kab_kota": "SEKADAU", "kecamatan": "Belitang Hilir", "desa": "Merbang", "tanggal": "2026-08-09", "timestamp": "2026-08-09T13:35:00+07:00", "satelit": "NASA-SNPP", "confidence": "Medium"}}, {"type": "Feature", "geometry": {"type": "Point", "coordinates": [111.02408, 0.21016]}, "properties": {"kab_kota": "SEKADAU", "kecamatan": "Belitang Hilir", "desa": "Merbang", "tanggal": "2026-08-15", "timestamp": "2026-08-15T13:25:00+07:00", "satelit": "NASA-SNPP", "confidence": "Medium"}}, {"type": "Feature", "geometry": {"type": "Point", "coordinates": [111.01166, 0.1674]}, "properties": {"kab_kota": "SEKADAU", "kecamatan": "Belitang Hilir", "desa": "Merbang", "tanggal": "2026-08-18", "timestamp": "2026-08-18T14:07:00+07:00", "satelit": "NASA-SNPP", "confidence": "Medium"}}, {"type": "Feature", "geometry": {"type": "Point", "coordinates": [111.01074, 0.21727]}, "properties": {"kab_kota": "SEKADAU", "kecamatan": "Belitang Hilir", "desa": "Merbang", "tanggal": "2026-08-20", "timestamp": "2026-08-20T13:29:00+07:00", "satelit": "NASA-SNPP", "confidence": "Medium"}}, {"type": "Feature", "geometry": {"type": "Point", "coordinates": [111.01252, 0.20937]}, "properties": {"kab_kota": "SEKADAU", "kecamatan": "Belitang Hilir", "desa": "Merbang", "tanggal": "2026-08-25", "timestamp": "2026-08-25T13:35:00+07:00", "satelit": "NASA-SNPP", "confidence": "Medium"}}, {"type": "Feature", "geometry": {"type": "Point", "coordinates": [111.01188, 0.21375]}, "properties": {"kab_kota": "SEKADAU", "kecamatan": "Belitang Hilir", "desa": "Merbang", "tanggal": "2026-08-25", "timestamp": "2026-08-25T13:35:00+07:00", "satelit": "NASA-SNPP", "confidence": "Medium"}}, {"type": "Feature", "geometry": {"type": "Point", "coordinates": [111.01122, 0.1666]}, "properties": {"kab_kota": "SEKADAU", "kecamatan": "Belitang Hilir", "desa": "Merbang", "tanggal": "2026-08-31", "timestamp": "2026-08-31T00:43:00+07:00", "satelit": "NASA-SNPP", "confidence": "Medium"}}, {"type": "Feature", "geometry": {"type": "Point", "coordinates": [111.00927, 0.16674]}, "properties": {"kab_kota": "SEKADAU", "kecamatan": "Belitang Hilir", "desa": "Merbang", "tanggal": "2026-08-31", "timestamp": "2026-08-31T00:43:00+07:00", "satelit": "NASA-SNPP", "confidence": "Medium"}}, {"type": "Feature", "geometry": {"type": "Point", "coordinates": [111.00168, 0.32814]}, "properties": {"kab_kota": "SEKADAU", "kecamatan": "Belitang Hilir", "desa": "Semadu", "tanggal": "2026-08-05", "timestamp": "2026-08-05T13:10:00+07:00", "satelit": "NASA-SNPP", "confidence": "Medium"}}, {"type": "Feature", "geometry": {"type": "Point", "coordinates": [111.04852, 0.29409]}, "properties": {"kab_kota": "SEKADAU", "kecamatan": "Belitang Hilir", "desa": "Semadu", "tanggal": "2026-08-06", "timestamp": "2026-08-06T12:53:00+07:00", "satelit": "NASA-SNPP", "confidence": "Medium"}}, {"type": "Feature", "geometry": {"type": "Point", "coordinates": [111.06673, 0.33516]}, "properties": {"kab_kota": "SEKADAU", "kecamatan": "Belitang Hilir", "desa": "Semadu", "tanggal": "2026-08-08", "timestamp": "2026-08-08T13:57:00+07:00", "satelit": "NASA-SNPP", "confidence": "Medium"}}, {"type": "Feature", "geometry": {"type": "Point", "coordinates": [111.07344, 0.3391]}, "properties": {"kab_kota": "SEKADAU", "kecamatan": "Belitang Hilir", "desa": "Semadu", "tanggal": "2026-08-10", "timestamp": "2026-08-10T13:18:00+07:00", "satelit": "NASA-SNPP", "confidence": "Medium"}}, {"type": "Feature", "geometry": {"type": "Point", "coordinates": [111.00233, 0.40344]}, "properties": {"kab_kota": "SEKADAU", "kecamatan": "Belitang Hilir", "desa": "Semadu", "tanggal": "2026-08-14", "timestamp": "2026-08-14T01:02:00+07:00", "satelit": "NASA-SNPP", "confidence": "Medium"}}, {"type": "Feature", "geometry": {"type": "Point", "coordinates": [111.03864, 0.28469]}, "properties": {"kab_kota": "SEKADAU", "kecamatan": "Belitang Hilir", "desa": "Semadu", "tanggal": "2026-08-20", "timestamp": "2026-08-20T13:29:00+07:00", "satelit": "NASA-SNPP", "confidence": "Medium"}}, {"type": "Feature", "geometry": {"type": "Point", "coordinates": [111.00206, 0.32349]}, "properties": {"kab_kota": "SEKADAU", "kecamatan": "Belitang Hilir", "desa": "Semadu", "tanggal": "2026-08-20", "timestamp": "2026-08-20T13:29:00+07:00", "satelit": "NASA-SNPP", "confidence": "Medium"}}, {"type": "Feature", "geometry": {"type": "Point", "coordinates": [111.02831, 0.27251]}, "properties": {"kab_kota": "SEKADAU", "kecamatan": "Belitang Hilir", "desa": "Semadu", "tanggal": "2026-08-24", "timestamp": "2026-08-24T13:57:00+07:00", "satelit": "NASA-SNPP", "confidence": "Medium"}}, {"type": "Feature", "geometry": {"type": "Point", "coordinates": [110.94649, 0.40721]}, "properties": {"kab_kota": "SEKADAU", "kecamatan": "Belitang Hilir", "desa": "Semadu", "tanggal": "2026-08-29", "timestamp": "2026-08-29T14:01:00+07:00", "satelit": "NASA-SNPP", "confidence": "Medium"}}, {"type": "Feature", "geometry": {"type": "Point", "coordinates": [111.04824, 0.16965]}, "properties": {"kab_kota": "SEKADAU", "kecamatan": "Belitang Hilir", "desa": "Sungaiayak Dua", "tanggal": "2026-08-28", "timestamp": "2026-08-28T12:40:00+07:00", "satelit": "NASA-SNPP", "confidence": "Medium"}}, {"type": "Feature", "geometry": {"type": "Point", "coordinates": [111.04993, 0.16997]}, "properties": {"kab_kota": "SEKADAU", "kecamatan": "Belitang Hilir", "desa": "Sungaiayak Dua", "tanggal": "2026-08-28", "timestamp": "2026-08-28T12:40:00+07:00", "satelit": "NASA-SNPP", "confidence": "Medium"}}, {"type": "Feature", "geometry": {"type": "Point", "coordinates": [111.06937, 0.08896]}, "properties": {"kab_kota": "SEKADAU", "kecamatan": "Belitang Hilir", "desa": "Sungaiayak Dua", "tanggal": "2026-08-29", "timestamp": "2026-08-29T14:01:00+07:00", "satelit": "NASA-SNPP", "confidence": "Medium"}}, {"type": "Feature", "geometry": {"type": "Point", "coordinates": [111.12077, 0.04181]}, "properties": {"kab_kota": "SEKADAU", "kecamatan": "Belitang Hilir", "desa": "Sungaiayak Satu", "tanggal": "2026-08-16", "timestamp": "2026-08-16T13:03:00+07:00", "satelit": "NASA-SNPP", "confidence": "Medium"}}, {"type": "Feature", "geometry": {"type": "Point", "coordinates": [111.12025, 0.04523]}, "properties": {"kab_kota": "SEKADAU", "kecamatan": "Belitang Hilir", "desa": "Sungaiayak Satu", "tanggal": "2026-08-16", "timestamp": "2026-08-16T13:03:00+07:00", "satelit": "NASA-SNPP", "confidence": "Medium"}}, {"type": "Feature", "geometry": {"type": "Point", "coordinates": [111.12201, 0.04285]}, "properties": {"kab_kota": "SEKADAU", "kecamatan": "Belitang Hilir", "desa": "Sungaiayak Satu", "tanggal": "2026-08-24", "timestamp": "2026-08-24T13:57:00+07:00", "satelit": "NASA-SNPP", "confidence": "Medium"}}, {"type": "Feature", "geometry": {"type": "Point", "coordinates": [111.12174, 0.04333]}, "properties": {"kab_kota": "SEKADAU", "kecamatan": "Belitang Hilir", "desa": "Sungaiayak Satu", "tanggal": "2026-08-24", "timestamp": "2026-08-24T13:57:00+07:00", "satelit": "NASA-SNPP", "confidence": "Medium"}}, {"type": "Feature", "geometry": {"type": "Point", "coordinates": [111.03828, 0.09115]}, "properties": {"kab_kota": "SEKADAU", "kecamatan": "Belitang Hilir", "desa": "Sungaiayak Satu", "tanggal": "2026-08-28", "timestamp": "2026-08-28T12:40:00+07:00", "satelit": "NASA-SNPP", "confidence": "Medium"}}, {"type": "Feature", "geometry": {"type": "Point", "coordinates": [111.05238, 0.0454]}, "properties": {"kab_kota": "SEKADAU", "kecamatan": "Belitang Hilir", "desa": "Sungaiayak Satu", "tanggal": "2026-08-29", "timestamp": "2026-08-29T14:01:00+07:00", "satelit": "NASA-SNPP", "confidence": "Medium"}}, {"type": "Feature", "geometry": {"type": "Point", "coordinates": [111.1245, 0.24581]}, "properties": {"kab_kota": "SEKADAU", "kecamatan": "Belitang Hilir", "desa": "Tapang Pulau", "tanggal": "2026-08-05", "timestamp": "2026-08-05T13:10:00+07:00", "satelit": "NASA-SNPP", "confidence": "Medium"}}, {"type": "Feature", "geometry": {"type": "Point", "coordinates": [111.11328, 0.16224]}, "properties": {"kab_kota": "SEKADAU", "kecamatan": "Belitang Hilir", "desa": "Tapang Pulau", "tanggal": "2026-08-06", "timestamp": "2026-08-06T12:53:00+07:00", "satelit": "NASA-SNPP", "confidence": "Medium"}}, {"type": "Feature", "geometry": {"type": "Point", "coordinates": [111.11049, 0.22175]}, "properties": {"kab_kota": "SEKADAU", "kecamatan": "Belitang Hilir", "desa": "Tapang Pulau", "tanggal": "2026-08-09", "timestamp": "2026-08-09T13:35:00+07:00", "satelit": "NASA-SNPP", "confidence": "Medium"}}, {"type": "Feature", "geometry": {"type": "Point", "coordinates": [111.11075, 0.225]}, "properties": {"kab_kota": "SEKADAU", "kecamatan": "Belitang Hilir", "desa": "Tapang Pulau", "tanggal": "2026-08-09", "timestamp": "2026-08-09T13:35:00+07:00", "satelit": "NASA-SNPP", "confidence": "Medium"}}, {"type": "Feature", "geometry": {"type": "Point", "coordinates": [111.13147, 0.17718]}, "properties": {"kab_kota": "SEKADAU", "kecamatan": "Belitang Hilir", "desa": "Tapang Pulau", "tanggal": "2026-08-10", "timestamp": "2026-08-10T13:18:00+07:00", "satelit": "NASA-SNPP", "confidence": "Medium"}}, {"type": "Feature", "geometry": {"type": "Point", "coordinates": [111.10507, 0.23363]}, "properties": {"kab_kota": "SEKADAU", "kecamatan": "Belitang Hilir", "desa": "Tapang Pulau", "tanggal": "2026-08-15", "timestamp": "2026-08-15T13:25:00+07:00", "satelit": "NASA-SNPP", "confidence": "Medium"}}, {"type": "Feature", "geometry": {"type": "Point", "coordinates": [111.10867, 0.23789]}, "properties": {"kab_kota": "SEKADAU", "kecamatan": "Belitang Hilir", "desa": "Tapang Pulau", "tanggal": "2026-08-15", "timestamp": "2026-08-15T13:25:00+07:00", "satelit": "NASA-SNPP", "confidence": "Medium"}}, {"type": "Feature", "geometry": {"type": "Point", "coordinates": [111.10812, 0.24151]}, "properties": {"kab_kota": "SEKADAU", "kecamatan": "Belitang Hilir", "desa": "Tapang Pulau", "tanggal": "2026-08-15", "timestamp": "2026-08-15T13:25:00+07:00", "satelit": "NASA-SNPP", "confidence": "Medium"}}, {"type": "Feature", "geometry": {"type": "Point", "coordinates": [111.12539, 0.24712]}, "properties": {"kab_kota": "SEKADAU", "kecamatan": "Belitang Hilir", "desa": "Tapang Pulau", "tanggal": "2026-08-19", "timestamp": "2026-08-19T13:50:00+07:00", "satelit": "NASA-SNPP", "confidence": "Medium"}}, {"type": "Feature", "geometry": {"type": "Point", "coordinates": [111.10145, 0.23601]}, "properties": {"kab_kota": "SEKADAU", "kecamatan": "Belitang Hilir", "desa": "Tapang Pulau", "tanggal": "2026-08-21", "timestamp": "2026-08-21T13:12:00+07:00", "satelit": "NASA-SNPP", "confidence": "Medium"}}, {"type": "Feature", "geometry": {"type": "Point", "coordinates": [111.11047, 0.16165]}, "properties": {"kab_kota": "SEKADAU", "kecamatan": "Belitang Hilir", "desa": "Tapang Pulau", "tanggal": "2026-08-25", "timestamp": "2026-08-25T13:35:00+07:00", "satelit": "NASA-SNPP", "confidence": "Medium"}}, {"type": "Feature", "geometry": {"type": "Point", "coordinates": [111.20892, 0.4239]}, "properties": {"kab_kota": "SEKADAU", "kecamatan": "Belitang Hulu", "desa": "Balai Sepuak", "tanggal": "2026-08-05", "timestamp": "2026-08-05T13:10:00+07:00", "satelit": "NASA-SNPP", "confidence": "Medium"}}, {"type": "Feature", "geometry": {"type": "Point", "coordinates": [111.16271, 0.43442]}, "properties": {"kab_kota": "SEKADAU", "kecamatan": "Belitang Hulu", "desa": "Balai Sepuak", "tanggal": "2026-08-29", "timestamp": "2026-08-29T14:01:00+07:00", "satelit": "NASA-SNPP", "confidence": "Medium"}}, {"type": "Feature", "geometry": {"type": "Point", "coordinates": [111.16864, 0.43535]}, "properties": {"kab_kota": "SEKADAU", "kecamatan": "Belitang Hulu", "desa": "Balai Sepuak", "tanggal": "2026-08-29", "timestamp": "2026-08-29T14:01:00+07:00", "satelit": "NASA-SNPP", "confidence": "Medium"}}, {"type": "Feature", "geometry": {"type": "Point", "coordinates": [111.21297, 0.4143]}, "properties": {"kab_kota": "SEKADAU", "kecamatan": "Belitang Hulu", "desa": "Batuk Mulau", "tanggal": "2026-08-11", "timestamp": "2026-08-11T12:57:00+07:00", "satelit": "NASA-SNPP", "confidence": "Medium"}}, {"type": "Feature", "geometry": {"type": "Point", "coordinates": [111.09615, 0.51811]}, "properties": {"kab_kota": "SEKADAU", "kecamatan": "Belitang Hulu", "desa": "Batuk Mulau", "tanggal": "2026-08-19", "timestamp": "2026-08-19T13:50:00+07:00", "satelit": "NASA-SNPP", "confidence": "Medium"}}, {"type": "Feature", "geometry": {"type": "Point", "coordinates": [111.20906, 0.58745]}, "properties": {"kab_kota": "SEKADAU", "kecamatan": "Belitang Hulu", "desa": "Bukitrambat", "tanggal": "2026-08-21", "timestamp": "2026-08-21T13:12:00+07:00", "satelit": "NASA-SNPP", "confidence": "Medium"}}, {"type": "Feature", "geometry": {"type": "Point", "coordinates": [111.11501, 0.37268]}, "properties": {"kab_kota": "SEKADAU", "kecamatan": "Belitang Hulu", "desa": "Ijuk", "tanggal": "2026-08-05", "timestamp": "2026-08-05T13:10:00+07:00", "satelit": "NASA-SNPP", "confidence": "Medium"}}, {"type": "Feature", "geometry": {"type": "Point", "coordinates": [111.11452, 0.376]}, "properties": {"kab_kota": "SEKADAU", "kecamatan": "Belitang Hulu", "desa": "Ijuk", "tanggal": "2026-08-05", "timestamp": "2026-08-05T13:10:00+07:00", "satelit": "NASA-SNPP", "confidence": "Medium"}}, {"type": "Feature", "geometry": {"type": "Point", "coordinates": [111.08245, 0.37791]}, "properties": {"kab_kota": "SEKADAU", "kecamatan": "Belitang Hulu", "desa": "Ijuk", "tanggal": "2026-08-05", "timestamp": "2026-08-05T13:10:00+07:00", "satelit": "NASA-SNPP", "confidence": "Medium"}}, {"type": "Feature", "geometry": {"type": "Point", "coordinates": [111.07439, 0.36111]}, "properties": {"kab_kota": "SEKADAU", "kecamatan": "Belitang Hulu", "desa": "Ijuk", "tanggal": "2026-08-14", "timestamp": "2026-08-14T13:42:00+07:00", "satelit": "NASA-SNPP", "confidence": "Medium"}}, {"type": "Feature", "geometry": {"type": "Point", "coordinates": [111.07577, 0.39159]}, "properties": {"kab_kota": "SEKADAU", "kecamatan": "Belitang Hulu", "desa": "Ijuk", "tanggal": "2026-08-14", "timestamp": "2026-08-14T13:42:00+07:00", "satelit": "NASA-SNPP", "confidence": "Medium"}}, {"type": "Feature", "geometry": {"type": "Point", "coordinates": [111.07281, 0.39265]}, "properties": {"kab_kota": "SEKADAU", "kecamatan": "Belitang Hulu", "desa": "Ijuk", "tanggal": "2026-08-14", "timestamp": "2026-08-14T13:42:00+07:00", "satelit": "NASA-SNPP", "confidence": "Medium"}}, {"type": "Feature", "geometry": {"type": "Point", "coordinates": [111.07828, 0.39348]}, "properties": {"kab_kota": "SEKADAU", "kecamatan": "Belitang Hulu", "desa": "Ijuk", "tanggal": "2026-08-14", "timestamp": "2026-08-14T13:42:00+07:00", "satelit": "NASA-SNPP", "confidence": "Medium"}}, {"type": "Feature", "geometry": {"type": "Point", "coordinates": [111.08376, 0.3943]}, "properties": {"kab_kota": "SEKADAU", "kecamatan": "Belitang Hulu", "desa": "Ijuk", "tanggal": "2026-08-14", "timestamp": "2026-08-14T13:42:00+07:00", "satelit": "NASA-SNPP", "confidence": "Medium"}}, {"type": "Feature", "geometry": {"type": "Point", "coordinates": [111.0805, 0.39739]}, "properties": {"kab_kota": "SEKADAU", "kecamatan": "Belitang Hulu", "desa": "Ijuk", "tanggal": "2026-08-14", "timestamp": "2026-08-14T13:42:00+07:00", "satelit": "NASA-SNPP", "confidence": "Medium"}}, {"type": "Feature", "geometry": {"type": "Point", "coordinates": [111.08302, 0.39924]}, "properties": {"kab_kota": "SEKADAU", "kecamatan": "Belitang Hulu", "desa": "Ijuk", "tanggal": "2026-08-14", "timestamp": "2026-08-14T13:42:00+07:00", "satelit": "NASA-SNPP", "confidence": "Medium"}}, {"type": "Feature", "geometry": {"type": "Point", "coordinates": [111.17039, 0.40153]}, "properties": {"kab_kota": "SEKADAU", "kecamatan": "Belitang Hulu", "desa": "Ijuk", "tanggal": "2026-08-14", "timestamp": "2026-08-14T13:42:00+07:00", "satelit": "NASA-SNPP", "confidence": "Medium"}}, {"type": "Feature", "geometry": {"type": "Point", "coordinates": [111.06761, 0.40111]}, "properties": {"kab_kota": "SEKADAU", "kecamatan": "Belitang Hulu", "desa": "Ijuk", "tanggal": "2026-08-19", "timestamp": "2026-08-19T13:50:00+07:00", "satelit": "NASA-SNPP", "confidence": "Medium"}}, {"type": "Feature", "geometry": {"type": "Point", "coordinates": [111.07113, 0.40165]}, "properties": {"kab_kota": "SEKADAU", "kecamatan": "Belitang Hulu", "desa": "Ijuk", "tanggal": "2026-08-19", "timestamp": "2026-08-19T13:50:00+07:00", "satelit": "NASA-SNPP", "confidence": "Medium"}}, {"type": "Feature", "geometry": {"type": "Point", "coordinates": [111.06529, 0.37543]}, "properties": {"kab_kota": "SEKADAU", "kecamatan": "Belitang Hulu", "desa": "Ijuk", "tanggal": "2026-08-21", "timestamp": "2026-08-21T13:12:00+07:00", "satelit": "NASA-SNPP", "confidence": "Medium"}}, {"type": "Feature", "geometry": {"type": "Point", "coordinates": [111.07709, 0.39084]}, "properties": {"kab_kota": "SEKADAU", "kecamatan": "Belitang Hulu", "desa": "Ijuk", "tanggal": "2026-08-21", "timestamp": "2026-08-21T13:12:00+07:00", "satelit": "NASA-SNPP", "confidence": "Medium"}}, {"type": "Feature", "geometry": {"type": "Point", "coordinates": [111.15545, 0.41833]}, "properties": {"kab_kota": "SEKADAU", "kecamatan": "Belitang Hulu", "desa": "Ijuk", "tanggal": "2026-08-26", "timestamp": "2026-08-26T13:18:00+07:00", "satelit": "NASA-SNPP", "confidence": "Medium"}}, {"type": "Feature", "geometry": {"type": "Point", "coordinates": [111.15494, 0.42173]}, "properties": {"kab_kota": "SEKADAU", "kecamatan": "Belitang Hulu", "desa": "Ijuk", "tanggal": "2026-08-26", "timestamp": "2026-08-26T13:18:00+07:00", "satelit": "NASA-SNPP", "confidence": "Medium"}}, {"type": "Feature", "geometry": {"type": "Point", "coordinates": [111.16043, 0.3524]}, "properties": {"kab_kota": "SEKADAU", "kecamatan": "Belitang Hulu", "desa": "Kumpang Ilong", "tanggal": "2026-08-05", "timestamp": "2026-08-05T13:10:00+07:00", "satelit": "NASA-SNPP", "confidence": "Medium"}}, {"type": "Feature", "geometry": {"type": "Point", "coordinates": [111.09956, 0.42771]}, "properties": {"kab_kota": "SEKADAU", "kecamatan": "Belitang Hulu", "desa": "Kumpang Ilong", "tanggal": "2026-08-08", "timestamp": "2026-08-08T13:57:00+07:00", "satelit": "NASA-SNPP", "confidence": "Medium"}}, {"type": "Feature", "geometry": {"type": "Point", "coordinates": [111.16837, 0.39692]}, "properties": {"kab_kota": "SEKADAU", "kecamatan": "Belitang Hulu", "desa": "Kumpang Ilong", "tanggal": "2026-08-14", "timestamp": "2026-08-14T13:42:00+07:00", "satelit": "NASA-SNPP", "confidence": "Medium"}}, {"type": "Feature", "geometry": {"type": "Point", "coordinates": [111.12599, 0.35247]}, "properties": {"kab_kota": "SEKADAU", "kecamatan": "Belitang Hulu", "desa": "Kumpang Ilong", "tanggal": "2026-08-15", "timestamp": "2026-08-15T13:25:00+07:00", "satelit": "NASA-SNPP", "confidence": "Medium"}}, {"type": "Feature", "geometry": {"type": "Point", "coordinates": [111.16808, 0.366]}, "properties": {"kab_kota": "SEKADAU", "kecamatan": "Belitang Hulu", "desa": "Kumpang Ilong", "tanggal": "2026-08-16", "timestamp": "2026-08-16T13:03:00+07:00", "satelit": "NASA-SNPP", "confidence": "Medium"}}, {"type": "Feature", "geometry": {"type": "Point", "coordinates": [111.10101, 0.43472]}, "properties": {"kab_kota": "SEKADAU", "kecamatan": "Belitang Hulu", "desa": "Kumpang Ilong", "tanggal": "2026-08-20", "timestamp": "2026-08-20T13:29:00+07:00", "satelit": "NASA-SNPP", "confidence": "Medium"}}, {"type": "Feature", "geometry": {"type": "Point", "coordinates": [111.13608, 0.35311]}, "properties": {"kab_kota": "SEKADAU", "kecamatan": "Belitang Hulu", "desa": "Kumpang Ilong", "tanggal": "2026-08-21", "timestamp": "2026-08-21T13:12:00+07:00", "satelit": "NASA-SNPP", "confidence": "Medium"}}, {"type": "Feature", "geometry": {"type": "Point", "coordinates": [111.16611, 0.3645]}, "properties": {"kab_kota": "SEKADAU", "kecamatan": "Belitang Hulu", "desa": "Kumpang Ilong", "tanggal": "2026-08-21", "timestamp": "2026-08-21T13:12:00+07:00", "satelit": "NASA-SNPP", "confidence": "Medium"}}, {"type": "Feature", "geometry": {"type": "Point", "coordinates": [111.16561, 0.36783]}, "properties": {"kab_kota": "SEKADAU", "kecamatan": "Belitang Hulu", "desa": "Kumpang Ilong", "tanggal": "2026-08-21", "timestamp": "2026-08-21T13:12:00+07:00", "satelit": "NASA-SNPP", "confidence": "Medium"}}, {"type": "Feature", "geometry": {"type": "Point", "coordinates": [111.14507, 0.40803]}, "properties": {"kab_kota": "SEKADAU", "kecamatan": "Belitang Hulu", "desa": "Kumpang Ilong", "tanggal": "2026-08-21", "timestamp": "2026-08-21T13:12:00+07:00", "satelit": "NASA-SNPP", "confidence": "Medium"}}, {"type": "Feature", "geometry": {"type": "Point", "coordinates": [111.14111, 0.41083]}, "properties": {"kab_kota": "SEKADAU", "kecamatan": "Belitang Hulu", "desa": "Kumpang Ilong", "tanggal": "2026-08-21", "timestamp": "2026-08-21T13:12:00+07:00", "satelit": "NASA-SNPP", "confidence": "Medium"}}, {"type": "Feature", "geometry": {"type": "Point", "coordinates": [111.1423, 0.34638]}, "properties": {"kab_kota": "SEKADAU", "kecamatan": "Belitang Hulu", "desa": "Kumpang Ilong", "tanggal": "2026-08-24", "timestamp": "2026-08-24T13:57:00+07:00", "satelit": "NASA-SNPP", "confidence": "Medium"}}, {"type": "Feature", "geometry": {"type": "Point", "coordinates": [111.09995, 0.41081]}, "properties": {"kab_kota": "SEKADAU", "kecamatan": "Belitang Hulu", "desa": "Kumpang Ilong", "tanggal": "2026-08-29", "timestamp": "2026-08-29T14:01:00+07:00", "satelit": "NASA-SNPP", "confidence": "Medium"}}, {"type": "Feature", "geometry": {"type": "Point", "coordinates": [111.21623, 0.60433]}, "properties": {"kab_kota": "SEKADAU", "kecamatan": "Belitang Hulu", "desa": "Mengaret", "tanggal": "2026-08-05", "timestamp": "2026-08-05T13:10:00+07:00", "satelit": "NASA-SNPP", "confidence": "Medium"}}, {"type": "Feature", "geometry": {"type": "Point", "coordinates": [111.16006, 0.52833]}, "properties": {"kab_kota": "SEKADAU", "kecamatan": "Belitang Hulu", "desa": "Pakit Mulau", "tanggal": "2026-08-01", "timestamp": "2026-08-01T12:46:00+07:00", "satelit": "NASA-SNPP", "confidence": "Medium"}}, {"type": "Feature", "geometry": {"type": "Point", "coordinates": [111.16254, 0.52911]}, "properties": {"kab_kota": "SEKADAU", "kecamatan": "Belitang Hulu", "desa": "Pakit Mulau", "tanggal": "2026-08-01", "timestamp": "2026-08-01T12:46:00+07:00", "satelit": "NASA-SNPP", "confidence": "Medium"}}, {"type": "Feature", "geometry": {"type": "Point", "coordinates": [111.00143, 0.70649]}, "properties": {"kab_kota": "SEKADAU", "kecamatan": "Belitang Hulu", "desa": "Sebetung", "tanggal": "2026-08-08", "timestamp": "2026-08-08T13:57:00+07:00", "satelit": "NASA-SNPP", "confidence": "Medium"}}, {"type": "Feature", "geometry": {"type": "Point", "coordinates": [111.00607, 0.70721]}, "properties": {"kab_kota": "SEKADAU", "kecamatan": "Belitang Hulu", "desa": "Sebetung", "tanggal": "2026-08-08", "timestamp": "2026-08-08T13:57:00+07:00", "satelit": "NASA-SNPP", "confidence": "Medium"}}, {"type": "Feature", "geometry": {"type": "Point", "coordinates": [111.01035, 0.56335]}, "properties": {"kab_kota": "SEKADAU", "kecamatan": "Belitang Hulu", "desa": "Seburuk Satu", "tanggal": "2026-08-07", "timestamp": "2026-08-07T12:33:00+07:00", "satelit": "NASA-SNPP", "confidence": "Medium"}}, {"type": "Feature", "geometry": {"type": "Point", "coordinates": [111.04411, 0.60089]}, "properties": {"kab_kota": "SEKADAU", "kecamatan": "Belitang Hulu", "desa": "Seburuk Satu", "tanggal": "2026-08-09", "timestamp": "2026-08-09T13:35:00+07:00", "satelit": "NASA-SNPP", "confidence": "Medium"}}, {"type": "Feature", "geometry": {"type": "Point", "coordinates": [111.04344, 0.60531]}, "properties": {"kab_kota": "SEKADAU", "kecamatan": "Belitang Hulu", "desa": "Seburuk Satu", "tanggal": "2026-08-09", "timestamp": "2026-08-09T13:35:00+07:00", "satelit": "NASA-SNPP", "confidence": "Medium"}}, {"type": "Feature", "geometry": {"type": "Point", "coordinates": [111.01801, 0.53278]}, "properties": {"kab_kota": "SEKADAU", "kecamatan": "Belitang Hulu", "desa": "Seburuk Satu", "tanggal": "2026-08-10", "timestamp": "2026-08-10T13:18:00+07:00", "satelit": "NASA-SNPP", "confidence": "Medium"}}, {"type": "Feature", "geometry": {"type": "Point", "coordinates": [111.00614, 0.62211]}, "properties": {"kab_kota": "SEKADAU", "kecamatan": "Belitang Hulu", "desa": "Seburuk Satu", "tanggal": "2026-08-14", "timestamp": "2026-08-14T13:42:00+07:00", "satelit": "NASA-SNPP", "confidence": "Medium"}}, {"type": "Feature", "geometry": {"type": "Point", "coordinates": [111.01336, 0.57455]}, "properties": {"kab_kota": "SEKADAU", "kecamatan": "Belitang Hulu", "desa": "Seburuk Satu", "tanggal": "2026-08-21", "timestamp": "2026-08-21T13:12:00+07:00", "satelit": "NASA-SNPP", "confidence": "Medium"}}, {"type": "Feature", "geometry": {"type": "Point", "coordinates": [111.0192, 0.53356]}, "properties": {"kab_kota": "SEKADAU", "kecamatan": "Belitang Hulu", "desa": "Seburuk Satu", "tanggal": "2026-08-24", "timestamp": "2026-08-24T13:57:00+07:00", "satelit": "NASA-SNPP", "confidence": "Medium"}}, {"type": "Feature", "geometry": {"type": "Point", "coordinates": [111.0248, 0.54923]}, "properties": {"kab_kota": "SEKADAU", "kecamatan": "Belitang Hulu", "desa": "Seburuk Satu", "tanggal": "2026-08-30", "timestamp": "2026-08-30T13:44:00+07:00", "satelit": "NASA-SNPP", "confidence": "Medium"}}, {"type": "Feature", "geometry": {"type": "Point", "coordinates": [111.02177, 0.55083]}, "properties": {"kab_kota": "SEKADAU", "kecamatan": "Belitang Hulu", "desa": "Seburuk Satu", "tanggal": "2026-08-30", "timestamp": "2026-08-30T13:44:00+07:00", "satelit": "NASA-SNPP", "confidence": "Medium"}}, {"type": "Feature", "geometry": {"type": "Point", "coordinates": [111.02271, 0.58108]}, "properties": {"kab_kota": "SEKADAU", "kecamatan": "Belitang Hulu", "desa": "Seburuk Satu", "tanggal": "2026-08-30", "timestamp": "2026-08-30T13:44:00+07:00", "satelit": "NASA-SNPP", "confidence": "Medium"}}, {"type": "Feature", "geometry": {"type": "Point", "coordinates": [111.02206, 0.586]}, "properties": {"kab_kota": "SEKADAU", "kecamatan": "Belitang Hulu", "desa": "Seburuk Satu", "tanggal": "2026-08-30", "timestamp": "2026-08-30T13:44:00+07:00", "satelit": "NASA-SNPP", "confidence": "Medium"}}, {"type": "Feature", "geometry": {"type": "Point", "coordinates": [111.02863, 0.61714]}, "properties": {"kab_kota": "SEKADAU", "kecamatan": "Belitang Hulu", "desa": "Seburuk Satu", "tanggal": "2026-08-30", "timestamp": "2026-08-30T13:44:00+07:00", "satelit": "NASA-SNPP", "confidence": "Medium"}}, {"type": "Feature", "geometry": {"type": "Point", "coordinates": [111.0102, 0.61031]}, "properties": {"kab_kota": "SEKADAU", "kecamatan": "Belitang Hulu", "desa": "Seburuk Satu", "tanggal": "2026-08-31", "timestamp": "2026-08-31T13:22:00+07:00", "satelit": "NASA-SNPP", "confidence": "Medium"}}, {"type": "Feature", "geometry": {"type": "Point", "coordinates": [111.14794, 0.70091]}, "properties": {"kab_kota": "SEKADAU", "kecamatan": "Belitang Hulu", "desa": "Sungaiantu Hulu", "tanggal": "2026-08-19", "timestamp": "2026-08-19T13:50:00+07:00", "satelit": "NASA-SNPP", "confidence": "Medium"}}, {"type": "Feature", "geometry": {"type": "Point", "coordinates": [111.08774, 0.68363]}, "properties": {"kab_kota": "SEKADAU", "kecamatan": "Belitang Hulu", "desa": "Sungaiantu Hulu", "tanggal": "2026-08-21", "timestamp": "2026-08-21T13:12:00+07:00", "satelit": "NASA-SNPP", "confidence": "Medium"}}, {"type": "Feature", "geometry": {"type": "Point", "coordinates": [111.1049, 0.72068]}, "properties": {"kab_kota": "SEKADAU", "kecamatan": "Belitang Hulu", "desa": "Sungaiantu Hulu", "tanggal": "2026-08-26", "timestamp": "2026-08-26T13:18:00+07:00", "satelit": "NASA-SNPP", "confidence": "Medium"}}, {"type": "Feature", "geometry": {"type": "Point", "coordinates": [111.08658, 0.43923]}, "properties": {"kab_kota": "SEKADAU", "kecamatan": "Belitang Hulu", "desa": "Sungaitapah", "tanggal": "2026-08-05", "timestamp": "2026-08-05T13:10:00+07:00", "satelit": "NASA-SNPP", "confidence": "Medium"}}, {"type": "Feature", "geometry": {"type": "Point", "coordinates": [110.96228, 0.43745]}, "properties": {"kab_kota": "SEKADAU", "kecamatan": "Belitang Hulu", "desa": "Sungaitapah", "tanggal": "2026-08-10", "timestamp": "2026-08-10T13:18:00+07:00", "satelit": "NASA-SNPP", "confidence": "Medium"}}, {"type": "Feature", "geometry": {"type": "Point", "coordinates": [111.07789, 0.47934]}, "properties": {"kab_kota": "SEKADAU", "kecamatan": "Belitang Hulu", "desa": "Sungaitapah", "tanggal": "2026-08-10", "timestamp": "2026-08-10T13:18:00+07:00", "satelit": "NASA-SNPP", "confidence": "Medium"}}, {"type": "Feature", "geometry": {"type": "Point", "coordinates": [111.01818, 0.4017]}, "properties": {"kab_kota": "SEKADAU", "kecamatan": "Belitang Hulu", "desa": "Sungaitapah", "tanggal": "2026-08-20", "timestamp": "2026-08-20T13:29:00+07:00", "satelit": "NASA-SNPP", "confidence": "Medium"}}, {"type": "Feature", "geometry": {"type": "Point", "coordinates": [110.94924, 0.4298]}, "properties": {"kab_kota": "SEKADAU", "kecamatan": "Belitang Hulu", "desa": "Sungaitapah", "tanggal": "2026-08-29", "timestamp": "2026-08-29T12:23:00+07:00", "satelit": "NASA-SNPP", "confidence": "Medium"}}, {"type": "Feature", "geometry": {"type": "Point", "coordinates": [110.94434, 0.43458]}, "properties": {"kab_kota": "SEKADAU", "kecamatan": "Belitang Hulu", "desa": "Sungaitapah", "tanggal": "2026-08-29", "timestamp": "2026-08-29T12:23:00+07:00", "satelit": "NASA-SNPP", "confidence": "Medium"}}, {"type": "Feature", "geometry": {"type": "Point", "coordinates": [110.95026, 0.43552]}, "properties": {"kab_kota": "SEKADAU", "kecamatan": "Belitang Hulu", "desa": "Sungaitapah", "tanggal": "2026-08-29", "timestamp": "2026-08-29T12:23:00+07:00", "satelit": "NASA-SNPP", "confidence": "Medium"}}, {"type": "Feature", "geometry": {"type": "Point", "coordinates": [110.94835, 0.43664]}, "properties": {"kab_kota": "SEKADAU", "kecamatan": "Belitang Hulu", "desa": "Sungaitapah", "tanggal": "2026-08-29", "timestamp": "2026-08-29T12:23:00+07:00", "satelit": "NASA-SNPP", "confidence": "Medium"}}, {"type": "Feature", "geometry": {"type": "Point", "coordinates": [111.09933, 0.4594]}, "properties": {"kab_kota": "SEKADAU", "kecamatan": "Belitang Hulu", "desa": "Sungaitapah", "tanggal": "2026-08-30", "timestamp": "2026-08-30T01:02:00+07:00", "satelit": "NASA-SNPP", "confidence": "Medium"}}, {"type": "Feature", "geometry": {"type": "Point", "coordinates": [111.10029, 0.4596]}, "properties": {"kab_kota": "SEKADAU", "kecamatan": "Belitang Hulu", "desa": "Sungaitapah", "tanggal": "2026-08-30", "timestamp": "2026-08-30T01:02:00+07:00", "satelit": "NASA-SNPP", "confidence": "Medium"}}, {"type": "Feature", "geometry": {"type": "Point", "coordinates": [111.25671, 0.51013]}, "properties": {"kab_kota": "SEKADAU", "kecamatan": "Belitang Hulu", "desa": "Tabuk Hulu", "tanggal": "2026-08-21", "timestamp": "2026-08-21T13:12:00+07:00", "satelit": "NASA-SNPP", "confidence": "Medium"}}, {"type": "Feature", "geometry": {"type": "Point", "coordinates": [111.21409, 0.51771]}, "properties": {"kab_kota": "SEKADAU", "kecamatan": "Belitang Hulu", "desa": "Tabuk Hulu", "tanggal": "2026-08-26", "timestamp": "2026-08-26T13:18:00+07:00", "satelit": "NASA-SNPP", "confidence": "Medium"}}, {"type": "Feature", "geometry": {"type": "Point", "coordinates": [111.16446, 0.59641]}, "properties": {"kab_kota": "SEKADAU", "kecamatan": "Belitang Hulu", "desa": "Terduk Dampak", "tanggal": "2026-08-05", "timestamp": "2026-08-05T13:10:00+07:00", "satelit": "NASA-SNPP", "confidence": "Medium"}}, {"type": "Feature", "geometry": {"type": "Point", "coordinates": [110.73369, -0.46162]}, "properties": {"kab_kota": "SEKADAU", "kecamatan": "Nanga Mahap", "desa": "Batu Pahat", "tanggal": "2026-08-10", "timestamp": "2026-08-10T13:18:00+07:00", "satelit": "NASA-SNPP", "confidence": "Medium"}}, {"type": "Feature", "geometry": {"type": "Point", "coordinates": [110.75619, -0.43908]}, "properties": {"kab_kota": "SEKADAU", "kecamatan": "Nanga Mahap", "desa": "Batu Pahat", "tanggal": "2026-08-16", "timestamp": "2026-08-16T13:03:00+07:00", "satelit": "NASA-SNPP", "confidence": "Medium"}}, {"type": "Feature", "geometry": {"type": "Point", "coordinates": [110.75999, -0.4385]}, "properties": {"kab_kota": "SEKADAU", "kecamatan": "Nanga Mahap", "desa": "Batu Pahat", "tanggal": "2026-08-16", "timestamp": "2026-08-16T13:03:00+07:00", "satelit": "NASA-SNPP", "confidence": "Medium"}}, {"type": "Feature", "geometry": {"type": "Point", "coordinates": [110.70979, -0.46634]}, "properties": {"kab_kota": "SEKADAU", "kecamatan": "Nanga Mahap", "desa": "Batu Pahat", "tanggal": "2026-08-17", "timestamp": "2026-08-17T12:46:00+07:00", "satelit": "NASA-SNPP", "confidence": "Medium"}}, {"type": "Feature", "geometry": {"type": "Point", "coordinates": [110.72676, -0.46627]}, "properties": {"kab_kota": "SEKADAU", "kecamatan": "Nanga Mahap", "desa": "Batu Pahat", "tanggal": "2026-08-31", "timestamp": "2026-08-31T13:22:00+07:00", "satelit": "NASA-SNPP", "confidence": "Medium"}}, {"type": "Feature", "geometry": {"type": "Point", "coordinates": [110.73067, -0.46567]}, "properties": {"kab_kota": "SEKADAU", "kecamatan": "Nanga Mahap", "desa": "Batu Pahat", "tanggal": "2026-08-31", "timestamp": "2026-08-31T13:22:00+07:00", "satelit": "NASA-SNPP", "confidence": "Medium"}}, {"type": "Feature", "geometry": {"type": "Point", "coordinates": [110.6444, -0.38216]}, "properties": {"kab_kota": "SEKADAU", "kecamatan": "Nanga Mahap", "desa": "Cenayan", "tanggal": "2026-08-09", "timestamp": "2026-08-09T13:35:00+07:00", "satelit": "NASA-SNPP", "confidence": "Medium"}}, {"type": "Feature", "geometry": {"type": "Point", "coordinates": [110.64339, -0.37844]}, "properties": {"kab_kota": "SEKADAU", "kecamatan": "Nanga Mahap", "desa": "Cenayan", "tanggal": "2026-08-09", "timestamp": "2026-08-09T13:35:00+07:00", "satelit": "NASA-SNPP", "confidence": "Medium"}}, {"type": "Feature", "geometry": {"type": "Point", "coordinates": [110.64374, -0.37792]}, "properties": {"kab_kota": "SEKADAU", "kecamatan": "Nanga Mahap", "desa": "Cenayan", "tanggal": "2026-08-09", "timestamp": "2026-08-09T13:35:00+07:00", "satelit": "NASA-SNPP", "confidence": "Medium"}}, {"type": "Feature", "geometry": {"type": "Point", "coordinates": [110.64144, -0.37074]}, "properties": {"kab_kota": "SEKADAU", "kecamatan": "Nanga Mahap", "desa": "Cenayan", "tanggal": "2026-08-12", "timestamp": "2026-08-12T12:40:00+07:00", "satelit": "NASA-SNPP", "confidence": "Medium"}}, {"type": "Feature", "geometry": {"type": "Point", "coordinates": [110.638, -0.36596]}, "properties": {"kab_kota": "SEKADAU", "kecamatan": "Nanga Mahap", "desa": "Cenayan", "tanggal": "2026-08-12", "timestamp": "2026-08-12T12:40:00+07:00", "satelit": "NASA-SNPP", "confidence": "Medium"}}, {"type": "Feature", "geometry": {"type": "Point", "coordinates": [110.64803, -0.38874]}, "properties": {"kab_kota": "SEKADAU", "kecamatan": "Nanga Mahap", "desa": "Cenayan", "tanggal": "2026-08-14", "timestamp": "2026-08-14T13:42:00+07:00", "satelit": "NASA-SNPP", "confidence": "Medium"}}, {"type": "Feature", "geometry": {"type": "Point", "coordinates": [110.62643, -0.38468]}, "properties": {"kab_kota": "SEKADAU", "kecamatan": "Nanga Mahap", "desa": "Cenayan", "tanggal": "2026-08-18", "timestamp": "2026-08-18T12:27:00+07:00", "satelit": "NASA-SNPP", "confidence": "Medium"}}, {"type": "Feature", "geometry": {"type": "Point", "coordinates": [110.5945, -0.36352]}, "properties": {"kab_kota": "SEKADAU", "kecamatan": "Nanga Mahap", "desa": "Cenayan", "tanggal": "2026-08-18", "timestamp": "2026-08-18T12:27:00+07:00", "satelit": "NASA-SNPP", "confidence": "Medium"}}, {"type": "Feature", "geometry": {"type": "Point", "coordinates": [110.62782, -0.38304]}, "properties": {"kab_kota": "SEKADAU", "kecamatan": "Nanga Mahap", "desa": "Cenayan", "tanggal": "2026-08-18", "timestamp": "2026-08-18T14:07:00+07:00", "satelit": "NASA-SNPP", "confidence": "Medium"}}, {"type": "Feature", "geometry": {"type": "Point", "coordinates": [110.61291, -0.36909]}, "properties": {"kab_kota": "SEKADAU", "kecamatan": "Nanga Mahap", "desa": "Cenayan", "tanggal": "2026-08-19", "timestamp": "2026-08-19T13:48:00+07:00", "satelit": "NASA-SNPP", "confidence": "Medium"}}, {"type": "Feature", "geometry": {"type": "Point", "coordinates": [110.61254, -0.36376]}, "properties": {"kab_kota": "SEKADAU", "kecamatan": "Nanga Mahap", "desa": "Cenayan", "tanggal": "2026-08-19", "timestamp": "2026-08-19T13:48:00+07:00", "satelit": "NASA-SNPP", "confidence": "Medium"}}, {"type": "Feature", "geometry": {"type": "Point", "coordinates": [110.61594, -0.3607]}, "properties": {"kab_kota": "SEKADAU", "kecamatan": "Nanga Mahap", "desa": "Cenayan", "tanggal": "2026-08-20", "timestamp": "2026-08-20T13:29:00+07:00", "satelit": "NASA-SNPP", "confidence": "Medium"}}, {"type": "Feature", "geometry": {"type": "Point", "coordinates": [110.617, -0.35781]}, "properties": {"kab_kota": "SEKADAU", "kecamatan": "Nanga Mahap", "desa": "Cenayan", "tanggal": "2026-08-20", "timestamp": "2026-08-20T13:29:00+07:00", "satelit": "NASA-SNPP", "confidence": "Medium"}}, {"type": "Feature", "geometry": {"type": "Point", "coordinates": [110.6562, -0.40473]}, "properties": {"kab_kota": "SEKADAU", "kecamatan": "Nanga Mahap", "desa": "Cenayan", "tanggal": "2026-08-22", "timestamp": "2026-08-22T12:53:00+07:00", "satelit": "NASA-SNPP", "confidence": "Medium"}}, {"type": "Feature", "geometry": {"type": "Point", "coordinates": [110.65508, -0.39463]}, "properties": {"kab_kota": "SEKADAU", "kecamatan": "Nanga Mahap", "desa": "Cenayan", "tanggal": "2026-08-26", "timestamp": "2026-08-26T13:18:00+07:00", "satelit": "NASA-SNPP", "confidence": "Medium"}}, {"type": "Feature", "geometry": {"type": "Point", "coordinates": [110.64405, -0.3929]}, "properties": {"kab_kota": "SEKADAU", "kecamatan": "Nanga Mahap", "desa": "Cenayan", "tanggal": "2026-08-26", "timestamp": "2026-08-26T13:18:00+07:00", "satelit": "NASA-SNPP", "confidence": "Medium"}}, {"type": "Feature", "geometry": {"type": "Point", "coordinates": [110.65656, -0.3807]}, "properties": {"kab_kota": "SEKADAU", "kecamatan": "Nanga Mahap", "desa": "Cenayan", "tanggal": "2026-08-26", "timestamp": "2026-08-26T13:18:00+07:00", "satelit": "NASA-SNPP", "confidence": "Medium"}}, {"type": "Feature", "geometry": {"type": "Point", "coordinates": [110.61594, -0.37324]}, "properties": {"kab_kota": "SEKADAU", "kecamatan": "Nanga Mahap", "desa": "Cenayan", "tanggal": "2026-08-26", "timestamp": "2026-08-26T13:18:00+07:00", "satelit": "NASA-SNPP", "confidence": "Medium"}}, {"type": "Feature", "geometry": {"type": "Point", "coordinates": [110.63461, -0.36906]}, "properties": {"kab_kota": "SEKADAU", "kecamatan": "Nanga Mahap", "desa": "Cenayan", "tanggal": "2026-08-28", "timestamp": "2026-08-28T12:40:00+07:00", "satelit": "NASA-SNPP", "confidence": "Medium"}}, {"type": "Feature", "geometry": {"type": "Point", "coordinates": [110.6377, -0.36858]}, "properties": {"kab_kota": "SEKADAU", "kecamatan": "Nanga Mahap", "desa": "Cenayan", "tanggal": "2026-08-28", "timestamp": "2026-08-28T12:40:00+07:00", "satelit": "NASA-SNPP", "confidence": "Medium"}}, {"type": "Feature", "geometry": {"type": "Point", "coordinates": [110.63753, -0.39076]}, "properties": {"kab_kota": "SEKADAU", "kecamatan": "Nanga Mahap", "desa": "Cenayan", "tanggal": "2026-08-30", "timestamp": "2026-08-30T13:42:00+07:00", "satelit": "NASA-SNPP", "confidence": "Medium"}}, {"type": "Feature", "geometry": {"type": "Point", "coordinates": [110.62547, -0.37822]}, "properties": {"kab_kota": "SEKADAU", "kecamatan": "Nanga Mahap", "desa": "Cenayan", "tanggal": "2026-08-30", "timestamp": "2026-08-30T13:42:00+07:00", "satelit": "NASA-SNPP", "confidence": "Medium"}}, {"type": "Feature", "geometry": {"type": "Point", "coordinates": [110.62081, -0.36757]}, "properties": {"kab_kota": "SEKADAU", "kecamatan": "Nanga Mahap", "desa": "Cenayan", "tanggal": "2026-08-30", "timestamp": "2026-08-30T13:42:00+07:00", "satelit": "NASA-SNPP", "confidence": "Medium"}}, {"type": "Feature", "geometry": {"type": "Point", "coordinates": [110.62319, -0.36414]}, "properties": {"kab_kota": "SEKADAU", "kecamatan": "Nanga Mahap", "desa": "Cenayan", "tanggal": "2026-08-30", "timestamp": "2026-08-30T13:42:00+07:00", "satelit": "NASA-SNPP", "confidence": "Medium"}}, {"type": "Feature", "geometry": {"type": "Point", "coordinates": [110.62791, -0.36339]}, "properties": {"kab_kota": "SEKADAU", "kecamatan": "Nanga Mahap", "desa": "Cenayan", "tanggal": "2026-08-30", "timestamp": "2026-08-30T13:42:00+07:00", "satelit": "NASA-SNPP", "confidence": "Medium"}}, {"type": "Feature", "geometry": {"type": "Point", "coordinates": [110.6295, -0.36144]}, "properties": {"kab_kota": "SEKADAU", "kecamatan": "Nanga Mahap", "desa": "Cenayan", "tanggal": "2026-08-30", "timestamp": "2026-08-30T13:42:00+07:00", "satelit": "NASA-SNPP", "confidence": "Medium"}}, {"type": "Feature", "geometry": {"type": "Point", "coordinates": [110.64174, -0.40698]}, "properties": {"kab_kota": "SEKADAU", "kecamatan": "Nanga Mahap", "desa": "Cenayan", "tanggal": "2026-08-31", "timestamp": "2026-08-31T13:22:00+07:00", "satelit": "NASA-SNPP", "confidence": "Medium"}}, {"type": "Feature", "geometry": {"type": "Point", "coordinates": [110.89375, -0.53987]}, "properties": {"kab_kota": "SEKADAU", "kecamatan": "Nanga Mahap", "desa": "Karang Betung", "tanggal": "2026-08-05", "timestamp": "2026-08-05T13:10:00+07:00", "satelit": "NASA-SNPP", "confidence": "Medium"}}, {"type": "Feature", "geometry": {"type": "Point", "coordinates": [110.89723, -0.53935]}, "properties": {"kab_kota": "SEKADAU", "kecamatan": "Nanga Mahap", "desa": "Karang Betung", "tanggal": "2026-08-05", "timestamp": "2026-08-05T13:10:00+07:00", "satelit": "NASA-SNPP", "confidence": "Medium"}}, {"type": "Feature", "geometry": {"type": "Point", "coordinates": [110.88368, -0.63088]}, "properties": {"kab_kota": "SEKADAU", "kecamatan": "Nanga Mahap", "desa": "Karang Betung", "tanggal": "2026-08-06", "timestamp": "2026-08-06T12:53:00+07:00", "satelit": "NASA-SNPP", "confidence": "Medium"}}, {"type": "Feature", "geometry": {"type": "Point", "coordinates": [110.8831, -0.62676]}, "properties": {"kab_kota": "SEKADAU", "kecamatan": "Nanga Mahap", "desa": "Karang Betung", "tanggal": "2026-08-06", "timestamp": "2026-08-06T12:53:00+07:00", "satelit": "NASA-SNPP", "confidence": "Medium"}}, {"type": "Feature", "geometry": {"type": "Point", "coordinates": [110.86225, -0.5385]}, "properties": {"kab_kota": "SEKADAU", "kecamatan": "Nanga Mahap", "desa": "Karang Betung", "tanggal": "2026-08-09", "timestamp": "2026-08-09T13:35:00+07:00", "satelit": "NASA-SNPP", "confidence": "Medium"}}, {"type": "Feature", "geometry": {"type": "Point", "coordinates": [110.86626, -0.53789]}, "properties": {"kab_kota": "SEKADAU", "kecamatan": "Nanga Mahap", "desa": "Karang Betung", "tanggal": "2026-08-09", "timestamp": "2026-08-09T13:35:00+07:00", "satelit": "NASA-SNPP", "confidence": "Medium"}}, {"type": "Feature", "geometry": {"type": "Point", "coordinates": [110.85258, -0.50045]}, "properties": {"kab_kota": "SEKADAU", "kecamatan": "Nanga Mahap", "desa": "Karang Betung", "tanggal": "2026-08-09", "timestamp": "2026-08-09T13:35:00+07:00", "satelit": "NASA-SNPP", "confidence": "Medium"}}, {"type": "Feature", "geometry": {"type": "Point", "coordinates": [110.9601, -0.60777]}, "properties": {"kab_kota": "SEKADAU", "kecamatan": "Nanga Mahap", "desa": "Karang Betung", "tanggal": "2026-08-14", "timestamp": "2026-08-14T13:42:00+07:00", "satelit": "NASA-SNPP", "confidence": "Medium"}}, {"type": "Feature", "geometry": {"type": "Point", "coordinates": [110.88585, -0.56315]}, "properties": {"kab_kota": "SEKADAU", "kecamatan": "Nanga Mahap", "desa": "Karang Betung", "tanggal": "2026-08-15", "timestamp": "2026-08-15T13:25:00+07:00", "satelit": "NASA-SNPP", "confidence": "Medium"}}, {"type": "Feature", "geometry": {"type": "Point", "coordinates": [110.88907, -0.55903]}, "properties": {"kab_kota": "SEKADAU", "kecamatan": "Nanga Mahap", "desa": "Karang Betung", "tanggal": "2026-08-15", "timestamp": "2026-08-15T13:25:00+07:00", "satelit": "NASA-SNPP", "confidence": "Medium"}}, {"type": "Feature", "geometry": {"type": "Point", "coordinates": [110.85616, -0.52777]}, "properties": {"kab_kota": "SEKADAU", "kecamatan": "Nanga Mahap", "desa": "Karang Betung", "tanggal": "2026-08-15", "timestamp": "2026-08-15T13:25:00+07:00", "satelit": "NASA-SNPP", "confidence": "Medium"}}, {"type": "Feature", "geometry": {"type": "Point", "coordinates": [110.86408, -0.52654]}, "properties": {"kab_kota": "SEKADAU", "kecamatan": "Nanga Mahap", "desa": "Karang Betung", "tanggal": "2026-08-15", "timestamp": "2026-08-15T13:25:00+07:00", "satelit": "NASA-SNPP", "confidence": "Medium"}}, {"type": "Feature", "geometry": {"type": "Point", "coordinates": [110.86406, -0.49859]}, "properties": {"kab_kota": "SEKADAU", "kecamatan": "Nanga Mahap", "desa": "Karang Betung", "tanggal": "2026-08-15", "timestamp": "2026-08-15T13:25:00+07:00", "satelit": "NASA-SNPP", "confidence": "Medium"}}, {"type": "Feature", "geometry": {"type": "Point", "coordinates": [110.95475, -0.60392]}, "properties": {"kab_kota": "SEKADAU", "kecamatan": "Nanga Mahap", "desa": "Karang Betung", "tanggal": "2026-08-16", "timestamp": "2026-08-16T13:03:00+07:00", "satelit": "NASA-SNPP", "confidence": "Medium"}}, {"type": "Feature", "geometry": {"type": "Point", "coordinates": [110.86574, -0.5237]}, "properties": {"kab_kota": "SEKADAU", "kecamatan": "Nanga Mahap", "desa": "Karang Betung", "tanggal": "2026-08-16", "timestamp": "2026-08-16T13:03:00+07:00", "satelit": "NASA-SNPP", "confidence": "Medium"}}, {"type": "Feature", "geometry": {"type": "Point", "coordinates": [110.86522, -0.52024]}, "properties": {"kab_kota": "SEKADAU", "kecamatan": "Nanga Mahap", "desa": "Karang Betung", "tanggal": "2026-08-16", "timestamp": "2026-08-16T13:03:00+07:00", "satelit": "NASA-SNPP", "confidence": "Medium"}}, {"type": "Feature", "geometry": {"type": "Point", "coordinates": [110.90005, -0.59084]}, "properties": {"kab_kota": "SEKADAU", "kecamatan": "Nanga Mahap", "desa": "Karang Betung", "tanggal": "2026-08-17", "timestamp": "2026-08-17T12:46:00+07:00", "satelit": "NASA-SNPP", "confidence": "Medium"}}, {"type": "Feature", "geometry": {"type": "Point", "coordinates": [110.90305, -0.59031]}, "properties": {"kab_kota": "SEKADAU", "kecamatan": "Nanga Mahap", "desa": "Karang Betung", "tanggal": "2026-08-17", "timestamp": "2026-08-17T12:46:00+07:00", "satelit": "NASA-SNPP", "confidence": "Medium"}}, {"type": "Feature", "geometry": {"type": "Point", "coordinates": [110.85103, -0.51865]}, "properties": {"kab_kota": "SEKADAU", "kecamatan": "Nanga Mahap", "desa": "Karang Betung", "tanggal": "2026-08-17", "timestamp": "2026-08-17T12:46:00+07:00", "satelit": "NASA-SNPP", "confidence": "Medium"}}, {"type": "Feature", "geometry": {"type": "Point", "coordinates": [110.84944, -0.5095]}, "properties": {"kab_kota": "SEKADAU", "kecamatan": "Nanga Mahap", "desa": "Karang Betung", "tanggal": "2026-08-17", "timestamp": "2026-08-17T12:46:00+07:00", "satelit": "NASA-SNPP", "confidence": "Medium"}}, {"type": "Feature", "geometry": {"type": "Point", "coordinates": [110.90257, -0.64727]}, "properties": {"kab_kota": "SEKADAU", "kecamatan": "Nanga Mahap", "desa": "Karang Betung", "tanggal": "2026-08-18", "timestamp": "2026-08-18T14:07:00+07:00", "satelit": "NASA-SNPP", "confidence": "Medium"}}, {"type": "Feature", "geometry": {"type": "Point", "coordinates": [110.9091, -0.64621]}, "properties": {"kab_kota": "SEKADAU", "kecamatan": "Nanga Mahap", "desa": "Karang Betung", "tanggal": "2026-08-18", "timestamp": "2026-08-18T14:07:00+07:00", "satelit": "NASA-SNPP", "confidence": "Medium"}}, {"type": "Feature", "geometry": {"type": "Point", "coordinates": [110.91584, -0.64512]}, "properties": {"kab_kota": "SEKADAU", "kecamatan": "Nanga Mahap", "desa": "Karang Betung", "tanggal": "2026-08-18", "timestamp": "2026-08-18T14:07:00+07:00", "satelit": "NASA-SNPP", "confidence": "Medium"}}, {"type": "Feature", "geometry": {"type": "Point", "coordinates": [110.90237, -0.64713]}, "properties": {"kab_kota": "SEKADAU", "kecamatan": "Nanga Mahap", "desa": "Karang Betung", "tanggal": "2026-08-19", "timestamp": "2026-08-19T01:09:00+07:00", "satelit": "NASA-SNPP", "confidence": "Medium"}}, {"type": "Feature", "geometry": {"type": "Point", "coordinates": [110.88162, -0.65862]}, "properties": {"kab_kota": "SEKADAU", "kecamatan": "Nanga Mahap", "desa": "Karang Betung", "tanggal": "2026-08-20", "timestamp": "2026-08-20T00:49:00+07:00", "satelit": "NASA-SNPP", "confidence": "Medium"}}, {"type": "Feature", "geometry": {"type": "Point", "coordinates": [110.83187, -0.68177]}, "properties": {"kab_kota": "SEKADAU", "kecamatan": "Nanga Mahap", "desa": "Karang Betung", "tanggal": "2026-08-20", "timestamp": "2026-08-20T13:29:00+07:00", "satelit": "NASA-SNPP", "confidence": "Medium"}}, {"type": "Feature", "geometry": {"type": "Point", "coordinates": [110.82436, -0.66325]}, "properties": {"kab_kota": "SEKADAU", "kecamatan": "Nanga Mahap", "desa": "Karang Betung", "tanggal": "2026-08-20", "timestamp": "2026-08-20T13:29:00+07:00", "satelit": "NASA-SNPP", "confidence": "Medium"}}, {"type": "Feature", "geometry": {"type": "Point", "coordinates": [110.93279, -0.64224]}, "properties": {"kab_kota": "SEKADAU", "kecamatan": "Nanga Mahap", "desa": "Karang Betung", "tanggal": "2026-08-20", "timestamp": "2026-08-20T13:29:00+07:00", "satelit": "NASA-SNPP", "confidence": "Medium"}}, {"type": "Feature", "geometry": {"type": "Point", "coordinates": [110.90404, -0.60247]}, "properties": {"kab_kota": "SEKADAU", "kecamatan": "Nanga Mahap", "desa": "Karang Betung", "tanggal": "2026-08-20", "timestamp": "2026-08-20T13:29:00+07:00", "satelit": "NASA-SNPP", "confidence": "Medium"}}, {"type": "Feature", "geometry": {"type": "Point", "coordinates": [110.92237, -0.59966]}, "properties": {"kab_kota": "SEKADAU", "kecamatan": "Nanga Mahap", "desa": "Karang Betung", "tanggal": "2026-08-20", "timestamp": "2026-08-20T13:29:00+07:00", "satelit": "NASA-SNPP", "confidence": "Medium"}}, {"type": "Feature", "geometry": {"type": "Point", "coordinates": [110.9009, -0.6027]}, "properties": {"kab_kota": "SEKADAU", "kecamatan": "Nanga Mahap", "desa": "Karang Betung", "tanggal": "2026-08-21", "timestamp": "2026-08-21T13:10:00+07:00", "satelit": "NASA-SNPP", "confidence": "Medium"}}, {"type": "Feature", "geometry": {"type": "Point", "coordinates": [110.90436, -0.60217]}, "properties": {"kab_kota": "SEKADAU", "kecamatan": "Nanga Mahap", "desa": "Karang Betung", "tanggal": "2026-08-21", "timestamp": "2026-08-21T13:10:00+07:00", "satelit": "NASA-SNPP", "confidence": "Medium"}}, {"type": "Feature", "geometry": {"type": "Point", "coordinates": [110.90535, -0.58497]}, "properties": {"kab_kota": "SEKADAU", "kecamatan": "Nanga Mahap", "desa": "Karang Betung", "tanggal": "2026-08-21", "timestamp": "2026-08-21T13:10:00+07:00", "satelit": "NASA-SNPP", "confidence": "Medium"}}, {"type": "Feature", "geometry": {"type": "Point", "coordinates": [110.88995, -0.5771]}, "properties": {"kab_kota": "SEKADAU", "kecamatan": "Nanga Mahap", "desa": "Karang Betung", "tanggal": "2026-08-21", "timestamp": "2026-08-21T13:10:00+07:00", "satelit": "NASA-SNPP", "confidence": "Medium"}}, {"type": "Feature", "geometry": {"type": "Point", "coordinates": [110.88547, -0.57097]}, "properties": {"kab_kota": "SEKADAU", "kecamatan": "Nanga Mahap", "desa": "Karang Betung", "tanggal": "2026-08-21", "timestamp": "2026-08-21T13:10:00+07:00", "satelit": "NASA-SNPP", "confidence": "Medium"}}, {"type": "Feature", "geometry": {"type": "Point", "coordinates": [110.89242, -0.54605]}, "properties": {"kab_kota": "SEKADAU", "kecamatan": "Nanga Mahap", "desa": "Karang Betung", "tanggal": "2026-08-21", "timestamp": "2026-08-21T13:10:00+07:00", "satelit": "NASA-SNPP", "confidence": "Medium"}}, {"type": "Feature", "geometry": {"type": "Point", "coordinates": [110.87269, -0.68535]}, "properties": {"kab_kota": "SEKADAU", "kecamatan": "Nanga Mahap", "desa": "Karang Betung", "tanggal": "2026-08-24", "timestamp": "2026-08-24T13:57:00+07:00", "satelit": "NASA-SNPP", "confidence": "Medium"}}, {"type": "Feature", "geometry": {"type": "Point", "coordinates": [110.92416, -0.57657]}, "properties": {"kab_kota": "SEKADAU", "kecamatan": "Nanga Mahap", "desa": "Karang Betung", "tanggal": "2026-08-26", "timestamp": "2026-08-26T13:18:00+07:00", "satelit": "NASA-SNPP", "confidence": "Medium"}}, {"type": "Feature", "geometry": {"type": "Point", "coordinates": [110.92766, -0.57604]}, "properties": {"kab_kota": "SEKADAU", "kecamatan": "Nanga Mahap", "desa": "Karang Betung", "tanggal": "2026-08-26", "timestamp": "2026-08-26T13:18:00+07:00", "satelit": "NASA-SNPP", "confidence": "Medium"}}, {"type": "Feature", "geometry": {"type": "Point", "coordinates": [110.85605, -0.50964]}, "properties": {"kab_kota": "SEKADAU", "kecamatan": "Nanga Mahap", "desa": "Karang Betung", "tanggal": "2026-08-26", "timestamp": "2026-08-26T13:18:00+07:00", "satelit": "NASA-SNPP", "confidence": "Medium"}}, {"type": "Feature", "geometry": {"type": "Point", "coordinates": [110.93437, -0.6123]}, "properties": {"kab_kota": "SEKADAU", "kecamatan": "Nanga Mahap", "desa": "Karang Betung", "tanggal": "2026-08-28", "timestamp": "2026-08-28T12:40:00+07:00", "satelit": "NASA-SNPP", "confidence": "Medium"}}, {"type": "Feature", "geometry": {"type": "Point", "coordinates": [110.82137, -0.66922]}, "properties": {"kab_kota": "SEKADAU", "kecamatan": "Nanga Mahap", "desa": "Karang Betung", "tanggal": "2026-08-29", "timestamp": "2026-08-29T12:23:00+07:00", "satelit": "NASA-SNPP", "confidence": "Medium"}}, {"type": "Feature", "geometry": {"type": "Point", "coordinates": [110.8517, -0.49612]}, "properties": {"kab_kota": "SEKADAU", "kecamatan": "Nanga Mahap", "desa": "Karang Betung", "tanggal": "2026-08-29", "timestamp": "2026-08-29T12:23:00+07:00", "satelit": "NASA-SNPP", "confidence": "Medium"}}, {"type": "Feature", "geometry": {"type": "Point", "coordinates": [110.93135, -0.65373]}, "properties": {"kab_kota": "SEKADAU", "kecamatan": "Nanga Mahap", "desa": "Karang Betung", "tanggal": "2026-08-30", "timestamp": "2026-08-30T01:02:00+07:00", "satelit": "NASA-SNPP", "confidence": "Medium"}}, {"type": "Feature", "geometry": {"type": "Point", "coordinates": [110.93188, -0.6502]}, "properties": {"kab_kota": "SEKADAU", "kecamatan": "Nanga Mahap", "desa": "Karang Betung", "tanggal": "2026-08-30", "timestamp": "2026-08-30T01:02:00+07:00", "satelit": "NASA-SNPP", "confidence": "Medium"}}, {"type": "Feature", "geometry": {"type": "Point", "coordinates": [110.97043, -0.60711]}, "properties": {"kab_kota": "SEKADAU", "kecamatan": "Nanga Mahap", "desa": "Karang Betung", "tanggal": "2026-08-30", "timestamp": "2026-08-30T13:42:00+07:00", "satelit": "NASA-SNPP", "confidence": "Medium"}}, {"type": "Feature", "geometry": {"type": "Point", "coordinates": [110.71388, -0.50229]}, "properties": {"kab_kota": "SEKADAU", "kecamatan": "Nanga Mahap", "desa": "Landau Apin", "tanggal": "2026-08-02", "timestamp": "2026-08-02T14:07:00+07:00", "satelit": "NASA-SNPP", "confidence": "Medium"}}, {"type": "Feature", "geometry": {"type": "Point", "coordinates": [110.67646, -0.477]}, "properties": {"kab_kota": "SEKADAU", "kecamatan": "Nanga Mahap", "desa": "Landau Apin", "tanggal": "2026-08-07", "timestamp": "2026-08-07T12:33:00+07:00", "satelit": "NASA-SNPP", "confidence": "Medium"}}, {"type": "Feature", "geometry": {"type": "Point", "coordinates": [110.68088, -0.47631]}, "properties": {"kab_kota": "SEKADAU", "kecamatan": "Nanga Mahap", "desa": "Landau Apin", "tanggal": "2026-08-07", "timestamp": "2026-08-07T12:33:00+07:00", "satelit": "NASA-SNPP", "confidence": "Medium"}}, {"type": "Feature", "geometry": {"type": "Point", "coordinates": [110.69279, -0.56394]}, "properties": {"kab_kota": "SEKADAU", "kecamatan": "Nanga Mahap", "desa": "Landau Apin", "tanggal": "2026-08-15", "timestamp": "2026-08-15T13:25:00+07:00", "satelit": "NASA-SNPP", "confidence": "Medium"}}, {"type": "Feature", "geometry": {"type": "Point", "coordinates": [110.68424, -0.49406]}, "properties": {"kab_kota": "SEKADAU", "kecamatan": "Nanga Mahap", "desa": "Landau Apin", "tanggal": "2026-08-17", "timestamp": "2026-08-17T12:46:00+07:00", "satelit": "NASA-SNPP", "confidence": "Medium"}}, {"type": "Feature", "geometry": {"type": "Point", "coordinates": [110.70714, -0.51176]}, "properties": {"kab_kota": "SEKADAU", "kecamatan": "Nanga Mahap", "desa": "Landau Apin", "tanggal": "2026-08-18", "timestamp": "2026-08-18T14:07:00+07:00", "satelit": "NASA-SNPP", "confidence": "Medium"}}, {"type": "Feature", "geometry": {"type": "Point", "coordinates": [110.68594, -0.47872]}, "properties": {"kab_kota": "SEKADAU", "kecamatan": "Nanga Mahap", "desa": "Landau Apin", "tanggal": "2026-08-18", "timestamp": "2026-08-18T14:07:00+07:00", "satelit": "NASA-SNPP", "confidence": "Medium"}}, {"type": "Feature", "geometry": {"type": "Point", "coordinates": [110.66575, -0.47469]}, "properties": {"kab_kota": "SEKADAU", "kecamatan": "Nanga Mahap", "desa": "Landau Apin", "tanggal": "2026-08-18", "timestamp": "2026-08-18T14:07:00+07:00", "satelit": "NASA-SNPP", "confidence": "Medium"}}, {"type": "Feature", "geometry": {"type": "Point", "coordinates": [110.67273, -0.47356]}, "properties": {"kab_kota": "SEKADAU", "kecamatan": "Nanga Mahap", "desa": "Landau Apin", "tanggal": "2026-08-18", "timestamp": "2026-08-18T14:07:00+07:00", "satelit": "NASA-SNPP", "confidence": "Medium"}}, {"type": "Feature", "geometry": {"type": "Point", "coordinates": [110.66913, -0.47445]}, "properties": {"kab_kota": "SEKADAU", "kecamatan": "Nanga Mahap", "desa": "Landau Apin", "tanggal": "2026-08-19", "timestamp": "2026-08-19T01:09:00+07:00", "satelit": "NASA-SNPP", "confidence": "Medium"}}, {"type": "Feature", "geometry": {"type": "Point", "coordinates": [110.70854, -0.49367]}, "properties": {"kab_kota": "SEKADAU", "kecamatan": "Nanga Mahap", "desa": "Landau Apin", "tanggal": "2026-08-19", "timestamp": "2026-08-19T13:48:00+07:00", "satelit": "NASA-SNPP", "confidence": "Medium"}}, {"type": "Feature", "geometry": {"type": "Point", "coordinates": [110.70773, -0.4884]}, "properties": {"kab_kota": "SEKADAU", "kecamatan": "Nanga Mahap", "desa": "Landau Apin", "tanggal": "2026-08-19", "timestamp": "2026-08-19T13:48:00+07:00", "satelit": "NASA-SNPP", "confidence": "Medium"}}, {"type": "Feature", "geometry": {"type": "Point", "coordinates": [110.68755, -0.47539]}, "properties": {"kab_kota": "SEKADAU", "kecamatan": "Nanga Mahap", "desa": "Landau Apin", "tanggal": "2026-08-19", "timestamp": "2026-08-19T13:48:00+07:00", "satelit": "NASA-SNPP", "confidence": "Medium"}}, {"type": "Feature", "geometry": {"type": "Point", "coordinates": [110.69044, -0.47493]}, "properties": {"kab_kota": "SEKADAU", "kecamatan": "Nanga Mahap", "desa": "Landau Apin", "tanggal": "2026-08-19", "timestamp": "2026-08-19T13:48:00+07:00", "satelit": "NASA-SNPP", "confidence": "Medium"}}, {"type": "Feature", "geometry": {"type": "Point", "coordinates": [110.67532, -0.47194]}, "properties": {"kab_kota": "SEKADAU", "kecamatan": "Nanga Mahap", "desa": "Landau Apin", "tanggal": "2026-08-19", "timestamp": "2026-08-19T13:48:00+07:00", "satelit": "NASA-SNPP", "confidence": "Medium"}}, {"type": "Feature", "geometry": {"type": "Point", "coordinates": [110.69874, -0.50634]}, "properties": {"kab_kota": "SEKADAU", "kecamatan": "Nanga Mahap", "desa": "Landau Apin", "tanggal": "2026-08-20", "timestamp": "2026-08-20T13:29:00+07:00", "satelit": "NASA-SNPP", "confidence": "Medium"}}, {"type": "Feature", "geometry": {"type": "Point", "coordinates": [110.69817, -0.50251]}, "properties": {"kab_kota": "SEKADAU", "kecamatan": "Nanga Mahap", "desa": "Landau Apin", "tanggal": "2026-08-20", "timestamp": "2026-08-20T13:29:00+07:00", "satelit": "NASA-SNPP", "confidence": "Medium"}}, {"type": "Feature", "geometry": {"type": "Point", "coordinates": [110.67477, -0.47483]}, "properties": {"kab_kota": "SEKADAU", "kecamatan": "Nanga Mahap", "desa": "Landau Apin", "tanggal": "2026-08-20", "timestamp": "2026-08-20T13:29:00+07:00", "satelit": "NASA-SNPP", "confidence": "Medium"}}, {"type": "Feature", "geometry": {"type": "Point", "coordinates": [110.68357, -0.48699]}, "properties": {"kab_kota": "SEKADAU", "kecamatan": "Nanga Mahap", "desa": "Landau Apin", "tanggal": "2026-08-21", "timestamp": "2026-08-21T13:12:00+07:00", "satelit": "NASA-SNPP", "confidence": "Medium"}}, {"type": "Feature", "geometry": {"type": "Point", "coordinates": [110.70785, -0.54043]}, "properties": {"kab_kota": "SEKADAU", "kecamatan": "Nanga Mahap", "desa": "Landau Apin", "tanggal": "2026-08-24", "timestamp": "2026-08-24T13:57:00+07:00", "satelit": "NASA-SNPP", "confidence": "Medium"}}, {"type": "Feature", "geometry": {"type": "Point", "coordinates": [110.70775, -0.53941]}, "properties": {"kab_kota": "SEKADAU", "kecamatan": "Nanga Mahap", "desa": "Landau Apin", "tanggal": "2026-08-24", "timestamp": "2026-08-24T13:57:00+07:00", "satelit": "NASA-SNPP", "confidence": "Medium"}}, {"type": "Feature", "geometry": {"type": "Point", "coordinates": [110.70697, -0.53457]}, "properties": {"kab_kota": "SEKADAU", "kecamatan": "Nanga Mahap", "desa": "Landau Apin", "tanggal": "2026-08-24", "timestamp": "2026-08-24T13:57:00+07:00", "satelit": "NASA-SNPP", "confidence": "Medium"}}, {"type": "Feature", "geometry": {"type": "Point", "coordinates": [110.70827, -0.49087]}, "properties": {"kab_kota": "SEKADAU", "kecamatan": "Nanga Mahap", "desa": "Landau Apin", "tanggal": "2026-08-28", "timestamp": "2026-08-28T12:40:00+07:00", "satelit": "NASA-SNPP", "confidence": "Medium"}}, {"type": "Feature", "geometry": {"type": "Point", "coordinates": [110.67379, -0.46967]}, "properties": {"kab_kota": "SEKADAU", "kecamatan": "Nanga Mahap", "desa": "Landau Apin", "tanggal": "2026-08-28", "timestamp": "2026-08-28T12:40:00+07:00", "satelit": "NASA-SNPP", "confidence": "Medium"}}, {"type": "Feature", "geometry": {"type": "Point", "coordinates": [110.70815, -0.4989]}, "properties": {"kab_kota": "SEKADAU", "kecamatan": "Nanga Mahap", "desa": "Landau Apin", "tanggal": "2026-08-29", "timestamp": "2026-08-29T01:19:00+07:00", "satelit": "NASA-SNPP", "confidence": "Medium"}}, {"type": "Feature", "geometry": {"type": "Point", "coordinates": [110.70974, -0.4886]}, "properties": {"kab_kota": "SEKADAU", "kecamatan": "Nanga Mahap", "desa": "Landau Apin", "tanggal": "2026-08-29", "timestamp": "2026-08-29T01:19:00+07:00", "satelit": "NASA-SNPP", "confidence": "Medium"}}, {"type": "Feature", "geometry": {"type": "Point", "coordinates": [110.75198, -0.39654]}, "properties": {"kab_kota": "SEKADAU", "kecamatan": "Nanga Mahap", "desa": "Landau Kumpai", "tanggal": "2026-08-15", "timestamp": "2026-08-15T13:25:00+07:00", "satelit": "NASA-SNPP", "confidence": "Medium"}}, {"type": "Feature", "geometry": {"type": "Point", "coordinates": [110.71602, -0.40137]}, "properties": {"kab_kota": "SEKADAU", "kecamatan": "Nanga Mahap", "desa": "Landau Kumpai", "tanggal": "2026-08-19", "timestamp": "2026-08-19T13:48:00+07:00", "satelit": "NASA-SNPP", "confidence": "Medium"}}, {"type": "Feature", "geometry": {"type": "Point", "coordinates": [110.72409, -0.40652]}, "properties": {"kab_kota": "SEKADAU", "kecamatan": "Nanga Mahap", "desa": "Landau Kumpai", "tanggal": "2026-08-21", "timestamp": "2026-08-21T13:12:00+07:00", "satelit": "NASA-SNPP", "confidence": "Medium"}}, {"type": "Feature", "geometry": {"type": "Point", "coordinates": [110.72362, -0.40318]}, "properties": {"kab_kota": "SEKADAU", "kecamatan": "Nanga Mahap", "desa": "Landau Kumpai", "tanggal": "2026-08-21", "timestamp": "2026-08-21T13:12:00+07:00", "satelit": "NASA-SNPP", "confidence": "Medium"}}, {"type": "Feature", "geometry": {"type": "Point", "coordinates": [110.74242, -0.34467]}, "properties": {"kab_kota": "SEKADAU", "kecamatan": "Nanga Mahap", "desa": "Landau Kumpai", "tanggal": "2026-08-22", "timestamp": "2026-08-22T12:53:00+07:00", "satelit": "NASA-SNPP", "confidence": "Medium"}}, {"type": "Feature", "geometry": {"type": "Point", "coordinates": [110.74073, -0.34341]}, "properties": {"kab_kota": "SEKADAU", "kecamatan": "Nanga Mahap", "desa": "Landau Kumpai", "tanggal": "2026-08-23", "timestamp": "2026-08-23T01:34:00+07:00", "satelit": "NASA-SNPP", "confidence": "Medium"}}, {"type": "Feature", "geometry": {"type": "Point", "coordinates": [110.74507, -0.39323]}, "properties": {"kab_kota": "SEKADAU", "kecamatan": "Nanga Mahap", "desa": "Landau Kumpai", "tanggal": "2026-08-30", "timestamp": "2026-08-30T13:42:00+07:00", "satelit": "NASA-SNPP", "confidence": "Medium"}}, {"type": "Feature", "geometry": {"type": "Point", "coordinates": [110.75871, -0.47256]}, "properties": {"kab_kota": "SEKADAU", "kecamatan": "Nanga Mahap", "desa": "Lembah Beringin", "tanggal": "2026-08-06", "timestamp": "2026-08-06T12:53:00+07:00", "satelit": "NASA-SNPP", "confidence": "Medium"}}, {"type": "Feature", "geometry": {"type": "Point", "coordinates": [110.76053, -0.59071]}, "properties": {"kab_kota": "SEKADAU", "kecamatan": "Nanga Mahap", "desa": "Lembah Beringin", "tanggal": "2026-08-14", "timestamp": "2026-08-14T13:42:00+07:00", "satelit": "NASA-SNPP", "confidence": "Medium"}}, {"type": "Feature", "geometry": {"type": "Point", "coordinates": [110.7561, -0.58667]}, "properties": {"kab_kota": "SEKADAU", "kecamatan": "Nanga Mahap", "desa": "Lembah Beringin", "tanggal": "2026-08-15", "timestamp": "2026-08-15T13:25:00+07:00", "satelit": "NASA-SNPP", "confidence": "Medium"}}, {"type": "Feature", "geometry": {"type": "Point", "coordinates": [110.77185, -0.47637]}, "properties": {"kab_kota": "SEKADAU", "kecamatan": "Nanga Mahap", "desa": "Lembah Beringin", "tanggal": "2026-08-15", "timestamp": "2026-08-15T13:25:00+07:00", "satelit": "NASA-SNPP", "confidence": "Medium"}}, {"type": "Feature", "geometry": {"type": "Point", "coordinates": [110.76502, -0.59943]}, "properties": {"kab_kota": "SEKADAU", "kecamatan": "Nanga Mahap", "desa": "Lembah Beringin", "tanggal": "2026-08-16", "timestamp": "2026-08-16T13:03:00+07:00", "satelit": "NASA-SNPP", "confidence": "Medium"}}, {"type": "Feature", "geometry": {"type": "Point", "coordinates": [110.77441, -0.55888]}, "properties": {"kab_kota": "SEKADAU", "kecamatan": "Nanga Mahap", "desa": "Lembah Beringin", "tanggal": "2026-08-16", "timestamp": "2026-08-16T13:03:00+07:00", "satelit": "NASA-SNPP", "confidence": "Medium"}}, {"type": "Feature", "geometry": {"type": "Point", "coordinates": [110.75871, -0.59028]}, "properties": {"kab_kota": "SEKADAU", "kecamatan": "Nanga Mahap", "desa": "Lembah Beringin", "tanggal": "2026-08-18", "timestamp": "2026-08-18T14:07:00+07:00", "satelit": "NASA-SNPP", "confidence": "Medium"}}, {"type": "Feature", "geometry": {"type": "Point", "coordinates": [110.77527, -0.6918]}, "properties": {"kab_kota": "SEKADAU", "kecamatan": "Nanga Mahap", "desa": "Lembah Beringin", "tanggal": "2026-08-19", "timestamp": "2026-08-19T13:48:00+07:00", "satelit": "NASA-SNPP", "confidence": "Medium"}}, {"type": "Feature", "geometry": {"type": "Point", "coordinates": [110.74406, -0.5314]}, "properties": {"kab_kota": "SEKADAU", "kecamatan": "Nanga Mahap", "desa": "Lembah Beringin", "tanggal": "2026-08-19", "timestamp": "2026-08-19T13:48:00+07:00", "satelit": "NASA-SNPP", "confidence": "Medium"}}, {"type": "Feature", "geometry": {"type": "Point", "coordinates": [110.75632, -0.52409]}, "properties": {"kab_kota": "SEKADAU", "kecamatan": "Nanga Mahap", "desa": "Lembah Beringin", "tanggal": "2026-08-19", "timestamp": "2026-08-19T13:48:00+07:00", "satelit": "NASA-SNPP", "confidence": "Medium"}}, {"type": "Feature", "geometry": {"type": "Point", "coordinates": [110.75955, -0.52358]}, "properties": {"kab_kota": "SEKADAU", "kecamatan": "Nanga Mahap", "desa": "Lembah Beringin", "tanggal": "2026-08-19", "timestamp": "2026-08-19T13:48:00+07:00", "satelit": "NASA-SNPP", "confidence": "Medium"}}, {"type": "Feature", "geometry": {"type": "Point", "coordinates": [110.7515, -0.51399]}, "properties": {"kab_kota": "SEKADAU", "kecamatan": "Nanga Mahap", "desa": "Lembah Beringin", "tanggal": "2026-08-19", "timestamp": "2026-08-19T13:48:00+07:00", "satelit": "NASA-SNPP", "confidence": "Medium"}}, {"type": "Feature", "geometry": {"type": "Point", "coordinates": [110.7803, -0.50555]}, "properties": {"kab_kota": "SEKADAU", "kecamatan": "Nanga Mahap", "desa": "Lembah Beringin", "tanggal": "2026-08-20", "timestamp": "2026-08-20T13:29:00+07:00", "satelit": "NASA-SNPP", "confidence": "Medium"}}, {"type": "Feature", "geometry": {"type": "Point", "coordinates": [110.75511, -0.49763]}, "properties": {"kab_kota": "SEKADAU", "kecamatan": "Nanga Mahap", "desa": "Lembah Beringin", "tanggal": "2026-08-20", "timestamp": "2026-08-20T13:29:00+07:00", "satelit": "NASA-SNPP", "confidence": "Medium"}}, {"type": "Feature", "geometry": {"type": "Point", "coordinates": [110.76554, -0.62342]}, "properties": {"kab_kota": "SEKADAU", "kecamatan": "Nanga Mahap", "desa": "Lembah Beringin", "tanggal": "2026-08-21", "timestamp": "2026-08-21T13:10:00+07:00", "satelit": "NASA-SNPP", "confidence": "Medium"}}, {"type": "Feature", "geometry": {"type": "Point", "coordinates": [110.75318, -0.47317]}, "properties": {"kab_kota": "SEKADAU", "kecamatan": "Nanga Mahap", "desa": "Lembah Beringin", "tanggal": "2026-08-24", "timestamp": "2026-08-24T13:57:00+07:00", "satelit": "NASA-SNPP", "confidence": "Medium"}}, {"type": "Feature", "geometry": {"type": "Point", "coordinates": [110.74737, -0.69368]}, "properties": {"kab_kota": "SEKADAU", "kecamatan": "Nanga Mahap", "desa": "Lembah Beringin", "tanggal": "2026-08-25", "timestamp": "2026-08-25T13:35:00+07:00", "satelit": "NASA-SNPP", "confidence": "Medium"}}, {"type": "Feature", "geometry": {"type": "Point", "coordinates": [110.75128, -0.69306]}, "properties": {"kab_kota": "SEKADAU", "kecamatan": "Nanga Mahap", "desa": "Lembah Beringin", "tanggal": "2026-08-25", "timestamp": "2026-08-25T13:35:00+07:00", "satelit": "NASA-SNPP", "confidence": "Medium"}}, {"type": "Feature", "geometry": {"type": "Point", "coordinates": [110.74671, -0.68945]}, "properties": {"kab_kota": "SEKADAU", "kecamatan": "Nanga Mahap", "desa": "Lembah Beringin", "tanggal": "2026-08-25", "timestamp": "2026-08-25T13:35:00+07:00", "satelit": "NASA-SNPP", "confidence": "Medium"}}, {"type": "Feature", "geometry": {"type": "Point", "coordinates": [110.7693, -0.4965]}, "properties": {"kab_kota": "SEKADAU", "kecamatan": "Nanga Mahap", "desa": "Lembah Beringin", "tanggal": "2026-08-25", "timestamp": "2026-08-25T13:35:00+07:00", "satelit": "NASA-SNPP", "confidence": "Medium"}}, {"type": "Feature", "geometry": {"type": "Point", "coordinates": [110.75304, -0.70046]}, "properties": {"kab_kota": "SEKADAU", "kecamatan": "Nanga Mahap", "desa": "Lembah Beringin", "tanggal": "2026-08-26", "timestamp": "2026-08-26T13:18:00+07:00", "satelit": "NASA-SNPP", "confidence": "Medium"}}, {"type": "Feature", "geometry": {"type": "Point", "coordinates": [110.75854, -0.6866]}, "properties": {"kab_kota": "SEKADAU", "kecamatan": "Nanga Mahap", "desa": "Lembah Beringin", "tanggal": "2026-08-28", "timestamp": "2026-08-28T12:40:00+07:00", "satelit": "NASA-SNPP", "confidence": "Medium"}}, {"type": "Feature", "geometry": {"type": "Point", "coordinates": [110.74631, -0.61994]}, "properties": {"kab_kota": "SEKADAU", "kecamatan": "Nanga Mahap", "desa": "Lembah Beringin", "tanggal": "2026-08-29", "timestamp": "2026-08-29T01:19:00+07:00", "satelit": "NASA-SNPP", "confidence": "Medium"}}, {"type": "Feature", "geometry": {"type": "Point", "coordinates": [110.75263, -0.4952]}, "properties": {"kab_kota": "SEKADAU", "kecamatan": "Nanga Mahap", "desa": "Lembah Beringin", "tanggal": "2026-08-29", "timestamp": "2026-08-29T12:23:00+07:00", "satelit": "NASA-SNPP", "confidence": "Medium"}}, {"type": "Feature", "geometry": {"type": "Point", "coordinates": [110.75047, -0.49076]}, "properties": {"kab_kota": "SEKADAU", "kecamatan": "Nanga Mahap", "desa": "Lembah Beringin", "tanggal": "2026-08-29", "timestamp": "2026-08-29T12:23:00+07:00", "satelit": "NASA-SNPP", "confidence": "Medium"}}, {"type": "Feature", "geometry": {"type": "Point", "coordinates": [110.74429, -0.54119]}, "properties": {"kab_kota": "SEKADAU", "kecamatan": "Nanga Mahap", "desa": "Lembah Beringin", "tanggal": "2026-08-30", "timestamp": "2026-08-30T01:02:00+07:00", "satelit": "NASA-SNPP", "confidence": "Medium"}}, {"type": "Feature", "geometry": {"type": "Point", "coordinates": [110.75672, -0.68437]}, "properties": {"kab_kota": "SEKADAU", "kecamatan": "Nanga Mahap", "desa": "Lembah Beringin", "tanggal": "2026-08-30", "timestamp": "2026-08-30T13:42:00+07:00", "satelit": "NASA-SNPP", "confidence": "Medium"}}, {"type": "Feature", "geometry": {"type": "Point", "coordinates": [110.75599, -0.66258]}, "properties": {"kab_kota": "SEKADAU", "kecamatan": "Nanga Mahap", "desa": "Lembah Beringin", "tanggal": "2026-08-31", "timestamp": "2026-08-31T00:43:00+07:00", "satelit": "NASA-SNPP", "confidence": "Medium"}}, {"type": "Feature", "geometry": {"type": "Point", "coordinates": [110.75829, -0.6623]}, "properties": {"kab_kota": "SEKADAU", "kecamatan": "Nanga Mahap", "desa": "Lembah Beringin", "tanggal": "2026-08-31", "timestamp": "2026-08-31T00:43:00+07:00", "satelit": "NASA-SNPP", "confidence": "Medium"}}, {"type": "Feature", "geometry": {"type": "Point", "coordinates": [110.75681, -0.65778]}, "properties": {"kab_kota": "SEKADAU", "kecamatan": "Nanga Mahap", "desa": "Lembah Beringin", "tanggal": "2026-08-31", "timestamp": "2026-08-31T00:43:00+07:00", "satelit": "NASA-SNPP", "confidence": "Medium"}}, {"type": "Feature", "geometry": {"type": "Point", "coordinates": [110.76469, -0.69102]}, "properties": {"kab_kota": "SEKADAU", "kecamatan": "Nanga Mahap", "desa": "Lembah Beringin", "tanggal": "2026-08-31", "timestamp": "2026-08-31T13:22:00+07:00", "satelit": "NASA-SNPP", "confidence": "Medium"}}, {"type": "Feature", "geometry": {"type": "Point", "coordinates": [110.78886, -0.58981]}, "properties": {"kab_kota": "SEKADAU", "kecamatan": "Nanga Mahap", "desa": "Lembah Beringin", "tanggal": "2026-08-31", "timestamp": "2026-08-31T13:22:00+07:00", "satelit": "NASA-SNPP", "confidence": "Medium"}}, {"type": "Feature", "geometry": {"type": "Point", "coordinates": [110.74292, -0.42223]}, "properties": {"kab_kota": "SEKADAU", "kecamatan": "Nanga Mahap", "desa": "Nanga Mahap", "tanggal": "2026-08-08", "timestamp": "2026-08-08T13:54:00+07:00", "satelit": "NASA-SNPP", "confidence": "Medium"}}, {"type": "Feature", "geometry": {"type": "Point", "coordinates": [110.7683, -0.41824]}, "properties": {"kab_kota": "SEKADAU", "kecamatan": "Nanga Mahap", "desa": "Nanga Mahap", "tanggal": "2026-08-08", "timestamp": "2026-08-08T13:54:00+07:00", "satelit": "NASA-SNPP", "confidence": "Medium"}}, {"type": "Feature", "geometry": {"type": "Point", "coordinates": [110.74654, -0.41834]}, "properties": {"kab_kota": "SEKADAU", "kecamatan": "Nanga Mahap", "desa": "Nanga Mahap", "tanggal": "2026-08-09", "timestamp": "2026-08-09T13:35:00+07:00", "satelit": "NASA-SNPP", "confidence": "Medium"}}, {"type": "Feature", "geometry": {"type": "Point", "coordinates": [110.77619, -0.42501]}, "properties": {"kab_kota": "SEKADAU", "kecamatan": "Nanga Mahap", "desa": "Nanga Mahap", "tanggal": "2026-08-15", "timestamp": "2026-08-15T13:25:00+07:00", "satelit": "NASA-SNPP", "confidence": "Medium"}}, {"type": "Feature", "geometry": {"type": "Point", "coordinates": [110.76707, -0.42055]}, "properties": {"kab_kota": "SEKADAU", "kecamatan": "Nanga Mahap", "desa": "Nanga Mahap", "tanggal": "2026-08-19", "timestamp": "2026-08-19T13:48:00+07:00", "satelit": "NASA-SNPP", "confidence": "Medium"}}, {"type": "Feature", "geometry": {"type": "Point", "coordinates": [110.77031, -0.42005]}, "properties": {"kab_kota": "SEKADAU", "kecamatan": "Nanga Mahap", "desa": "Nanga Mahap", "tanggal": "2026-08-19", "timestamp": "2026-08-19T13:48:00+07:00", "satelit": "NASA-SNPP", "confidence": "Medium"}}, {"type": "Feature", "geometry": {"type": "Point", "coordinates": [110.77004, -0.43628]}, "properties": {"kab_kota": "SEKADAU", "kecamatan": "Nanga Mahap", "desa": "Nanga Mahap", "tanggal": "2026-08-20", "timestamp": "2026-08-20T13:29:00+07:00", "satelit": "NASA-SNPP", "confidence": "Medium"}}, {"type": "Feature", "geometry": {"type": "Point", "coordinates": [110.77129, -0.43475]}, "properties": {"kab_kota": "SEKADAU", "kecamatan": "Nanga Mahap", "desa": "Nanga Mahap", "tanggal": "2026-08-20", "timestamp": "2026-08-20T13:29:00+07:00", "satelit": "NASA-SNPP", "confidence": "Medium"}}, {"type": "Feature", "geometry": {"type": "Point", "coordinates": [110.76478, -0.42392]}, "properties": {"kab_kota": "SEKADAU", "kecamatan": "Nanga Mahap", "desa": "Nanga Mahap", "tanggal": "2026-08-20", "timestamp": "2026-08-20T13:29:00+07:00", "satelit": "NASA-SNPP", "confidence": "Medium"}}, {"type": "Feature", "geometry": {"type": "Point", "coordinates": [110.76286, -0.41664]}, "properties": {"kab_kota": "SEKADAU", "kecamatan": "Nanga Mahap", "desa": "Nanga Mahap", "tanggal": "2026-08-29", "timestamp": "2026-08-29T14:01:00+07:00", "satelit": "NASA-SNPP", "confidence": "Medium"}}, {"type": "Feature", "geometry": {"type": "Point", "coordinates": [110.76639, -0.41596]}, "properties": {"kab_kota": "SEKADAU", "kecamatan": "Nanga Mahap", "desa": "Nanga Mahap", "tanggal": "2026-08-29", "timestamp": "2026-08-29T14:01:00+07:00", "satelit": "NASA-SNPP", "confidence": "Medium"}}, {"type": "Feature", "geometry": {"type": "Point", "coordinates": [110.78681, -0.4014]}, "properties": {"kab_kota": "SEKADAU", "kecamatan": "Nanga Mahap", "desa": "Nanga Suri", "tanggal": "2026-08-05", "timestamp": "2026-08-05T13:10:00+07:00", "satelit": "NASA-SNPP", "confidence": "Medium"}}, {"type": "Feature", "geometry": {"type": "Point", "coordinates": [110.7901, -0.42087]}, "properties": {"kab_kota": "SEKADAU", "kecamatan": "Nanga Mahap", "desa": "Nanga Suri", "tanggal": "2026-08-08", "timestamp": "2026-08-08T13:54:00+07:00", "satelit": "NASA-SNPP", "confidence": "Medium"}}, {"type": "Feature", "geometry": {"type": "Point", "coordinates": [110.79021, -0.40886]}, "properties": {"kab_kota": "SEKADAU", "kecamatan": "Nanga Mahap", "desa": "Nanga Suri", "tanggal": "2026-08-15", "timestamp": "2026-08-15T13:25:00+07:00", "satelit": "NASA-SNPP", "confidence": "Medium"}}, {"type": "Feature", "geometry": {"type": "Point", "coordinates": [110.78983, -0.40839]}, "properties": {"kab_kota": "SEKADAU", "kecamatan": "Nanga Mahap", "desa": "Nanga Suri", "tanggal": "2026-08-15", "timestamp": "2026-08-15T13:25:00+07:00", "satelit": "NASA-SNPP", "confidence": "Medium"}}, {"type": "Feature", "geometry": {"type": "Point", "coordinates": [110.79018, -0.40065]}, "properties": {"kab_kota": "SEKADAU", "kecamatan": "Nanga Mahap", "desa": "Nanga Suri", "tanggal": "2026-08-19", "timestamp": "2026-08-19T13:48:00+07:00", "satelit": "NASA-SNPP", "confidence": "Medium"}}, {"type": "Feature", "geometry": {"type": "Point", "coordinates": [110.79348, -0.40013]}, "properties": {"kab_kota": "SEKADAU", "kecamatan": "Nanga Mahap", "desa": "Nanga Suri", "tanggal": "2026-08-19", "timestamp": "2026-08-19T13:48:00+07:00", "satelit": "NASA-SNPP", "confidence": "Medium"}}, {"type": "Feature", "geometry": {"type": "Point", "coordinates": [110.783, -0.40539]}, "properties": {"kab_kota": "SEKADAU", "kecamatan": "Nanga Mahap", "desa": "Nanga Suri", "tanggal": "2026-08-28", "timestamp": "2026-08-28T12:40:00+07:00", "satelit": "NASA-SNPP", "confidence": "Medium"}}, {"type": "Feature", "geometry": {"type": "Point", "coordinates": [110.77283, -0.38989]}, "properties": {"kab_kota": "SEKADAU", "kecamatan": "Nanga Mahap", "desa": "Nanga Suri", "tanggal": "2026-08-28", "timestamp": "2026-08-28T12:40:00+07:00", "satelit": "NASA-SNPP", "confidence": "Medium"}}, {"type": "Feature", "geometry": {"type": "Point", "coordinates": [110.84457, -0.4953]}, "properties": {"kab_kota": "SEKADAU", "kecamatan": "Nanga Mahap", "desa": "Sebabas", "tanggal": "2026-08-01", "timestamp": "2026-08-01T12:46:00+07:00", "satelit": "NASA-SNPP", "confidence": "Medium"}}, {"type": "Feature", "geometry": {"type": "Point", "coordinates": [110.84649, -0.49432]}, "properties": {"kab_kota": "SEKADAU", "kecamatan": "Nanga Mahap", "desa": "Sebabas", "tanggal": "2026-08-01", "timestamp": "2026-08-01T12:46:00+07:00", "satelit": "NASA-SNPP", "confidence": "Medium"}}, {"type": "Feature", "geometry": {"type": "Point", "coordinates": [110.8439, -0.49072]}, "properties": {"kab_kota": "SEKADAU", "kecamatan": "Nanga Mahap", "desa": "Sebabas", "tanggal": "2026-08-01", "timestamp": "2026-08-01T12:46:00+07:00", "satelit": "NASA-SNPP", "confidence": "Medium"}}, {"type": "Feature", "geometry": {"type": "Point", "coordinates": [110.79573, -0.45599]}, "properties": {"kab_kota": "SEKADAU", "kecamatan": "Nanga Mahap", "desa": "Sebabas", "tanggal": "2026-08-01", "timestamp": "2026-08-01T12:46:00+07:00", "satelit": "NASA-SNPP", "confidence": "Medium"}}, {"type": "Feature", "geometry": {"type": "Point", "coordinates": [110.79001, -0.45004]}, "properties": {"kab_kota": "SEKADAU", "kecamatan": "Nanga Mahap", "desa": "Sebabas", "tanggal": "2026-08-02", "timestamp": "2026-08-02T14:07:00+07:00", "satelit": "NASA-SNPP", "confidence": "Medium"}}, {"type": "Feature", "geometry": {"type": "Point", "coordinates": [110.78995, -0.44811]}, "properties": {"kab_kota": "SEKADAU", "kecamatan": "Nanga Mahap", "desa": "Sebabas", "tanggal": "2026-08-02", "timestamp": "2026-08-02T14:07:00+07:00", "satelit": "NASA-SNPP", "confidence": "Medium"}}, {"type": "Feature", "geometry": {"type": "Point", "coordinates": [110.85393, -0.49215]}, "properties": {"kab_kota": "SEKADAU", "kecamatan": "Nanga Mahap", "desa": "Sebabas", "tanggal": "2026-08-05", "timestamp": "2026-08-05T13:10:00+07:00", "satelit": "NASA-SNPP", "confidence": "Medium"}}, {"type": "Feature", "geometry": {"type": "Point", "coordinates": [110.84896, -0.48269]}, "properties": {"kab_kota": "SEKADAU", "kecamatan": "Nanga Mahap", "desa": "Sebabas", "tanggal": "2026-08-05", "timestamp": "2026-08-05T13:10:00+07:00", "satelit": "NASA-SNPP", "confidence": "Medium"}}, {"type": "Feature", "geometry": {"type": "Point", "coordinates": [110.82756, -0.43482]}, "properties": {"kab_kota": "SEKADAU", "kecamatan": "Nanga Mahap", "desa": "Sebabas", "tanggal": "2026-08-05", "timestamp": "2026-08-05T13:10:00+07:00", "satelit": "NASA-SNPP", "confidence": "Medium"}}, {"type": "Feature", "geometry": {"type": "Point", "coordinates": [110.83053, -0.43096]}, "properties": {"kab_kota": "SEKADAU", "kecamatan": "Nanga Mahap", "desa": "Sebabas", "tanggal": "2026-08-05", "timestamp": "2026-08-05T13:10:00+07:00", "satelit": "NASA-SNPP", "confidence": "Medium"}}, {"type": "Feature", "geometry": {"type": "Point", "coordinates": [110.82075, -0.4335]}, "properties": {"kab_kota": "SEKADAU", "kecamatan": "Nanga Mahap", "desa": "Sebabas", "tanggal": "2026-08-06", "timestamp": "2026-08-06T12:53:00+07:00", "satelit": "NASA-SNPP", "confidence": "Medium"}}, {"type": "Feature", "geometry": {"type": "Point", "coordinates": [110.84184, -0.47708]}, "properties": {"kab_kota": "SEKADAU", "kecamatan": "Nanga Mahap", "desa": "Sebabas", "tanggal": "2026-08-08", "timestamp": "2026-08-08T13:54:00+07:00", "satelit": "NASA-SNPP", "confidence": "Medium"}}, {"type": "Feature", "geometry": {"type": "Point", "coordinates": [110.81818, -0.46774]}, "properties": {"kab_kota": "SEKADAU", "kecamatan": "Nanga Mahap", "desa": "Sebabas", "tanggal": "2026-08-10", "timestamp": "2026-08-10T13:18:00+07:00", "satelit": "NASA-SNPP", "confidence": "Medium"}}, {"type": "Feature", "geometry": {"type": "Point", "coordinates": [110.81769, -0.46438]}, "properties": {"kab_kota": "SEKADAU", "kecamatan": "Nanga Mahap", "desa": "Sebabas", "tanggal": "2026-08-10", "timestamp": "2026-08-10T13:18:00+07:00", "satelit": "NASA-SNPP", "confidence": "Medium"}}, {"type": "Feature", "geometry": {"type": "Point", "coordinates": [110.79771, -0.43124]}, "properties": {"kab_kota": "SEKADAU", "kecamatan": "Nanga Mahap", "desa": "Sebabas", "tanggal": "2026-08-10", "timestamp": "2026-08-10T13:18:00+07:00", "satelit": "NASA-SNPP", "confidence": "Medium"}}, {"type": "Feature", "geometry": {"type": "Point", "coordinates": [110.82489, -0.45374]}, "properties": {"kab_kota": "SEKADAU", "kecamatan": "Nanga Mahap", "desa": "Sebabas", "tanggal": "2026-08-15", "timestamp": "2026-08-15T13:25:00+07:00", "satelit": "NASA-SNPP", "confidence": "Medium"}}, {"type": "Feature", "geometry": {"type": "Point", "coordinates": [110.84056, -0.42591]}, "properties": {"kab_kota": "SEKADAU", "kecamatan": "Nanga Mahap", "desa": "Sebabas", "tanggal": "2026-08-15", "timestamp": "2026-08-15T13:25:00+07:00", "satelit": "NASA-SNPP", "confidence": "Medium"}}, {"type": "Feature", "geometry": {"type": "Point", "coordinates": [110.8107, -0.45735]}, "properties": {"kab_kota": "SEKADAU", "kecamatan": "Nanga Mahap", "desa": "Sebabas", "tanggal": "2026-08-21", "timestamp": "2026-08-21T13:12:00+07:00", "satelit": "NASA-SNPP", "confidence": "Medium"}}, {"type": "Feature", "geometry": {"type": "Point", "coordinates": [110.81714, -0.45296]}, "properties": {"kab_kota": "SEKADAU", "kecamatan": "Nanga Mahap", "desa": "Sebabas", "tanggal": "2026-08-21", "timestamp": "2026-08-21T13:12:00+07:00", "satelit": "NASA-SNPP", "confidence": "Medium"}}, {"type": "Feature", "geometry": {"type": "Point", "coordinates": [110.82803, -0.43085]}, "properties": {"kab_kota": "SEKADAU", "kecamatan": "Nanga Mahap", "desa": "Sebabas", "tanggal": "2026-08-21", "timestamp": "2026-08-21T13:12:00+07:00", "satelit": "NASA-SNPP", "confidence": "Medium"}}, {"type": "Feature", "geometry": {"type": "Point", "coordinates": [110.8241, -0.4566]}, "properties": {"kab_kota": "SEKADAU", "kecamatan": "Nanga Mahap", "desa": "Sebabas", "tanggal": "2026-08-22", "timestamp": "2026-08-22T12:53:00+07:00", "satelit": "NASA-SNPP", "confidence": "Medium"}}, {"type": "Feature", "geometry": {"type": "Point", "coordinates": [110.81406, -0.45131]}, "properties": {"kab_kota": "SEKADAU", "kecamatan": "Nanga Mahap", "desa": "Sebabas", "tanggal": "2026-08-24", "timestamp": "2026-08-24T13:57:00+07:00", "satelit": "NASA-SNPP", "confidence": "Medium"}}, {"type": "Feature", "geometry": {"type": "Point", "coordinates": [110.80843, -0.44879]}, "properties": {"kab_kota": "SEKADAU", "kecamatan": "Nanga Mahap", "desa": "Sebabas", "tanggal": "2026-08-24", "timestamp": "2026-08-24T13:57:00+07:00", "satelit": "NASA-SNPP", "confidence": "Medium"}}, {"type": "Feature", "geometry": {"type": "Point", "coordinates": [110.80469, -0.44678]}, "properties": {"kab_kota": "SEKADAU", "kecamatan": "Nanga Mahap", "desa": "Sebabas", "tanggal": "2026-08-24", "timestamp": "2026-08-24T13:57:00+07:00", "satelit": "NASA-SNPP", "confidence": "Medium"}}, {"type": "Feature", "geometry": {"type": "Point", "coordinates": [110.80897, -0.44609]}, "properties": {"kab_kota": "SEKADAU", "kecamatan": "Nanga Mahap", "desa": "Sebabas", "tanggal": "2026-08-24", "timestamp": "2026-08-24T13:57:00+07:00", "satelit": "NASA-SNPP", "confidence": "Medium"}}, {"type": "Feature", "geometry": {"type": "Point", "coordinates": [110.80753, -0.44289]}, "properties": {"kab_kota": "SEKADAU", "kecamatan": "Nanga Mahap", "desa": "Sebabas", "tanggal": "2026-08-24", "timestamp": "2026-08-24T13:57:00+07:00", "satelit": "NASA-SNPP", "confidence": "Medium"}}, {"type": "Feature", "geometry": {"type": "Point", "coordinates": [110.83957, -0.50741]}, "properties": {"kab_kota": "SEKADAU", "kecamatan": "Nanga Mahap", "desa": "Sebabas", "tanggal": "2026-08-25", "timestamp": "2026-08-25T13:35:00+07:00", "satelit": "NASA-SNPP", "confidence": "Medium"}}, {"type": "Feature", "geometry": {"type": "Point", "coordinates": [110.81087, -0.45068]}, "properties": {"kab_kota": "SEKADAU", "kecamatan": "Nanga Mahap", "desa": "Sebabas", "tanggal": "2026-08-25", "timestamp": "2026-08-25T13:35:00+07:00", "satelit": "NASA-SNPP", "confidence": "Medium"}}, {"type": "Feature", "geometry": {"type": "Point", "coordinates": [110.81483, -0.45005]}, "properties": {"kab_kota": "SEKADAU", "kecamatan": "Nanga Mahap", "desa": "Sebabas", "tanggal": "2026-08-25", "timestamp": "2026-08-25T13:35:00+07:00", "satelit": "NASA-SNPP", "confidence": "Medium"}}, {"type": "Feature", "geometry": {"type": "Point", "coordinates": [110.81448, -0.44715]}, "properties": {"kab_kota": "SEKADAU", "kecamatan": "Nanga Mahap", "desa": "Sebabas", "tanggal": "2026-08-25", "timestamp": "2026-08-25T13:35:00+07:00", "satelit": "NASA-SNPP", "confidence": "Medium"}}, {"type": "Feature", "geometry": {"type": "Point", "coordinates": [110.82275, -0.45631]}, "properties": {"kab_kota": "SEKADAU", "kecamatan": "Nanga Mahap", "desa": "Sebabas", "tanggal": "2026-08-26", "timestamp": "2026-08-26T13:18:00+07:00", "satelit": "NASA-SNPP", "confidence": "Medium"}}, {"type": "Feature", "geometry": {"type": "Point", "coordinates": [110.80605, -0.46281]}, "properties": {"kab_kota": "SEKADAU", "kecamatan": "Nanga Mahap", "desa": "Sebabas", "tanggal": "2026-08-29", "timestamp": "2026-08-29T14:01:00+07:00", "satelit": "NASA-SNPP", "confidence": "Medium"}}, {"type": "Feature", "geometry": {"type": "Point", "coordinates": [110.79972, -0.46744]}, "properties": {"kab_kota": "SEKADAU", "kecamatan": "Nanga Mahap", "desa": "Sebabas", "tanggal": "2026-08-30", "timestamp": "2026-08-30T01:02:00+07:00", "satelit": "NASA-SNPP", "confidence": "Medium"}}, {"type": "Feature", "geometry": {"type": "Point", "coordinates": [110.80116, -0.46639]}, "properties": {"kab_kota": "SEKADAU", "kecamatan": "Nanga Mahap", "desa": "Sebabas", "tanggal": "2026-08-30", "timestamp": "2026-08-30T01:02:00+07:00", "satelit": "NASA-SNPP", "confidence": "Medium"}}, {"type": "Feature", "geometry": {"type": "Point", "coordinates": [110.79717, -0.46574]}, "properties": {"kab_kota": "SEKADAU", "kecamatan": "Nanga Mahap", "desa": "Sebabas", "tanggal": "2026-08-30", "timestamp": "2026-08-30T01:02:00+07:00", "satelit": "NASA-SNPP", "confidence": "Medium"}}, {"type": "Feature", "geometry": {"type": "Point", "coordinates": [110.80031, -0.46388]}, "properties": {"kab_kota": "SEKADAU", "kecamatan": "Nanga Mahap", "desa": "Sebabas", "tanggal": "2026-08-30", "timestamp": "2026-08-30T01:02:00+07:00", "satelit": "NASA-SNPP", "confidence": "Medium"}}, {"type": "Feature", "geometry": {"type": "Point", "coordinates": [110.69236, -0.41048]}, "properties": {"kab_kota": "SEKADAU", "kecamatan": "Nanga Mahap", "desa": "Tamang", "tanggal": "2026-08-19", "timestamp": "2026-08-19T13:48:00+07:00", "satelit": "NASA-SNPP", "confidence": "Medium"}}, {"type": "Feature", "geometry": {"type": "Point", "coordinates": [110.68929, -0.38933]}, "properties": {"kab_kota": "SEKADAU", "kecamatan": "Nanga Mahap", "desa": "Tamang", "tanggal": "2026-08-19", "timestamp": "2026-08-19T13:48:00+07:00", "satelit": "NASA-SNPP", "confidence": "Medium"}}, {"type": "Feature", "geometry": {"type": "Point", "coordinates": [110.70209, -0.38731]}, "properties": {"kab_kota": "SEKADAU", "kecamatan": "Nanga Mahap", "desa": "Tamang", "tanggal": "2026-08-19", "timestamp": "2026-08-19T13:48:00+07:00", "satelit": "NASA-SNPP", "confidence": "Medium"}}, {"type": "Feature", "geometry": {"type": "Point", "coordinates": [110.68968, -0.43926]}, "properties": {"kab_kota": "SEKADAU", "kecamatan": "Nanga Mahap", "desa": "Tamang", "tanggal": "2026-08-20", "timestamp": "2026-08-20T13:29:00+07:00", "satelit": "NASA-SNPP", "confidence": "Medium"}}, {"type": "Feature", "geometry": {"type": "Point", "coordinates": [110.68465, -0.43611]}, "properties": {"kab_kota": "SEKADAU", "kecamatan": "Nanga Mahap", "desa": "Tamang", "tanggal": "2026-08-20", "timestamp": "2026-08-20T13:29:00+07:00", "satelit": "NASA-SNPP", "confidence": "Medium"}}, {"type": "Feature", "geometry": {"type": "Point", "coordinates": [110.68707, -0.42007]}, "properties": {"kab_kota": "SEKADAU", "kecamatan": "Nanga Mahap", "desa": "Tamang", "tanggal": "2026-08-20", "timestamp": "2026-08-20T13:29:00+07:00", "satelit": "NASA-SNPP", "confidence": "Medium"}}, {"type": "Feature", "geometry": {"type": "Point", "coordinates": [110.67568, -0.43352]}, "properties": {"kab_kota": "SEKADAU", "kecamatan": "Nanga Mahap", "desa": "Tamang", "tanggal": "2026-08-25", "timestamp": "2026-08-25T13:35:00+07:00", "satelit": "NASA-SNPP", "confidence": "Medium"}}, {"type": "Feature", "geometry": {"type": "Point", "coordinates": [110.67466, -0.42933]}, "properties": {"kab_kota": "SEKADAU", "kecamatan": "Nanga Mahap", "desa": "Tamang", "tanggal": "2026-08-26", "timestamp": "2026-08-26T13:18:00+07:00", "satelit": "NASA-SNPP", "confidence": "Medium"}}, {"type": "Feature", "geometry": {"type": "Point", "coordinates": [110.69398, -0.44533]}, "properties": {"kab_kota": "SEKADAU", "kecamatan": "Nanga Mahap", "desa": "Tamang", "tanggal": "2026-08-28", "timestamp": "2026-08-28T12:40:00+07:00", "satelit": "NASA-SNPP", "confidence": "Medium"}}, {"type": "Feature", "geometry": {"type": "Point", "coordinates": [110.70378, -0.41136]}, "properties": {"kab_kota": "SEKADAU", "kecamatan": "Nanga Mahap", "desa": "Tamang", "tanggal": "2026-08-28", "timestamp": "2026-08-28T12:40:00+07:00", "satelit": "NASA-SNPP", "confidence": "Medium"}}, {"type": "Feature", "geometry": {"type": "Point", "coordinates": [110.67188, -0.45285]}, "properties": {"kab_kota": "SEKADAU", "kecamatan": "Nanga Mahap", "desa": "Tamang", "tanggal": "2026-08-29", "timestamp": "2026-08-29T12:23:00+07:00", "satelit": "NASA-SNPP", "confidence": "Medium"}}, {"type": "Feature", "geometry": {"type": "Point", "coordinates": [110.67894, -0.44305]}, "properties": {"kab_kota": "SEKADAU", "kecamatan": "Nanga Mahap", "desa": "Tamang", "tanggal": "2026-08-29", "timestamp": "2026-08-29T14:01:00+07:00", "satelit": "NASA-SNPP", "confidence": "Medium"}}, {"type": "Feature", "geometry": {"type": "Point", "coordinates": [110.68867, -0.44153]}, "properties": {"kab_kota": "SEKADAU", "kecamatan": "Nanga Mahap", "desa": "Tamang", "tanggal": "2026-08-29", "timestamp": "2026-08-29T14:01:00+07:00", "satelit": "NASA-SNPP", "confidence": "Medium"}}, {"type": "Feature", "geometry": {"type": "Point", "coordinates": [110.68152, -0.43652]}, "properties": {"kab_kota": "SEKADAU", "kecamatan": "Nanga Mahap", "desa": "Tamang", "tanggal": "2026-08-29", "timestamp": "2026-08-29T14:01:00+07:00", "satelit": "NASA-SNPP", "confidence": "Medium"}}, {"type": "Feature", "geometry": {"type": "Point", "coordinates": [110.67528, -0.43092]}, "properties": {"kab_kota": "SEKADAU", "kecamatan": "Nanga Mahap", "desa": "Tamang", "tanggal": "2026-08-29", "timestamp": "2026-08-29T14:01:00+07:00", "satelit": "NASA-SNPP", "confidence": "Medium"}}, {"type": "Feature", "geometry": {"type": "Point", "coordinates": [110.67525, -0.44863]}, "properties": {"kab_kota": "SEKADAU", "kecamatan": "Nanga Mahap", "desa": "Tamang", "tanggal": "2026-08-30", "timestamp": "2026-08-30T13:42:00+07:00", "satelit": "NASA-SNPP", "confidence": "Medium"}}, {"type": "Feature", "geometry": {"type": "Point", "coordinates": [110.67645, -0.44738]}, "properties": {"kab_kota": "SEKADAU", "kecamatan": "Nanga Mahap", "desa": "Tamang", "tanggal": "2026-08-30", "timestamp": "2026-08-30T13:42:00+07:00", "satelit": "NASA-SNPP", "confidence": "Medium"}}, {"type": "Feature", "geometry": {"type": "Point", "coordinates": [110.67171, -0.3916]}, "properties": {"kab_kota": "SEKADAU", "kecamatan": "Nanga Mahap", "desa": "Tamang", "tanggal": "2026-08-31", "timestamp": "2026-08-31T13:22:00+07:00", "satelit": "NASA-SNPP", "confidence": "Medium"}}, {"type": "Feature", "geometry": {"type": "Point", "coordinates": [110.72181, -0.47825]}, "properties": {"kab_kota": "SEKADAU", "kecamatan": "Nanga Mahap", "desa": "Telukkebau", "tanggal": "2026-08-06", "timestamp": "2026-08-06T12:53:00+07:00", "satelit": "NASA-SNPP", "confidence": "Medium"}}, {"type": "Feature", "geometry": {"type": "Point", "coordinates": [110.73655, -0.47725]}, "properties": {"kab_kota": "SEKADAU", "kecamatan": "Nanga Mahap", "desa": "Telukkebau", "tanggal": "2026-08-14", "timestamp": "2026-08-14T13:42:00+07:00", "satelit": "NASA-SNPP", "confidence": "Medium"}}, {"type": "Feature", "geometry": {"type": "Point", "coordinates": [110.73422, -0.63328]}, "properties": {"kab_kota": "SEKADAU", "kecamatan": "Nanga Mahap", "desa": "Telukkebau", "tanggal": "2026-08-15", "timestamp": "2026-08-15T13:25:00+07:00", "satelit": "NASA-SNPP", "confidence": "Medium"}}, {"type": "Feature", "geometry": {"type": "Point", "coordinates": [110.73501, -0.63319]}, "properties": {"kab_kota": "SEKADAU", "kecamatan": "Nanga Mahap", "desa": "Telukkebau", "tanggal": "2026-08-15", "timestamp": "2026-08-15T13:25:00+07:00", "satelit": "NASA-SNPP", "confidence": "Medium"}}, {"type": "Feature", "geometry": {"type": "Point", "coordinates": [110.73361, -0.62977]}, "properties": {"kab_kota": "SEKADAU", "kecamatan": "Nanga Mahap", "desa": "Telukkebau", "tanggal": "2026-08-15", "timestamp": "2026-08-15T13:25:00+07:00", "satelit": "NASA-SNPP", "confidence": "Medium"}}, {"type": "Feature", "geometry": {"type": "Point", "coordinates": [110.73438, -0.62968]}, "properties": {"kab_kota": "SEKADAU", "kecamatan": "Nanga Mahap", "desa": "Telukkebau", "tanggal": "2026-08-15", "timestamp": "2026-08-15T13:25:00+07:00", "satelit": "NASA-SNPP", "confidence": "Medium"}}, {"type": "Feature", "geometry": {"type": "Point", "coordinates": [110.73712, -0.62205]}, "properties": {"kab_kota": "SEKADAU", "kecamatan": "Nanga Mahap", "desa": "Telukkebau", "tanggal": "2026-08-15", "timestamp": "2026-08-15T13:25:00+07:00", "satelit": "NASA-SNPP", "confidence": "Medium"}}, {"type": "Feature", "geometry": {"type": "Point", "coordinates": [110.73672, -0.6185]}, "properties": {"kab_kota": "SEKADAU", "kecamatan": "Nanga Mahap", "desa": "Telukkebau", "tanggal": "2026-08-15", "timestamp": "2026-08-15T13:25:00+07:00", "satelit": "NASA-SNPP", "confidence": "Medium"}}, {"type": "Feature", "geometry": {"type": "Point", "coordinates": [110.73272, -0.59025]}, "properties": {"kab_kota": "SEKADAU", "kecamatan": "Nanga Mahap", "desa": "Telukkebau", "tanggal": "2026-08-15", "timestamp": "2026-08-15T13:25:00+07:00", "satelit": "NASA-SNPP", "confidence": "Medium"}}, {"type": "Feature", "geometry": {"type": "Point", "coordinates": [110.71888, -0.52379]}, "properties": {"kab_kota": "SEKADAU", "kecamatan": "Nanga Mahap", "desa": "Telukkebau", "tanggal": "2026-08-18", "timestamp": "2026-08-18T12:27:00+07:00", "satelit": "NASA-SNPP", "confidence": "Medium"}}, {"type": "Feature", "geometry": {"type": "Point", "coordinates": [110.71758, -0.52162]}, "properties": {"kab_kota": "SEKADAU", "kecamatan": "Nanga Mahap", "desa": "Telukkebau", "tanggal": "2026-08-18", "timestamp": "2026-08-18T12:27:00+07:00", "satelit": "NASA-SNPP", "confidence": "Medium"}}, {"type": "Feature", "geometry": {"type": "Point", "coordinates": [110.73022, -0.4789]}, "properties": {"kab_kota": "SEKADAU", "kecamatan": "Nanga Mahap", "desa": "Telukkebau", "tanggal": "2026-08-18", "timestamp": "2026-08-18T14:07:00+07:00", "satelit": "NASA-SNPP", "confidence": "Medium"}}, {"type": "Feature", "geometry": {"type": "Point", "coordinates": [110.72427, -0.5817]}, "properties": {"kab_kota": "SEKADAU", "kecamatan": "Nanga Mahap", "desa": "Telukkebau", "tanggal": "2026-08-19", "timestamp": "2026-08-19T13:48:00+07:00", "satelit": "NASA-SNPP", "confidence": "Medium"}}, {"type": "Feature", "geometry": {"type": "Point", "coordinates": [110.72953, -0.50119]}, "properties": {"kab_kota": "SEKADAU", "kecamatan": "Nanga Mahap", "desa": "Telukkebau", "tanggal": "2026-08-19", "timestamp": "2026-08-19T13:48:00+07:00", "satelit": "NASA-SNPP", "confidence": "Medium"}}, {"type": "Feature", "geometry": {"type": "Point", "coordinates": [110.72455, -0.59866]}, "properties": {"kab_kota": "SEKADAU", "kecamatan": "Nanga Mahap", "desa": "Telukkebau", "tanggal": "2026-08-20", "timestamp": "2026-08-20T13:29:00+07:00", "satelit": "NASA-SNPP", "confidence": "Medium"}}, {"type": "Feature", "geometry": {"type": "Point", "coordinates": [110.72562, -0.52572]}, "properties": {"kab_kota": "SEKADAU", "kecamatan": "Nanga Mahap", "desa": "Telukkebau", "tanggal": "2026-08-20", "timestamp": "2026-08-20T13:29:00+07:00", "satelit": "NASA-SNPP", "confidence": "Medium"}}, {"type": "Feature", "geometry": {"type": "Point", "coordinates": [110.70799, -0.64209]}, "properties": {"kab_kota": "SEKADAU", "kecamatan": "Nanga Mahap", "desa": "Telukkebau", "tanggal": "2026-08-23", "timestamp": "2026-08-23T12:33:00+07:00", "satelit": "NASA-SNPP", "confidence": "Medium"}}, {"type": "Feature", "geometry": {"type": "Point", "coordinates": [110.7083, -0.64145]}, "properties": {"kab_kota": "SEKADAU", "kecamatan": "Nanga Mahap", "desa": "Telukkebau", "tanggal": "2026-08-23", "timestamp": "2026-08-23T12:33:00+07:00", "satelit": "NASA-SNPP", "confidence": "Medium"}}, {"type": "Feature", "geometry": {"type": "Point", "coordinates": [110.71197, -0.53978]}, "properties": {"kab_kota": "SEKADAU", "kecamatan": "Nanga Mahap", "desa": "Telukkebau", "tanggal": "2026-08-24", "timestamp": "2026-08-24T13:57:00+07:00", "satelit": "NASA-SNPP", "confidence": "Medium"}}, {"type": "Feature", "geometry": {"type": "Point", "coordinates": [110.72656, -0.50707]}, "properties": {"kab_kota": "SEKADAU", "kecamatan": "Nanga Mahap", "desa": "Telukkebau", "tanggal": "2026-08-26", "timestamp": "2026-08-26T00:39:00+07:00", "satelit": "NASA-SNPP", "confidence": "Medium"}}, {"type": "Feature", "geometry": {"type": "Point", "coordinates": [110.6391, -0.52541]}, "properties": {"kab_kota": "SEKADAU", "kecamatan": "Nanga Mahap", "desa": "Tembaga", "tanggal": "2026-08-01", "timestamp": "2026-08-01T12:46:00+07:00", "satelit": "NASA-SNPP", "confidence": "Medium"}}, {"type": "Feature", "geometry": {"type": "Point", "coordinates": [110.64165, -0.5226]}, "properties": {"kab_kota": "SEKADAU", "kecamatan": "Nanga Mahap", "desa": "Tembaga", "tanggal": "2026-08-01", "timestamp": "2026-08-01T12:46:00+07:00", "satelit": "NASA-SNPP", "confidence": "Medium"}}, {"type": "Feature", "geometry": {"type": "Point", "coordinates": [110.65118, -0.5211]}, "properties": {"kab_kota": "SEKADAU", "kecamatan": "Nanga Mahap", "desa": "Tembaga", "tanggal": "2026-08-01", "timestamp": "2026-08-01T12:46:00+07:00", "satelit": "NASA-SNPP", "confidence": "Medium"}}, {"type": "Feature", "geometry": {"type": "Point", "coordinates": [110.65274, -0.51862]}, "properties": {"kab_kota": "SEKADAU", "kecamatan": "Nanga Mahap", "desa": "Tembaga", "tanggal": "2026-08-01", "timestamp": "2026-08-01T12:46:00+07:00", "satelit": "NASA-SNPP", "confidence": "Medium"}}, {"type": "Feature", "geometry": {"type": "Point", "coordinates": [110.64245, -0.5154]}, "properties": {"kab_kota": "SEKADAU", "kecamatan": "Nanga Mahap", "desa": "Tembaga", "tanggal": "2026-08-01", "timestamp": "2026-08-01T12:46:00+07:00", "satelit": "NASA-SNPP", "confidence": "Medium"}}, {"type": "Feature", "geometry": {"type": "Point", "coordinates": [110.64014, -0.51332]}, "properties": {"kab_kota": "SEKADAU", "kecamatan": "Nanga Mahap", "desa": "Tembaga", "tanggal": "2026-08-01", "timestamp": "2026-08-01T12:46:00+07:00", "satelit": "NASA-SNPP", "confidence": "Medium"}}, {"type": "Feature", "geometry": {"type": "Point", "coordinates": [110.66156, -0.51255]}, "properties": {"kab_kota": "SEKADAU", "kecamatan": "Nanga Mahap", "desa": "Tembaga", "tanggal": "2026-08-01", "timestamp": "2026-08-01T12:46:00+07:00", "satelit": "NASA-SNPP", "confidence": "Medium"}}, {"type": "Feature", "geometry": {"type": "Point", "coordinates": [110.66398, -0.50958]}, "properties": {"kab_kota": "SEKADAU", "kecamatan": "Nanga Mahap", "desa": "Tembaga", "tanggal": "2026-08-01", "timestamp": "2026-08-01T12:46:00+07:00", "satelit": "NASA-SNPP", "confidence": "Medium"}}, {"type": "Feature", "geometry": {"type": "Point", "coordinates": [110.62083, -0.45449]}, "properties": {"kab_kota": "SEKADAU", "kecamatan": "Nanga Mahap", "desa": "Tembaga", "tanggal": "2026-08-01", "timestamp": "2026-08-01T12:46:00+07:00", "satelit": "NASA-SNPP", "confidence": "Medium"}}, {"type": "Feature", "geometry": {"type": "Point", "coordinates": [110.61995, -0.44987]}, "properties": {"kab_kota": "SEKADAU", "kecamatan": "Nanga Mahap", "desa": "Tembaga", "tanggal": "2026-08-01", "timestamp": "2026-08-01T12:46:00+07:00", "satelit": "NASA-SNPP", "confidence": "Medium"}}, {"type": "Feature", "geometry": {"type": "Point", "coordinates": [110.63019, -0.60612]}, "properties": {"kab_kota": "SEKADAU", "kecamatan": "Nanga Mahap", "desa": "Tembaga", "tanggal": "2026-08-02", "timestamp": "2026-08-02T12:25:00+07:00", "satelit": "NASA-SNPP", "confidence": "Medium"}}, {"type": "Feature", "geometry": {"type": "Point", "coordinates": [110.63543, -0.6053]}, "properties": {"kab_kota": "SEKADAU", "kecamatan": "Nanga Mahap", "desa": "Tembaga", "tanggal": "2026-08-02", "timestamp": "2026-08-02T12:25:00+07:00", "satelit": "NASA-SNPP", "confidence": "Medium"}}, {"type": "Feature", "geometry": {"type": "Point", "coordinates": [110.62527, -0.57419]}, "properties": {"kab_kota": "SEKADAU", "kecamatan": "Nanga Mahap", "desa": "Tembaga", "tanggal": "2026-08-02", "timestamp": "2026-08-02T12:25:00+07:00", "satelit": "NASA-SNPP", "confidence": "Medium"}}, {"type": "Feature", "geometry": {"type": "Point", "coordinates": [110.64986, -0.50958]}, "properties": {"kab_kota": "SEKADAU", "kecamatan": "Nanga Mahap", "desa": "Tembaga", "tanggal": "2026-08-02", "timestamp": "2026-08-02T12:25:00+07:00", "satelit": "NASA-SNPP", "confidence": "Medium"}}, {"type": "Feature", "geometry": {"type": "Point", "coordinates": [110.66872, -0.50009]}, "properties": {"kab_kota": "SEKADAU", "kecamatan": "Nanga Mahap", "desa": "Tembaga", "tanggal": "2026-08-02", "timestamp": "2026-08-02T12:25:00+07:00", "satelit": "NASA-SNPP", "confidence": "Medium"}}, {"type": "Feature", "geometry": {"type": "Point", "coordinates": [110.65301, -0.4869]}, "properties": {"kab_kota": "SEKADAU", "kecamatan": "Nanga Mahap", "desa": "Tembaga", "tanggal": "2026-08-02", "timestamp": "2026-08-02T14:07:00+07:00", "satelit": "NASA-SNPP", "confidence": "Medium"}}, {"type": "Feature", "geometry": {"type": "Point", "coordinates": [110.64248, -0.48012]}, "properties": {"kab_kota": "SEKADAU", "kecamatan": "Nanga Mahap", "desa": "Tembaga", "tanggal": "2026-08-05", "timestamp": "2026-08-05T13:10:00+07:00", "satelit": "NASA-SNPP", "confidence": "Medium"}}, {"type": "Feature", "geometry": {"type": "Point", "coordinates": [110.63646, -0.49141]}, "properties": {"kab_kota": "SEKADAU", "kecamatan": "Nanga Mahap", "desa": "Tembaga", "tanggal": "2026-08-06", "timestamp": "2026-08-06T12:53:00+07:00", "satelit": "NASA-SNPP", "confidence": "Medium"}}, {"type": "Feature", "geometry": {"type": "Point", "coordinates": [110.64816, -0.52922]}, "properties": {"kab_kota": "SEKADAU", "kecamatan": "Nanga Mahap", "desa": "Tembaga", "tanggal": "2026-08-07", "timestamp": "2026-08-07T12:33:00+07:00", "satelit": "NASA-SNPP", "confidence": "Medium"}}, {"type": "Feature", "geometry": {"type": "Point", "coordinates": [110.64828, -0.52859]}, "properties": {"kab_kota": "SEKADAU", "kecamatan": "Nanga Mahap", "desa": "Tembaga", "tanggal": "2026-08-07", "timestamp": "2026-08-07T12:33:00+07:00", "satelit": "NASA-SNPP", "confidence": "Medium"}}, {"type": "Feature", "geometry": {"type": "Point", "coordinates": [110.65438, -0.49222]}, "properties": {"kab_kota": "SEKADAU", "kecamatan": "Nanga Mahap", "desa": "Tembaga", "tanggal": "2026-08-07", "timestamp": "2026-08-07T12:33:00+07:00", "satelit": "NASA-SNPP", "confidence": "Medium"}}, {"type": "Feature", "geometry": {"type": "Point", "coordinates": [110.65218, -0.46897]}, "properties": {"kab_kota": "SEKADAU", "kecamatan": "Nanga Mahap", "desa": "Tembaga", "tanggal": "2026-08-07", "timestamp": "2026-08-07T12:33:00+07:00", "satelit": "NASA-SNPP", "confidence": "Medium"}}, {"type": "Feature", "geometry": {"type": "Point", "coordinates": [110.61906, -0.56056]}, "properties": {"kab_kota": "SEKADAU", "kecamatan": "Nanga Mahap", "desa": "Tembaga", "tanggal": "2026-08-08", "timestamp": "2026-08-08T13:54:00+07:00", "satelit": "NASA-SNPP", "confidence": "Medium"}}, {"type": "Feature", "geometry": {"type": "Point", "coordinates": [110.6748, -0.50981]}, "properties": {"kab_kota": "SEKADAU", "kecamatan": "Nanga Mahap", "desa": "Tembaga", "tanggal": "2026-08-08", "timestamp": "2026-08-08T13:54:00+07:00", "satelit": "NASA-SNPP", "confidence": "Medium"}}, {"type": "Feature", "geometry": {"type": "Point", "coordinates": [110.64474, -0.50861]}, "properties": {"kab_kota": "SEKADAU", "kecamatan": "Nanga Mahap", "desa": "Tembaga", "tanggal": "2026-08-08", "timestamp": "2026-08-08T13:54:00+07:00", "satelit": "NASA-SNPP", "confidence": "Medium"}}, {"type": "Feature", "geometry": {"type": "Point", "coordinates": [110.64875, -0.50797]}, "properties": {"kab_kota": "SEKADAU", "kecamatan": "Nanga Mahap", "desa": "Tembaga", "tanggal": "2026-08-08", "timestamp": "2026-08-08T13:54:00+07:00", "satelit": "NASA-SNPP", "confidence": "Medium"}}, {"type": "Feature", "geometry": {"type": "Point", "coordinates": [110.6465, -0.47337]}, "properties": {"kab_kota": "SEKADAU", "kecamatan": "Nanga Mahap", "desa": "Tembaga", "tanggal": "2026-08-08", "timestamp": "2026-08-08T13:54:00+07:00", "satelit": "NASA-SNPP", "confidence": "Medium"}}, {"type": "Feature", "geometry": {"type": "Point", "coordinates": [110.64645, -0.47236]}, "properties": {"kab_kota": "SEKADAU", "kecamatan": "Nanga Mahap", "desa": "Tembaga", "tanggal": "2026-08-08", "timestamp": "2026-08-08T13:54:00+07:00", "satelit": "NASA-SNPP", "confidence": "Medium"}}, {"type": "Feature", "geometry": {"type": "Point", "coordinates": [110.65101, -0.47162]}, "properties": {"kab_kota": "SEKADAU", "kecamatan": "Nanga Mahap", "desa": "Tembaga", "tanggal": "2026-08-08", "timestamp": "2026-08-08T13:54:00+07:00", "satelit": "NASA-SNPP", "confidence": "Medium"}}, {"type": "Feature", "geometry": {"type": "Point", "coordinates": [110.64927, -0.46694]}, "properties": {"kab_kota": "SEKADAU", "kecamatan": "Nanga Mahap", "desa": "Tembaga", "tanggal": "2026-08-08", "timestamp": "2026-08-08T13:54:00+07:00", "satelit": "NASA-SNPP", "confidence": "Medium"}}, {"type": "Feature", "geometry": {"type": "Point", "coordinates": [110.65257, -0.54039]}, "properties": {"kab_kota": "SEKADAU", "kecamatan": "Nanga Mahap", "desa": "Tembaga", "tanggal": "2026-08-09", "timestamp": "2026-08-09T13:35:00+07:00", "satelit": "NASA-SNPP", "confidence": "Medium"}}, {"type": "Feature", "geometry": {"type": "Point", "coordinates": [110.63465, -0.51658]}, "properties": {"kab_kota": "SEKADAU", "kecamatan": "Nanga Mahap", "desa": "Tembaga", "tanggal": "2026-08-10", "timestamp": "2026-08-10T13:18:00+07:00", "satelit": "NASA-SNPP", "confidence": "Medium"}}, {"type": "Feature", "geometry": {"type": "Point", "coordinates": [110.63411, -0.51324]}, "properties": {"kab_kota": "SEKADAU", "kecamatan": "Nanga Mahap", "desa": "Tembaga", "tanggal": "2026-08-10", "timestamp": "2026-08-10T13:18:00+07:00", "satelit": "NASA-SNPP", "confidence": "Medium"}}, {"type": "Feature", "geometry": {"type": "Point", "coordinates": [110.62168, -0.56775]}, "properties": {"kab_kota": "SEKADAU", "kecamatan": "Nanga Mahap", "desa": "Tembaga", "tanggal": "2026-08-15", "timestamp": "2026-08-15T13:25:00+07:00", "satelit": "NASA-SNPP", "confidence": "Medium"}}, {"type": "Feature", "geometry": {"type": "Point", "coordinates": [110.6255, -0.56716]}, "properties": {"kab_kota": "SEKADAU", "kecamatan": "Nanga Mahap", "desa": "Tembaga", "tanggal": "2026-08-15", "timestamp": "2026-08-15T13:25:00+07:00", "satelit": "NASA-SNPP", "confidence": "Medium"}}, {"type": "Feature", "geometry": {"type": "Point", "coordinates": [110.62496, -0.56365]}, "properties": {"kab_kota": "SEKADAU", "kecamatan": "Nanga Mahap", "desa": "Tembaga", "tanggal": "2026-08-15", "timestamp": "2026-08-15T13:25:00+07:00", "satelit": "NASA-SNPP", "confidence": "Medium"}}, {"type": "Feature", "geometry": {"type": "Point", "coordinates": [110.6778, -0.51161]}, "properties": {"kab_kota": "SEKADAU", "kecamatan": "Nanga Mahap", "desa": "Tembaga", "tanggal": "2026-08-16", "timestamp": "2026-08-16T13:03:00+07:00", "satelit": "NASA-SNPP", "confidence": "Medium"}}, {"type": "Feature", "geometry": {"type": "Point", "coordinates": [110.649, -0.50178]}, "properties": {"kab_kota": "SEKADAU", "kecamatan": "Nanga Mahap", "desa": "Tembaga", "tanggal": "2026-08-16", "timestamp": "2026-08-16T13:03:00+07:00", "satelit": "NASA-SNPP", "confidence": "Medium"}}, {"type": "Feature", "geometry": {"type": "Point", "coordinates": [110.67707, -0.52137]}, "properties": {"kab_kota": "SEKADAU", "kecamatan": "Nanga Mahap", "desa": "Tembaga", "tanggal": "2026-08-17", "timestamp": "2026-08-17T12:46:00+07:00", "satelit": "NASA-SNPP", "confidence": "Medium"}}, {"type": "Feature", "geometry": {"type": "Point", "coordinates": [110.67362, -0.51951]}, "properties": {"kab_kota": "SEKADAU", "kecamatan": "Nanga Mahap", "desa": "Tembaga", "tanggal": "2026-08-17", "timestamp": "2026-08-17T12:46:00+07:00", "satelit": "NASA-SNPP", "confidence": "Medium"}}, {"type": "Feature", "geometry": {"type": "Point", "coordinates": [110.68497, -0.4987]}, "properties": {"kab_kota": "SEKADAU", "kecamatan": "Nanga Mahap", "desa": "Tembaga", "tanggal": "2026-08-17", "timestamp": "2026-08-17T12:46:00+07:00", "satelit": "NASA-SNPP", "confidence": "Medium"}}, {"type": "Feature", "geometry": {"type": "Point", "coordinates": [110.6637, -0.53717]}, "properties": {"kab_kota": "SEKADAU", "kecamatan": "Nanga Mahap", "desa": "Tembaga", "tanggal": "2026-08-18", "timestamp": "2026-08-18T14:07:00+07:00", "satelit": "NASA-SNPP", "confidence": "Medium"}}, {"type": "Feature", "geometry": {"type": "Point", "coordinates": [110.66109, -0.5336]}, "properties": {"kab_kota": "SEKADAU", "kecamatan": "Nanga Mahap", "desa": "Tembaga", "tanggal": "2026-08-18", "timestamp": "2026-08-18T14:07:00+07:00", "satelit": "NASA-SNPP", "confidence": "Medium"}}, {"type": "Feature", "geometry": {"type": "Point", "coordinates": [110.66549, -0.51836]}, "properties": {"kab_kota": "SEKADAU", "kecamatan": "Nanga Mahap", "desa": "Tembaga", "tanggal": "2026-08-18", "timestamp": "2026-08-18T14:07:00+07:00", "satelit": "NASA-SNPP", "confidence": "Medium"}}, {"type": "Feature", "geometry": {"type": "Point", "coordinates": [110.67239, -0.51727]}, "properties": {"kab_kota": "SEKADAU", "kecamatan": "Nanga Mahap", "desa": "Tembaga", "tanggal": "2026-08-18", "timestamp": "2026-08-18T14:07:00+07:00", "satelit": "NASA-SNPP", "confidence": "Medium"}}, {"type": "Feature", "geometry": {"type": "Point", "coordinates": [110.67934, -0.51617]}, "properties": {"kab_kota": "SEKADAU", "kecamatan": "Nanga Mahap", "desa": "Tembaga", "tanggal": "2026-08-18", "timestamp": "2026-08-18T14:07:00+07:00", "satelit": "NASA-SNPP", "confidence": "Medium"}}, {"type": "Feature", "geometry": {"type": "Point", "coordinates": [110.66016, -0.51594]}, "properties": {"kab_kota": "SEKADAU", "kecamatan": "Nanga Mahap", "desa": "Tembaga", "tanggal": "2026-08-18", "timestamp": "2026-08-18T14:07:00+07:00", "satelit": "NASA-SNPP", "confidence": "Medium"}}, {"type": "Feature", "geometry": {"type": "Point", "coordinates": [110.61858, -0.49714]}, "properties": {"kab_kota": "SEKADAU", "kecamatan": "Nanga Mahap", "desa": "Tembaga", "tanggal": "2026-08-19", "timestamp": "2026-08-19T13:48:00+07:00", "satelit": "NASA-SNPP", "confidence": "Medium"}}, {"type": "Feature", "geometry": {"type": "Point", "coordinates": [110.64925, -0.49227]}, "properties": {"kab_kota": "SEKADAU", "kecamatan": "Nanga Mahap", "desa": "Tembaga", "tanggal": "2026-08-19", "timestamp": "2026-08-19T13:48:00+07:00", "satelit": "NASA-SNPP", "confidence": "Medium"}}, {"type": "Feature", "geometry": {"type": "Point", "coordinates": [110.64842, -0.48701]}, "properties": {"kab_kota": "SEKADAU", "kecamatan": "Nanga Mahap", "desa": "Tembaga", "tanggal": "2026-08-19", "timestamp": "2026-08-19T13:48:00+07:00", "satelit": "NASA-SNPP", "confidence": "Medium"}}, {"type": "Feature", "geometry": {"type": "Point", "coordinates": [110.65961, -0.50066]}, "properties": {"kab_kota": "SEKADAU", "kecamatan": "Nanga Mahap", "desa": "Tembaga", "tanggal": "2026-08-20", "timestamp": "2026-08-20T13:29:00+07:00", "satelit": "NASA-SNPP", "confidence": "Medium"}}, {"type": "Feature", "geometry": {"type": "Point", "coordinates": [110.62705, -0.57965]}, "properties": {"kab_kota": "SEKADAU", "kecamatan": "Nanga Mahap", "desa": "Tembaga", "tanggal": "2026-08-21", "timestamp": "2026-08-21T13:10:00+07:00", "satelit": "NASA-SNPP", "confidence": "Medium"}}, {"type": "Feature", "geometry": {"type": "Point", "coordinates": [110.63438, -0.51501]}, "properties": {"kab_kota": "SEKADAU", "kecamatan": "Nanga Mahap", "desa": "Tembaga", "tanggal": "2026-08-21", "timestamp": "2026-08-21T13:10:00+07:00", "satelit": "NASA-SNPP", "confidence": "Medium"}}, {"type": "Feature", "geometry": {"type": "Point", "coordinates": [110.65477, -0.50847]}, "properties": {"kab_kota": "SEKADAU", "kecamatan": "Nanga Mahap", "desa": "Tembaga", "tanggal": "2026-08-21", "timestamp": "2026-08-21T13:10:00+07:00", "satelit": "NASA-SNPP", "confidence": "Medium"}}, {"type": "Feature", "geometry": {"type": "Point", "coordinates": [110.65784, -0.54297]}, "properties": {"kab_kota": "SEKADAU", "kecamatan": "Nanga Mahap", "desa": "Tembaga", "tanggal": "2026-08-22", "timestamp": "2026-08-22T12:53:00+07:00", "satelit": "NASA-SNPP", "confidence": "Medium"}}, {"type": "Feature", "geometry": {"type": "Point", "coordinates": [110.65775, -0.54195]}, "properties": {"kab_kota": "SEKADAU", "kecamatan": "Nanga Mahap", "desa": "Tembaga", "tanggal": "2026-08-22", "timestamp": "2026-08-22T12:53:00+07:00", "satelit": "NASA-SNPP", "confidence": "Medium"}}, {"type": "Feature", "geometry": {"type": "Point", "coordinates": [110.66341, -0.5026]}, "properties": {"kab_kota": "SEKADAU", "kecamatan": "Nanga Mahap", "desa": "Tembaga", "tanggal": "2026-08-22", "timestamp": "2026-08-22T12:53:00+07:00", "satelit": "NASA-SNPP", "confidence": "Medium"}}, {"type": "Feature", "geometry": {"type": "Point", "coordinates": [110.66715, -0.50202]}, "properties": {"kab_kota": "SEKADAU", "kecamatan": "Nanga Mahap", "desa": "Tembaga", "tanggal": "2026-08-22", "timestamp": "2026-08-22T12:53:00+07:00", "satelit": "NASA-SNPP", "confidence": "Medium"}}, {"type": "Feature", "geometry": {"type": "Point", "coordinates": [110.67574, -0.55426]}, "properties": {"kab_kota": "SEKADAU", "kecamatan": "Nanga Mahap", "desa": "Tembaga", "tanggal": "2026-08-26", "timestamp": "2026-08-26T13:18:00+07:00", "satelit": "NASA-SNPP", "confidence": "Medium"}}, {"type": "Feature", "geometry": {"type": "Point", "coordinates": [110.65955, -0.47111]}, "properties": {"kab_kota": "SEKADAU", "kecamatan": "Nanga Mahap", "desa": "Tembaga", "tanggal": "2026-08-26", "timestamp": "2026-08-26T13:18:00+07:00", "satelit": "NASA-SNPP", "confidence": "Medium"}}, {"type": "Feature", "geometry": {"type": "Point", "coordinates": [110.61792, -0.59617]}, "properties": {"kab_kota": "SEKADAU", "kecamatan": "Nanga Mahap", "desa": "Tembaga", "tanggal": "2026-08-29", "timestamp": "2026-08-29T01:19:00+07:00", "satelit": "NASA-SNPP", "confidence": "Medium"}}, {"type": "Feature", "geometry": {"type": "Point", "coordinates": [110.65999, -0.5677]}, "properties": {"kab_kota": "SEKADAU", "kecamatan": "Nanga Mahap", "desa": "Tembaga", "tanggal": "2026-08-29", "timestamp": "2026-08-29T01:19:00+07:00", "satelit": "NASA-SNPP", "confidence": "Medium"}}, {"type": "Feature", "geometry": {"type": "Point", "coordinates": [110.61647, -0.60006]}, "properties": {"kab_kota": "SEKADAU", "kecamatan": "Nanga Mahap", "desa": "Tembaga", "tanggal": "2026-08-30", "timestamp": "2026-08-30T01:02:00+07:00", "satelit": "NASA-SNPP", "confidence": "Medium"}}, {"type": "Feature", "geometry": {"type": "Point", "coordinates": [110.65884, -0.57017]}, "properties": {"kab_kota": "SEKADAU", "kecamatan": "Nanga Mahap", "desa": "Tembaga", "tanggal": "2026-08-30", "timestamp": "2026-08-30T01:02:00+07:00", "satelit": "NASA-SNPP", "confidence": "Medium"}}, {"type": "Feature", "geometry": {"type": "Point", "coordinates": [110.6619, -0.5627]}, "properties": {"kab_kota": "SEKADAU", "kecamatan": "Nanga Mahap", "desa": "Tembaga", "tanggal": "2026-08-31", "timestamp": "2026-08-31T13:22:00+07:00", "satelit": "NASA-SNPP", "confidence": "Medium"}}, {"type": "Feature", "geometry": {"type": "Point", "coordinates": [110.81133, -0.49185]}, "properties": {"kab_kota": "SEKADAU", "kecamatan": "Nanga Mahap", "desa": "Tembesuk", "tanggal": "2026-08-05", "timestamp": "2026-08-05T13:10:00+07:00", "satelit": "NASA-SNPP", "confidence": "Medium"}}, {"type": "Feature", "geometry": {"type": "Point", "coordinates": [110.81084, -0.48852]}, "properties": {"kab_kota": "SEKADAU", "kecamatan": "Nanga Mahap", "desa": "Tembesuk", "tanggal": "2026-08-05", "timestamp": "2026-08-05T13:10:00+07:00", "satelit": "NASA-SNPP", "confidence": "Medium"}}, {"type": "Feature", "geometry": {"type": "Point", "coordinates": [110.78748, -0.47504]}, "properties": {"kab_kota": "SEKADAU", "kecamatan": "Nanga Mahap", "desa": "Tembesuk", "tanggal": "2026-08-05", "timestamp": "2026-08-05T13:10:00+07:00", "satelit": "NASA-SNPP", "confidence": "Medium"}}, {"type": "Feature", "geometry": {"type": "Point", "coordinates": [110.81728, -0.51036]}, "properties": {"kab_kota": "SEKADAU", "kecamatan": "Nanga Mahap", "desa": "Tembesuk", "tanggal": "2026-08-09", "timestamp": "2026-08-09T13:35:00+07:00", "satelit": "NASA-SNPP", "confidence": "Medium"}}, {"type": "Feature", "geometry": {"type": "Point", "coordinates": [110.79657, -0.47983]}, "properties": {"kab_kota": "SEKADAU", "kecamatan": "Nanga Mahap", "desa": "Tembesuk", "tanggal": "2026-08-15", "timestamp": "2026-08-15T13:25:00+07:00", "satelit": "NASA-SNPP", "confidence": "Medium"}}, {"type": "Feature", "geometry": {"type": "Point", "coordinates": [110.8173, -0.50977]}, "properties": {"kab_kota": "SEKADAU", "kecamatan": "Nanga Mahap", "desa": "Tembesuk", "tanggal": "2026-08-16", "timestamp": "2026-08-16T13:03:00+07:00", "satelit": "NASA-SNPP", "confidence": "Medium"}}, {"type": "Feature", "geometry": {"type": "Point", "coordinates": [110.82856, -0.54874]}, "properties": {"kab_kota": "SEKADAU", "kecamatan": "Nanga Mahap", "desa": "Tembesuk", "tanggal": "2026-08-19", "timestamp": "2026-08-19T13:48:00+07:00", "satelit": "NASA-SNPP", "confidence": "Medium"}}, {"type": "Feature", "geometry": {"type": "Point", "coordinates": [110.83181, -0.54822]}, "properties": {"kab_kota": "SEKADAU", "kecamatan": "Nanga Mahap", "desa": "Tembesuk", "tanggal": "2026-08-19", "timestamp": "2026-08-19T13:48:00+07:00", "satelit": "NASA-SNPP", "confidence": "Medium"}}, {"type": "Feature", "geometry": {"type": "Point", "coordinates": [110.80211, -0.53935]}, "properties": {"kab_kota": "SEKADAU", "kecamatan": "Nanga Mahap", "desa": "Tembesuk", "tanggal": "2026-08-20", "timestamp": "2026-08-20T13:29:00+07:00", "satelit": "NASA-SNPP", "confidence": "Medium"}}, {"type": "Feature", "geometry": {"type": "Point", "coordinates": [110.7996, -0.53804]}, "properties": {"kab_kota": "SEKADAU", "kecamatan": "Nanga Mahap", "desa": "Tembesuk", "tanggal": "2026-08-20", "timestamp": "2026-08-20T13:29:00+07:00", "satelit": "NASA-SNPP", "confidence": "Medium"}}, {"type": "Feature", "geometry": {"type": "Point", "coordinates": [110.82941, -0.50984]}, "properties": {"kab_kota": "SEKADAU", "kecamatan": "Nanga Mahap", "desa": "Tembesuk", "tanggal": "2026-08-20", "timestamp": "2026-08-20T13:29:00+07:00", "satelit": "NASA-SNPP", "confidence": "Medium"}}, {"type": "Feature", "geometry": {"type": "Point", "coordinates": [110.81927, -0.50745]}, "properties": {"kab_kota": "SEKADAU", "kecamatan": "Nanga Mahap", "desa": "Tembesuk", "tanggal": "2026-08-20", "timestamp": "2026-08-20T13:29:00+07:00", "satelit": "NASA-SNPP", "confidence": "Medium"}}, {"type": "Feature", "geometry": {"type": "Point", "coordinates": [110.81398, -0.50432]}, "properties": {"kab_kota": "SEKADAU", "kecamatan": "Nanga Mahap", "desa": "Tembesuk", "tanggal": "2026-08-20", "timestamp": "2026-08-20T13:29:00+07:00", "satelit": "NASA-SNPP", "confidence": "Medium"}}, {"type": "Feature", "geometry": {"type": "Point", "coordinates": [110.81867, -0.5036]}, "properties": {"kab_kota": "SEKADAU", "kecamatan": "Nanga Mahap", "desa": "Tembesuk", "tanggal": "2026-08-20", "timestamp": "2026-08-20T13:29:00+07:00", "satelit": "NASA-SNPP", "confidence": "Medium"}}, {"type": "Feature", "geometry": {"type": "Point", "coordinates": [110.8277, -0.52296]}, "properties": {"kab_kota": "SEKADAU", "kecamatan": "Nanga Mahap", "desa": "Tembesuk", "tanggal": "2026-08-21", "timestamp": "2026-08-21T13:10:00+07:00", "satelit": "NASA-SNPP", "confidence": "Medium"}}, {"type": "Feature", "geometry": {"type": "Point", "coordinates": [110.81358, -0.51116]}, "properties": {"kab_kota": "SEKADAU", "kecamatan": "Nanga Mahap", "desa": "Tembesuk", "tanggal": "2026-08-22", "timestamp": "2026-08-22T12:53:00+07:00", "satelit": "NASA-SNPP", "confidence": "Medium"}}, {"type": "Feature", "geometry": {"type": "Point", "coordinates": [110.78963, -0.49457]}, "properties": {"kab_kota": "SEKADAU", "kecamatan": "Nanga Mahap", "desa": "Tembesuk", "tanggal": "2026-08-24", "timestamp": "2026-08-24T01:13:00+07:00", "satelit": "NASA-SNPP", "confidence": "Medium"}}, {"type": "Feature", "geometry": {"type": "Point", "coordinates": [110.78619, -0.49403]}, "properties": {"kab_kota": "SEKADAU", "kecamatan": "Nanga Mahap", "desa": "Tembesuk", "tanggal": "2026-08-24", "timestamp": "2026-08-24T01:13:00+07:00", "satelit": "NASA-SNPP", "confidence": "Medium"}}, {"type": "Feature", "geometry": {"type": "Point", "coordinates": [110.79016, -0.49125]}, "properties": {"kab_kota": "SEKADAU", "kecamatan": "Nanga Mahap", "desa": "Tembesuk", "tanggal": "2026-08-24", "timestamp": "2026-08-24T01:13:00+07:00", "satelit": "NASA-SNPP", "confidence": "Medium"}}, {"type": "Feature", "geometry": {"type": "Point", "coordinates": [110.78671, -0.49071]}, "properties": {"kab_kota": "SEKADAU", "kecamatan": "Nanga Mahap", "desa": "Tembesuk", "tanggal": "2026-08-24", "timestamp": "2026-08-24T01:13:00+07:00", "satelit": "NASA-SNPP", "confidence": "Medium"}}, {"type": "Feature", "geometry": {"type": "Point", "coordinates": [110.80666, -0.51717]}, "properties": {"kab_kota": "SEKADAU", "kecamatan": "Nanga Mahap", "desa": "Tembesuk", "tanggal": "2026-08-26", "timestamp": "2026-08-26T13:18:00+07:00", "satelit": "NASA-SNPP", "confidence": "Medium"}}, {"type": "Feature", "geometry": {"type": "Point", "coordinates": [110.82431, -0.51448]}, "properties": {"kab_kota": "SEKADAU", "kecamatan": "Nanga Mahap", "desa": "Tembesuk", "tanggal": "2026-08-26", "timestamp": "2026-08-26T13:18:00+07:00", "satelit": "NASA-SNPP", "confidence": "Medium"}}, {"type": "Feature", "geometry": {"type": "Point", "coordinates": [110.80768, -0.49984]}, "properties": {"kab_kota": "SEKADAU", "kecamatan": "Nanga Mahap", "desa": "Tembesuk", "tanggal": "2026-08-26", "timestamp": "2026-08-26T13:18:00+07:00", "satelit": "NASA-SNPP", "confidence": "Medium"}}, {"type": "Feature", "geometry": {"type": "Point", "coordinates": [110.82534, -0.35118]}, "properties": {"kab_kota": "SEKADAU", "kecamatan": "Nanga Taman", "desa": "Lubuk Tajau", "tanggal": "2026-08-05", "timestamp": "2026-08-05T13:10:00+07:00", "satelit": "NASA-SNPP", "confidence": "Medium"}}, {"type": "Feature", "geometry": {"type": "Point", "coordinates": [110.8288, -0.35065]}, "properties": {"kab_kota": "SEKADAU", "kecamatan": "Nanga Taman", "desa": "Lubuk Tajau", "tanggal": "2026-08-05", "timestamp": "2026-08-05T13:10:00+07:00", "satelit": "NASA-SNPP", "confidence": "Medium"}}, {"type": "Feature", "geometry": {"type": "Point", "coordinates": [110.82629, -0.33399]}, "properties": {"kab_kota": "SEKADAU", "kecamatan": "Nanga Taman", "desa": "Lubuk Tajau", "tanggal": "2026-08-05", "timestamp": "2026-08-05T13:10:00+07:00", "satelit": "NASA-SNPP", "confidence": "Medium"}}, {"type": "Feature", "geometry": {"type": "Point", "coordinates": [110.8258, -0.33066]}, "properties": {"kab_kota": "SEKADAU", "kecamatan": "Nanga Taman", "desa": "Lubuk Tajau", "tanggal": "2026-08-05", "timestamp": "2026-08-05T13:10:00+07:00", "satelit": "NASA-SNPP", "confidence": "Medium"}}, {"type": "Feature", "geometry": {"type": "Point", "coordinates": [110.80488, -0.33213]}, "properties": {"kab_kota": "SEKADAU", "kecamatan": "Nanga Taman", "desa": "Lubuk Tajau", "tanggal": "2026-08-06", "timestamp": "2026-08-06T12:53:00+07:00", "satelit": "NASA-SNPP", "confidence": "Medium"}}, {"type": "Feature", "geometry": {"type": "Point", "coordinates": [110.79117, -0.31445]}, "properties": {"kab_kota": "SEKADAU", "kecamatan": "Nanga Taman", "desa": "Lubuk Tajau", "tanggal": "2026-08-08", "timestamp": "2026-08-08T13:54:00+07:00", "satelit": "NASA-SNPP", "confidence": "Medium"}}, {"type": "Feature", "geometry": {"type": "Point", "coordinates": [110.8091, -0.3189]}, "properties": {"kab_kota": "SEKADAU", "kecamatan": "Nanga Taman", "desa": "Lubuk Tajau", "tanggal": "2026-08-15", "timestamp": "2026-08-15T13:25:00+07:00", "satelit": "NASA-SNPP", "confidence": "Medium"}}, {"type": "Feature", "geometry": {"type": "Point", "coordinates": [110.78265, -0.30487]}, "properties": {"kab_kota": "SEKADAU", "kecamatan": "Nanga Taman", "desa": "Lubuk Tajau", "tanggal": "2026-08-15", "timestamp": "2026-08-15T13:25:00+07:00", "satelit": "NASA-SNPP", "confidence": "Medium"}}, {"type": "Feature", "geometry": {"type": "Point", "coordinates": [110.7984, -0.31063]}, "properties": {"kab_kota": "SEKADAU", "kecamatan": "Nanga Taman", "desa": "Lubuk Tajau", "tanggal": "2026-08-16", "timestamp": "2026-08-16T13:03:00+07:00", "satelit": "NASA-SNPP", "confidence": "Medium"}}, {"type": "Feature", "geometry": {"type": "Point", "coordinates": [110.79788, -0.30717]}, "properties": {"kab_kota": "SEKADAU", "kecamatan": "Nanga Taman", "desa": "Lubuk Tajau", "tanggal": "2026-08-16", "timestamp": "2026-08-16T13:03:00+07:00", "satelit": "NASA-SNPP", "confidence": "Medium"}}, {"type": "Feature", "geometry": {"type": "Point", "coordinates": [110.77715, -0.3232]}, "properties": {"kab_kota": "SEKADAU", "kecamatan": "Nanga Taman", "desa": "Lubuk Tajau", "tanggal": "2026-08-19", "timestamp": "2026-08-19T13:48:00+07:00", "satelit": "NASA-SNPP", "confidence": "Medium"}}, {"type": "Feature", "geometry": {"type": "Point", "coordinates": [110.77544, -0.32131]}, "properties": {"kab_kota": "SEKADAU", "kecamatan": "Nanga Taman", "desa": "Lubuk Tajau", "tanggal": "2026-08-19", "timestamp": "2026-08-19T13:48:00+07:00", "satelit": "NASA-SNPP", "confidence": "Medium"}}, {"type": "Feature", "geometry": {"type": "Point", "coordinates": [110.77875, -0.32078]}, "properties": {"kab_kota": "SEKADAU", "kecamatan": "Nanga Taman", "desa": "Lubuk Tajau", "tanggal": "2026-08-19", "timestamp": "2026-08-19T13:48:00+07:00", "satelit": "NASA-SNPP", "confidence": "Medium"}}, {"type": "Feature", "geometry": {"type": "Point", "coordinates": [110.79566, -0.29534]}, "properties": {"kab_kota": "SEKADAU", "kecamatan": "Nanga Taman", "desa": "Lubuk Tajau", "tanggal": "2026-08-20", "timestamp": "2026-08-20T13:29:00+07:00", "satelit": "NASA-SNPP", "confidence": "Medium"}}, {"type": "Feature", "geometry": {"type": "Point", "coordinates": [110.81544, -0.28804]}, "properties": {"kab_kota": "SEKADAU", "kecamatan": "Nanga Taman", "desa": "Lubuk Tajau", "tanggal": "2026-08-21", "timestamp": "2026-08-21T13:12:00+07:00", "satelit": "NASA-SNPP", "confidence": "Medium"}}, {"type": "Feature", "geometry": {"type": "Point", "coordinates": [110.86655, -0.28597]}, "properties": {"kab_kota": "SEKADAU", "kecamatan": "Nanga Taman", "desa": "Meragun", "tanggal": "2026-08-01", "timestamp": "2026-08-01T12:46:00+07:00", "satelit": "NASA-SNPP", "confidence": "Medium"}}, {"type": "Feature", "geometry": {"type": "Point", "coordinates": [110.8677, -0.28589]}, "properties": {"kab_kota": "SEKADAU", "kecamatan": "Nanga Taman", "desa": "Meragun", "tanggal": "2026-08-01", "timestamp": "2026-08-01T12:46:00+07:00", "satelit": "NASA-SNPP", "confidence": "Medium"}}, {"type": "Feature", "geometry": {"type": "Point", "coordinates": [110.87099, -0.2853]}, "properties": {"kab_kota": "SEKADAU", "kecamatan": "Nanga Taman", "desa": "Meragun", "tanggal": "2026-08-01", "timestamp": "2026-08-01T12:46:00+07:00", "satelit": "NASA-SNPP", "confidence": "Medium"}}, {"type": "Feature", "geometry": {"type": "Point", "coordinates": [110.96297, -0.30981]}, "properties": {"kab_kota": "SEKADAU", "kecamatan": "Nanga Taman", "desa": "Meragun", "tanggal": "2026-08-02", "timestamp": "2026-08-02T12:25:00+07:00", "satelit": "NASA-SNPP", "confidence": "Medium"}}, {"type": "Feature", "geometry": {"type": "Point", "coordinates": [110.94582, -0.2887]}, "properties": {"kab_kota": "SEKADAU", "kecamatan": "Nanga Taman", "desa": "Meragun", "tanggal": "2026-08-02", "timestamp": "2026-08-02T12:25:00+07:00", "satelit": "NASA-SNPP", "confidence": "Medium"}}, {"type": "Feature", "geometry": {"type": "Point", "coordinates": [110.9507, -0.28792]}, "properties": {"kab_kota": "SEKADAU", "kecamatan": "Nanga Taman", "desa": "Meragun", "tanggal": "2026-08-02", "timestamp": "2026-08-02T12:25:00+07:00", "satelit": "NASA-SNPP", "confidence": "Medium"}}, {"type": "Feature", "geometry": {"type": "Point", "coordinates": [110.94907, -0.28643]}, "properties": {"kab_kota": "SEKADAU", "kecamatan": "Nanga Taman", "desa": "Meragun", "tanggal": "2026-08-02", "timestamp": "2026-08-02T12:25:00+07:00", "satelit": "NASA-SNPP", "confidence": "Medium"}}, {"type": "Feature", "geometry": {"type": "Point", "coordinates": [110.90437, -0.27615]}, "properties": {"kab_kota": "SEKADAU", "kecamatan": "Nanga Taman", "desa": "Meragun", "tanggal": "2026-08-02", "timestamp": "2026-08-02T12:25:00+07:00", "satelit": "NASA-SNPP", "confidence": "Medium"}}, {"type": "Feature", "geometry": {"type": "Point", "coordinates": [110.97697, -0.3916]}, "properties": {"kab_kota": "SEKADAU", "kecamatan": "Nanga Taman", "desa": "Meragun", "tanggal": "2026-08-05", "timestamp": "2026-08-05T13:10:00+07:00", "satelit": "NASA-SNPP", "confidence": "Medium"}}, {"type": "Feature", "geometry": {"type": "Point", "coordinates": [110.97647, -0.38827]}, "properties": {"kab_kota": "SEKADAU", "kecamatan": "Nanga Taman", "desa": "Meragun", "tanggal": "2026-08-05", "timestamp": "2026-08-05T13:10:00+07:00", "satelit": "NASA-SNPP", "confidence": "Medium"}}, {"type": "Feature", "geometry": {"type": "Point", "coordinates": [110.96632, -0.32283]}, "properties": {"kab_kota": "SEKADAU", "kecamatan": "Nanga Taman", "desa": "Meragun", "tanggal": "2026-08-05", "timestamp": "2026-08-05T13:10:00+07:00", "satelit": "NASA-SNPP", "confidence": "Medium"}}, {"type": "Feature", "geometry": {"type": "Point", "coordinates": [110.96581, -0.31951]}, "properties": {"kab_kota": "SEKADAU", "kecamatan": "Nanga Taman", "desa": "Meragun", "tanggal": "2026-08-05", "timestamp": "2026-08-05T13:10:00+07:00", "satelit": "NASA-SNPP", "confidence": "Medium"}}, {"type": "Feature", "geometry": {"type": "Point", "coordinates": [110.88769, -0.31781]}, "properties": {"kab_kota": "SEKADAU", "kecamatan": "Nanga Taman", "desa": "Meragun", "tanggal": "2026-08-05", "timestamp": "2026-08-05T13:10:00+07:00", "satelit": "NASA-SNPP", "confidence": "Medium"}}, {"type": "Feature", "geometry": {"type": "Point", "coordinates": [110.88219, -0.30502]}, "properties": {"kab_kota": "SEKADAU", "kecamatan": "Nanga Taman", "desa": "Meragun", "tanggal": "2026-08-05", "timestamp": "2026-08-05T13:10:00+07:00", "satelit": "NASA-SNPP", "confidence": "Medium"}}, {"type": "Feature", "geometry": {"type": "Point", "coordinates": [110.89609, -0.30291]}, "properties": {"kab_kota": "SEKADAU", "kecamatan": "Nanga Taman", "desa": "Meragun", "tanggal": "2026-08-05", "timestamp": "2026-08-05T13:10:00+07:00", "satelit": "NASA-SNPP", "confidence": "Medium"}}, {"type": "Feature", "geometry": {"type": "Point", "coordinates": [110.89556, -0.29958]}, "properties": {"kab_kota": "SEKADAU", "kecamatan": "Nanga Taman", "desa": "Meragun", "tanggal": "2026-08-05", "timestamp": "2026-08-05T13:10:00+07:00", "satelit": "NASA-SNPP", "confidence": "Medium"}}, {"type": "Feature", "geometry": {"type": "Point", "coordinates": [110.90939, -0.29747]}, "properties": {"kab_kota": "SEKADAU", "kecamatan": "Nanga Taman", "desa": "Meragun", "tanggal": "2026-08-05", "timestamp": "2026-08-05T13:10:00+07:00", "satelit": "NASA-SNPP", "confidence": "Medium"}}, {"type": "Feature", "geometry": {"type": "Point", "coordinates": [110.86634, -0.29381]}, "properties": {"kab_kota": "SEKADAU", "kecamatan": "Nanga Taman", "desa": "Meragun", "tanggal": "2026-08-05", "timestamp": "2026-08-05T13:10:00+07:00", "satelit": "NASA-SNPP", "confidence": "Medium"}}, {"type": "Feature", "geometry": {"type": "Point", "coordinates": [110.91083, -0.28362]}, "properties": {"kab_kota": "SEKADAU", "kecamatan": "Nanga Taman", "desa": "Meragun", "tanggal": "2026-08-05", "timestamp": "2026-08-05T13:10:00+07:00", "satelit": "NASA-SNPP", "confidence": "Medium"}}, {"type": "Feature", "geometry": {"type": "Point", "coordinates": [110.85136, -0.26951]}, "properties": {"kab_kota": "SEKADAU", "kecamatan": "Nanga Taman", "desa": "Meragun", "tanggal": "2026-08-05", "timestamp": "2026-08-05T13:10:00+07:00", "satelit": "NASA-SNPP", "confidence": "Medium"}}, {"type": "Feature", "geometry": {"type": "Point", "coordinates": [110.97156, -0.33167]}, "properties": {"kab_kota": "SEKADAU", "kecamatan": "Nanga Taman", "desa": "Meragun", "tanggal": "2026-08-06", "timestamp": "2026-08-06T12:53:00+07:00", "satelit": "NASA-SNPP", "confidence": "Medium"}}, {"type": "Feature", "geometry": {"type": "Point", "coordinates": [110.86391, -0.29798]}, "properties": {"kab_kota": "SEKADAU", "kecamatan": "Nanga Taman", "desa": "Meragun", "tanggal": "2026-08-06", "timestamp": "2026-08-06T12:53:00+07:00", "satelit": "NASA-SNPP", "confidence": "Medium"}}, {"type": "Feature", "geometry": {"type": "Point", "coordinates": [110.88839, -0.29428]}, "properties": {"kab_kota": "SEKADAU", "kecamatan": "Nanga Taman", "desa": "Meragun", "tanggal": "2026-08-06", "timestamp": "2026-08-06T12:53:00+07:00", "satelit": "NASA-SNPP", "confidence": "Medium"}}, {"type": "Feature", "geometry": {"type": "Point", "coordinates": [110.86302, -0.29392]}, "properties": {"kab_kota": "SEKADAU", "kecamatan": "Nanga Taman", "desa": "Meragun", "tanggal": "2026-08-06", "timestamp": "2026-08-06T12:53:00+07:00", "satelit": "NASA-SNPP", "confidence": "Medium"}}, {"type": "Feature", "geometry": {"type": "Point", "coordinates": [110.88075, -0.27169]}, "properties": {"kab_kota": "SEKADAU", "kecamatan": "Nanga Taman", "desa": "Meragun", "tanggal": "2026-08-06", "timestamp": "2026-08-06T12:53:00+07:00", "satelit": "NASA-SNPP", "confidence": "Medium"}}, {"type": "Feature", "geometry": {"type": "Point", "coordinates": [110.88326, -0.26293]}, "properties": {"kab_kota": "SEKADAU", "kecamatan": "Nanga Taman", "desa": "Meragun", "tanggal": "2026-08-06", "timestamp": "2026-08-06T12:53:00+07:00", "satelit": "NASA-SNPP", "confidence": "Medium"}}, {"type": "Feature", "geometry": {"type": "Point", "coordinates": [110.88699, -0.26234]}, "properties": {"kab_kota": "SEKADAU", "kecamatan": "Nanga Taman", "desa": "Meragun", "tanggal": "2026-08-06", "timestamp": "2026-08-06T12:53:00+07:00", "satelit": "NASA-SNPP", "confidence": "Medium"}}, {"type": "Feature", "geometry": {"type": "Point", "coordinates": [110.96987, -0.3252]}, "properties": {"kab_kota": "SEKADAU", "kecamatan": "Nanga Taman", "desa": "Meragun", "tanggal": "2026-08-07", "timestamp": "2026-08-07T12:33:00+07:00", "satelit": "NASA-SNPP", "confidence": "Medium"}}, {"type": "Feature", "geometry": {"type": "Point", "coordinates": [110.97356, -0.32463]}, "properties": {"kab_kota": "SEKADAU", "kecamatan": "Nanga Taman", "desa": "Meragun", "tanggal": "2026-08-07", "timestamp": "2026-08-07T12:33:00+07:00", "satelit": "NASA-SNPP", "confidence": "Medium"}}, {"type": "Feature", "geometry": {"type": "Point", "coordinates": [110.88105, -0.30422]}, "properties": {"kab_kota": "SEKADAU", "kecamatan": "Nanga Taman", "desa": "Meragun", "tanggal": "2026-08-07", "timestamp": "2026-08-07T12:33:00+07:00", "satelit": "NASA-SNPP", "confidence": "Medium"}}, {"type": "Feature", "geometry": {"type": "Point", "coordinates": [110.88044, -0.30155]}, "properties": {"kab_kota": "SEKADAU", "kecamatan": "Nanga Taman", "desa": "Meragun", "tanggal": "2026-08-07", "timestamp": "2026-08-07T12:33:00+07:00", "satelit": "NASA-SNPP", "confidence": "Medium"}}, {"type": "Feature", "geometry": {"type": "Point", "coordinates": [110.87292, -0.29966]}, "properties": {"kab_kota": "SEKADAU", "kecamatan": "Nanga Taman", "desa": "Meragun", "tanggal": "2026-08-07", "timestamp": "2026-08-07T12:33:00+07:00", "satelit": "NASA-SNPP", "confidence": "Medium"}}, {"type": "Feature", "geometry": {"type": "Point", "coordinates": [110.87207, -0.29709]}, "properties": {"kab_kota": "SEKADAU", "kecamatan": "Nanga Taman", "desa": "Meragun", "tanggal": "2026-08-07", "timestamp": "2026-08-07T12:33:00+07:00", "satelit": "NASA-SNPP", "confidence": "Medium"}}, {"type": "Feature", "geometry": {"type": "Point", "coordinates": [110.89919, -0.29566]}, "properties": {"kab_kota": "SEKADAU", "kecamatan": "Nanga Taman", "desa": "Meragun", "tanggal": "2026-08-07", "timestamp": "2026-08-07T12:33:00+07:00", "satelit": "NASA-SNPP", "confidence": "Medium"}}, {"type": "Feature", "geometry": {"type": "Point", "coordinates": [110.89854, -0.29285]}, "properties": {"kab_kota": "SEKADAU", "kecamatan": "Nanga Taman", "desa": "Meragun", "tanggal": "2026-08-07", "timestamp": "2026-08-07T12:33:00+07:00", "satelit": "NASA-SNPP", "confidence": "Medium"}}, {"type": "Feature", "geometry": {"type": "Point", "coordinates": [110.89761, -0.28721]}, "properties": {"kab_kota": "SEKADAU", "kecamatan": "Nanga Taman", "desa": "Meragun", "tanggal": "2026-08-07", "timestamp": "2026-08-07T12:33:00+07:00", "satelit": "NASA-SNPP", "confidence": "Medium"}}, {"type": "Feature", "geometry": {"type": "Point", "coordinates": [110.90139, -0.28661]}, "properties": {"kab_kota": "SEKADAU", "kecamatan": "Nanga Taman", "desa": "Meragun", "tanggal": "2026-08-07", "timestamp": "2026-08-07T12:33:00+07:00", "satelit": "NASA-SNPP", "confidence": "Medium"}}, {"type": "Feature", "geometry": {"type": "Point", "coordinates": [110.89716, -0.28439]}, "properties": {"kab_kota": "SEKADAU", "kecamatan": "Nanga Taman", "desa": "Meragun", "tanggal": "2026-08-07", "timestamp": "2026-08-07T12:33:00+07:00", "satelit": "NASA-SNPP", "confidence": "Medium"}}, {"type": "Feature", "geometry": {"type": "Point", "coordinates": [110.90097, -0.28381]}, "properties": {"kab_kota": "SEKADAU", "kecamatan": "Nanga Taman", "desa": "Meragun", "tanggal": "2026-08-07", "timestamp": "2026-08-07T12:33:00+07:00", "satelit": "NASA-SNPP", "confidence": "Medium"}}, {"type": "Feature", "geometry": {"type": "Point", "coordinates": [110.86343, -0.26945]}, "properties": {"kab_kota": "SEKADAU", "kecamatan": "Nanga Taman", "desa": "Meragun", "tanggal": "2026-08-07", "timestamp": "2026-08-07T12:33:00+07:00", "satelit": "NASA-SNPP", "confidence": "Medium"}}, {"type": "Feature", "geometry": {"type": "Point", "coordinates": [110.86749, -0.26882]}, "properties": {"kab_kota": "SEKADAU", "kecamatan": "Nanga Taman", "desa": "Meragun", "tanggal": "2026-08-07", "timestamp": "2026-08-07T12:33:00+07:00", "satelit": "NASA-SNPP", "confidence": "Medium"}}, {"type": "Feature", "geometry": {"type": "Point", "coordinates": [110.86244, -0.26671]}, "properties": {"kab_kota": "SEKADAU", "kecamatan": "Nanga Taman", "desa": "Meragun", "tanggal": "2026-08-08", "timestamp": "2026-08-08T13:54:00+07:00", "satelit": "NASA-SNPP", "confidence": "Medium"}}, {"type": "Feature", "geometry": {"type": "Point", "coordinates": [110.8997, -0.29536]}, "properties": {"kab_kota": "SEKADAU", "kecamatan": "Nanga Taman", "desa": "Meragun", "tanggal": "2026-08-09", "timestamp": "2026-08-09T13:35:00+07:00", "satelit": "NASA-SNPP", "confidence": "Medium"}}, {"type": "Feature", "geometry": {"type": "Point", "coordinates": [110.90367, -0.29475]}, "properties": {"kab_kota": "SEKADAU", "kecamatan": "Nanga Taman", "desa": "Meragun", "tanggal": "2026-08-09", "timestamp": "2026-08-09T13:35:00+07:00", "satelit": "NASA-SNPP", "confidence": "Medium"}}, {"type": "Feature", "geometry": {"type": "Point", "coordinates": [110.89516, -0.29165]}, "properties": {"kab_kota": "SEKADAU", "kecamatan": "Nanga Taman", "desa": "Meragun", "tanggal": "2026-08-09", "timestamp": "2026-08-09T13:35:00+07:00", "satelit": "NASA-SNPP", "confidence": "Medium"}}, {"type": "Feature", "geometry": {"type": "Point", "coordinates": [110.98339, -0.38908]}, "properties": {"kab_kota": "SEKADAU", "kecamatan": "Nanga Taman", "desa": "Meragun", "tanggal": "2026-08-10", "timestamp": "2026-08-10T13:18:00+07:00", "satelit": "NASA-SNPP", "confidence": "Medium"}}, {"type": "Feature", "geometry": {"type": "Point", "coordinates": [110.98285, -0.38571]}, "properties": {"kab_kota": "SEKADAU", "kecamatan": "Nanga Taman", "desa": "Meragun", "tanggal": "2026-08-10", "timestamp": "2026-08-10T13:18:00+07:00", "satelit": "NASA-SNPP", "confidence": "Medium"}}, {"type": "Feature", "geometry": {"type": "Point", "coordinates": [110.939, -0.29142]}, "properties": {"kab_kota": "SEKADAU", "kecamatan": "Nanga Taman", "desa": "Meragun", "tanggal": "2026-08-10", "timestamp": "2026-08-10T13:18:00+07:00", "satelit": "NASA-SNPP", "confidence": "Medium"}}, {"type": "Feature", "geometry": {"type": "Point", "coordinates": [110.92429, -0.29022]}, "properties": {"kab_kota": "SEKADAU", "kecamatan": "Nanga Taman", "desa": "Meragun", "tanggal": "2026-08-10", "timestamp": "2026-08-10T13:18:00+07:00", "satelit": "NASA-SNPP", "confidence": "Medium"}}, {"type": "Feature", "geometry": {"type": "Point", "coordinates": [110.8944, -0.28444]}, "properties": {"kab_kota": "SEKADAU", "kecamatan": "Nanga Taman", "desa": "Meragun", "tanggal": "2026-08-10", "timestamp": "2026-08-10T13:18:00+07:00", "satelit": "NASA-SNPP", "confidence": "Medium"}}, {"type": "Feature", "geometry": {"type": "Point", "coordinates": [110.88931, -0.27487]}, "properties": {"kab_kota": "SEKADAU", "kecamatan": "Nanga Taman", "desa": "Meragun", "tanggal": "2026-08-10", "timestamp": "2026-08-10T13:18:00+07:00", "satelit": "NASA-SNPP", "confidence": "Medium"}}, {"type": "Feature", "geometry": {"type": "Point", "coordinates": [110.86156, -0.26843]}, "properties": {"kab_kota": "SEKADAU", "kecamatan": "Nanga Taman", "desa": "Meragun", "tanggal": "2026-08-11", "timestamp": "2026-08-11T12:57:00+07:00", "satelit": "NASA-SNPP", "confidence": "Medium"}}, {"type": "Feature", "geometry": {"type": "Point", "coordinates": [110.87833, -0.26595]}, "properties": {"kab_kota": "SEKADAU", "kecamatan": "Nanga Taman", "desa": "Meragun", "tanggal": "2026-08-15", "timestamp": "2026-08-15T13:25:00+07:00", "satelit": "NASA-SNPP", "confidence": "Medium"}}, {"type": "Feature", "geometry": {"type": "Point", "coordinates": [110.96685, -0.30972]}, "properties": {"kab_kota": "SEKADAU", "kecamatan": "Nanga Taman", "desa": "Meragun", "tanggal": "2026-08-16", "timestamp": "2026-08-16T13:03:00+07:00", "satelit": "NASA-SNPP", "confidence": "Medium"}}, {"type": "Feature", "geometry": {"type": "Point", "coordinates": [110.9201, -0.30275]}, "properties": {"kab_kota": "SEKADAU", "kecamatan": "Nanga Taman", "desa": "Meragun", "tanggal": "2026-08-16", "timestamp": "2026-08-16T13:03:00+07:00", "satelit": "NASA-SNPP", "confidence": "Medium"}}, {"type": "Feature", "geometry": {"type": "Point", "coordinates": [110.96149, -0.29997]}, "properties": {"kab_kota": "SEKADAU", "kecamatan": "Nanga Taman", "desa": "Meragun", "tanggal": "2026-08-16", "timestamp": "2026-08-16T13:03:00+07:00", "satelit": "NASA-SNPP", "confidence": "Medium"}}, {"type": "Feature", "geometry": {"type": "Point", "coordinates": [110.94135, -0.28501]}, "properties": {"kab_kota": "SEKADAU", "kecamatan": "Nanga Taman", "desa": "Meragun", "tanggal": "2026-08-20", "timestamp": "2026-08-20T13:29:00+07:00", "satelit": "NASA-SNPP", "confidence": "Medium"}}, {"type": "Feature", "geometry": {"type": "Point", "coordinates": [110.88373, -0.27077]}, "properties": {"kab_kota": "SEKADAU", "kecamatan": "Nanga Taman", "desa": "Meragun", "tanggal": "2026-08-21", "timestamp": "2026-08-21T13:12:00+07:00", "satelit": "NASA-SNPP", "confidence": "Medium"}}, {"type": "Feature", "geometry": {"type": "Point", "coordinates": [110.95284, -0.31678]}, "properties": {"kab_kota": "SEKADAU", "kecamatan": "Nanga Taman", "desa": "Meragun", "tanggal": "2026-08-22", "timestamp": "2026-08-22T12:53:00+07:00", "satelit": "NASA-SNPP", "confidence": "Medium"}}, {"type": "Feature", "geometry": {"type": "Point", "coordinates": [110.89231, -0.28661]}, "properties": {"kab_kota": "SEKADAU", "kecamatan": "Nanga Taman", "desa": "Meragun", "tanggal": "2026-08-23", "timestamp": "2026-08-23T12:33:00+07:00", "satelit": "NASA-SNPP", "confidence": "Medium"}}, {"type": "Feature", "geometry": {"type": "Point", "coordinates": [110.89017, -0.28288]}, "properties": {"kab_kota": "SEKADAU", "kecamatan": "Nanga Taman", "desa": "Meragun", "tanggal": "2026-08-23", "timestamp": "2026-08-23T12:33:00+07:00", "satelit": "NASA-SNPP", "confidence": "Medium"}}, {"type": "Feature", "geometry": {"type": "Point", "coordinates": [110.88298, -0.30985]}, "properties": {"kab_kota": "SEKADAU", "kecamatan": "Nanga Taman", "desa": "Meragun", "tanggal": "2026-08-26", "timestamp": "2026-08-26T13:18:00+07:00", "satelit": "NASA-SNPP", "confidence": "Medium"}}, {"type": "Feature", "geometry": {"type": "Point", "coordinates": [110.86558, -0.26483]}, "properties": {"kab_kota": "SEKADAU", "kecamatan": "Nanga Taman", "desa": "Meragun", "tanggal": "2026-08-31", "timestamp": "2026-08-31T13:22:00+07:00", "satelit": "NASA-SNPP", "confidence": "Medium"}}, {"type": "Feature", "geometry": {"type": "Point", "coordinates": [110.64004, -0.34026]}, "properties": {"kab_kota": "SEKADAU", "kecamatan": "Nanga Taman", "desa": "Nanga Engkulun", "tanggal": "2026-08-06", "timestamp": "2026-08-06T12:53:00+07:00", "satelit": "NASA-SNPP", "confidence": "Medium"}}, {"type": "Feature", "geometry": {"type": "Point", "coordinates": [110.60269, -0.29824]}, "properties": {"kab_kota": "SEKADAU", "kecamatan": "Nanga Taman", "desa": "Nanga Engkulun", "tanggal": "2026-08-06", "timestamp": "2026-08-06T12:53:00+07:00", "satelit": "NASA-SNPP", "confidence": "Medium"}}, {"type": "Feature", "geometry": {"type": "Point", "coordinates": [110.58145, -0.28447]}, "properties": {"kab_kota": "SEKADAU", "kecamatan": "Nanga Taman", "desa": "Nanga Engkulun", "tanggal": "2026-08-06", "timestamp": "2026-08-06T12:53:00+07:00", "satelit": "NASA-SNPP", "confidence": "Medium"}}, {"type": "Feature", "geometry": {"type": "Point", "coordinates": [110.64812, -0.35303]}, "properties": {"kab_kota": "SEKADAU", "kecamatan": "Nanga Taman", "desa": "Nanga Engkulun", "tanggal": "2026-08-10", "timestamp": "2026-08-10T13:18:00+07:00", "satelit": "NASA-SNPP", "confidence": "Medium"}}, {"type": "Feature", "geometry": {"type": "Point", "coordinates": [110.62048, -0.31266]}, "properties": {"kab_kota": "SEKADAU", "kecamatan": "Nanga Taman", "desa": "Nanga Engkulun", "tanggal": "2026-08-10", "timestamp": "2026-08-10T13:18:00+07:00", "satelit": "NASA-SNPP", "confidence": "Medium"}}, {"type": "Feature", "geometry": {"type": "Point", "coordinates": [110.6039, -0.29805]}, "properties": {"kab_kota": "SEKADAU", "kecamatan": "Nanga Taman", "desa": "Nanga Engkulun", "tanggal": "2026-08-10", "timestamp": "2026-08-10T13:18:00+07:00", "satelit": "NASA-SNPP", "confidence": "Medium"}}, {"type": "Feature", "geometry": {"type": "Point", "coordinates": [110.63941, -0.36528]}, "properties": {"kab_kota": "SEKADAU", "kecamatan": "Nanga Taman", "desa": "Nanga Engkulun", "tanggal": "2026-08-12", "timestamp": "2026-08-12T12:40:00+07:00", "satelit": "NASA-SNPP", "confidence": "Medium"}}, {"type": "Feature", "geometry": {"type": "Point", "coordinates": [110.65808, -0.35327]}, "properties": {"kab_kota": "SEKADAU", "kecamatan": "Nanga Taman", "desa": "Nanga Engkulun", "tanggal": "2026-08-14", "timestamp": "2026-08-14T13:42:00+07:00", "satelit": "NASA-SNPP", "confidence": "Medium"}}, {"type": "Feature", "geometry": {"type": "Point", "coordinates": [110.62102, -0.31076]}, "properties": {"kab_kota": "SEKADAU", "kecamatan": "Nanga Taman", "desa": "Nanga Engkulun", "tanggal": "2026-08-14", "timestamp": "2026-08-14T13:42:00+07:00", "satelit": "NASA-SNPP", "confidence": "Medium"}}, {"type": "Feature", "geometry": {"type": "Point", "coordinates": [110.61784, -0.31006]}, "properties": {"kab_kota": "SEKADAU", "kecamatan": "Nanga Taman", "desa": "Nanga Engkulun", "tanggal": "2026-08-14", "timestamp": "2026-08-14T13:42:00+07:00", "satelit": "NASA-SNPP", "confidence": "Medium"}}, {"type": "Feature", "geometry": {"type": "Point", "coordinates": [110.59695, -0.30843]}, "properties": {"kab_kota": "SEKADAU", "kecamatan": "Nanga Taman", "desa": "Nanga Engkulun", "tanggal": "2026-08-14", "timestamp": "2026-08-14T13:42:00+07:00", "satelit": "NASA-SNPP", "confidence": "Medium"}}, {"type": "Feature", "geometry": {"type": "Point", "coordinates": [110.5887, -0.28557]}, "properties": {"kab_kota": "SEKADAU", "kecamatan": "Nanga Taman", "desa": "Nanga Engkulun", "tanggal": "2026-08-14", "timestamp": "2026-08-14T13:42:00+07:00", "satelit": "NASA-SNPP", "confidence": "Medium"}}, {"type": "Feature", "geometry": {"type": "Point", "coordinates": [110.6902, -0.36263]}, "properties": {"kab_kota": "SEKADAU", "kecamatan": "Nanga Taman", "desa": "Nanga Engkulun", "tanggal": "2026-08-16", "timestamp": "2026-08-16T13:03:00+07:00", "satelit": "NASA-SNPP", "confidence": "Medium"}}, {"type": "Feature", "geometry": {"type": "Point", "coordinates": [110.62786, -0.3365]}, "properties": {"kab_kota": "SEKADAU", "kecamatan": "Nanga Taman", "desa": "Nanga Engkulun", "tanggal": "2026-08-16", "timestamp": "2026-08-16T13:03:00+07:00", "satelit": "NASA-SNPP", "confidence": "Medium"}}, {"type": "Feature", "geometry": {"type": "Point", "coordinates": [110.63113, -0.33244]}, "properties": {"kab_kota": "SEKADAU", "kecamatan": "Nanga Taman", "desa": "Nanga Engkulun", "tanggal": "2026-08-16", "timestamp": "2026-08-16T13:03:00+07:00", "satelit": "NASA-SNPP", "confidence": "Medium"}}, {"type": "Feature", "geometry": {"type": "Point", "coordinates": [110.63441, -0.32838]}, "properties": {"kab_kota": "SEKADAU", "kecamatan": "Nanga Taman", "desa": "Nanga Engkulun", "tanggal": "2026-08-16", "timestamp": "2026-08-16T13:03:00+07:00", "satelit": "NASA-SNPP", "confidence": "Medium"}}, {"type": "Feature", "geometry": {"type": "Point", "coordinates": [110.63007, -0.32547]}, "properties": {"kab_kota": "SEKADAU", "kecamatan": "Nanga Taman", "desa": "Nanga Engkulun", "tanggal": "2026-08-16", "timestamp": "2026-08-16T13:03:00+07:00", "satelit": "NASA-SNPP", "confidence": "Medium"}}, {"type": "Feature", "geometry": {"type": "Point", "coordinates": [110.61955, -0.30733]}, "properties": {"kab_kota": "SEKADAU", "kecamatan": "Nanga Taman", "desa": "Nanga Engkulun", "tanggal": "2026-08-18", "timestamp": "2026-08-18T12:27:00+07:00", "satelit": "NASA-SNPP", "confidence": "Medium"}}, {"type": "Feature", "geometry": {"type": "Point", "coordinates": [110.62498, -0.3065]}, "properties": {"kab_kota": "SEKADAU", "kecamatan": "Nanga Taman", "desa": "Nanga Engkulun", "tanggal": "2026-08-18", "timestamp": "2026-08-18T12:27:00+07:00", "satelit": "NASA-SNPP", "confidence": "Medium"}}, {"type": "Feature", "geometry": {"type": "Point", "coordinates": [110.60312, -0.3033]}, "properties": {"kab_kota": "SEKADAU", "kecamatan": "Nanga Taman", "desa": "Nanga Engkulun", "tanggal": "2026-08-18", "timestamp": "2026-08-18T12:27:00+07:00", "satelit": "NASA-SNPP", "confidence": "Medium"}}, {"type": "Feature", "geometry": {"type": "Point", "coordinates": [110.59702, -0.29769]}, "properties": {"kab_kota": "SEKADAU", "kecamatan": "Nanga Taman", "desa": "Nanga Engkulun", "tanggal": "2026-08-18", "timestamp": "2026-08-18T12:27:00+07:00", "satelit": "NASA-SNPP", "confidence": "Medium"}}, {"type": "Feature", "geometry": {"type": "Point", "coordinates": [110.60205, -0.29692]}, "properties": {"kab_kota": "SEKADAU", "kecamatan": "Nanga Taman", "desa": "Nanga Engkulun", "tanggal": "2026-08-18", "timestamp": "2026-08-18T12:27:00+07:00", "satelit": "NASA-SNPP", "confidence": "Medium"}}, {"type": "Feature", "geometry": {"type": "Point", "coordinates": [110.59452, -0.2963]}, "properties": {"kab_kota": "SEKADAU", "kecamatan": "Nanga Taman", "desa": "Nanga Engkulun", "tanggal": "2026-08-18", "timestamp": "2026-08-18T12:27:00+07:00", "satelit": "NASA-SNPP", "confidence": "Medium"}}, {"type": "Feature", "geometry": {"type": "Point", "coordinates": [110.63531, -0.32881]}, "properties": {"kab_kota": "SEKADAU", "kecamatan": "Nanga Taman", "desa": "Nanga Engkulun", "tanggal": "2026-08-19", "timestamp": "2026-08-19T13:48:00+07:00", "satelit": "NASA-SNPP", "confidence": "Medium"}}, {"type": "Feature", "geometry": {"type": "Point", "coordinates": [110.63843, -0.32832]}, "properties": {"kab_kota": "SEKADAU", "kecamatan": "Nanga Taman", "desa": "Nanga Engkulun", "tanggal": "2026-08-19", "timestamp": "2026-08-19T13:48:00+07:00", "satelit": "NASA-SNPP", "confidence": "Medium"}}, {"type": "Feature", "geometry": {"type": "Point", "coordinates": [110.61306, -0.3161]}, "properties": {"kab_kota": "SEKADAU", "kecamatan": "Nanga Taman", "desa": "Nanga Engkulun", "tanggal": "2026-08-19", "timestamp": "2026-08-19T13:48:00+07:00", "satelit": "NASA-SNPP", "confidence": "Medium"}}, {"type": "Feature", "geometry": {"type": "Point", "coordinates": [110.64569, -0.36775]}, "properties": {"kab_kota": "SEKADAU", "kecamatan": "Nanga Taman", "desa": "Nanga Engkulun", "tanggal": "2026-08-20", "timestamp": "2026-08-20T13:29:00+07:00", "satelit": "NASA-SNPP", "confidence": "Medium"}}, {"type": "Feature", "geometry": {"type": "Point", "coordinates": [110.71281, -0.37467]}, "properties": {"kab_kota": "SEKADAU", "kecamatan": "Nanga Taman", "desa": "Nanga Engkulun", "tanggal": "2026-08-22", "timestamp": "2026-08-22T12:53:00+07:00", "satelit": "NASA-SNPP", "confidence": "Medium"}}, {"type": "Feature", "geometry": {"type": "Point", "coordinates": [110.71213, -0.37053]}, "properties": {"kab_kota": "SEKADAU", "kecamatan": "Nanga Taman", "desa": "Nanga Engkulun", "tanggal": "2026-08-22", "timestamp": "2026-08-22T12:53:00+07:00", "satelit": "NASA-SNPP", "confidence": "Medium"}}, {"type": "Feature", "geometry": {"type": "Point", "coordinates": [110.65046, -0.34162]}, "properties": {"kab_kota": "SEKADAU", "kecamatan": "Nanga Taman", "desa": "Nanga Engkulun", "tanggal": "2026-08-22", "timestamp": "2026-08-22T12:53:00+07:00", "satelit": "NASA-SNPP", "confidence": "Medium"}}, {"type": "Feature", "geometry": {"type": "Point", "coordinates": [110.63795, -0.33498]}, "properties": {"kab_kota": "SEKADAU", "kecamatan": "Nanga Taman", "desa": "Nanga Engkulun", "tanggal": "2026-08-22", "timestamp": "2026-08-22T12:53:00+07:00", "satelit": "NASA-SNPP", "confidence": "Medium"}}, {"type": "Feature", "geometry": {"type": "Point", "coordinates": [110.65569, -0.37055]}, "properties": {"kab_kota": "SEKADAU", "kecamatan": "Nanga Taman", "desa": "Nanga Engkulun", "tanggal": "2026-08-24", "timestamp": "2026-08-24T13:57:00+07:00", "satelit": "NASA-SNPP", "confidence": "Medium"}}, {"type": "Feature", "geometry": {"type": "Point", "coordinates": [110.65503, -0.3657]}, "properties": {"kab_kota": "SEKADAU", "kecamatan": "Nanga Taman", "desa": "Nanga Engkulun", "tanggal": "2026-08-24", "timestamp": "2026-08-24T13:57:00+07:00", "satelit": "NASA-SNPP", "confidence": "Medium"}}, {"type": "Feature", "geometry": {"type": "Point", "coordinates": [110.62892, -0.34505]}, "properties": {"kab_kota": "SEKADAU", "kecamatan": "Nanga Taman", "desa": "Nanga Engkulun", "tanggal": "2026-08-26", "timestamp": "2026-08-26T13:18:00+07:00", "satelit": "NASA-SNPP", "confidence": "Medium"}}, {"type": "Feature", "geometry": {"type": "Point", "coordinates": [110.63294, -0.32389]}, "properties": {"kab_kota": "SEKADAU", "kecamatan": "Nanga Taman", "desa": "Nanga Engkulun", "tanggal": "2026-08-26", "timestamp": "2026-08-26T13:18:00+07:00", "satelit": "NASA-SNPP", "confidence": "Medium"}}, {"type": "Feature", "geometry": {"type": "Point", "coordinates": [110.63644, -0.32336]}, "properties": {"kab_kota": "SEKADAU", "kecamatan": "Nanga Taman", "desa": "Nanga Engkulun", "tanggal": "2026-08-26", "timestamp": "2026-08-26T13:18:00+07:00", "satelit": "NASA-SNPP", "confidence": "Medium"}}, {"type": "Feature", "geometry": {"type": "Point", "coordinates": [110.61687, -0.31265]}, "properties": {"kab_kota": "SEKADAU", "kecamatan": "Nanga Taman", "desa": "Nanga Engkulun", "tanggal": "2026-08-26", "timestamp": "2026-08-26T13:18:00+07:00", "satelit": "NASA-SNPP", "confidence": "Medium"}}, {"type": "Feature", "geometry": {"type": "Point", "coordinates": [110.59435, -0.30582]}, "properties": {"kab_kota": "SEKADAU", "kecamatan": "Nanga Taman", "desa": "Nanga Engkulun", "tanggal": "2026-08-26", "timestamp": "2026-08-26T13:18:00+07:00", "satelit": "NASA-SNPP", "confidence": "Medium"}}, {"type": "Feature", "geometry": {"type": "Point", "coordinates": [110.64035, -0.36285]}, "properties": {"kab_kota": "SEKADAU", "kecamatan": "Nanga Taman", "desa": "Nanga Engkulun", "tanggal": "2026-08-28", "timestamp": "2026-08-28T12:40:00+07:00", "satelit": "NASA-SNPP", "confidence": "Medium"}}, {"type": "Feature", "geometry": {"type": "Point", "coordinates": [110.64328, -0.3624]}, "properties": {"kab_kota": "SEKADAU", "kecamatan": "Nanga Taman", "desa": "Nanga Engkulun", "tanggal": "2026-08-28", "timestamp": "2026-08-28T12:40:00+07:00", "satelit": "NASA-SNPP", "confidence": "Medium"}}, {"type": "Feature", "geometry": {"type": "Point", "coordinates": [110.64967, -0.34547]}, "properties": {"kab_kota": "SEKADAU", "kecamatan": "Nanga Taman", "desa": "Nanga Engkulun", "tanggal": "2026-08-28", "timestamp": "2026-08-28T12:40:00+07:00", "satelit": "NASA-SNPP", "confidence": "Medium"}}, {"type": "Feature", "geometry": {"type": "Point", "coordinates": [110.65591, -0.34452]}, "properties": {"kab_kota": "SEKADAU", "kecamatan": "Nanga Taman", "desa": "Nanga Engkulun", "tanggal": "2026-08-28", "timestamp": "2026-08-28T12:40:00+07:00", "satelit": "NASA-SNPP", "confidence": "Medium"}}, {"type": "Feature", "geometry": {"type": "Point", "coordinates": [110.65906, -0.34404]}, "properties": {"kab_kota": "SEKADAU", "kecamatan": "Nanga Taman", "desa": "Nanga Engkulun", "tanggal": "2026-08-28", "timestamp": "2026-08-28T12:40:00+07:00", "satelit": "NASA-SNPP", "confidence": "Medium"}}, {"type": "Feature", "geometry": {"type": "Point", "coordinates": [110.67127, -0.34217]}, "properties": {"kab_kota": "SEKADAU", "kecamatan": "Nanga Taman", "desa": "Nanga Engkulun", "tanggal": "2026-08-28", "timestamp": "2026-08-28T12:40:00+07:00", "satelit": "NASA-SNPP", "confidence": "Medium"}}, {"type": "Feature", "geometry": {"type": "Point", "coordinates": [110.67042, -0.33699]}, "properties": {"kab_kota": "SEKADAU", "kecamatan": "Nanga Taman", "desa": "Nanga Engkulun", "tanggal": "2026-08-28", "timestamp": "2026-08-28T12:40:00+07:00", "satelit": "NASA-SNPP", "confidence": "Medium"}}, {"type": "Feature", "geometry": {"type": "Point", "coordinates": [110.6735, -0.33652]}, "properties": {"kab_kota": "SEKADAU", "kecamatan": "Nanga Taman", "desa": "Nanga Engkulun", "tanggal": "2026-08-28", "timestamp": "2026-08-28T12:40:00+07:00", "satelit": "NASA-SNPP", "confidence": "Medium"}}, {"type": "Feature", "geometry": {"type": "Point", "coordinates": [110.6971, -0.38058]}, "properties": {"kab_kota": "SEKADAU", "kecamatan": "Nanga Taman", "desa": "Nanga Engkulun", "tanggal": "2026-08-29", "timestamp": "2026-08-29T14:01:00+07:00", "satelit": "NASA-SNPP", "confidence": "Medium"}}, {"type": "Feature", "geometry": {"type": "Point", "coordinates": [110.70235, -0.37974]}, "properties": {"kab_kota": "SEKADAU", "kecamatan": "Nanga Taman", "desa": "Nanga Engkulun", "tanggal": "2026-08-29", "timestamp": "2026-08-29T14:01:00+07:00", "satelit": "NASA-SNPP", "confidence": "Medium"}}, {"type": "Feature", "geometry": {"type": "Point", "coordinates": [110.65884, -0.36328]}, "properties": {"kab_kota": "SEKADAU", "kecamatan": "Nanga Taman", "desa": "Nanga Engkulun", "tanggal": "2026-08-30", "timestamp": "2026-08-30T13:42:00+07:00", "satelit": "NASA-SNPP", "confidence": "Medium"}}, {"type": "Feature", "geometry": {"type": "Point", "coordinates": [110.66383, -0.36248]}, "properties": {"kab_kota": "SEKADAU", "kecamatan": "Nanga Taman", "desa": "Nanga Engkulun", "tanggal": "2026-08-30", "timestamp": "2026-08-30T13:42:00+07:00", "satelit": "NASA-SNPP", "confidence": "Medium"}}, {"type": "Feature", "geometry": {"type": "Point", "coordinates": [110.66068, -0.36153]}, "properties": {"kab_kota": "SEKADAU", "kecamatan": "Nanga Taman", "desa": "Nanga Engkulun", "tanggal": "2026-08-30", "timestamp": "2026-08-30T13:42:00+07:00", "satelit": "NASA-SNPP", "confidence": "Medium"}}, {"type": "Feature", "geometry": {"type": "Point", "coordinates": [110.64806, -0.36017]}, "properties": {"kab_kota": "SEKADAU", "kecamatan": "Nanga Taman", "desa": "Nanga Engkulun", "tanggal": "2026-08-30", "timestamp": "2026-08-30T13:42:00+07:00", "satelit": "NASA-SNPP", "confidence": "Medium"}}, {"type": "Feature", "geometry": {"type": "Point", "coordinates": [110.65315, -0.35936]}, "properties": {"kab_kota": "SEKADAU", "kecamatan": "Nanga Taman", "desa": "Nanga Engkulun", "tanggal": "2026-08-30", "timestamp": "2026-08-30T13:42:00+07:00", "satelit": "NASA-SNPP", "confidence": "Medium"}}, {"type": "Feature", "geometry": {"type": "Point", "coordinates": [110.68378, -0.3593]}, "properties": {"kab_kota": "SEKADAU", "kecamatan": "Nanga Taman", "desa": "Nanga Engkulun", "tanggal": "2026-08-30", "timestamp": "2026-08-30T13:42:00+07:00", "satelit": "NASA-SNPP", "confidence": "Medium"}}, {"type": "Feature", "geometry": {"type": "Point", "coordinates": [110.68066, -0.3585]}, "properties": {"kab_kota": "SEKADAU", "kecamatan": "Nanga Taman", "desa": "Nanga Engkulun", "tanggal": "2026-08-30", "timestamp": "2026-08-30T13:42:00+07:00", "satelit": "NASA-SNPP", "confidence": "Medium"}}, {"type": "Feature", "geometry": {"type": "Point", "coordinates": [110.64993, -0.35834]}, "properties": {"kab_kota": "SEKADAU", "kecamatan": "Nanga Taman", "desa": "Nanga Engkulun", "tanggal": "2026-08-30", "timestamp": "2026-08-30T13:42:00+07:00", "satelit": "NASA-SNPP", "confidence": "Medium"}}, {"type": "Feature", "geometry": {"type": "Point", "coordinates": [110.64145, -0.33553]}, "properties": {"kab_kota": "SEKADAU", "kecamatan": "Nanga Taman", "desa": "Nanga Engkulun", "tanggal": "2026-08-30", "timestamp": "2026-08-30T13:42:00+07:00", "satelit": "NASA-SNPP", "confidence": "Medium"}}, {"type": "Feature", "geometry": {"type": "Point", "coordinates": [110.64857, -0.37001]}, "properties": {"kab_kota": "SEKADAU", "kecamatan": "Nanga Taman", "desa": "Nanga Engkulun", "tanggal": "2026-08-31", "timestamp": "2026-08-31T13:22:00+07:00", "satelit": "NASA-SNPP", "confidence": "Medium"}}, {"type": "Feature", "geometry": {"type": "Point", "coordinates": [110.67531, -0.36227]}, "properties": {"kab_kota": "SEKADAU", "kecamatan": "Nanga Taman", "desa": "Nanga Engkulun", "tanggal": "2026-08-31", "timestamp": "2026-08-31T13:22:00+07:00", "satelit": "NASA-SNPP", "confidence": "Medium"}}, {"type": "Feature", "geometry": {"type": "Point", "coordinates": [110.62058, -0.31672]}, "properties": {"kab_kota": "SEKADAU", "kecamatan": "Nanga Taman", "desa": "Nanga Engkulun", "tanggal": "2026-08-31", "timestamp": "2026-08-31T13:22:00+07:00", "satelit": "NASA-SNPP", "confidence": "Medium"}}, {"type": "Feature", "geometry": {"type": "Point", "coordinates": [110.76761, -0.21729]}, "properties": {"kab_kota": "SEKADAU", "kecamatan": "Nanga Taman", "desa": "Nanga Kiungkang", "tanggal": "2026-08-01", "timestamp": "2026-08-01T12:46:00+07:00", "satelit": "NASA-SNPP", "confidence": "Medium"}}, {"type": "Feature", "geometry": {"type": "Point", "coordinates": [110.80223, -0.22589]}, "properties": {"kab_kota": "SEKADAU", "kecamatan": "Nanga Taman", "desa": "Nanga Kiungkang", "tanggal": "2026-08-05", "timestamp": "2026-08-05T13:10:00+07:00", "satelit": "NASA-SNPP", "confidence": "Medium"}}, {"type": "Feature", "geometry": {"type": "Point", "coordinates": [110.81401, -0.20421]}, "properties": {"kab_kota": "SEKADAU", "kecamatan": "Nanga Taman", "desa": "Nanga Kiungkang", "tanggal": "2026-08-08", "timestamp": "2026-08-08T13:57:00+07:00", "satelit": "NASA-SNPP", "confidence": "Medium"}}, {"type": "Feature", "geometry": {"type": "Point", "coordinates": [110.8155, -0.21896]}, "properties": {"kab_kota": "SEKADAU", "kecamatan": "Nanga Taman", "desa": "Nanga Kiungkang", "tanggal": "2026-08-19", "timestamp": "2026-08-19T13:48:00+07:00", "satelit": "NASA-SNPP", "confidence": "Medium"}}, {"type": "Feature", "geometry": {"type": "Point", "coordinates": [110.81335, -0.21597]}, "properties": {"kab_kota": "SEKADAU", "kecamatan": "Nanga Taman", "desa": "Nanga Kiungkang", "tanggal": "2026-08-19", "timestamp": "2026-08-19T13:48:00+07:00", "satelit": "NASA-SNPP", "confidence": "Medium"}}, {"type": "Feature", "geometry": {"type": "Point", "coordinates": [110.78365, -0.2077]}, "properties": {"kab_kota": "SEKADAU", "kecamatan": "Nanga Taman", "desa": "Nanga Kiungkang", "tanggal": "2026-08-19", "timestamp": "2026-08-19T13:48:00+07:00", "satelit": "NASA-SNPP", "confidence": "Medium"}}, {"type": "Feature", "geometry": {"type": "Point", "coordinates": [110.76805, -0.20655]}, "properties": {"kab_kota": "SEKADAU", "kecamatan": "Nanga Taman", "desa": "Nanga Kiungkang", "tanggal": "2026-08-19", "timestamp": "2026-08-19T13:48:00+07:00", "satelit": "NASA-SNPP", "confidence": "Medium"}}, {"type": "Feature", "geometry": {"type": "Point", "coordinates": [110.76379, -0.20175]}, "properties": {"kab_kota": "SEKADAU", "kecamatan": "Nanga Taman", "desa": "Nanga Kiungkang", "tanggal": "2026-08-19", "timestamp": "2026-08-19T13:48:00+07:00", "satelit": "NASA-SNPP", "confidence": "Medium"}}, {"type": "Feature", "geometry": {"type": "Point", "coordinates": [110.79964, -0.22355]}, "properties": {"kab_kota": "SEKADAU", "kecamatan": "Nanga Taman", "desa": "Nanga Kiungkang", "tanggal": "2026-08-20", "timestamp": "2026-08-20T13:29:00+07:00", "satelit": "NASA-SNPP", "confidence": "Medium"}}, {"type": "Feature", "geometry": {"type": "Point", "coordinates": [110.80445, -0.22279]}, "properties": {"kab_kota": "SEKADAU", "kecamatan": "Nanga Taman", "desa": "Nanga Kiungkang", "tanggal": "2026-08-20", "timestamp": "2026-08-20T13:29:00+07:00", "satelit": "NASA-SNPP", "confidence": "Medium"}}, {"type": "Feature", "geometry": {"type": "Point", "coordinates": [110.78037, -0.22243]}, "properties": {"kab_kota": "SEKADAU", "kecamatan": "Nanga Taman", "desa": "Nanga Kiungkang", "tanggal": "2026-08-22", "timestamp": "2026-08-22T12:53:00+07:00", "satelit": "NASA-SNPP", "confidence": "Medium"}}, {"type": "Feature", "geometry": {"type": "Point", "coordinates": [110.80169, -0.21498]}, "properties": {"kab_kota": "SEKADAU", "kecamatan": "Nanga Taman", "desa": "Nanga Kiungkang", "tanggal": "2026-08-22", "timestamp": "2026-08-22T12:53:00+07:00", "satelit": "NASA-SNPP", "confidence": "Medium"}}, {"type": "Feature", "geometry": {"type": "Point", "coordinates": [110.79536, -0.21954]}, "properties": {"kab_kota": "SEKADAU", "kecamatan": "Nanga Taman", "desa": "Nanga Kiungkang", "tanggal": "2026-08-30", "timestamp": "2026-08-30T13:42:00+07:00", "satelit": "NASA-SNPP", "confidence": "Medium"}}, {"type": "Feature", "geometry": {"type": "Point", "coordinates": [110.79381, -0.21943]}, "properties": {"kab_kota": "SEKADAU", "kecamatan": "Nanga Taman", "desa": "Nanga Kiungkang", "tanggal": "2026-08-30", "timestamp": "2026-08-30T13:42:00+07:00", "satelit": "NASA-SNPP", "confidence": "Medium"}}, {"type": "Feature", "geometry": {"type": "Point", "coordinates": [110.7989, -0.21862]}, "properties": {"kab_kota": "SEKADAU", "kecamatan": "Nanga Taman", "desa": "Nanga Kiungkang", "tanggal": "2026-08-30", "timestamp": "2026-08-30T13:42:00+07:00", "satelit": "NASA-SNPP", "confidence": "Medium"}}, {"type": "Feature", "geometry": {"type": "Point", "coordinates": [110.81732, -0.2396]}, "properties": {"kab_kota": "SEKADAU", "kecamatan": "Nanga Taman", "desa": "Nanga Kiungkang", "tanggal": "2026-08-31", "timestamp": "2026-08-31T13:22:00+07:00", "satelit": "NASA-SNPP", "confidence": "Medium"}}, {"type": "Feature", "geometry": {"type": "Point", "coordinates": [110.74175, -0.34053]}, "properties": {"kab_kota": "SEKADAU", "kecamatan": "Nanga Taman", "desa": "Nanga Koman", "tanggal": "2026-08-22", "timestamp": "2026-08-22T12:53:00+07:00", "satelit": "NASA-SNPP", "confidence": "Medium"}}, {"type": "Feature", "geometry": {"type": "Point", "coordinates": [110.74939, -0.32563]}, "properties": {"kab_kota": "SEKADAU", "kecamatan": "Nanga Taman", "desa": "Nanga Koman", "tanggal": "2026-08-29", "timestamp": "2026-08-29T14:01:00+07:00", "satelit": "NASA-SNPP", "confidence": "Medium"}}, {"type": "Feature", "geometry": {"type": "Point", "coordinates": [110.79977, -0.24731]}, "properties": {"kab_kota": "SEKADAU", "kecamatan": "Nanga Taman", "desa": "Nanga Mentukak", "tanggal": "2026-08-11", "timestamp": "2026-08-11T12:57:00+07:00", "satelit": "NASA-SNPP", "confidence": "Medium"}}, {"type": "Feature", "geometry": {"type": "Point", "coordinates": [110.7964, -0.24695]}, "properties": {"kab_kota": "SEKADAU", "kecamatan": "Nanga Taman", "desa": "Nanga Mentukak", "tanggal": "2026-08-11", "timestamp": "2026-08-11T12:57:00+07:00", "satelit": "NASA-SNPP", "confidence": "Medium"}}, {"type": "Feature", "geometry": {"type": "Point", "coordinates": [110.80077, -0.24626]}, "properties": {"kab_kota": "SEKADAU", "kecamatan": "Nanga Taman", "desa": "Nanga Mentukak", "tanggal": "2026-08-11", "timestamp": "2026-08-11T12:57:00+07:00", "satelit": "NASA-SNPP", "confidence": "Medium"}}, {"type": "Feature", "geometry": {"type": "Point", "coordinates": [110.7981, -0.2462]}, "properties": {"kab_kota": "SEKADAU", "kecamatan": "Nanga Taman", "desa": "Nanga Mentukak", "tanggal": "2026-08-31", "timestamp": "2026-08-31T13:22:00+07:00", "satelit": "NASA-SNPP", "confidence": "Medium"}}, {"type": "Feature", "geometry": {"type": "Point", "coordinates": [110.70315, -0.30529]}, "properties": {"kab_kota": "SEKADAU", "kecamatan": "Nanga Taman", "desa": "Nanga Mongko", "tanggal": "2026-08-06", "timestamp": "2026-08-06T12:53:00+07:00", "satelit": "NASA-SNPP", "confidence": "Medium"}}, {"type": "Feature", "geometry": {"type": "Point", "coordinates": [110.70261, -0.30387]}, "properties": {"kab_kota": "SEKADAU", "kecamatan": "Nanga Taman", "desa": "Nanga Mongko", "tanggal": "2026-08-06", "timestamp": "2026-08-06T12:53:00+07:00", "satelit": "NASA-SNPP", "confidence": "Medium"}}, {"type": "Feature", "geometry": {"type": "Point", "coordinates": [110.70626, -0.3033]}, "properties": {"kab_kota": "SEKADAU", "kecamatan": "Nanga Taman", "desa": "Nanga Mongko", "tanggal": "2026-08-06", "timestamp": "2026-08-06T12:53:00+07:00", "satelit": "NASA-SNPP", "confidence": "Medium"}}, {"type": "Feature", "geometry": {"type": "Point", "coordinates": [110.67969, -0.30323]}, "properties": {"kab_kota": "SEKADAU", "kecamatan": "Nanga Taman", "desa": "Nanga Mongko", "tanggal": "2026-08-06", "timestamp": "2026-08-06T12:53:00+07:00", "satelit": "NASA-SNPP", "confidence": "Medium"}}, {"type": "Feature", "geometry": {"type": "Point", "coordinates": [110.6836, -0.30261]}, "properties": {"kab_kota": "SEKADAU", "kecamatan": "Nanga Taman", "desa": "Nanga Mongko", "tanggal": "2026-08-06", "timestamp": "2026-08-06T12:53:00+07:00", "satelit": "NASA-SNPP", "confidence": "Medium"}}, {"type": "Feature", "geometry": {"type": "Point", "coordinates": [110.7057, -0.29915]}, "properties": {"kab_kota": "SEKADAU", "kecamatan": "Nanga Taman", "desa": "Nanga Mongko", "tanggal": "2026-08-06", "timestamp": "2026-08-06T12:53:00+07:00", "satelit": "NASA-SNPP", "confidence": "Medium"}}, {"type": "Feature", "geometry": {"type": "Point", "coordinates": [110.67916, -0.29907]}, "properties": {"kab_kota": "SEKADAU", "kecamatan": "Nanga Taman", "desa": "Nanga Mongko", "tanggal": "2026-08-06", "timestamp": "2026-08-06T12:53:00+07:00", "satelit": "NASA-SNPP", "confidence": "Medium"}}, {"type": "Feature", "geometry": {"type": "Point", "coordinates": [110.66733, -0.29667]}, "properties": {"kab_kota": "SEKADAU", "kecamatan": "Nanga Taman", "desa": "Nanga Mongko", "tanggal": "2026-08-06", "timestamp": "2026-08-06T12:53:00+07:00", "satelit": "NASA-SNPP", "confidence": "Medium"}}, {"type": "Feature", "geometry": {"type": "Point", "coordinates": [110.67107, -0.29609]}, "properties": {"kab_kota": "SEKADAU", "kecamatan": "Nanga Taman", "desa": "Nanga Mongko", "tanggal": "2026-08-06", "timestamp": "2026-08-06T12:53:00+07:00", "satelit": "NASA-SNPP", "confidence": "Medium"}}, {"type": "Feature", "geometry": {"type": "Point", "coordinates": [110.68253, -0.30522]}, "properties": {"kab_kota": "SEKADAU", "kecamatan": "Nanga Taman", "desa": "Nanga Mongko", "tanggal": "2026-08-07", "timestamp": "2026-08-07T12:33:00+07:00", "satelit": "NASA-SNPP", "confidence": "Medium"}}, {"type": "Feature", "geometry": {"type": "Point", "coordinates": [110.66761, -0.29767]}, "properties": {"kab_kota": "SEKADAU", "kecamatan": "Nanga Taman", "desa": "Nanga Mongko", "tanggal": "2026-08-08", "timestamp": "2026-08-08T13:54:00+07:00", "satelit": "NASA-SNPP", "confidence": "Medium"}}, {"type": "Feature", "geometry": {"type": "Point", "coordinates": [110.69016, -0.31473]}, "properties": {"kab_kota": "SEKADAU", "kecamatan": "Nanga Taman", "desa": "Nanga Mongko", "tanggal": "2026-08-09", "timestamp": "2026-08-09T13:35:00+07:00", "satelit": "NASA-SNPP", "confidence": "Medium"}}, {"type": "Feature", "geometry": {"type": "Point", "coordinates": [110.647, -0.27428]}, "properties": {"kab_kota": "SEKADAU", "kecamatan": "Nanga Taman", "desa": "Nanga Mongko", "tanggal": "2026-08-10", "timestamp": "2026-08-10T13:18:00+07:00", "satelit": "NASA-SNPP", "confidence": "Medium"}}, {"type": "Feature", "geometry": {"type": "Point", "coordinates": [110.6468, -0.27238]}, "properties": {"kab_kota": "SEKADAU", "kecamatan": "Nanga Taman", "desa": "Nanga Mongko", "tanggal": "2026-08-10", "timestamp": "2026-08-10T13:18:00+07:00", "satelit": "NASA-SNPP", "confidence": "Medium"}}, {"type": "Feature", "geometry": {"type": "Point", "coordinates": [110.73913, -0.30738]}, "properties": {"kab_kota": "SEKADAU", "kecamatan": "Nanga Taman", "desa": "Nanga Mongko", "tanggal": "2026-08-12", "timestamp": "2026-08-12T12:40:00+07:00", "satelit": "NASA-SNPP", "confidence": "Medium"}}, {"type": "Feature", "geometry": {"type": "Point", "coordinates": [110.7421, -0.30691]}, "properties": {"kab_kota": "SEKADAU", "kecamatan": "Nanga Taman", "desa": "Nanga Mongko", "tanggal": "2026-08-12", "timestamp": "2026-08-12T12:40:00+07:00", "satelit": "NASA-SNPP", "confidence": "Medium"}}, {"type": "Feature", "geometry": {"type": "Point", "coordinates": [110.66174, -0.28764]}, "properties": {"kab_kota": "SEKADAU", "kecamatan": "Nanga Taman", "desa": "Nanga Mongko", "tanggal": "2026-08-12", "timestamp": "2026-08-12T12:40:00+07:00", "satelit": "NASA-SNPP", "confidence": "Medium"}}, {"type": "Feature", "geometry": {"type": "Point", "coordinates": [110.66109, -0.28245]}, "properties": {"kab_kota": "SEKADAU", "kecamatan": "Nanga Taman", "desa": "Nanga Mongko", "tanggal": "2026-08-12", "timestamp": "2026-08-12T12:40:00+07:00", "satelit": "NASA-SNPP", "confidence": "Medium"}}, {"type": "Feature", "geometry": {"type": "Point", "coordinates": [110.74752, -0.29527]}, "properties": {"kab_kota": "SEKADAU", "kecamatan": "Nanga Taman", "desa": "Nanga Mongko", "tanggal": "2026-08-14", "timestamp": "2026-08-14T13:42:00+07:00", "satelit": "NASA-SNPP", "confidence": "Medium"}}, {"type": "Feature", "geometry": {"type": "Point", "coordinates": [110.74978, -0.29473]}, "properties": {"kab_kota": "SEKADAU", "kecamatan": "Nanga Taman", "desa": "Nanga Mongko", "tanggal": "2026-08-14", "timestamp": "2026-08-14T13:42:00+07:00", "satelit": "NASA-SNPP", "confidence": "Medium"}}, {"type": "Feature", "geometry": {"type": "Point", "coordinates": [110.77868, -0.30549]}, "properties": {"kab_kota": "SEKADAU", "kecamatan": "Nanga Taman", "desa": "Nanga Mongko", "tanggal": "2026-08-15", "timestamp": "2026-08-15T13:25:00+07:00", "satelit": "NASA-SNPP", "confidence": "Medium"}}, {"type": "Feature", "geometry": {"type": "Point", "coordinates": [110.67349, -0.30257]}, "properties": {"kab_kota": "SEKADAU", "kecamatan": "Nanga Taman", "desa": "Nanga Mongko", "tanggal": "2026-08-17", "timestamp": "2026-08-17T12:46:00+07:00", "satelit": "NASA-SNPP", "confidence": "Medium"}}, {"type": "Feature", "geometry": {"type": "Point", "coordinates": [110.67464, -0.29953]}, "properties": {"kab_kota": "SEKADAU", "kecamatan": "Nanga Taman", "desa": "Nanga Mongko", "tanggal": "2026-08-17", "timestamp": "2026-08-17T12:46:00+07:00", "satelit": "NASA-SNPP", "confidence": "Medium"}}, {"type": "Feature", "geometry": {"type": "Point", "coordinates": [110.67284, -0.29793]}, "properties": {"kab_kota": "SEKADAU", "kecamatan": "Nanga Taman", "desa": "Nanga Mongko", "tanggal": "2026-08-17", "timestamp": "2026-08-17T12:46:00+07:00", "satelit": "NASA-SNPP", "confidence": "Medium"}}, {"type": "Feature", "geometry": {"type": "Point", "coordinates": [110.65565, -0.2866]}, "properties": {"kab_kota": "SEKADAU", "kecamatan": "Nanga Taman", "desa": "Nanga Mongko", "tanggal": "2026-08-18", "timestamp": "2026-08-18T12:27:00+07:00", "satelit": "NASA-SNPP", "confidence": "Medium"}}, {"type": "Feature", "geometry": {"type": "Point", "coordinates": [110.71451, -0.30571]}, "properties": {"kab_kota": "SEKADAU", "kecamatan": "Nanga Taman", "desa": "Nanga Mongko", "tanggal": "2026-08-19", "timestamp": "2026-08-19T13:48:00+07:00", "satelit": "NASA-SNPP", "confidence": "Medium"}}, {"type": "Feature", "geometry": {"type": "Point", "coordinates": [110.71686, -0.29992]}, "properties": {"kab_kota": "SEKADAU", "kecamatan": "Nanga Taman", "desa": "Nanga Mongko", "tanggal": "2026-08-19", "timestamp": "2026-08-19T13:48:00+07:00", "satelit": "NASA-SNPP", "confidence": "Medium"}}, {"type": "Feature", "geometry": {"type": "Point", "coordinates": [110.65677, -0.27687]}, "properties": {"kab_kota": "SEKADAU", "kecamatan": "Nanga Taman", "desa": "Nanga Mongko", "tanggal": "2026-08-19", "timestamp": "2026-08-19T13:48:00+07:00", "satelit": "NASA-SNPP", "confidence": "Medium"}}, {"type": "Feature", "geometry": {"type": "Point", "coordinates": [110.75887, -0.30885]}, "properties": {"kab_kota": "SEKADAU", "kecamatan": "Nanga Taman", "desa": "Nanga Mongko", "tanggal": "2026-08-20", "timestamp": "2026-08-20T13:29:00+07:00", "satelit": "NASA-SNPP", "confidence": "Medium"}}, {"type": "Feature", "geometry": {"type": "Point", "coordinates": [110.7583, -0.305]}, "properties": {"kab_kota": "SEKADAU", "kecamatan": "Nanga Taman", "desa": "Nanga Mongko", "tanggal": "2026-08-20", "timestamp": "2026-08-20T13:29:00+07:00", "satelit": "NASA-SNPP", "confidence": "Medium"}}, {"type": "Feature", "geometry": {"type": "Point", "coordinates": [110.74122, -0.28792]}, "properties": {"kab_kota": "SEKADAU", "kecamatan": "Nanga Taman", "desa": "Nanga Mongko", "tanggal": "2026-08-20", "timestamp": "2026-08-20T13:29:00+07:00", "satelit": "NASA-SNPP", "confidence": "Medium"}}, {"type": "Feature", "geometry": {"type": "Point", "coordinates": [110.71721, -0.30414]}, "properties": {"kab_kota": "SEKADAU", "kecamatan": "Nanga Taman", "desa": "Nanga Mongko", "tanggal": "2026-08-22", "timestamp": "2026-08-22T12:53:00+07:00", "satelit": "NASA-SNPP", "confidence": "Medium"}}, {"type": "Feature", "geometry": {"type": "Point", "coordinates": [110.72092, -0.30356]}, "properties": {"kab_kota": "SEKADAU", "kecamatan": "Nanga Taman", "desa": "Nanga Mongko", "tanggal": "2026-08-22", "timestamp": "2026-08-22T12:53:00+07:00", "satelit": "NASA-SNPP", "confidence": "Medium"}}, {"type": "Feature", "geometry": {"type": "Point", "coordinates": [110.66775, -0.30479]}, "properties": {"kab_kota": "SEKADAU", "kecamatan": "Nanga Taman", "desa": "Nanga Mongko", "tanggal": "2026-08-23", "timestamp": "2026-08-23T12:33:00+07:00", "satelit": "NASA-SNPP", "confidence": "Medium"}}, {"type": "Feature", "geometry": {"type": "Point", "coordinates": [110.66687, -0.29903]}, "properties": {"kab_kota": "SEKADAU", "kecamatan": "Nanga Taman", "desa": "Nanga Mongko", "tanggal": "2026-08-23", "timestamp": "2026-08-23T12:33:00+07:00", "satelit": "NASA-SNPP", "confidence": "Medium"}}, {"type": "Feature", "geometry": {"type": "Point", "coordinates": [110.67085, -0.2984]}, "properties": {"kab_kota": "SEKADAU", "kecamatan": "Nanga Taman", "desa": "Nanga Mongko", "tanggal": "2026-08-23", "timestamp": "2026-08-23T12:33:00+07:00", "satelit": "NASA-SNPP", "confidence": "Medium"}}, {"type": "Feature", "geometry": {"type": "Point", "coordinates": [110.75797, -0.31856]}, "properties": {"kab_kota": "SEKADAU", "kecamatan": "Nanga Taman", "desa": "Nanga Mongko", "tanggal": "2026-08-26", "timestamp": "2026-08-26T13:18:00+07:00", "satelit": "NASA-SNPP", "confidence": "Medium"}}, {"type": "Feature", "geometry": {"type": "Point", "coordinates": [110.68806, -0.30863]}, "properties": {"kab_kota": "SEKADAU", "kecamatan": "Nanga Taman", "desa": "Nanga Mongko", "tanggal": "2026-08-26", "timestamp": "2026-08-26T13:18:00+07:00", "satelit": "NASA-SNPP", "confidence": "Medium"}}, {"type": "Feature", "geometry": {"type": "Point", "coordinates": [110.7353, -0.28769]}, "properties": {"kab_kota": "SEKADAU", "kecamatan": "Nanga Taman", "desa": "Nanga Mongko", "tanggal": "2026-08-26", "timestamp": "2026-08-26T13:18:00+07:00", "satelit": "NASA-SNPP", "confidence": "Medium"}}, {"type": "Feature", "geometry": {"type": "Point", "coordinates": [110.64129, -0.27123]}, "properties": {"kab_kota": "SEKADAU", "kecamatan": "Nanga Taman", "desa": "Nanga Mongko", "tanggal": "2026-08-28", "timestamp": "2026-08-28T12:40:00+07:00", "satelit": "NASA-SNPP", "confidence": "Medium"}}, {"type": "Feature", "geometry": {"type": "Point", "coordinates": [110.74488, -0.30202]}, "properties": {"kab_kota": "SEKADAU", "kecamatan": "Nanga Taman", "desa": "Nanga Mongko", "tanggal": "2026-08-29", "timestamp": "2026-08-29T12:23:00+07:00", "satelit": "NASA-SNPP", "confidence": "Medium"}}, {"type": "Feature", "geometry": {"type": "Point", "coordinates": [110.71172, -0.30017]}, "properties": {"kab_kota": "SEKADAU", "kecamatan": "Nanga Taman", "desa": "Nanga Mongko", "tanggal": "2026-08-29", "timestamp": "2026-08-29T12:23:00+07:00", "satelit": "NASA-SNPP", "confidence": "Medium"}}, {"type": "Feature", "geometry": {"type": "Point", "coordinates": [110.74629, -0.29964]}, "properties": {"kab_kota": "SEKADAU", "kecamatan": "Nanga Taman", "desa": "Nanga Mongko", "tanggal": "2026-08-29", "timestamp": "2026-08-29T12:23:00+07:00", "satelit": "NASA-SNPP", "confidence": "Medium"}}, {"type": "Feature", "geometry": {"type": "Point", "coordinates": [110.71317, -0.29756]}, "properties": {"kab_kota": "SEKADAU", "kecamatan": "Nanga Taman", "desa": "Nanga Mongko", "tanggal": "2026-08-29", "timestamp": "2026-08-29T12:23:00+07:00", "satelit": "NASA-SNPP", "confidence": "Medium"}}, {"type": "Feature", "geometry": {"type": "Point", "coordinates": [110.65467, -0.27337]}, "properties": {"kab_kota": "SEKADAU", "kecamatan": "Nanga Taman", "desa": "Nanga Mongko", "tanggal": "2026-08-29", "timestamp": "2026-08-29T12:23:00+07:00", "satelit": "NASA-SNPP", "confidence": "Medium"}}, {"type": "Feature", "geometry": {"type": "Point", "coordinates": [110.6883, -0.31588]}, "properties": {"kab_kota": "SEKADAU", "kecamatan": "Nanga Taman", "desa": "Nanga Mongko", "tanggal": "2026-08-29", "timestamp": "2026-08-29T14:01:00+07:00", "satelit": "NASA-SNPP", "confidence": "Medium"}}, {"type": "Feature", "geometry": {"type": "Point", "coordinates": [110.69278, -0.31495]}, "properties": {"kab_kota": "SEKADAU", "kecamatan": "Nanga Taman", "desa": "Nanga Mongko", "tanggal": "2026-08-29", "timestamp": "2026-08-29T14:01:00+07:00", "satelit": "NASA-SNPP", "confidence": "Medium"}}, {"type": "Feature", "geometry": {"type": "Point", "coordinates": [110.78359, -0.28757]}, "properties": {"kab_kota": "SEKADAU", "kecamatan": "Nanga Taman", "desa": "Nanga Mongko", "tanggal": "2026-08-29", "timestamp": "2026-08-29T14:01:00+07:00", "satelit": "NASA-SNPP", "confidence": "Medium"}}, {"type": "Feature", "geometry": {"type": "Point", "coordinates": [110.69623, -0.32712]}, "properties": {"kab_kota": "SEKADAU", "kecamatan": "Nanga Taman", "desa": "Nanga Mongko", "tanggal": "2026-08-30", "timestamp": "2026-08-30T13:42:00+07:00", "satelit": "NASA-SNPP", "confidence": "Medium"}}, {"type": "Feature", "geometry": {"type": "Point", "coordinates": [110.70123, -0.32635]}, "properties": {"kab_kota": "SEKADAU", "kecamatan": "Nanga Taman", "desa": "Nanga Mongko", "tanggal": "2026-08-30", "timestamp": "2026-08-30T13:42:00+07:00", "satelit": "NASA-SNPP", "confidence": "Medium"}}, {"type": "Feature", "geometry": {"type": "Point", "coordinates": [110.66992, -0.32149]}, "properties": {"kab_kota": "SEKADAU", "kecamatan": "Nanga Taman", "desa": "Nanga Mongko", "tanggal": "2026-08-30", "timestamp": "2026-08-30T13:42:00+07:00", "satelit": "NASA-SNPP", "confidence": "Medium"}}, {"type": "Feature", "geometry": {"type": "Point", "coordinates": [110.70164, -0.32597]}, "properties": {"kab_kota": "SEKADAU", "kecamatan": "Nanga Taman", "desa": "Nanga Mongko", "tanggal": "2026-08-31", "timestamp": "2026-08-31T13:22:00+07:00", "satelit": "NASA-SNPP", "confidence": "Medium"}}, {"type": "Feature", "geometry": {"type": "Point", "coordinates": [110.70109, -0.32245]}, "properties": {"kab_kota": "SEKADAU", "kecamatan": "Nanga Taman", "desa": "Nanga Mongko", "tanggal": "2026-08-31", "timestamp": "2026-08-31T13:22:00+07:00", "satelit": "NASA-SNPP", "confidence": "Medium"}}, {"type": "Feature", "geometry": {"type": "Point", "coordinates": [110.74606, -0.30119]}, "properties": {"kab_kota": "SEKADAU", "kecamatan": "Nanga Taman", "desa": "Nanga Mongko", "tanggal": "2026-08-31", "timestamp": "2026-08-31T13:22:00+07:00", "satelit": "NASA-SNPP", "confidence": "Medium"}}, {"type": "Feature", "geometry": {"type": "Point", "coordinates": [110.74552, -0.29766]}, "properties": {"kab_kota": "SEKADAU", "kecamatan": "Nanga Taman", "desa": "Nanga Mongko", "tanggal": "2026-08-31", "timestamp": "2026-08-31T13:22:00+07:00", "satelit": "NASA-SNPP", "confidence": "Medium"}}, {"type": "Feature", "geometry": {"type": "Point", "coordinates": [110.7992, -0.24358]}, "properties": {"kab_kota": "SEKADAU", "kecamatan": "Nanga Taman", "desa": "Nanga Taman", "tanggal": "2026-08-11", "timestamp": "2026-08-11T12:57:00+07:00", "satelit": "NASA-SNPP", "confidence": "Medium"}}, {"type": "Feature", "geometry": {"type": "Point", "coordinates": [110.80859, -0.24684]}, "properties": {"kab_kota": "SEKADAU", "kecamatan": "Nanga Taman", "desa": "Nanga Taman", "tanggal": "2026-08-16", "timestamp": "2026-08-16T13:03:00+07:00", "satelit": "NASA-SNPP", "confidence": "Medium"}}, {"type": "Feature", "geometry": {"type": "Point", "coordinates": [110.81234, -0.24626]}, "properties": {"kab_kota": "SEKADAU", "kecamatan": "Nanga Taman", "desa": "Nanga Taman", "tanggal": "2026-08-16", "timestamp": "2026-08-16T13:03:00+07:00", "satelit": "NASA-SNPP", "confidence": "Medium"}}, {"type": "Feature", "geometry": {"type": "Point", "coordinates": [110.81042, -0.24516]}, "properties": {"kab_kota": "SEKADAU", "kecamatan": "Nanga Taman", "desa": "Nanga Taman", "tanggal": "2026-08-17", "timestamp": "2026-08-17T12:46:00+07:00", "satelit": "NASA-SNPP", "confidence": "Medium"}}, {"type": "Feature", "geometry": {"type": "Point", "coordinates": [110.80667, -0.23828]}, "properties": {"kab_kota": "SEKADAU", "kecamatan": "Nanga Taman", "desa": "Nanga Taman", "tanggal": "2026-08-20", "timestamp": "2026-08-20T13:29:00+07:00", "satelit": "NASA-SNPP", "confidence": "Medium"}}, {"type": "Feature", "geometry": {"type": "Point", "coordinates": [110.79799, -0.24298]}, "properties": {"kab_kota": "SEKADAU", "kecamatan": "Nanga Taman", "desa": "Nanga Taman", "tanggal": "2026-08-21", "timestamp": "2026-08-21T13:12:00+07:00", "satelit": "NASA-SNPP", "confidence": "Medium"}}, {"type": "Feature", "geometry": {"type": "Point", "coordinates": [110.80788, -0.23806]}, "properties": {"kab_kota": "SEKADAU", "kecamatan": "Nanga Taman", "desa": "Nanga Taman", "tanggal": "2026-08-21", "timestamp": "2026-08-21T13:12:00+07:00", "satelit": "NASA-SNPP", "confidence": "Medium"}}, {"type": "Feature", "geometry": {"type": "Point", "coordinates": [110.79698, -0.23631]}, "properties": {"kab_kota": "SEKADAU", "kecamatan": "Nanga Taman", "desa": "Nanga Taman", "tanggal": "2026-08-21", "timestamp": "2026-08-21T13:12:00+07:00", "satelit": "NASA-SNPP", "confidence": "Medium"}}, {"type": "Feature", "geometry": {"type": "Point", "coordinates": [110.79334, -0.23311]}, "properties": {"kab_kota": "SEKADAU", "kecamatan": "Nanga Taman", "desa": "Nanga Taman", "tanggal": "2026-08-22", "timestamp": "2026-08-22T12:53:00+07:00", "satelit": "NASA-SNPP", "confidence": "Medium"}}, {"type": "Feature", "geometry": {"type": "Point", "coordinates": [110.87382, -0.41075]}, "properties": {"kab_kota": "SEKADAU", "kecamatan": "Nanga Taman", "desa": "Pantok", "tanggal": "2026-08-05", "timestamp": "2026-08-05T13:10:00+07:00", "satelit": "NASA-SNPP", "confidence": "Medium"}}, {"type": "Feature", "geometry": {"type": "Point", "coordinates": [110.88913, -0.39479]}, "properties": {"kab_kota": "SEKADAU", "kecamatan": "Nanga Taman", "desa": "Pantok", "tanggal": "2026-08-05", "timestamp": "2026-08-05T13:10:00+07:00", "satelit": "NASA-SNPP", "confidence": "Medium"}}, {"type": "Feature", "geometry": {"type": "Point", "coordinates": [110.86114, -0.37638]}, "properties": {"kab_kota": "SEKADAU", "kecamatan": "Nanga Taman", "desa": "Pantok", "tanggal": "2026-08-05", "timestamp": "2026-08-05T13:10:00+07:00", "satelit": "NASA-SNPP", "confidence": "Medium"}}, {"type": "Feature", "geometry": {"type": "Point", "coordinates": [110.86711, -0.36865]}, "properties": {"kab_kota": "SEKADAU", "kecamatan": "Nanga Taman", "desa": "Pantok", "tanggal": "2026-08-05", "timestamp": "2026-08-05T13:10:00+07:00", "satelit": "NASA-SNPP", "confidence": "Medium"}}, {"type": "Feature", "geometry": {"type": "Point", "coordinates": [110.85194, -0.39936]}, "properties": {"kab_kota": "SEKADAU", "kecamatan": "Nanga Taman", "desa": "Pantok", "tanggal": "2026-08-06", "timestamp": "2026-08-06T12:53:00+07:00", "satelit": "NASA-SNPP", "confidence": "Medium"}}, {"type": "Feature", "geometry": {"type": "Point", "coordinates": [110.86526, -0.37744]}, "properties": {"kab_kota": "SEKADAU", "kecamatan": "Nanga Taman", "desa": "Pantok", "tanggal": "2026-08-06", "timestamp": "2026-08-06T12:53:00+07:00", "satelit": "NASA-SNPP", "confidence": "Medium"}}, {"type": "Feature", "geometry": {"type": "Point", "coordinates": [110.82219, -0.37156]}, "properties": {"kab_kota": "SEKADAU", "kecamatan": "Nanga Taman", "desa": "Pantok", "tanggal": "2026-08-06", "timestamp": "2026-08-06T12:53:00+07:00", "satelit": "NASA-SNPP", "confidence": "Medium"}}, {"type": "Feature", "geometry": {"type": "Point", "coordinates": [110.83565, -0.38829]}, "properties": {"kab_kota": "SEKADAU", "kecamatan": "Nanga Taman", "desa": "Pantok", "tanggal": "2026-08-07", "timestamp": "2026-08-07T12:33:00+07:00", "satelit": "NASA-SNPP", "confidence": "Medium"}}, {"type": "Feature", "geometry": {"type": "Point", "coordinates": [110.83494, -0.3869]}, "properties": {"kab_kota": "SEKADAU", "kecamatan": "Nanga Taman", "desa": "Pantok", "tanggal": "2026-08-07", "timestamp": "2026-08-07T12:33:00+07:00", "satelit": "NASA-SNPP", "confidence": "Medium"}}, {"type": "Feature", "geometry": {"type": "Point", "coordinates": [110.80221, -0.38865]}, "properties": {"kab_kota": "SEKADAU", "kecamatan": "Nanga Taman", "desa": "Pantok", "tanggal": "2026-08-08", "timestamp": "2026-08-08T13:54:00+07:00", "satelit": "NASA-SNPP", "confidence": "Medium"}}, {"type": "Feature", "geometry": {"type": "Point", "coordinates": [110.80099, -0.38278]}, "properties": {"kab_kota": "SEKADAU", "kecamatan": "Nanga Taman", "desa": "Pantok", "tanggal": "2026-08-08", "timestamp": "2026-08-08T13:54:00+07:00", "satelit": "NASA-SNPP", "confidence": "Medium"}}, {"type": "Feature", "geometry": {"type": "Point", "coordinates": [110.88462, -0.41009]}, "properties": {"kab_kota": "SEKADAU", "kecamatan": "Nanga Taman", "desa": "Pantok", "tanggal": "2026-08-09", "timestamp": "2026-08-09T13:35:00+07:00", "satelit": "NASA-SNPP", "confidence": "Medium"}}, {"type": "Feature", "geometry": {"type": "Point", "coordinates": [110.83122, -0.39198]}, "properties": {"kab_kota": "SEKADAU", "kecamatan": "Nanga Taman", "desa": "Pantok", "tanggal": "2026-08-09", "timestamp": "2026-08-09T13:35:00+07:00", "satelit": "NASA-SNPP", "confidence": "Medium"}}, {"type": "Feature", "geometry": {"type": "Point", "coordinates": [110.95568, -0.42437]}, "properties": {"kab_kota": "SEKADAU", "kecamatan": "Nanga Taman", "desa": "Pantok", "tanggal": "2026-08-10", "timestamp": "2026-08-10T13:18:00+07:00", "satelit": "NASA-SNPP", "confidence": "Medium"}}, {"type": "Feature", "geometry": {"type": "Point", "coordinates": [110.84805, -0.40978]}, "properties": {"kab_kota": "SEKADAU", "kecamatan": "Nanga Taman", "desa": "Pantok", "tanggal": "2026-08-10", "timestamp": "2026-08-10T13:18:00+07:00", "satelit": "NASA-SNPP", "confidence": "Medium"}}, {"type": "Feature", "geometry": {"type": "Point", "coordinates": [110.82995, -0.38157]}, "properties": {"kab_kota": "SEKADAU", "kecamatan": "Nanga Taman", "desa": "Pantok", "tanggal": "2026-08-10", "timestamp": "2026-08-10T13:18:00+07:00", "satelit": "NASA-SNPP", "confidence": "Medium"}}, {"type": "Feature", "geometry": {"type": "Point", "coordinates": [110.80344, -0.39398]}, "properties": {"kab_kota": "SEKADAU", "kecamatan": "Nanga Taman", "desa": "Pantok", "tanggal": "2026-08-14", "timestamp": "2026-08-14T13:42:00+07:00", "satelit": "NASA-SNPP", "confidence": "Medium"}}, {"type": "Feature", "geometry": {"type": "Point", "coordinates": [110.80664, -0.39298]}, "properties": {"kab_kota": "SEKADAU", "kecamatan": "Nanga Taman", "desa": "Pantok", "tanggal": "2026-08-14", "timestamp": "2026-08-14T13:42:00+07:00", "satelit": "NASA-SNPP", "confidence": "Medium"}}, {"type": "Feature", "geometry": {"type": "Point", "coordinates": [110.86569, -0.41076]}, "properties": {"kab_kota": "SEKADAU", "kecamatan": "Nanga Taman", "desa": "Pantok", "tanggal": "2026-08-19", "timestamp": "2026-08-19T13:48:00+07:00", "satelit": "NASA-SNPP", "confidence": "Medium"}}, {"type": "Feature", "geometry": {"type": "Point", "coordinates": [110.86604, -0.40865]}, "properties": {"kab_kota": "SEKADAU", "kecamatan": "Nanga Taman", "desa": "Pantok", "tanggal": "2026-08-19", "timestamp": "2026-08-19T13:48:00+07:00", "satelit": "NASA-SNPP", "confidence": "Medium"}}, {"type": "Feature", "geometry": {"type": "Point", "coordinates": [110.82522, -0.37059]}, "properties": {"kab_kota": "SEKADAU", "kecamatan": "Nanga Taman", "desa": "Pantok", "tanggal": "2026-08-21", "timestamp": "2026-08-21T13:12:00+07:00", "satelit": "NASA-SNPP", "confidence": "Medium"}}, {"type": "Feature", "geometry": {"type": "Point", "coordinates": [110.83842, -0.3957]}, "properties": {"kab_kota": "SEKADAU", "kecamatan": "Nanga Taman", "desa": "Pantok", "tanggal": "2026-08-23", "timestamp": "2026-08-23T12:33:00+07:00", "satelit": "NASA-SNPP", "confidence": "Medium"}}, {"type": "Feature", "geometry": {"type": "Point", "coordinates": [110.84186, -0.36413]}, "properties": {"kab_kota": "SEKADAU", "kecamatan": "Nanga Taman", "desa": "Pantok", "tanggal": "2026-08-25", "timestamp": "2026-08-25T13:35:00+07:00", "satelit": "NASA-SNPP", "confidence": "Medium"}}, {"type": "Feature", "geometry": {"type": "Point", "coordinates": [110.84278, -0.35805]}, "properties": {"kab_kota": "SEKADAU", "kecamatan": "Nanga Taman", "desa": "Pantok", "tanggal": "2026-08-31", "timestamp": "2026-08-31T13:22:00+07:00", "satelit": "NASA-SNPP", "confidence": "Medium"}}, {"type": "Feature", "geometry": {"type": "Point", "coordinates": [110.83166, -0.26679]}, "properties": {"kab_kota": "SEKADAU", "kecamatan": "Nanga Taman", "desa": "Rirang Jati", "tanggal": "2026-08-06", "timestamp": "2026-08-06T12:53:00+07:00", "satelit": "NASA-SNPP", "confidence": "Medium"}}, {"type": "Feature", "geometry": {"type": "Point", "coordinates": [110.86862, -0.25161]}, "properties": {"kab_kota": "SEKADAU", "kecamatan": "Nanga Taman", "desa": "Rirang Jati", "tanggal": "2026-08-09", "timestamp": "2026-08-09T13:35:00+07:00", "satelit": "NASA-SNPP", "confidence": "Medium"}}, {"type": "Feature", "geometry": {"type": "Point", "coordinates": [110.82875, -0.20668]}, "properties": {"kab_kota": "SEKADAU", "kecamatan": "Nanga Taman", "desa": "Rirang Jati", "tanggal": "2026-08-18", "timestamp": "2026-08-18T14:07:00+07:00", "satelit": "NASA-SNPP", "confidence": "Medium"}}, {"type": "Feature", "geometry": {"type": "Point", "coordinates": [110.82438, -0.20175]}, "properties": {"kab_kota": "SEKADAU", "kecamatan": "Nanga Taman", "desa": "Rirang Jati", "tanggal": "2026-08-18", "timestamp": "2026-08-18T14:07:00+07:00", "satelit": "NASA-SNPP", "confidence": "Medium"}}, {"type": "Feature", "geometry": {"type": "Point", "coordinates": [110.82868, -0.2698]}, "properties": {"kab_kota": "SEKADAU", "kecamatan": "Nanga Taman", "desa": "Rirang Jati", "tanggal": "2026-08-22", "timestamp": "2026-08-22T12:53:00+07:00", "satelit": "NASA-SNPP", "confidence": "Medium"}}, {"type": "Feature", "geometry": {"type": "Point", "coordinates": [110.82809, -0.26568]}, "properties": {"kab_kota": "SEKADAU", "kecamatan": "Nanga Taman", "desa": "Rirang Jati", "tanggal": "2026-08-22", "timestamp": "2026-08-22T12:53:00+07:00", "satelit": "NASA-SNPP", "confidence": "Medium"}}, {"type": "Feature", "geometry": {"type": "Point", "coordinates": [110.7553, -0.29104]}, "properties": {"kab_kota": "SEKADAU", "kecamatan": "Nanga Taman", "desa": "Senangak", "tanggal": "2026-08-05", "timestamp": "2026-08-05T13:10:00+07:00", "satelit": "NASA-SNPP", "confidence": "Medium"}}, {"type": "Feature", "geometry": {"type": "Point", "coordinates": [110.66685, -0.24156]}, "properties": {"kab_kota": "SEKADAU", "kecamatan": "Nanga Taman", "desa": "Senangak", "tanggal": "2026-08-06", "timestamp": "2026-08-06T12:53:00+07:00", "satelit": "NASA-SNPP", "confidence": "Medium"}}, {"type": "Feature", "geometry": {"type": "Point", "coordinates": [110.62004, -0.23593]}, "properties": {"kab_kota": "SEKADAU", "kecamatan": "Nanga Taman", "desa": "Senangak", "tanggal": "2026-08-06", "timestamp": "2026-08-06T12:53:00+07:00", "satelit": "NASA-SNPP", "confidence": "Medium"}}, {"type": "Feature", "geometry": {"type": "Point", "coordinates": [110.62381, -0.23536]}, "properties": {"kab_kota": "SEKADAU", "kecamatan": "Nanga Taman", "desa": "Senangak", "tanggal": "2026-08-06", "timestamp": "2026-08-06T12:53:00+07:00", "satelit": "NASA-SNPP", "confidence": "Medium"}}, {"type": "Feature", "geometry": {"type": "Point", "coordinates": [110.61614, -0.23779]}, "properties": {"kab_kota": "SEKADAU", "kecamatan": "Nanga Taman", "desa": "Senangak", "tanggal": "2026-08-07", "timestamp": "2026-08-07T12:33:00+07:00", "satelit": "NASA-SNPP", "confidence": "Medium"}}, {"type": "Feature", "geometry": {"type": "Point", "coordinates": [110.61768, -0.23738]}, "properties": {"kab_kota": "SEKADAU", "kecamatan": "Nanga Taman", "desa": "Senangak", "tanggal": "2026-08-07", "timestamp": "2026-08-07T12:33:00+07:00", "satelit": "NASA-SNPP", "confidence": "Medium"}}, {"type": "Feature", "geometry": {"type": "Point", "coordinates": [110.6216, -0.23675]}, "properties": {"kab_kota": "SEKADAU", "kecamatan": "Nanga Taman", "desa": "Senangak", "tanggal": "2026-08-07", "timestamp": "2026-08-07T12:33:00+07:00", "satelit": "NASA-SNPP", "confidence": "Medium"}}, {"type": "Feature", "geometry": {"type": "Point", "coordinates": [110.61536, -0.23202]}, "properties": {"kab_kota": "SEKADAU", "kecamatan": "Nanga Taman", "desa": "Senangak", "tanggal": "2026-08-07", "timestamp": "2026-08-07T12:33:00+07:00", "satelit": "NASA-SNPP", "confidence": "Medium"}}, {"type": "Feature", "geometry": {"type": "Point", "coordinates": [110.61695, -0.2316]}, "properties": {"kab_kota": "SEKADAU", "kecamatan": "Nanga Taman", "desa": "Senangak", "tanggal": "2026-08-07", "timestamp": "2026-08-07T12:33:00+07:00", "satelit": "NASA-SNPP", "confidence": "Medium"}}, {"type": "Feature", "geometry": {"type": "Point", "coordinates": [110.63381, -0.24294]}, "properties": {"kab_kota": "SEKADAU", "kecamatan": "Nanga Taman", "desa": "Senangak", "tanggal": "2026-08-08", "timestamp": "2026-08-08T13:54:00+07:00", "satelit": "NASA-SNPP", "confidence": "Medium"}}, {"type": "Feature", "geometry": {"type": "Point", "coordinates": [110.66167, -0.24606]}, "properties": {"kab_kota": "SEKADAU", "kecamatan": "Nanga Taman", "desa": "Senangak", "tanggal": "2026-08-08", "timestamp": "2026-08-08T13:57:00+07:00", "satelit": "NASA-SNPP", "confidence": "Medium"}}, {"type": "Feature", "geometry": {"type": "Point", "coordinates": [110.66245, -0.23992]}, "properties": {"kab_kota": "SEKADAU", "kecamatan": "Nanga Taman", "desa": "Senangak", "tanggal": "2026-08-08", "timestamp": "2026-08-08T13:57:00+07:00", "satelit": "NASA-SNPP", "confidence": "Medium"}}, {"type": "Feature", "geometry": {"type": "Point", "coordinates": [110.65984, -0.2395]}, "properties": {"kab_kota": "SEKADAU", "kecamatan": "Nanga Taman", "desa": "Senangak", "tanggal": "2026-08-10", "timestamp": "2026-08-10T13:18:00+07:00", "satelit": "NASA-SNPP", "confidence": "Medium"}}, {"type": "Feature", "geometry": {"type": "Point", "coordinates": [110.65938, -0.23614]}, "properties": {"kab_kota": "SEKADAU", "kecamatan": "Nanga Taman", "desa": "Senangak", "tanggal": "2026-08-10", "timestamp": "2026-08-10T13:18:00+07:00", "satelit": "NASA-SNPP", "confidence": "Medium"}}, {"type": "Feature", "geometry": {"type": "Point", "coordinates": [110.67659, -0.24221]}, "properties": {"kab_kota": "SEKADAU", "kecamatan": "Nanga Taman", "desa": "Senangak", "tanggal": "2026-08-16", "timestamp": "2026-08-16T13:03:00+07:00", "satelit": "NASA-SNPP", "confidence": "Medium"}}, {"type": "Feature", "geometry": {"type": "Point", "coordinates": [110.67607, -0.23873]}, "properties": {"kab_kota": "SEKADAU", "kecamatan": "Nanga Taman", "desa": "Senangak", "tanggal": "2026-08-16", "timestamp": "2026-08-16T13:03:00+07:00", "satelit": "NASA-SNPP", "confidence": "Medium"}}, {"type": "Feature", "geometry": {"type": "Point", "coordinates": [110.6202, -0.22942]}, "properties": {"kab_kota": "SEKADAU", "kecamatan": "Nanga Taman", "desa": "Senangak", "tanggal": "2026-08-16", "timestamp": "2026-08-16T13:03:00+07:00", "satelit": "NASA-SNPP", "confidence": "Medium"}}, {"type": "Feature", "geometry": {"type": "Point", "coordinates": [110.61253, -0.24274]}, "properties": {"kab_kota": "SEKADAU", "kecamatan": "Nanga Taman", "desa": "Senangak", "tanggal": "2026-08-17", "timestamp": "2026-08-17T12:46:00+07:00", "satelit": "NASA-SNPP", "confidence": "Medium"}}, {"type": "Feature", "geometry": {"type": "Point", "coordinates": [110.62675, -0.24055]}, "properties": {"kab_kota": "SEKADAU", "kecamatan": "Nanga Taman", "desa": "Senangak", "tanggal": "2026-08-17", "timestamp": "2026-08-17T12:46:00+07:00", "satelit": "NASA-SNPP", "confidence": "Medium"}}, {"type": "Feature", "geometry": {"type": "Point", "coordinates": [110.6284, -0.24524]}, "properties": {"kab_kota": "SEKADAU", "kecamatan": "Nanga Taman", "desa": "Senangak", "tanggal": "2026-08-18", "timestamp": "2026-08-18T12:27:00+07:00", "satelit": "NASA-SNPP", "confidence": "Medium"}}, {"type": "Feature", "geometry": {"type": "Point", "coordinates": [110.70579, -0.27222]}, "properties": {"kab_kota": "SEKADAU", "kecamatan": "Nanga Taman", "desa": "Senangak", "tanggal": "2026-08-18", "timestamp": "2026-08-18T14:07:00+07:00", "satelit": "NASA-SNPP", "confidence": "Medium"}}, {"type": "Feature", "geometry": {"type": "Point", "coordinates": [110.63414, -0.24425]}, "properties": {"kab_kota": "SEKADAU", "kecamatan": "Nanga Taman", "desa": "Senangak", "tanggal": "2026-08-18", "timestamp": "2026-08-18T14:07:00+07:00", "satelit": "NASA-SNPP", "confidence": "Medium"}}, {"type": "Feature", "geometry": {"type": "Point", "coordinates": [110.63705, -0.23949]}, "properties": {"kab_kota": "SEKADAU", "kecamatan": "Nanga Taman", "desa": "Senangak", "tanggal": "2026-08-18", "timestamp": "2026-08-18T14:07:00+07:00", "satelit": "NASA-SNPP", "confidence": "Medium"}}, {"type": "Feature", "geometry": {"type": "Point", "coordinates": [110.64387, -0.23838]}, "properties": {"kab_kota": "SEKADAU", "kecamatan": "Nanga Taman", "desa": "Senangak", "tanggal": "2026-08-18", "timestamp": "2026-08-18T14:07:00+07:00", "satelit": "NASA-SNPP", "confidence": "Medium"}}, {"type": "Feature", "geometry": {"type": "Point", "coordinates": [110.76015, -0.29862]}, "properties": {"kab_kota": "SEKADAU", "kecamatan": "Nanga Taman", "desa": "Senangak", "tanggal": "2026-08-19", "timestamp": "2026-08-19T13:48:00+07:00", "satelit": "NASA-SNPP", "confidence": "Medium"}}, {"type": "Feature", "geometry": {"type": "Point", "coordinates": [110.70798, -0.26334]}, "properties": {"kab_kota": "SEKADAU", "kecamatan": "Nanga Taman", "desa": "Senangak", "tanggal": "2026-08-19", "timestamp": "2026-08-19T13:48:00+07:00", "satelit": "NASA-SNPP", "confidence": "Medium"}}, {"type": "Feature", "geometry": {"type": "Point", "coordinates": [110.74596, -0.28718]}, "properties": {"kab_kota": "SEKADAU", "kecamatan": "Nanga Taman", "desa": "Senangak", "tanggal": "2026-08-20", "timestamp": "2026-08-20T13:29:00+07:00", "satelit": "NASA-SNPP", "confidence": "Medium"}}, {"type": "Feature", "geometry": {"type": "Point", "coordinates": [110.62267, -0.23557]}, "properties": {"kab_kota": "SEKADAU", "kecamatan": "Nanga Taman", "desa": "Senangak", "tanggal": "2026-08-21", "timestamp": "2026-08-21T13:12:00+07:00", "satelit": "NASA-SNPP", "confidence": "Medium"}}, {"type": "Feature", "geometry": {"type": "Point", "coordinates": [110.6216, -0.23327]}, "properties": {"kab_kota": "SEKADAU", "kecamatan": "Nanga Taman", "desa": "Senangak", "tanggal": "2026-08-21", "timestamp": "2026-08-21T13:12:00+07:00", "satelit": "NASA-SNPP", "confidence": "Medium"}}, {"type": "Feature", "geometry": {"type": "Point", "coordinates": [110.61065, -0.23154]}, "properties": {"kab_kota": "SEKADAU", "kecamatan": "Nanga Taman", "desa": "Senangak", "tanggal": "2026-08-21", "timestamp": "2026-08-21T13:12:00+07:00", "satelit": "NASA-SNPP", "confidence": "Medium"}}, {"type": "Feature", "geometry": {"type": "Point", "coordinates": [110.61015, -0.2282]}, "properties": {"kab_kota": "SEKADAU", "kecamatan": "Nanga Taman", "desa": "Senangak", "tanggal": "2026-08-21", "timestamp": "2026-08-21T13:12:00+07:00", "satelit": "NASA-SNPP", "confidence": "Medium"}}, {"type": "Feature", "geometry": {"type": "Point", "coordinates": [110.63996, -0.18948]}, "properties": {"kab_kota": "SEKADAU", "kecamatan": "Nanga Taman", "desa": "Senangak", "tanggal": "2026-08-21", "timestamp": "2026-08-21T13:12:00+07:00", "satelit": "NASA-SNPP", "confidence": "Medium"}}, {"type": "Feature", "geometry": {"type": "Point", "coordinates": [110.64591, -0.18174]}, "properties": {"kab_kota": "SEKADAU", "kecamatan": "Nanga Taman", "desa": "Senangak", "tanggal": "2026-08-21", "timestamp": "2026-08-21T13:12:00+07:00", "satelit": "NASA-SNPP", "confidence": "Medium"}}, {"type": "Feature", "geometry": {"type": "Point", "coordinates": [110.61134, -0.23531]}, "properties": {"kab_kota": "SEKADAU", "kecamatan": "Nanga Taman", "desa": "Senangak", "tanggal": "2026-08-22", "timestamp": "2026-08-22T12:53:00+07:00", "satelit": "NASA-SNPP", "confidence": "Medium"}}, {"type": "Feature", "geometry": {"type": "Point", "coordinates": [110.69469, -0.24171]}, "properties": {"kab_kota": "SEKADAU", "kecamatan": "Nanga Taman", "desa": "Senangak", "tanggal": "2026-08-23", "timestamp": "2026-08-23T12:33:00+07:00", "satelit": "NASA-SNPP", "confidence": "Medium"}}, {"type": "Feature", "geometry": {"type": "Point", "coordinates": [110.72922, -0.27146]}, "properties": {"kab_kota": "SEKADAU", "kecamatan": "Nanga Taman", "desa": "Senangak", "tanggal": "2026-08-26", "timestamp": "2026-08-26T13:18:00+07:00", "satelit": "NASA-SNPP", "confidence": "Medium"}}, {"type": "Feature", "geometry": {"type": "Point", "coordinates": [110.67766, -0.28147]}, "properties": {"kab_kota": "SEKADAU", "kecamatan": "Nanga Taman", "desa": "Senangak", "tanggal": "2026-08-28", "timestamp": "2026-08-28T12:40:00+07:00", "satelit": "NASA-SNPP", "confidence": "Medium"}}, {"type": "Feature", "geometry": {"type": "Point", "coordinates": [110.64588, -0.24397]}, "properties": {"kab_kota": "SEKADAU", "kecamatan": "Nanga Taman", "desa": "Senangak", "tanggal": "2026-08-28", "timestamp": "2026-08-28T12:40:00+07:00", "satelit": "NASA-SNPP", "confidence": "Medium"}}, {"type": "Feature", "geometry": {"type": "Point", "coordinates": [110.6646, -0.2252]}, "properties": {"kab_kota": "SEKADAU", "kecamatan": "Nanga Taman", "desa": "Senangak", "tanggal": "2026-08-28", "timestamp": "2026-08-28T12:40:00+07:00", "satelit": "NASA-SNPP", "confidence": "Medium"}}, {"type": "Feature", "geometry": {"type": "Point", "coordinates": [110.61406, -0.22556]}, "properties": {"kab_kota": "SEKADAU", "kecamatan": "Nanga Taman", "desa": "Senangak", "tanggal": "2026-08-29", "timestamp": "2026-08-29T01:19:00+07:00", "satelit": "NASA-SNPP", "confidence": "Medium"}}, {"type": "Feature", "geometry": {"type": "Point", "coordinates": [110.61661, -0.25449]}, "properties": {"kab_kota": "SEKADAU", "kecamatan": "Nanga Taman", "desa": "Senangak", "tanggal": "2026-08-29", "timestamp": "2026-08-29T14:01:00+07:00", "satelit": "NASA-SNPP", "confidence": "Medium"}}, {"type": "Feature", "geometry": {"type": "Point", "coordinates": [110.62023, -0.25325]}, "properties": {"kab_kota": "SEKADAU", "kecamatan": "Nanga Taman", "desa": "Senangak", "tanggal": "2026-08-29", "timestamp": "2026-08-29T14:01:00+07:00", "satelit": "NASA-SNPP", "confidence": "Medium"}}, {"type": "Feature", "geometry": {"type": "Point", "coordinates": [110.69698, -0.26404]}, "properties": {"kab_kota": "SEKADAU", "kecamatan": "Nanga Taman", "desa": "Senangak", "tanggal": "2026-08-30", "timestamp": "2026-08-30T13:42:00+07:00", "satelit": "NASA-SNPP", "confidence": "Medium"}}, {"type": "Feature", "geometry": {"type": "Point", "coordinates": [110.64524, -0.18442]}, "properties": {"kab_kota": "SEKADAU", "kecamatan": "Nanga Taman", "desa": "Senangak", "tanggal": "2026-08-30", "timestamp": "2026-08-30T13:42:00+07:00", "satelit": "NASA-SNPP", "confidence": "Medium"}}, {"type": "Feature", "geometry": {"type": "Point", "coordinates": [110.71163, -0.25956]}, "properties": {"kab_kota": "SEKADAU", "kecamatan": "Nanga Taman", "desa": "Senangak", "tanggal": "2026-08-31", "timestamp": "2026-08-31T13:22:00+07:00", "satelit": "NASA-SNPP", "confidence": "Medium"}}, {"type": "Feature", "geometry": {"type": "Point", "coordinates": [110.6425, -0.21952]}, "properties": {"kab_kota": "SEKADAU", "kecamatan": "Nanga Taman", "desa": "Senangak", "tanggal": "2026-08-31", "timestamp": "2026-08-31T13:22:00+07:00", "satelit": "NASA-SNPP", "confidence": "Medium"}}, {"type": "Feature", "geometry": {"type": "Point", "coordinates": [110.7285, -0.21446]}, "properties": {"kab_kota": "SEKADAU", "kecamatan": "Nanga Taman", "desa": "Sungailawak", "tanggal": "2026-08-09", "timestamp": "2026-08-09T13:35:00+07:00", "satelit": "NASA-SNPP", "confidence": "Medium"}}, {"type": "Feature", "geometry": {"type": "Point", "coordinates": [110.79176, -0.23666]}, "properties": {"kab_kota": "SEKADAU", "kecamatan": "Nanga Taman", "desa": "Sungailawak", "tanggal": "2026-08-20", "timestamp": "2026-08-20T13:29:00+07:00", "satelit": "NASA-SNPP", "confidence": "Medium"}}, {"type": "Feature", "geometry": {"type": "Point", "coordinates": [110.71923, -0.21339]}, "properties": {"kab_kota": "SEKADAU", "kecamatan": "Nanga Taman", "desa": "Sungailawak", "tanggal": "2026-08-24", "timestamp": "2026-08-24T13:57:00+07:00", "satelit": "NASA-SNPP", "confidence": "Medium"}}, {"type": "Feature", "geometry": {"type": "Point", "coordinates": [110.71865, -0.20641]}, "properties": {"kab_kota": "SEKADAU", "kecamatan": "Nanga Taman", "desa": "Sungailawak", "tanggal": "2026-08-26", "timestamp": "2026-08-26T13:18:00+07:00", "satelit": "NASA-SNPP", "confidence": "Medium"}}, {"type": "Feature", "geometry": {"type": "Point", "coordinates": [110.72808, -0.25246]}, "properties": {"kab_kota": "SEKADAU", "kecamatan": "Nanga Taman", "desa": "Sungailawak", "tanggal": "2026-08-28", "timestamp": "2026-08-28T12:40:00+07:00", "satelit": "NASA-SNPP", "confidence": "Medium"}}, {"type": "Feature", "geometry": {"type": "Point", "coordinates": [110.71118, -0.20727]}, "properties": {"kab_kota": "SEKADAU", "kecamatan": "Nanga Taman", "desa": "Sungailawak", "tanggal": "2026-08-29", "timestamp": "2026-08-29T12:23:00+07:00", "satelit": "NASA-SNPP", "confidence": "Medium"}}, {"type": "Feature", "geometry": {"type": "Point", "coordinates": [110.72816, -0.24976]}, "properties": {"kab_kota": "SEKADAU", "kecamatan": "Nanga Taman", "desa": "Sungailawak", "tanggal": "2026-08-29", "timestamp": "2026-08-29T14:01:00+07:00", "satelit": "NASA-SNPP", "confidence": "Medium"}}, {"type": "Feature", "geometry": {"type": "Point", "coordinates": [110.75022, -0.24102]}, "properties": {"kab_kota": "SEKADAU", "kecamatan": "Nanga Taman", "desa": "Sungailawak", "tanggal": "2026-08-30", "timestamp": "2026-08-30T13:42:00+07:00", "satelit": "NASA-SNPP", "confidence": "Medium"}}, {"type": "Feature", "geometry": {"type": "Point", "coordinates": [110.75163, -0.2408]}, "properties": {"kab_kota": "SEKADAU", "kecamatan": "Nanga Taman", "desa": "Sungailawak", "tanggal": "2026-08-30", "timestamp": "2026-08-30T13:42:00+07:00", "satelit": "NASA-SNPP", "confidence": "Medium"}}, {"type": "Feature", "geometry": {"type": "Point", "coordinates": [110.72461, -0.19896]}, "properties": {"kab_kota": "SEKADAU", "kecamatan": "Nanga Taman", "desa": "Tapang Tingang", "tanggal": "2026-08-06", "timestamp": "2026-08-06T12:53:00+07:00", "satelit": "NASA-SNPP", "confidence": "Medium"}}, {"type": "Feature", "geometry": {"type": "Point", "coordinates": [110.72388, -0.1967]}, "properties": {"kab_kota": "SEKADAU", "kecamatan": "Nanga Taman", "desa": "Tapang Tingang", "tanggal": "2026-08-06", "timestamp": "2026-08-06T12:53:00+07:00", "satelit": "NASA-SNPP", "confidence": "Medium"}}, {"type": "Feature", "geometry": {"type": "Point", "coordinates": [110.62328, -0.16583]}, "properties": {"kab_kota": "SEKADAU", "kecamatan": "Nanga Taman", "desa": "Tapang Tingang", "tanggal": "2026-08-07", "timestamp": "2026-08-07T12:33:00+07:00", "satelit": "NASA-SNPP", "confidence": "Medium"}}, {"type": "Feature", "geometry": {"type": "Point", "coordinates": [110.60927, -0.15411]}, "properties": {"kab_kota": "SEKADAU", "kecamatan": "Nanga Taman", "desa": "Tapang Tingang", "tanggal": "2026-08-08", "timestamp": "2026-08-08T13:57:00+07:00", "satelit": "NASA-SNPP", "confidence": "Medium"}}, {"type": "Feature", "geometry": {"type": "Point", "coordinates": [110.61177, -0.15168]}, "properties": {"kab_kota": "SEKADAU", "kecamatan": "Nanga Taman", "desa": "Tapang Tingang", "tanggal": "2026-08-08", "timestamp": "2026-08-08T13:57:00+07:00", "satelit": "NASA-SNPP", "confidence": "Medium"}}, {"type": "Feature", "geometry": {"type": "Point", "coordinates": [110.67363, -0.19642]}, "properties": {"kab_kota": "SEKADAU", "kecamatan": "Nanga Taman", "desa": "Tapang Tingang", "tanggal": "2026-08-16", "timestamp": "2026-08-16T13:03:00+07:00", "satelit": "NASA-SNPP", "confidence": "Medium"}}, {"type": "Feature", "geometry": {"type": "Point", "coordinates": [110.72389, -0.19594]}, "properties": {"kab_kota": "SEKADAU", "kecamatan": "Nanga Taman", "desa": "Tapang Tingang", "tanggal": "2026-08-16", "timestamp": "2026-08-16T13:03:00+07:00", "satelit": "NASA-SNPP", "confidence": "Medium"}}, {"type": "Feature", "geometry": {"type": "Point", "coordinates": [110.67345, -0.19527]}, "properties": {"kab_kota": "SEKADAU", "kecamatan": "Nanga Taman", "desa": "Tapang Tingang", "tanggal": "2026-08-16", "timestamp": "2026-08-16T13:03:00+07:00", "satelit": "NASA-SNPP", "confidence": "Medium"}}, {"type": "Feature", "geometry": {"type": "Point", "coordinates": [110.72427, -0.1732]}, "properties": {"kab_kota": "SEKADAU", "kecamatan": "Nanga Taman", "desa": "Tapang Tingang", "tanggal": "2026-08-16", "timestamp": "2026-08-16T13:03:00+07:00", "satelit": "NASA-SNPP", "confidence": "Medium"}}, {"type": "Feature", "geometry": {"type": "Point", "coordinates": [110.71589, -0.17301]}, "properties": {"kab_kota": "SEKADAU", "kecamatan": "Nanga Taman", "desa": "Tapang Tingang", "tanggal": "2026-08-18", "timestamp": "2026-08-18T14:07:00+07:00", "satelit": "NASA-SNPP", "confidence": "Medium"}}, {"type": "Feature", "geometry": {"type": "Point", "coordinates": [110.71185, -0.16878]}, "properties": {"kab_kota": "SEKADAU", "kecamatan": "Nanga Taman", "desa": "Tapang Tingang", "tanggal": "2026-08-18", "timestamp": "2026-08-18T14:07:00+07:00", "satelit": "NASA-SNPP", "confidence": "Medium"}}, {"type": "Feature", "geometry": {"type": "Point", "coordinates": [110.63946, -0.18614]}, "properties": {"kab_kota": "SEKADAU", "kecamatan": "Nanga Taman", "desa": "Tapang Tingang", "tanggal": "2026-08-21", "timestamp": "2026-08-21T13:12:00+07:00", "satelit": "NASA-SNPP", "confidence": "Medium"}}, {"type": "Feature", "geometry": {"type": "Point", "coordinates": [110.60317, -0.1603]}, "properties": {"kab_kota": "SEKADAU", "kecamatan": "Nanga Taman", "desa": "Tapang Tingang", "tanggal": "2026-08-25", "timestamp": "2026-08-25T13:35:00+07:00", "satelit": "NASA-SNPP", "confidence": "Medium"}}, {"type": "Feature", "geometry": {"type": "Point", "coordinates": [110.65166, -0.15223]}, "properties": {"kab_kota": "SEKADAU", "kecamatan": "Nanga Taman", "desa": "Tapang Tingang", "tanggal": "2026-08-28", "timestamp": "2026-08-28T12:40:00+07:00", "satelit": "NASA-SNPP", "confidence": "Medium"}}, {"type": "Feature", "geometry": {"type": "Point", "coordinates": [110.64384, -0.17615]}, "properties": {"kab_kota": "SEKADAU", "kecamatan": "Nanga Taman", "desa": "Tapang Tingang", "tanggal": "2026-08-31", "timestamp": "2026-08-31T13:22:00+07:00", "satelit": "NASA-SNPP", "confidence": "Medium"}}, {"type": "Feature", "geometry": {"type": "Point", "coordinates": [110.64775, -0.17555]}, "properties": {"kab_kota": "SEKADAU", "kecamatan": "Nanga Taman", "desa": "Tapang Tingang", "tanggal": "2026-08-31", "timestamp": "2026-08-31T13:22:00+07:00", "satelit": "NASA-SNPP", "confidence": "Medium"}}, {"type": "Feature", "geometry": {"type": "Point", "coordinates": [110.64729, -0.17202]}, "properties": {"kab_kota": "SEKADAU", "kecamatan": "Nanga Taman", "desa": "Tapang Tingang", "tanggal": "2026-08-31", "timestamp": "2026-08-31T13:22:00+07:00", "satelit": "NASA-SNPP", "confidence": "Medium"}}, {"type": "Feature", "geometry": {"type": "Point", "coordinates": [110.99588, 0.01039]}, "properties": {"kab_kota": "SEKADAU", "kecamatan": "Sekadau Hilir", "desa": "Bokak Sebumbun", "tanggal": "2026-08-21", "timestamp": "2026-08-21T13:12:00+07:00", "satelit": "NASA-SNPP", "confidence": "Medium"}}, {"type": "Feature", "geometry": {"type": "Point", "coordinates": [110.96762, -0.01286]}, "properties": {"kab_kota": "SEKADAU", "kecamatan": "Sekadau Hilir", "desa": "Bokak Sebumbun", "tanggal": "2026-08-29", "timestamp": "2026-08-29T14:01:00+07:00", "satelit": "NASA-SNPP", "confidence": "Medium"}}, {"type": "Feature", "geometry": {"type": "Point", "coordinates": [111.00465, 0.0134]}, "properties": {"kab_kota": "SEKADAU", "kecamatan": "Sekadau Hilir", "desa": "Bokak Sebumbun", "tanggal": "2026-08-29", "timestamp": "2026-08-29T14:01:00+07:00", "satelit": "NASA-SNPP", "confidence": "Medium"}}, {"type": "Feature", "geometry": {"type": "Point", "coordinates": [111.09503, -0.08228]}, "properties": {"kab_kota": "SEKADAU", "kecamatan": "Sekadau Hilir", "desa": "Engkersik", "tanggal": "2026-08-01", "timestamp": "2026-08-01T12:46:00+07:00", "satelit": "NASA-SNPP", "confidence": "Medium"}}, {"type": "Feature", "geometry": {"type": "Point", "coordinates": [111.06986, -0.08975]}, "properties": {"kab_kota": "SEKADAU", "kecamatan": "Sekadau Hilir", "desa": "Engkersik", "tanggal": "2026-08-09", "timestamp": "2026-08-09T13:35:00+07:00", "satelit": "NASA-SNPP", "confidence": "Medium"}}, {"type": "Feature", "geometry": {"type": "Point", "coordinates": [111.0829, -0.12645]}, "properties": {"kab_kota": "SEKADAU", "kecamatan": "Sekadau Hilir", "desa": "Engkersik", "tanggal": "2026-08-10", "timestamp": "2026-08-10T13:18:00+07:00", "satelit": "NASA-SNPP", "confidence": "Medium"}}, {"type": "Feature", "geometry": {"type": "Point", "coordinates": [111.08108, -0.12905]}, "properties": {"kab_kota": "SEKADAU", "kecamatan": "Sekadau Hilir", "desa": "Engkersik", "tanggal": "2026-08-11", "timestamp": "2026-08-11T00:17:00+07:00", "satelit": "NASA-SNPP", "confidence": "Medium"}}, {"type": "Feature", "geometry": {"type": "Point", "coordinates": [111.07371, -0.06672]}, "properties": {"kab_kota": "SEKADAU", "kecamatan": "Sekadau Hilir", "desa": "Engkersik", "tanggal": "2026-08-16", "timestamp": "2026-08-16T13:03:00+07:00", "satelit": "NASA-SNPP", "confidence": "Medium"}}, {"type": "Feature", "geometry": {"type": "Point", "coordinates": [111.10907, -0.11158]}, "properties": {"kab_kota": "SEKADAU", "kecamatan": "Sekadau Hilir", "desa": "Engkersik", "tanggal": "2026-08-20", "timestamp": "2026-08-20T13:29:00+07:00", "satelit": "NASA-SNPP", "confidence": "Medium"}}, {"type": "Feature", "geometry": {"type": "Point", "coordinates": [111.12203, -0.04593]}, "properties": {"kab_kota": "SEKADAU", "kecamatan": "Sekadau Hilir", "desa": "Engkersik", "tanggal": "2026-08-20", "timestamp": "2026-08-20T13:29:00+07:00", "satelit": "NASA-SNPP", "confidence": "Medium"}}, {"type": "Feature", "geometry": {"type": "Point", "coordinates": [111.10494, -0.06787]}, "properties": {"kab_kota": "SEKADAU", "kecamatan": "Sekadau Hilir", "desa": "Engkersik", "tanggal": "2026-08-26", "timestamp": "2026-08-26T13:18:00+07:00", "satelit": "NASA-SNPP", "confidence": "Medium"}}, {"type": "Feature", "geometry": {"type": "Point", "coordinates": [111.11965, -0.1156]}, "properties": {"kab_kota": "SEKADAU", "kecamatan": "Sekadau Hilir", "desa": "Engkersik", "tanggal": "2026-08-28", "timestamp": "2026-08-28T12:40:00+07:00", "satelit": "NASA-SNPP", "confidence": "Medium"}}, {"type": "Feature", "geometry": {"type": "Point", "coordinates": [111.07774, -0.11175]}, "properties": {"kab_kota": "SEKADAU", "kecamatan": "Sekadau Hilir", "desa": "Engkersik", "tanggal": "2026-08-30", "timestamp": "2026-08-30T13:42:00+07:00", "satelit": "NASA-SNPP", "confidence": "Medium"}}, {"type": "Feature", "geometry": {"type": "Point", "coordinates": [111.07704, -0.10687]}, "properties": {"kab_kota": "SEKADAU", "kecamatan": "Sekadau Hilir", "desa": "Engkersik", "tanggal": "2026-08-30", "timestamp": "2026-08-30T13:42:00+07:00", "satelit": "NASA-SNPP", "confidence": "Medium"}}, {"type": "Feature", "geometry": {"type": "Point", "coordinates": [111.05962, -0.07182]}, "properties": {"kab_kota": "SEKADAU", "kecamatan": "Sekadau Hilir", "desa": "Engkersik", "tanggal": "2026-08-30", "timestamp": "2026-08-30T13:42:00+07:00", "satelit": "NASA-SNPP", "confidence": "Medium"}}, {"type": "Feature", "geometry": {"type": "Point", "coordinates": [111.06065, -0.06957]}, "properties": {"kab_kota": "SEKADAU", "kecamatan": "Sekadau Hilir", "desa": "Engkersik", "tanggal": "2026-08-30", "timestamp": "2026-08-30T13:42:00+07:00", "satelit": "NASA-SNPP", "confidence": "Medium"}}, {"type": "Feature", "geometry": {"type": "Point", "coordinates": [111.08471, -0.07157]}, "properties": {"kab_kota": "SEKADAU", "kecamatan": "Sekadau Hilir", "desa": "Engkersik", "tanggal": "2026-08-31", "timestamp": "2026-08-31T13:22:00+07:00", "satelit": "NASA-SNPP", "confidence": "Medium"}}, {"type": "Feature", "geometry": {"type": "Point", "coordinates": [111.09286, -0.0703]}, "properties": {"kab_kota": "SEKADAU", "kecamatan": "Sekadau Hilir", "desa": "Engkersik", "tanggal": "2026-08-31", "timestamp": "2026-08-31T13:22:00+07:00", "satelit": "NASA-SNPP", "confidence": "Medium"}}, {"type": "Feature", "geometry": {"type": "Point", "coordinates": [110.80917, -0.02869]}, "properties": {"kab_kota": "SEKADAU", "kecamatan": "Sekadau Hilir", "desa": "Ensalang", "tanggal": "2026-08-01", "timestamp": "2026-08-01T12:46:00+07:00", "satelit": "NASA-SNPP", "confidence": "Medium"}}, {"type": "Feature", "geometry": {"type": "Point", "coordinates": [110.80704, -0.0566]}, "properties": {"kab_kota": "SEKADAU", "kecamatan": "Sekadau Hilir", "desa": "Ensalang", "tanggal": "2026-08-08", "timestamp": "2026-08-08T13:57:00+07:00", "satelit": "NASA-SNPP", "confidence": "Medium"}}, {"type": "Feature", "geometry": {"type": "Point", "coordinates": [110.8215, -0.02711]}, "properties": {"kab_kota": "SEKADAU", "kecamatan": "Sekadau Hilir", "desa": "Ensalang", "tanggal": "2026-08-25", "timestamp": "2026-08-25T13:35:00+07:00", "satelit": "NASA-SNPP", "confidence": "Medium"}}, {"type": "Feature", "geometry": {"type": "Point", "coordinates": [110.79891, -0.02397]}, "properties": {"kab_kota": "SEKADAU", "kecamatan": "Sekadau Hilir", "desa": "Ensalang", "tanggal": "2026-08-26", "timestamp": "2026-08-26T13:18:00+07:00", "satelit": "NASA-SNPP", "confidence": "Medium"}}, {"type": "Feature", "geometry": {"type": "Point", "coordinates": [110.85253, -0.01917]}, "properties": {"kab_kota": "SEKADAU", "kecamatan": "Sekadau Hilir", "desa": "Ensalang", "tanggal": "2026-08-26", "timestamp": "2026-08-26T13:18:00+07:00", "satelit": "NASA-SNPP", "confidence": "Medium"}}, {"type": "Feature", "geometry": {"type": "Point", "coordinates": [110.82294, -0.02936]}, "properties": {"kab_kota": "SEKADAU", "kecamatan": "Sekadau Hilir", "desa": "Ensalang", "tanggal": "2026-08-30", "timestamp": "2026-08-30T13:42:00+07:00", "satelit": "NASA-SNPP", "confidence": "Medium"}}, {"type": "Feature", "geometry": {"type": "Point", "coordinates": [110.82806, -0.02855]}, "properties": {"kab_kota": "SEKADAU", "kecamatan": "Sekadau Hilir", "desa": "Ensalang", "tanggal": "2026-08-30", "timestamp": "2026-08-30T13:42:00+07:00", "satelit": "NASA-SNPP", "confidence": "Medium"}}, {"type": "Feature", "geometry": {"type": "Point", "coordinates": [110.82225, -0.02456]}, "properties": {"kab_kota": "SEKADAU", "kecamatan": "Sekadau Hilir", "desa": "Ensalang", "tanggal": "2026-08-30", "timestamp": "2026-08-30T13:42:00+07:00", "satelit": "NASA-SNPP", "confidence": "Medium"}}, {"type": "Feature", "geometry": {"type": "Point", "coordinates": [110.82739, -0.02375]}, "properties": {"kab_kota": "SEKADAU", "kecamatan": "Sekadau Hilir", "desa": "Ensalang", "tanggal": "2026-08-30", "timestamp": "2026-08-30T13:42:00+07:00", "satelit": "NASA-SNPP", "confidence": "Medium"}}, {"type": "Feature", "geometry": {"type": "Point", "coordinates": [111.05592, -0.04226]}, "properties": {"kab_kota": "SEKADAU", "kecamatan": "Sekadau Hilir", "desa": "Gonis Tekam", "tanggal": "2026-08-05", "timestamp": "2026-08-05T13:10:00+07:00", "satelit": "NASA-SNPP", "confidence": "Medium"}}, {"type": "Feature", "geometry": {"type": "Point", "coordinates": [111.02605, -0.01265]}, "properties": {"kab_kota": "SEKADAU", "kecamatan": "Sekadau Hilir", "desa": "Gonis Tekam", "tanggal": "2026-08-06", "timestamp": "2026-08-06T12:53:00+07:00", "satelit": "NASA-SNPP", "confidence": "Medium"}}, {"type": "Feature", "geometry": {"type": "Point", "coordinates": [111.02544, -0.00861]}, "properties": {"kab_kota": "SEKADAU", "kecamatan": "Sekadau Hilir", "desa": "Gonis Tekam", "tanggal": "2026-08-06", "timestamp": "2026-08-06T12:53:00+07:00", "satelit": "NASA-SNPP", "confidence": "Medium"}}, {"type": "Feature", "geometry": {"type": "Point", "coordinates": [111.02266, 0.00235]}, "properties": {"kab_kota": "SEKADAU", "kecamatan": "Sekadau Hilir", "desa": "Gonis Tekam", "tanggal": "2026-08-08", "timestamp": "2026-08-08T13:57:00+07:00", "satelit": "NASA-SNPP", "confidence": "Medium"}}, {"type": "Feature", "geometry": {"type": "Point", "coordinates": [111.02368, 0.00393]}, "properties": {"kab_kota": "SEKADAU", "kecamatan": "Sekadau Hilir", "desa": "Gonis Tekam", "tanggal": "2026-08-08", "timestamp": "2026-08-08T13:57:00+07:00", "satelit": "NASA-SNPP", "confidence": "Medium"}}, {"type": "Feature", "geometry": {"type": "Point", "coordinates": [111.02474, 0.01914]}, "properties": {"kab_kota": "SEKADAU", "kecamatan": "Sekadau Hilir", "desa": "Gonis Tekam", "tanggal": "2026-08-09", "timestamp": "2026-08-09T00:56:00+07:00", "satelit": "NASA-SNPP", "confidence": "Medium"}}, {"type": "Feature", "geometry": {"type": "Point", "coordinates": [111.05231, -0.01353]}, "properties": {"kab_kota": "SEKADAU", "kecamatan": "Sekadau Hilir", "desa": "Gonis Tekam", "tanggal": "2026-08-12", "timestamp": "2026-08-12T12:40:00+07:00", "satelit": "NASA-SNPP", "confidence": "Medium"}}, {"type": "Feature", "geometry": {"type": "Point", "coordinates": [111.03563, -0.03722]}, "properties": {"kab_kota": "SEKADAU", "kecamatan": "Sekadau Hilir", "desa": "Gonis Tekam", "tanggal": "2026-08-15", "timestamp": "2026-08-15T13:25:00+07:00", "satelit": "NASA-SNPP", "confidence": "Medium"}}, {"type": "Feature", "geometry": {"type": "Point", "coordinates": [111.03264, -0.02072]}, "properties": {"kab_kota": "SEKADAU", "kecamatan": "Sekadau Hilir", "desa": "Gonis Tekam", "tanggal": "2026-08-16", "timestamp": "2026-08-16T13:03:00+07:00", "satelit": "NASA-SNPP", "confidence": "Medium"}}, {"type": "Feature", "geometry": {"type": "Point", "coordinates": [111.00982, -0.02943]}, "properties": {"kab_kota": "SEKADAU", "kecamatan": "Sekadau Hilir", "desa": "Gonis Tekam", "tanggal": "2026-08-18", "timestamp": "2026-08-18T14:07:00+07:00", "satelit": "NASA-SNPP", "confidence": "Medium"}}, {"type": "Feature", "geometry": {"type": "Point", "coordinates": [111.00816, -0.02862]}, "properties": {"kab_kota": "SEKADAU", "kecamatan": "Sekadau Hilir", "desa": "Gonis Tekam", "tanggal": "2026-08-18", "timestamp": "2026-08-18T14:07:00+07:00", "satelit": "NASA-SNPP", "confidence": "Medium"}}, {"type": "Feature", "geometry": {"type": "Point", "coordinates": [111.00786, -0.03112]}, "properties": {"kab_kota": "SEKADAU", "kecamatan": "Sekadau Hilir", "desa": "Gonis Tekam", "tanggal": "2026-08-20", "timestamp": "2026-08-20T13:29:00+07:00", "satelit": "NASA-SNPP", "confidence": "Medium"}}, {"type": "Feature", "geometry": {"type": "Point", "coordinates": [111.00001, -0.01224]}, "properties": {"kab_kota": "SEKADAU", "kecamatan": "Sekadau Hilir", "desa": "Gonis Tekam", "tanggal": "2026-08-20", "timestamp": "2026-08-20T13:29:00+07:00", "satelit": "NASA-SNPP", "confidence": "Medium"}}, {"type": "Feature", "geometry": {"type": "Point", "coordinates": [111.06063, -0.01091]}, "properties": {"kab_kota": "SEKADAU", "kecamatan": "Sekadau Hilir", "desa": "Gonis Tekam", "tanggal": "2026-08-20", "timestamp": "2026-08-20T13:29:00+07:00", "satelit": "NASA-SNPP", "confidence": "Medium"}}, {"type": "Feature", "geometry": {"type": "Point", "coordinates": [111.03061, -0.05576]}, "properties": {"kab_kota": "SEKADAU", "kecamatan": "Sekadau Hilir", "desa": "Gonis Tekam", "tanggal": "2026-08-21", "timestamp": "2026-08-21T13:12:00+07:00", "satelit": "NASA-SNPP", "confidence": "Medium"}}, {"type": "Feature", "geometry": {"type": "Point", "coordinates": [111.00042, -0.01955]}, "properties": {"kab_kota": "SEKADAU", "kecamatan": "Sekadau Hilir", "desa": "Gonis Tekam", "tanggal": "2026-08-21", "timestamp": "2026-08-21T13:12:00+07:00", "satelit": "NASA-SNPP", "confidence": "Medium"}}, {"type": "Feature", "geometry": {"type": "Point", "coordinates": [111.05009, -0.00874]}, "properties": {"kab_kota": "SEKADAU", "kecamatan": "Sekadau Hilir", "desa": "Gonis Tekam", "tanggal": "2026-08-28", "timestamp": "2026-08-28T12:40:00+07:00", "satelit": "NASA-SNPP", "confidence": "Medium"}}, {"type": "Feature", "geometry": {"type": "Point", "coordinates": [111.02418, -0.03896]}, "properties": {"kab_kota": "SEKADAU", "kecamatan": "Sekadau Hilir", "desa": "Gonis Tekam", "tanggal": "2026-08-29", "timestamp": "2026-08-29T12:23:00+07:00", "satelit": "NASA-SNPP", "confidence": "Medium"}}, {"type": "Feature", "geometry": {"type": "Point", "coordinates": [111.0283, -0.0382]}, "properties": {"kab_kota": "SEKADAU", "kecamatan": "Sekadau Hilir", "desa": "Gonis Tekam", "tanggal": "2026-08-29", "timestamp": "2026-08-29T12:23:00+07:00", "satelit": "NASA-SNPP", "confidence": "Medium"}}, {"type": "Feature", "geometry": {"type": "Point", "coordinates": [111.03214, 0.00236]}, "properties": {"kab_kota": "SEKADAU", "kecamatan": "Sekadau Hilir", "desa": "Gonis Tekam", "tanggal": "2026-08-31", "timestamp": "2026-08-31T13:22:00+07:00", "satelit": "NASA-SNPP", "confidence": "Medium"}}, {"type": "Feature", "geometry": {"type": "Point", "coordinates": [110.93963, 0.12753]}, "properties": {"kab_kota": "SEKADAU", "kecamatan": "Sekadau Hilir", "desa": "Landau Kodah", "tanggal": "2026-08-06", "timestamp": "2026-08-06T12:53:00+07:00", "satelit": "NASA-SNPP", "confidence": "Medium"}}, {"type": "Feature", "geometry": {"type": "Point", "coordinates": [110.93133, 0.13456]}, "properties": {"kab_kota": "SEKADAU", "kecamatan": "Sekadau Hilir", "desa": "Landau Kodah", "tanggal": "2026-08-06", "timestamp": "2026-08-06T12:53:00+07:00", "satelit": "NASA-SNPP", "confidence": "Medium"}}, {"type": "Feature", "geometry": {"type": "Point", "coordinates": [110.94624, 0.1162]}, "properties": {"kab_kota": "SEKADAU", "kecamatan": "Sekadau Hilir", "desa": "Landau Kodah", "tanggal": "2026-08-15", "timestamp": "2026-08-15T13:25:00+07:00", "satelit": "NASA-SNPP", "confidence": "Medium"}}, {"type": "Feature", "geometry": {"type": "Point", "coordinates": [110.94727, 0.10675]}, "properties": {"kab_kota": "SEKADAU", "kecamatan": "Sekadau Hilir", "desa": "Landau Kodah", "tanggal": "2026-08-19", "timestamp": "2026-08-19T13:50:00+07:00", "satelit": "NASA-SNPP", "confidence": "Medium"}}, {"type": "Feature", "geometry": {"type": "Point", "coordinates": [110.92949, 0.10947]}, "properties": {"kab_kota": "SEKADAU", "kecamatan": "Sekadau Hilir", "desa": "Landau Kodah", "tanggal": "2026-08-19", "timestamp": "2026-08-19T13:50:00+07:00", "satelit": "NASA-SNPP", "confidence": "Medium"}}, {"type": "Feature", "geometry": {"type": "Point", "coordinates": [110.94476, 0.10318]}, "properties": {"kab_kota": "SEKADAU", "kecamatan": "Sekadau Hilir", "desa": "Landau Kodah", "tanggal": "2026-08-29", "timestamp": "2026-08-29T14:01:00+07:00", "satelit": "NASA-SNPP", "confidence": "Medium"}}, {"type": "Feature", "geometry": {"type": "Point", "coordinates": [110.8894, 0.1281]}, "properties": {"kab_kota": "SEKADAU", "kecamatan": "Sekadau Hilir", "desa": "Landau Kodah", "tanggal": "2026-08-29", "timestamp": "2026-08-29T14:01:00+07:00", "satelit": "NASA-SNPP", "confidence": "Medium"}}, {"type": "Feature", "geometry": {"type": "Point", "coordinates": [110.89053, 0.13257]}, "properties": {"kab_kota": "SEKADAU", "kecamatan": "Sekadau Hilir", "desa": "Landau Kodah", "tanggal": "2026-08-29", "timestamp": "2026-08-29T14:01:00+07:00", "satelit": "NASA-SNPP", "confidence": "Medium"}}, {"type": "Feature", "geometry": {"type": "Point", "coordinates": [110.8826, 0.13375]}, "properties": {"kab_kota": "SEKADAU", "kecamatan": "Sekadau Hilir", "desa": "Landau Kodah", "tanggal": "2026-08-29", "timestamp": "2026-08-29T14:01:00+07:00", "satelit": "NASA-SNPP", "confidence": "Medium"}}, {"type": "Feature", "geometry": {"type": "Point", "coordinates": [110.89848, -0.02261]}, "properties": {"kab_kota": "SEKADAU", "kecamatan": "Sekadau Hilir", "desa": "Mungguk", "tanggal": "2026-08-09", "timestamp": "2026-08-09T13:35:00+07:00", "satelit": "NASA-SNPP", "confidence": "Medium"}}, {"type": "Feature", "geometry": {"type": "Point", "coordinates": [110.90257, -0.02196]}, "properties": {"kab_kota": "SEKADAU", "kecamatan": "Sekadau Hilir", "desa": "Mungguk", "tanggal": "2026-08-09", "timestamp": "2026-08-09T13:35:00+07:00", "satelit": "NASA-SNPP", "confidence": "Medium"}}, {"type": "Feature", "geometry": {"type": "Point", "coordinates": [110.89818, -0.02181]}, "properties": {"kab_kota": "SEKADAU", "kecamatan": "Sekadau Hilir", "desa": "Mungguk", "tanggal": "2026-08-09", "timestamp": "2026-08-09T13:35:00+07:00", "satelit": "NASA-SNPP", "confidence": "Medium"}}, {"type": "Feature", "geometry": {"type": "Point", "coordinates": [110.90228, -0.02119]}, "properties": {"kab_kota": "SEKADAU", "kecamatan": "Sekadau Hilir", "desa": "Mungguk", "tanggal": "2026-08-09", "timestamp": "2026-08-09T13:35:00+07:00", "satelit": "NASA-SNPP", "confidence": "Medium"}}, {"type": "Feature", "geometry": {"type": "Point", "coordinates": [110.90024, -0.01573]}, "properties": {"kab_kota": "SEKADAU", "kecamatan": "Sekadau Hilir", "desa": "Mungguk", "tanggal": "2026-08-20", "timestamp": "2026-08-20T13:29:00+07:00", "satelit": "NASA-SNPP", "confidence": "Medium"}}, {"type": "Feature", "geometry": {"type": "Point", "coordinates": [110.93545, 0.01474]}, "properties": {"kab_kota": "SEKADAU", "kecamatan": "Sekadau Hilir", "desa": "Mungguk", "tanggal": "2026-08-28", "timestamp": "2026-08-28T12:40:00+07:00", "satelit": "NASA-SNPP", "confidence": "Medium"}}, {"type": "Feature", "geometry": {"type": "Point", "coordinates": [110.93501, 0.01381]}, "properties": {"kab_kota": "SEKADAU", "kecamatan": "Sekadau Hilir", "desa": "Mungguk", "tanggal": "2026-08-29", "timestamp": "2026-08-29T01:19:00+07:00", "satelit": "NASA-SNPP", "confidence": "Medium"}}, {"type": "Feature", "geometry": {"type": "Point", "coordinates": [110.78293, -0.01561]}, "properties": {"kab_kota": "SEKADAU", "kecamatan": "Sekadau Hilir", "desa": "Peniti", "tanggal": "2026-08-25", "timestamp": "2026-08-25T13:35:00+07:00", "satelit": "NASA-SNPP", "confidence": "Medium"}}, {"type": "Feature", "geometry": {"type": "Point", "coordinates": [110.78517, 0.03625]}, "properties": {"kab_kota": "SEKADAU", "kecamatan": "Sekadau Hilir", "desa": "Peniti", "tanggal": "2026-08-31", "timestamp": "2026-08-31T13:22:00+07:00", "satelit": "NASA-SNPP", "confidence": "Medium"}}, {"type": "Feature", "geometry": {"type": "Point", "coordinates": [110.89771, 0.04528]}, "properties": {"kab_kota": "SEKADAU", "kecamatan": "Sekadau Hilir", "desa": "Seberang Kapuas", "tanggal": "2026-08-28", "timestamp": "2026-08-28T12:40:00+07:00", "satelit": "NASA-SNPP", "confidence": "Medium"}}, {"type": "Feature", "geometry": {"type": "Point", "coordinates": [110.89791, 0.04824]}, "properties": {"kab_kota": "SEKADAU", "kecamatan": "Sekadau Hilir", "desa": "Seberang Kapuas", "tanggal": "2026-08-28", "timestamp": "2026-08-28T12:40:00+07:00", "satelit": "NASA-SNPP", "confidence": "Medium"}}, {"type": "Feature", "geometry": {"type": "Point", "coordinates": [110.88084, 0.05084]}, "properties": {"kab_kota": "SEKADAU", "kecamatan": "Sekadau Hilir", "desa": "Seberang Kapuas", "tanggal": "2026-08-31", "timestamp": "2026-08-31T13:22:00+07:00", "satelit": "NASA-SNPP", "confidence": "Medium"}}, {"type": "Feature", "geometry": {"type": "Point", "coordinates": [110.89419, 0.07111]}, "properties": {"kab_kota": "SEKADAU", "kecamatan": "Sekadau Hilir", "desa": "Seberang Kapuas", "tanggal": "2026-08-31", "timestamp": "2026-08-31T13:22:00+07:00", "satelit": "NASA-SNPP", "confidence": "Medium"}}, {"type": "Feature", "geometry": {"type": "Point", "coordinates": [110.88896, -0.04919]}, "properties": {"kab_kota": "SEKADAU", "kecamatan": "Sekadau Hilir", "desa": "Selalong", "tanggal": "2026-08-01", "timestamp": "2026-08-01T12:46:00+07:00", "satelit": "NASA-SNPP", "confidence": "Medium"}}, {"type": "Feature", "geometry": {"type": "Point", "coordinates": [110.88684, -0.04908]}, "properties": {"kab_kota": "SEKADAU", "kecamatan": "Sekadau Hilir", "desa": "Selalong", "tanggal": "2026-08-01", "timestamp": "2026-08-01T12:46:00+07:00", "satelit": "NASA-SNPP", "confidence": "Medium"}}, {"type": "Feature", "geometry": {"type": "Point", "coordinates": [110.89132, -0.04837]}, "properties": {"kab_kota": "SEKADAU", "kecamatan": "Sekadau Hilir", "desa": "Selalong", "tanggal": "2026-08-01", "timestamp": "2026-08-01T12:46:00+07:00", "satelit": "NASA-SNPP", "confidence": "Medium"}}, {"type": "Feature", "geometry": {"type": "Point", "coordinates": [110.87699, -0.01239]}, "properties": {"kab_kota": "SEKADAU", "kecamatan": "Sekadau Hilir", "desa": "Selalong", "tanggal": "2026-08-08", "timestamp": "2026-08-08T13:57:00+07:00", "satelit": "NASA-SNPP", "confidence": "Medium"}}, {"type": "Feature", "geometry": {"type": "Point", "coordinates": [110.8649, -0.05008]}, "properties": {"kab_kota": "SEKADAU", "kecamatan": "Sekadau Hilir", "desa": "Selalong", "tanggal": "2026-08-09", "timestamp": "2026-08-09T13:35:00+07:00", "satelit": "NASA-SNPP", "confidence": "Medium"}}, {"type": "Feature", "geometry": {"type": "Point", "coordinates": [110.88948, -0.04622]}, "properties": {"kab_kota": "SEKADAU", "kecamatan": "Sekadau Hilir", "desa": "Selalong", "tanggal": "2026-08-09", "timestamp": "2026-08-09T13:35:00+07:00", "satelit": "NASA-SNPP", "confidence": "Medium"}}, {"type": "Feature", "geometry": {"type": "Point", "coordinates": [110.89225, -0.03691]}, "properties": {"kab_kota": "SEKADAU", "kecamatan": "Sekadau Hilir", "desa": "Selalong", "tanggal": "2026-08-09", "timestamp": "2026-08-09T13:35:00+07:00", "satelit": "NASA-SNPP", "confidence": "Medium"}}, {"type": "Feature", "geometry": {"type": "Point", "coordinates": [110.89439, -0.02326]}, "properties": {"kab_kota": "SEKADAU", "kecamatan": "Sekadau Hilir", "desa": "Selalong", "tanggal": "2026-08-09", "timestamp": "2026-08-09T13:35:00+07:00", "satelit": "NASA-SNPP", "confidence": "Medium"}}, {"type": "Feature", "geometry": {"type": "Point", "coordinates": [110.89407, -0.02243]}, "properties": {"kab_kota": "SEKADAU", "kecamatan": "Sekadau Hilir", "desa": "Selalong", "tanggal": "2026-08-09", "timestamp": "2026-08-09T13:35:00+07:00", "satelit": "NASA-SNPP", "confidence": "Medium"}}, {"type": "Feature", "geometry": {"type": "Point", "coordinates": [110.87674, -0.01718]}, "properties": {"kab_kota": "SEKADAU", "kecamatan": "Sekadau Hilir", "desa": "Selalong", "tanggal": "2026-08-09", "timestamp": "2026-08-09T13:35:00+07:00", "satelit": "NASA-SNPP", "confidence": "Medium"}}, {"type": "Feature", "geometry": {"type": "Point", "coordinates": [110.87636, -0.01623]}, "properties": {"kab_kota": "SEKADAU", "kecamatan": "Sekadau Hilir", "desa": "Selalong", "tanggal": "2026-08-09", "timestamp": "2026-08-09T13:35:00+07:00", "satelit": "NASA-SNPP", "confidence": "Medium"}}, {"type": "Feature", "geometry": {"type": "Point", "coordinates": [110.84933, -0.06135]}, "properties": {"kab_kota": "SEKADAU", "kecamatan": "Sekadau Hilir", "desa": "Selalong", "tanggal": "2026-08-10", "timestamp": "2026-08-10T13:18:00+07:00", "satelit": "NASA-SNPP", "confidence": "Medium"}}, {"type": "Feature", "geometry": {"type": "Point", "coordinates": [110.89411, -0.01994]}, "properties": {"kab_kota": "SEKADAU", "kecamatan": "Sekadau Hilir", "desa": "Selalong", "tanggal": "2026-08-10", "timestamp": "2026-08-10T13:18:00+07:00", "satelit": "NASA-SNPP", "confidence": "Medium"}}, {"type": "Feature", "geometry": {"type": "Point", "coordinates": [110.89346, -0.01885]}, "properties": {"kab_kota": "SEKADAU", "kecamatan": "Sekadau Hilir", "desa": "Selalong", "tanggal": "2026-08-10", "timestamp": "2026-08-10T13:18:00+07:00", "satelit": "NASA-SNPP", "confidence": "Medium"}}, {"type": "Feature", "geometry": {"type": "Point", "coordinates": [110.88239, 0.09798]}, "properties": {"kab_kota": "SEKADAU", "kecamatan": "Sekadau Hilir", "desa": "Semabi", "tanggal": "2026-08-06", "timestamp": "2026-08-06T12:53:00+07:00", "satelit": "NASA-SNPP", "confidence": "Medium"}}, {"type": "Feature", "geometry": {"type": "Point", "coordinates": [110.90197, 0.07583]}, "properties": {"kab_kota": "SEKADAU", "kecamatan": "Sekadau Hilir", "desa": "Semabi", "tanggal": "2026-08-25", "timestamp": "2026-08-25T13:35:00+07:00", "satelit": "NASA-SNPP", "confidence": "Medium"}}, {"type": "Feature", "geometry": {"type": "Point", "coordinates": [110.98899, 0.07527]}, "properties": {"kab_kota": "SEKADAU", "kecamatan": "Sekadau Hilir", "desa": "Seraras", "tanggal": "2026-08-10", "timestamp": "2026-08-10T13:18:00+07:00", "satelit": "NASA-SNPP", "confidence": "Medium"}}, {"type": "Feature", "geometry": {"type": "Point", "coordinates": [110.98847, 0.07866]}, "properties": {"kab_kota": "SEKADAU", "kecamatan": "Sekadau Hilir", "desa": "Seraras", "tanggal": "2026-08-10", "timestamp": "2026-08-10T13:18:00+07:00", "satelit": "NASA-SNPP", "confidence": "Medium"}}, {"type": "Feature", "geometry": {"type": "Point", "coordinates": [111.03365, 0.01127]}, "properties": {"kab_kota": "SEKADAU", "kecamatan": "Sekadau Hilir", "desa": "Seraras", "tanggal": "2026-08-11", "timestamp": "2026-08-11T12:57:00+07:00", "satelit": "NASA-SNPP", "confidence": "Medium"}}, {"type": "Feature", "geometry": {"type": "Point", "coordinates": [111.05164, 0.0149]}, "properties": {"kab_kota": "SEKADAU", "kecamatan": "Sekadau Hilir", "desa": "Seraras", "tanggal": "2026-08-26", "timestamp": "2026-08-26T13:18:00+07:00", "satelit": "NASA-SNPP", "confidence": "Medium"}}, {"type": "Feature", "geometry": {"type": "Point", "coordinates": [110.98222, 0.10025]}, "properties": {"kab_kota": "SEKADAU", "kecamatan": "Sekadau Hilir", "desa": "Seraras", "tanggal": "2026-08-29", "timestamp": "2026-08-29T01:19:00+07:00", "satelit": "NASA-SNPP", "confidence": "Medium"}}, {"type": "Feature", "geometry": {"type": "Point", "coordinates": [110.75979, 0.01901]}, "properties": {"kab_kota": "SEKADAU", "kecamatan": "Sekadau Hilir", "desa": "Sungai Kunyit", "tanggal": "2026-08-30", "timestamp": "2026-08-30T13:42:00+07:00", "satelit": "NASA-SNPP", "confidence": "Medium"}}, {"type": "Feature", "geometry": {"type": "Point", "coordinates": [110.76247, -0.00301]}, "properties": {"kab_kota": "SEKADAU", "kecamatan": "Sekadau Hilir", "desa": "Sungai Kunyit", "tanggal": "2026-08-31", "timestamp": "2026-08-31T13:22:00+07:00", "satelit": "NASA-SNPP", "confidence": "Medium"}}, {"type": "Feature", "geometry": {"type": "Point", "coordinates": [110.76226, 0.00014]}, "properties": {"kab_kota": "SEKADAU", "kecamatan": "Sekadau Hilir", "desa": "Sungai Kunyit", "tanggal": "2026-08-31", "timestamp": "2026-08-31T13:22:00+07:00", "satelit": "NASA-SNPP", "confidence": "Medium"}}, {"type": "Feature", "geometry": {"type": "Point", "coordinates": [110.76194, 0.00054]}, "properties": {"kab_kota": "SEKADAU", "kecamatan": "Sekadau Hilir", "desa": "Sungai Kunyit", "tanggal": "2026-08-31", "timestamp": "2026-08-31T13:22:00+07:00", "satelit": "NASA-SNPP", "confidence": "Medium"}}, {"type": "Feature", "geometry": {"type": "Point", "coordinates": [110.86526, 0.00207]}, "properties": {"kab_kota": "SEKADAU", "kecamatan": "Sekadau Hilir", "desa": "Sungairingin", "tanggal": "2026-08-07", "timestamp": "2026-08-07T12:33:00+07:00", "satelit": "NASA-SNPP", "confidence": "Medium"}}, {"type": "Feature", "geometry": {"type": "Point", "coordinates": [110.84865, 0.00309]}, "properties": {"kab_kota": "SEKADAU", "kecamatan": "Sekadau Hilir", "desa": "Sungairingin", "tanggal": "2026-08-19", "timestamp": "2026-08-19T13:50:00+07:00", "satelit": "NASA-SNPP", "confidence": "Medium"}}, {"type": "Feature", "geometry": {"type": "Point", "coordinates": [110.95009, 0.02613]}, "properties": {"kab_kota": "SEKADAU", "kecamatan": "Sekadau Hilir", "desa": "Tanjung", "tanggal": "2026-08-09", "timestamp": "2026-08-09T13:35:00+07:00", "satelit": "NASA-SNPP", "confidence": "Medium"}}, {"type": "Feature", "geometry": {"type": "Point", "coordinates": [110.94952, 0.02415]}, "properties": {"kab_kota": "SEKADAU", "kecamatan": "Sekadau Hilir", "desa": "Tanjung", "tanggal": "2026-08-10", "timestamp": "2026-08-10T00:37:00+07:00", "satelit": "NASA-SNPP", "confidence": "Medium"}}, {"type": "Feature", "geometry": {"type": "Point", "coordinates": [110.95028, 0.02774]}, "properties": {"kab_kota": "SEKADAU", "kecamatan": "Sekadau Hilir", "desa": "Tanjung", "tanggal": "2026-08-10", "timestamp": "2026-08-10T00:37:00+07:00", "satelit": "NASA-SNPP", "confidence": "Medium"}}, {"type": "Feature", "geometry": {"type": "Point", "coordinates": [111.12669, -0.01118]}, "properties": {"kab_kota": "SEKADAU", "kecamatan": "Sekadau Hilir", "desa": "Tapang Semadak", "tanggal": "2026-08-01", "timestamp": "2026-08-01T12:46:00+07:00", "satelit": "NASA-SNPP", "confidence": "Medium"}}, {"type": "Feature", "geometry": {"type": "Point", "coordinates": [111.09529, 0.02263]}, "properties": {"kab_kota": "SEKADAU", "kecamatan": "Sekadau Hilir", "desa": "Tapang Semadak", "tanggal": "2026-08-14", "timestamp": "2026-08-14T13:42:00+07:00", "satelit": "NASA-SNPP", "confidence": "Medium"}}, {"type": "Feature", "geometry": {"type": "Point", "coordinates": [111.13839, -0.0217]}, "properties": {"kab_kota": "SEKADAU", "kecamatan": "Sekadau Hilir", "desa": "Tapang Semadak", "tanggal": "2026-08-15", "timestamp": "2026-08-15T13:25:00+07:00", "satelit": "NASA-SNPP", "confidence": "Medium"}}, {"type": "Feature", "geometry": {"type": "Point", "coordinates": [111.09295, -0.02191]}, "properties": {"kab_kota": "SEKADAU", "kecamatan": "Sekadau Hilir", "desa": "Tapang Semadak", "tanggal": "2026-08-16", "timestamp": "2026-08-16T13:03:00+07:00", "satelit": "NASA-SNPP", "confidence": "Medium"}}, {"type": "Feature", "geometry": {"type": "Point", "coordinates": [110.89721, 0.1725]}, "properties": {"kab_kota": "SEKADAU", "kecamatan": "Sekadau Hilir", "desa": "Timpuk", "tanggal": "2026-08-01", "timestamp": "2026-08-01T12:46:00+07:00", "satelit": "NASA-SNPP", "confidence": "Medium"}}, {"type": "Feature", "geometry": {"type": "Point", "coordinates": [110.89001, 0.18986]}, "properties": {"kab_kota": "SEKADAU", "kecamatan": "Sekadau Hilir", "desa": "Timpuk", "tanggal": "2026-08-01", "timestamp": "2026-08-01T12:46:00+07:00", "satelit": "NASA-SNPP", "confidence": "Medium"}}, {"type": "Feature", "geometry": {"type": "Point", "coordinates": [110.91808, 0.16953]}, "properties": {"kab_kota": "SEKADAU", "kecamatan": "Sekadau Hilir", "desa": "Timpuk", "tanggal": "2026-08-06", "timestamp": "2026-08-06T12:53:00+07:00", "satelit": "NASA-SNPP", "confidence": "Medium"}}, {"type": "Feature", "geometry": {"type": "Point", "coordinates": [110.92028, 0.16643]}, "properties": {"kab_kota": "SEKADAU", "kecamatan": "Sekadau Hilir", "desa": "Timpuk", "tanggal": "2026-08-07", "timestamp": "2026-08-07T12:33:00+07:00", "satelit": "NASA-SNPP", "confidence": "Medium"}}, {"type": "Feature", "geometry": {"type": "Point", "coordinates": [110.91885, 0.17811]}, "properties": {"kab_kota": "SEKADAU", "kecamatan": "Sekadau Hilir", "desa": "Timpuk", "tanggal": "2026-08-09", "timestamp": "2026-08-09T13:35:00+07:00", "satelit": "NASA-SNPP", "confidence": "Medium"}}, {"type": "Feature", "geometry": {"type": "Point", "coordinates": [110.90524, 0.18489]}, "properties": {"kab_kota": "SEKADAU", "kecamatan": "Sekadau Hilir", "desa": "Timpuk", "tanggal": "2026-08-09", "timestamp": "2026-08-09T13:35:00+07:00", "satelit": "NASA-SNPP", "confidence": "Medium"}}, {"type": "Feature", "geometry": {"type": "Point", "coordinates": [110.90935, 0.18553]}, "properties": {"kab_kota": "SEKADAU", "kecamatan": "Sekadau Hilir", "desa": "Timpuk", "tanggal": "2026-08-09", "timestamp": "2026-08-09T13:35:00+07:00", "satelit": "NASA-SNPP", "confidence": "Medium"}}, {"type": "Feature", "geometry": {"type": "Point", "coordinates": [110.91143, 0.19924]}, "properties": {"kab_kota": "SEKADAU", "kecamatan": "Sekadau Hilir", "desa": "Timpuk", "tanggal": "2026-08-09", "timestamp": "2026-08-09T13:35:00+07:00", "satelit": "NASA-SNPP", "confidence": "Medium"}}, {"type": "Feature", "geometry": {"type": "Point", "coordinates": [110.91184, 0.19955]}, "properties": {"kab_kota": "SEKADAU", "kecamatan": "Sekadau Hilir", "desa": "Timpuk", "tanggal": "2026-08-09", "timestamp": "2026-08-09T13:35:00+07:00", "satelit": "NASA-SNPP", "confidence": "Medium"}}, {"type": "Feature", "geometry": {"type": "Point", "coordinates": [110.91078, 0.2036]}, "properties": {"kab_kota": "SEKADAU", "kecamatan": "Sekadau Hilir", "desa": "Timpuk", "tanggal": "2026-08-09", "timestamp": "2026-08-09T13:35:00+07:00", "satelit": "NASA-SNPP", "confidence": "Medium"}}, {"type": "Feature", "geometry": {"type": "Point", "coordinates": [110.92567, 0.21949]}, "properties": {"kab_kota": "SEKADAU", "kecamatan": "Sekadau Hilir", "desa": "Timpuk", "tanggal": "2026-08-09", "timestamp": "2026-08-09T13:35:00+07:00", "satelit": "NASA-SNPP", "confidence": "Medium"}}, {"type": "Feature", "geometry": {"type": "Point", "coordinates": [110.93765, 0.22577]}, "properties": {"kab_kota": "SEKADAU", "kecamatan": "Sekadau Hilir", "desa": "Timpuk", "tanggal": "2026-08-09", "timestamp": "2026-08-09T13:35:00+07:00", "satelit": "NASA-SNPP", "confidence": "Medium"}}, {"type": "Feature", "geometry": {"type": "Point", "coordinates": [110.97393, 0.14617]}, "properties": {"kab_kota": "SEKADAU", "kecamatan": "Sekadau Hilir", "desa": "Timpuk", "tanggal": "2026-08-10", "timestamp": "2026-08-10T13:18:00+07:00", "satelit": "NASA-SNPP", "confidence": "Medium"}}, {"type": "Feature", "geometry": {"type": "Point", "coordinates": [110.97343, 0.14955]}, "properties": {"kab_kota": "SEKADAU", "kecamatan": "Sekadau Hilir", "desa": "Timpuk", "tanggal": "2026-08-10", "timestamp": "2026-08-10T13:18:00+07:00", "satelit": "NASA-SNPP", "confidence": "Medium"}}, {"type": "Feature", "geometry": {"type": "Point", "coordinates": [110.93241, 0.15209]}, "properties": {"kab_kota": "SEKADAU", "kecamatan": "Sekadau Hilir", "desa": "Timpuk", "tanggal": "2026-08-14", "timestamp": "2026-08-14T13:42:00+07:00", "satelit": "NASA-SNPP", "confidence": "Medium"}}, {"type": "Feature", "geometry": {"type": "Point", "coordinates": [110.92348, 0.15811]}, "properties": {"kab_kota": "SEKADAU", "kecamatan": "Sekadau Hilir", "desa": "Timpuk", "tanggal": "2026-08-15", "timestamp": "2026-08-15T13:25:00+07:00", "satelit": "NASA-SNPP", "confidence": "Medium"}}, {"type": "Feature", "geometry": {"type": "Point", "coordinates": [110.91435, 0.18422]}, "properties": {"kab_kota": "SEKADAU", "kecamatan": "Sekadau Hilir", "desa": "Timpuk", "tanggal": "2026-08-16", "timestamp": "2026-08-16T13:03:00+07:00", "satelit": "NASA-SNPP", "confidence": "Medium"}}, {"type": "Feature", "geometry": {"type": "Point", "coordinates": [110.91008, 0.19083]}, "properties": {"kab_kota": "SEKADAU", "kecamatan": "Sekadau Hilir", "desa": "Timpuk", "tanggal": "2026-08-19", "timestamp": "2026-08-19T13:50:00+07:00", "satelit": "NASA-SNPP", "confidence": "Medium"}}, {"type": "Feature", "geometry": {"type": "Point", "coordinates": [110.94274, 0.22927]}, "properties": {"kab_kota": "SEKADAU", "kecamatan": "Sekadau Hilir", "desa": "Timpuk", "tanggal": "2026-08-19", "timestamp": "2026-08-19T13:50:00+07:00", "satelit": "NASA-SNPP", "confidence": "Medium"}}, {"type": "Feature", "geometry": {"type": "Point", "coordinates": [110.93844, 0.19398]}, "properties": {"kab_kota": "SEKADAU", "kecamatan": "Sekadau Hilir", "desa": "Timpuk", "tanggal": "2026-08-20", "timestamp": "2026-08-20T13:29:00+07:00", "satelit": "NASA-SNPP", "confidence": "Medium"}}, {"type": "Feature", "geometry": {"type": "Point", "coordinates": [110.91322, 0.19408]}, "properties": {"kab_kota": "SEKADAU", "kecamatan": "Sekadau Hilir", "desa": "Timpuk", "tanggal": "2026-08-20", "timestamp": "2026-08-20T13:29:00+07:00", "satelit": "NASA-SNPP", "confidence": "Medium"}}, {"type": "Feature", "geometry": {"type": "Point", "coordinates": [110.96877, 0.13331]}, "properties": {"kab_kota": "SEKADAU", "kecamatan": "Sekadau Hilir", "desa": "Timpuk", "tanggal": "2026-08-22", "timestamp": "2026-08-22T12:53:00+07:00", "satelit": "NASA-SNPP", "confidence": "Medium"}}, {"type": "Feature", "geometry": {"type": "Point", "coordinates": [110.91113, -0.13197]}, "properties": {"kab_kota": "SEKADAU", "kecamatan": "Sekadau Hulu", "desa": "Boti", "tanggal": "2026-08-05", "timestamp": "2026-08-05T13:10:00+07:00", "satelit": "NASA-SNPP", "confidence": "Medium"}}, {"type": "Feature", "geometry": {"type": "Point", "coordinates": [110.9641, -0.11223]}, "properties": {"kab_kota": "SEKADAU", "kecamatan": "Sekadau Hulu", "desa": "Boti", "tanggal": "2026-08-29", "timestamp": "2026-08-29T14:01:00+07:00", "satelit": "NASA-SNPP", "confidence": "Medium"}}, {"type": "Feature", "geometry": {"type": "Point", "coordinates": [110.93506, -0.11013]}, "properties": {"kab_kota": "SEKADAU", "kecamatan": "Sekadau Hulu", "desa": "Boti", "tanggal": "2026-08-29", "timestamp": "2026-08-29T14:01:00+07:00", "satelit": "NASA-SNPP", "confidence": "Medium"}}, {"type": "Feature", "geometry": {"type": "Point", "coordinates": [110.91086, -0.08935]}, "properties": {"kab_kota": "SEKADAU", "kecamatan": "Sekadau Hulu", "desa": "Boti", "tanggal": "2026-08-29", "timestamp": "2026-08-29T14:01:00+07:00", "satelit": "NASA-SNPP", "confidence": "Medium"}}, {"type": "Feature", "geometry": {"type": "Point", "coordinates": [110.96665, -0.1008]}, "properties": {"kab_kota": "SEKADAU", "kecamatan": "Sekadau Hulu", "desa": "Boti", "tanggal": "2026-08-30", "timestamp": "2026-08-30T13:42:00+07:00", "satelit": "NASA-SNPP", "confidence": "Medium"}}, {"type": "Feature", "geometry": {"type": "Point", "coordinates": [110.97191, -0.10001]}, "properties": {"kab_kota": "SEKADAU", "kecamatan": "Sekadau Hulu", "desa": "Boti", "tanggal": "2026-08-30", "timestamp": "2026-08-30T13:42:00+07:00", "satelit": "NASA-SNPP", "confidence": "Medium"}}, {"type": "Feature", "geometry": {"type": "Point", "coordinates": [110.96789, -0.09928]}, "properties": {"kab_kota": "SEKADAU", "kecamatan": "Sekadau Hulu", "desa": "Boti", "tanggal": "2026-08-30", "timestamp": "2026-08-30T13:42:00+07:00", "satelit": "NASA-SNPP", "confidence": "Medium"}}, {"type": "Feature", "geometry": {"type": "Point", "coordinates": [110.9724, -0.09637]}, "properties": {"kab_kota": "SEKADAU", "kecamatan": "Sekadau Hulu", "desa": "Boti", "tanggal": "2026-08-31", "timestamp": "2026-08-31T13:22:00+07:00", "satelit": "NASA-SNPP", "confidence": "Medium"}}, {"type": "Feature", "geometry": {"type": "Point", "coordinates": [110.92377, -0.21554]}, "properties": {"kab_kota": "SEKADAU", "kecamatan": "Sekadau Hulu", "desa": "Cupang Gading", "tanggal": "2026-08-02", "timestamp": "2026-08-02T12:25:00+07:00", "satelit": "NASA-SNPP", "confidence": "Medium"}}, {"type": "Feature", "geometry": {"type": "Point", "coordinates": [110.90131, -0.24824]}, "properties": {"kab_kota": "SEKADAU", "kecamatan": "Sekadau Hulu", "desa": "Cupang Gading", "tanggal": "2026-08-05", "timestamp": "2026-08-05T13:10:00+07:00", "satelit": "NASA-SNPP", "confidence": "Medium"}}, {"type": "Feature", "geometry": {"type": "Point", "coordinates": [110.91116, -0.24333]}, "properties": {"kab_kota": "SEKADAU", "kecamatan": "Sekadau Hulu", "desa": "Cupang Gading", "tanggal": "2026-08-05", "timestamp": "2026-08-05T13:10:00+07:00", "satelit": "NASA-SNPP", "confidence": "Medium"}}, {"type": "Feature", "geometry": {"type": "Point", "coordinates": [110.92796, -0.23736]}, "properties": {"kab_kota": "SEKADAU", "kecamatan": "Sekadau Hulu", "desa": "Cupang Gading", "tanggal": "2026-08-05", "timestamp": "2026-08-05T13:10:00+07:00", "satelit": "NASA-SNPP", "confidence": "Medium"}}, {"type": "Feature", "geometry": {"type": "Point", "coordinates": [110.91607, -0.22895]}, "properties": {"kab_kota": "SEKADAU", "kecamatan": "Sekadau Hulu", "desa": "Cupang Gading", "tanggal": "2026-08-05", "timestamp": "2026-08-05T13:10:00+07:00", "satelit": "NASA-SNPP", "confidence": "Medium"}}, {"type": "Feature", "geometry": {"type": "Point", "coordinates": [110.9294, -0.22351]}, "properties": {"kab_kota": "SEKADAU", "kecamatan": "Sekadau Hulu", "desa": "Cupang Gading", "tanggal": "2026-08-05", "timestamp": "2026-08-05T13:10:00+07:00", "satelit": "NASA-SNPP", "confidence": "Medium"}}, {"type": "Feature", "geometry": {"type": "Point", "coordinates": [110.9023, -0.24324]}, "properties": {"kab_kota": "SEKADAU", "kecamatan": "Sekadau Hulu", "desa": "Cupang Gading", "tanggal": "2026-08-06", "timestamp": "2026-08-06T12:53:00+07:00", "satelit": "NASA-SNPP", "confidence": "Medium"}}, {"type": "Feature", "geometry": {"type": "Point", "coordinates": [110.94019, -0.22903]}, "properties": {"kab_kota": "SEKADAU", "kecamatan": "Sekadau Hulu", "desa": "Cupang Gading", "tanggal": "2026-08-06", "timestamp": "2026-08-06T12:53:00+07:00", "satelit": "NASA-SNPP", "confidence": "Medium"}}, {"type": "Feature", "geometry": {"type": "Point", "coordinates": [110.90516, -0.23145]}, "properties": {"kab_kota": "SEKADAU", "kecamatan": "Sekadau Hulu", "desa": "Cupang Gading", "tanggal": "2026-08-11", "timestamp": "2026-08-11T12:57:00+07:00", "satelit": "NASA-SNPP", "confidence": "Medium"}}, {"type": "Feature", "geometry": {"type": "Point", "coordinates": [110.9016, -0.23046]}, "properties": {"kab_kota": "SEKADAU", "kecamatan": "Sekadau Hulu", "desa": "Cupang Gading", "tanggal": "2026-08-11", "timestamp": "2026-08-11T12:57:00+07:00", "satelit": "NASA-SNPP", "confidence": "Medium"}}, {"type": "Feature", "geometry": {"type": "Point", "coordinates": [110.90021, -0.2284]}, "properties": {"kab_kota": "SEKADAU", "kecamatan": "Sekadau Hulu", "desa": "Cupang Gading", "tanggal": "2026-08-11", "timestamp": "2026-08-11T12:57:00+07:00", "satelit": "NASA-SNPP", "confidence": "Medium"}}, {"type": "Feature", "geometry": {"type": "Point", "coordinates": [110.88605, -0.22462]}, "properties": {"kab_kota": "SEKADAU", "kecamatan": "Sekadau Hulu", "desa": "Cupang Gading", "tanggal": "2026-08-14", "timestamp": "2026-08-14T13:42:00+07:00", "satelit": "NASA-SNPP", "confidence": "Medium"}}, {"type": "Feature", "geometry": {"type": "Point", "coordinates": [110.86267, -0.18204]}, "properties": {"kab_kota": "SEKADAU", "kecamatan": "Sekadau Hulu", "desa": "Cupang Gading", "tanggal": "2026-08-15", "timestamp": "2026-08-15T13:25:00+07:00", "satelit": "NASA-SNPP", "confidence": "Medium"}}, {"type": "Feature", "geometry": {"type": "Point", "coordinates": [110.86552, -0.18044]}, "properties": {"kab_kota": "SEKADAU", "kecamatan": "Sekadau Hulu", "desa": "Cupang Gading", "tanggal": "2026-08-15", "timestamp": "2026-08-15T13:25:00+07:00", "satelit": "NASA-SNPP", "confidence": "Medium"}}, {"type": "Feature", "geometry": {"type": "Point", "coordinates": [110.89847, -0.23304]}, "properties": {"kab_kota": "SEKADAU", "kecamatan": "Sekadau Hulu", "desa": "Cupang Gading", "tanggal": "2026-08-16", "timestamp": "2026-08-16T13:03:00+07:00", "satelit": "NASA-SNPP", "confidence": "Medium"}}, {"type": "Feature", "geometry": {"type": "Point", "coordinates": [110.87938, -0.23244]}, "properties": {"kab_kota": "SEKADAU", "kecamatan": "Sekadau Hulu", "desa": "Cupang Gading", "tanggal": "2026-08-16", "timestamp": "2026-08-16T13:03:00+07:00", "satelit": "NASA-SNPP", "confidence": "Medium"}}, {"type": "Feature", "geometry": {"type": "Point", "coordinates": [110.87885, -0.22899]}, "properties": {"kab_kota": "SEKADAU", "kecamatan": "Sekadau Hulu", "desa": "Cupang Gading", "tanggal": "2026-08-16", "timestamp": "2026-08-16T13:03:00+07:00", "satelit": "NASA-SNPP", "confidence": "Medium"}}, {"type": "Feature", "geometry": {"type": "Point", "coordinates": [110.91215, -0.25262]}, "properties": {"kab_kota": "SEKADAU", "kecamatan": "Sekadau Hulu", "desa": "Cupang Gading", "tanggal": "2026-08-22", "timestamp": "2026-08-22T12:53:00+07:00", "satelit": "NASA-SNPP", "confidence": "Medium"}}, {"type": "Feature", "geometry": {"type": "Point", "coordinates": [110.86755, -0.1791]}, "properties": {"kab_kota": "SEKADAU", "kecamatan": "Sekadau Hulu", "desa": "Cupang Gading", "tanggal": "2026-08-30", "timestamp": "2026-08-30T13:42:00+07:00", "satelit": "NASA-SNPP", "confidence": "Medium"}}, {"type": "Feature", "geometry": {"type": "Point", "coordinates": [110.95102, -0.23043]}, "properties": {"kab_kota": "SEKADAU", "kecamatan": "Sekadau Hulu", "desa": "Mondi", "tanggal": "2026-08-02", "timestamp": "2026-08-02T12:25:00+07:00", "satelit": "NASA-SNPP", "confidence": "Medium"}}, {"type": "Feature", "geometry": {"type": "Point", "coordinates": [110.9286, -0.21479]}, "properties": {"kab_kota": "SEKADAU", "kecamatan": "Sekadau Hulu", "desa": "Mondi", "tanggal": "2026-08-02", "timestamp": "2026-08-02T12:25:00+07:00", "satelit": "NASA-SNPP", "confidence": "Medium"}}, {"type": "Feature", "geometry": {"type": "Point", "coordinates": [110.96794, -0.22103]}, "properties": {"kab_kota": "SEKADAU", "kecamatan": "Sekadau Hulu", "desa": "Mondi", "tanggal": "2026-08-05", "timestamp": "2026-08-05T13:10:00+07:00", "satelit": "NASA-SNPP", "confidence": "Medium"}}, {"type": "Feature", "geometry": {"type": "Point", "coordinates": [110.9714, -0.2205]}, "properties": {"kab_kota": "SEKADAU", "kecamatan": "Sekadau Hulu", "desa": "Mondi", "tanggal": "2026-08-05", "timestamp": "2026-08-05T13:10:00+07:00", "satelit": "NASA-SNPP", "confidence": "Medium"}}, {"type": "Feature", "geometry": {"type": "Point", "coordinates": [110.92889, -0.22018]}, "properties": {"kab_kota": "SEKADAU", "kecamatan": "Sekadau Hulu", "desa": "Mondi", "tanggal": "2026-08-05", "timestamp": "2026-08-05T13:10:00+07:00", "satelit": "NASA-SNPP", "confidence": "Medium"}}, {"type": "Feature", "geometry": {"type": "Point", "coordinates": [110.94964, -0.21702]}, "properties": {"kab_kota": "SEKADAU", "kecamatan": "Sekadau Hulu", "desa": "Mondi", "tanggal": "2026-08-05", "timestamp": "2026-08-05T13:10:00+07:00", "satelit": "NASA-SNPP", "confidence": "Medium"}}, {"type": "Feature", "geometry": {"type": "Point", "coordinates": [110.94518, -0.21089]}, "properties": {"kab_kota": "SEKADAU", "kecamatan": "Sekadau Hulu", "desa": "Mondi", "tanggal": "2026-08-05", "timestamp": "2026-08-05T13:10:00+07:00", "satelit": "NASA-SNPP", "confidence": "Medium"}}, {"type": "Feature", "geometry": {"type": "Point", "coordinates": [110.94813, -0.20703]}, "properties": {"kab_kota": "SEKADAU", "kecamatan": "Sekadau Hulu", "desa": "Mondi", "tanggal": "2026-08-05", "timestamp": "2026-08-05T13:10:00+07:00", "satelit": "NASA-SNPP", "confidence": "Medium"}}, {"type": "Feature", "geometry": {"type": "Point", "coordinates": [110.94962, -0.21925]}, "properties": {"kab_kota": "SEKADAU", "kecamatan": "Sekadau Hulu", "desa": "Mondi", "tanggal": "2026-08-06", "timestamp": "2026-08-06T12:53:00+07:00", "satelit": "NASA-SNPP", "confidence": "Medium"}}, {"type": "Feature", "geometry": {"type": "Point", "coordinates": [110.95671, -0.21815]}, "properties": {"kab_kota": "SEKADAU", "kecamatan": "Sekadau Hulu", "desa": "Mondi", "tanggal": "2026-08-06", "timestamp": "2026-08-06T12:53:00+07:00", "satelit": "NASA-SNPP", "confidence": "Medium"}}, {"type": "Feature", "geometry": {"type": "Point", "coordinates": [111.02422, -0.25824]}, "properties": {"kab_kota": "SEKADAU", "kecamatan": "Sekadau Hulu", "desa": "Mondi", "tanggal": "2026-08-09", "timestamp": "2026-08-09T13:35:00+07:00", "satelit": "NASA-SNPP", "confidence": "Medium"}}, {"type": "Feature", "geometry": {"type": "Point", "coordinates": [110.94479, -0.21842]}, "properties": {"kab_kota": "SEKADAU", "kecamatan": "Sekadau Hulu", "desa": "Mondi", "tanggal": "2026-08-12", "timestamp": "2026-08-12T12:40:00+07:00", "satelit": "NASA-SNPP", "confidence": "Medium"}}, {"type": "Feature", "geometry": {"type": "Point", "coordinates": [110.97208, -0.22605]}, "properties": {"kab_kota": "SEKADAU", "kecamatan": "Sekadau Hulu", "desa": "Mondi", "tanggal": "2026-08-14", "timestamp": "2026-08-14T13:42:00+07:00", "satelit": "NASA-SNPP", "confidence": "Medium"}}, {"type": "Feature", "geometry": {"type": "Point", "coordinates": [111.0183, -0.23197]}, "properties": {"kab_kota": "SEKADAU", "kecamatan": "Sekadau Hulu", "desa": "Mondi", "tanggal": "2026-08-22", "timestamp": "2026-08-22T12:53:00+07:00", "satelit": "NASA-SNPP", "confidence": "Medium"}}, {"type": "Feature", "geometry": {"type": "Point", "coordinates": [110.96321, -0.27904]}, "properties": {"kab_kota": "SEKADAU", "kecamatan": "Sekadau Hulu", "desa": "Nanga Biaban", "tanggal": "2026-08-05", "timestamp": "2026-08-05T13:10:00+07:00", "satelit": "NASA-SNPP", "confidence": "Medium"}}, {"type": "Feature", "geometry": {"type": "Point", "coordinates": [110.96271, -0.27571]}, "properties": {"kab_kota": "SEKADAU", "kecamatan": "Sekadau Hulu", "desa": "Nanga Biaban", "tanggal": "2026-08-05", "timestamp": "2026-08-05T13:10:00+07:00", "satelit": "NASA-SNPP", "confidence": "Medium"}}, {"type": "Feature", "geometry": {"type": "Point", "coordinates": [110.99077, -0.2913]}, "properties": {"kab_kota": "SEKADAU", "kecamatan": "Sekadau Hulu", "desa": "Nanga Biaban", "tanggal": "2026-08-06", "timestamp": "2026-08-06T12:53:00+07:00", "satelit": "NASA-SNPP", "confidence": "Medium"}}, {"type": "Feature", "geometry": {"type": "Point", "coordinates": [110.99018, -0.28723]}, "properties": {"kab_kota": "SEKADAU", "kecamatan": "Sekadau Hulu", "desa": "Nanga Biaban", "tanggal": "2026-08-06", "timestamp": "2026-08-06T12:53:00+07:00", "satelit": "NASA-SNPP", "confidence": "Medium"}}, {"type": "Feature", "geometry": {"type": "Point", "coordinates": [110.95895, -0.28319]}, "properties": {"kab_kota": "SEKADAU", "kecamatan": "Sekadau Hulu", "desa": "Nanga Biaban", "tanggal": "2026-08-07", "timestamp": "2026-08-07T12:33:00+07:00", "satelit": "NASA-SNPP", "confidence": "Medium"}}, {"type": "Feature", "geometry": {"type": "Point", "coordinates": [110.95599, -0.25112]}, "properties": {"kab_kota": "SEKADAU", "kecamatan": "Sekadau Hulu", "desa": "Nanga Biaban", "tanggal": "2026-08-09", "timestamp": "2026-08-09T13:35:00+07:00", "satelit": "NASA-SNPP", "confidence": "Medium"}}, {"type": "Feature", "geometry": {"type": "Point", "coordinates": [110.94318, -0.24869]}, "properties": {"kab_kota": "SEKADAU", "kecamatan": "Sekadau Hulu", "desa": "Nanga Biaban", "tanggal": "2026-08-09", "timestamp": "2026-08-09T13:35:00+07:00", "satelit": "NASA-SNPP", "confidence": "Medium"}}, {"type": "Feature", "geometry": {"type": "Point", "coordinates": [110.94256, -0.24435]}, "properties": {"kab_kota": "SEKADAU", "kecamatan": "Sekadau Hulu", "desa": "Nanga Biaban", "tanggal": "2026-08-09", "timestamp": "2026-08-09T13:35:00+07:00", "satelit": "NASA-SNPP", "confidence": "Medium"}}, {"type": "Feature", "geometry": {"type": "Point", "coordinates": [110.95469, -0.24244]}, "properties": {"kab_kota": "SEKADAU", "kecamatan": "Sekadau Hulu", "desa": "Nanga Biaban", "tanggal": "2026-08-09", "timestamp": "2026-08-09T13:35:00+07:00", "satelit": "NASA-SNPP", "confidence": "Medium"}}, {"type": "Feature", "geometry": {"type": "Point", "coordinates": [110.97328, -0.27706]}, "properties": {"kab_kota": "SEKADAU", "kecamatan": "Sekadau Hulu", "desa": "Nanga Biaban", "tanggal": "2026-08-16", "timestamp": "2026-08-16T13:03:00+07:00", "satelit": "NASA-SNPP", "confidence": "Medium"}}, {"type": "Feature", "geometry": {"type": "Point", "coordinates": [110.96153, -0.27532]}, "properties": {"kab_kota": "SEKADAU", "kecamatan": "Sekadau Hulu", "desa": "Nanga Biaban", "tanggal": "2026-08-16", "timestamp": "2026-08-16T13:03:00+07:00", "satelit": "NASA-SNPP", "confidence": "Medium"}}, {"type": "Feature", "geometry": {"type": "Point", "coordinates": [110.96526, -0.27475]}, "properties": {"kab_kota": "SEKADAU", "kecamatan": "Sekadau Hulu", "desa": "Nanga Biaban", "tanggal": "2026-08-16", "timestamp": "2026-08-16T13:03:00+07:00", "satelit": "NASA-SNPP", "confidence": "Medium"}}, {"type": "Feature", "geometry": {"type": "Point", "coordinates": [110.94901, -0.26402]}, "properties": {"kab_kota": "SEKADAU", "kecamatan": "Sekadau Hulu", "desa": "Nanga Biaban", "tanggal": "2026-08-16", "timestamp": "2026-08-16T13:03:00+07:00", "satelit": "NASA-SNPP", "confidence": "Medium"}}, {"type": "Feature", "geometry": {"type": "Point", "coordinates": [110.94836, -0.26322]}, "properties": {"kab_kota": "SEKADAU", "kecamatan": "Sekadau Hulu", "desa": "Nanga Biaban", "tanggal": "2026-08-16", "timestamp": "2026-08-16T13:03:00+07:00", "satelit": "NASA-SNPP", "confidence": "Medium"}}, {"type": "Feature", "geometry": {"type": "Point", "coordinates": [110.92095, -0.25426]}, "properties": {"kab_kota": "SEKADAU", "kecamatan": "Sekadau Hulu", "desa": "Nanga Biaban", "tanggal": "2026-08-16", "timestamp": "2026-08-16T13:03:00+07:00", "satelit": "NASA-SNPP", "confidence": "Medium"}}, {"type": "Feature", "geometry": {"type": "Point", "coordinates": [110.93822, -0.06954]}, "properties": {"kab_kota": "SEKADAU", "kecamatan": "Sekadau Hulu", "desa": "Nanga Menterap", "tanggal": "2026-08-01", "timestamp": "2026-08-01T12:46:00+07:00", "satelit": "NASA-SNPP", "confidence": "Medium"}}, {"type": "Feature", "geometry": {"type": "Point", "coordinates": [110.95251, -0.07797]}, "properties": {"kab_kota": "SEKADAU", "kecamatan": "Sekadau Hulu", "desa": "Nanga Menterap", "tanggal": "2026-08-05", "timestamp": "2026-08-05T13:10:00+07:00", "satelit": "NASA-SNPP", "confidence": "Medium"}}, {"type": "Feature", "geometry": {"type": "Point", "coordinates": [110.96137, -0.06641]}, "properties": {"kab_kota": "SEKADAU", "kecamatan": "Sekadau Hulu", "desa": "Nanga Menterap", "tanggal": "2026-08-05", "timestamp": "2026-08-05T13:10:00+07:00", "satelit": "NASA-SNPP", "confidence": "Medium"}}, {"type": "Feature", "geometry": {"type": "Point", "coordinates": [110.96111, -0.08455]}, "properties": {"kab_kota": "SEKADAU", "kecamatan": "Sekadau Hulu", "desa": "Nanga Menterap", "tanggal": "2026-08-06", "timestamp": "2026-08-06T12:53:00+07:00", "satelit": "NASA-SNPP", "confidence": "Medium"}}, {"type": "Feature", "geometry": {"type": "Point", "coordinates": [110.96464, -0.08401]}, "properties": {"kab_kota": "SEKADAU", "kecamatan": "Sekadau Hulu", "desa": "Nanga Menterap", "tanggal": "2026-08-06", "timestamp": "2026-08-06T12:53:00+07:00", "satelit": "NASA-SNPP", "confidence": "Medium"}}, {"type": "Feature", "geometry": {"type": "Point", "coordinates": [110.96575, -0.06724]}, "properties": {"kab_kota": "SEKADAU", "kecamatan": "Sekadau Hulu", "desa": "Nanga Menterap", "tanggal": "2026-08-06", "timestamp": "2026-08-06T12:53:00+07:00", "satelit": "NASA-SNPP", "confidence": "Medium"}}, {"type": "Feature", "geometry": {"type": "Point", "coordinates": [110.9361, -0.06341]}, "properties": {"kab_kota": "SEKADAU", "kecamatan": "Sekadau Hulu", "desa": "Nanga Menterap", "tanggal": "2026-08-06", "timestamp": "2026-08-06T12:53:00+07:00", "satelit": "NASA-SNPP", "confidence": "Medium"}}, {"type": "Feature", "geometry": {"type": "Point", "coordinates": [110.93586, -0.05994]}, "properties": {"kab_kota": "SEKADAU", "kecamatan": "Sekadau Hulu", "desa": "Nanga Menterap", "tanggal": "2026-08-06", "timestamp": "2026-08-06T12:53:00+07:00", "satelit": "NASA-SNPP", "confidence": "Medium"}}, {"type": "Feature", "geometry": {"type": "Point", "coordinates": [110.93549, -0.05935]}, "properties": {"kab_kota": "SEKADAU", "kecamatan": "Sekadau Hulu", "desa": "Nanga Menterap", "tanggal": "2026-08-06", "timestamp": "2026-08-06T12:53:00+07:00", "satelit": "NASA-SNPP", "confidence": "Medium"}}, {"type": "Feature", "geometry": {"type": "Point", "coordinates": [110.96088, -0.07537]}, "properties": {"kab_kota": "SEKADAU", "kecamatan": "Sekadau Hulu", "desa": "Nanga Menterap", "tanggal": "2026-08-10", "timestamp": "2026-08-10T13:18:00+07:00", "satelit": "NASA-SNPP", "confidence": "Medium"}}, {"type": "Feature", "geometry": {"type": "Point", "coordinates": [110.96343, -0.06806]}, "properties": {"kab_kota": "SEKADAU", "kecamatan": "Sekadau Hulu", "desa": "Nanga Menterap", "tanggal": "2026-08-10", "timestamp": "2026-08-10T13:18:00+07:00", "satelit": "NASA-SNPP", "confidence": "Medium"}}, {"type": "Feature", "geometry": {"type": "Point", "coordinates": [110.95901, -0.0754]}, "properties": {"kab_kota": "SEKADAU", "kecamatan": "Sekadau Hulu", "desa": "Nanga Menterap", "tanggal": "2026-08-11", "timestamp": "2026-08-11T12:57:00+07:00", "satelit": "NASA-SNPP", "confidence": "Medium"}}, {"type": "Feature", "geometry": {"type": "Point", "coordinates": [110.95844, -0.07171]}, "properties": {"kab_kota": "SEKADAU", "kecamatan": "Sekadau Hulu", "desa": "Nanga Menterap", "tanggal": "2026-08-11", "timestamp": "2026-08-11T12:57:00+07:00", "satelit": "NASA-SNPP", "confidence": "Medium"}}, {"type": "Feature", "geometry": {"type": "Point", "coordinates": [110.90698, -0.05317]}, "properties": {"kab_kota": "SEKADAU", "kecamatan": "Sekadau Hulu", "desa": "Nanga Menterap", "tanggal": "2026-08-11", "timestamp": "2026-08-11T12:57:00+07:00", "satelit": "NASA-SNPP", "confidence": "Medium"}}, {"type": "Feature", "geometry": {"type": "Point", "coordinates": [110.92319, -0.04313]}, "properties": {"kab_kota": "SEKADAU", "kecamatan": "Sekadau Hulu", "desa": "Nanga Menterap", "tanggal": "2026-08-11", "timestamp": "2026-08-11T12:57:00+07:00", "satelit": "NASA-SNPP", "confidence": "Medium"}}, {"type": "Feature", "geometry": {"type": "Point", "coordinates": [110.95269, -0.07734]}, "properties": {"kab_kota": "SEKADAU", "kecamatan": "Sekadau Hulu", "desa": "Nanga Menterap", "tanggal": "2026-08-14", "timestamp": "2026-08-14T13:42:00+07:00", "satelit": "NASA-SNPP", "confidence": "Medium"}}, {"type": "Feature", "geometry": {"type": "Point", "coordinates": [110.97521, -0.05581]}, "properties": {"kab_kota": "SEKADAU", "kecamatan": "Sekadau Hulu", "desa": "Nanga Menterap", "tanggal": "2026-08-14", "timestamp": "2026-08-14T13:42:00+07:00", "satelit": "NASA-SNPP", "confidence": "Medium"}}, {"type": "Feature", "geometry": {"type": "Point", "coordinates": [110.97095, -0.05456]}, "properties": {"kab_kota": "SEKADAU", "kecamatan": "Sekadau Hulu", "desa": "Nanga Menterap", "tanggal": "2026-08-14", "timestamp": "2026-08-14T13:42:00+07:00", "satelit": "NASA-SNPP", "confidence": "Medium"}}, {"type": "Feature", "geometry": {"type": "Point", "coordinates": [110.97624, -0.05371]}, "properties": {"kab_kota": "SEKADAU", "kecamatan": "Sekadau Hulu", "desa": "Nanga Menterap", "tanggal": "2026-08-14", "timestamp": "2026-08-14T13:42:00+07:00", "satelit": "NASA-SNPP", "confidence": "Medium"}}, {"type": "Feature", "geometry": {"type": "Point", "coordinates": [110.96217, -0.07543]}, "properties": {"kab_kota": "SEKADAU", "kecamatan": "Sekadau Hulu", "desa": "Nanga Menterap", "tanggal": "2026-08-15", "timestamp": "2026-08-15T13:25:00+07:00", "satelit": "NASA-SNPP", "confidence": "Medium"}}, {"type": "Feature", "geometry": {"type": "Point", "coordinates": [110.94493, -0.07077]}, "properties": {"kab_kota": "SEKADAU", "kecamatan": "Sekadau Hulu", "desa": "Nanga Menterap", "tanggal": "2026-08-15", "timestamp": "2026-08-15T13:25:00+07:00", "satelit": "NASA-SNPP", "confidence": "Medium"}}, {"type": "Feature", "geometry": {"type": "Point", "coordinates": [111.02062, -0.06429]}, "properties": {"kab_kota": "SEKADAU", "kecamatan": "Sekadau Hulu", "desa": "Nanga Menterap", "tanggal": "2026-08-16", "timestamp": "2026-08-16T13:03:00+07:00", "satelit": "NASA-SNPP", "confidence": "Medium"}}, {"type": "Feature", "geometry": {"type": "Point", "coordinates": [110.9249, -0.05824]}, "properties": {"kab_kota": "SEKADAU", "kecamatan": "Sekadau Hulu", "desa": "Nanga Menterap", "tanggal": "2026-08-18", "timestamp": "2026-08-18T14:07:00+07:00", "satelit": "NASA-SNPP", "confidence": "Medium"}}, {"type": "Feature", "geometry": {"type": "Point", "coordinates": [110.98418, -0.06801]}, "properties": {"kab_kota": "SEKADAU", "kecamatan": "Sekadau Hulu", "desa": "Nanga Menterap", "tanggal": "2026-08-19", "timestamp": "2026-08-19T13:48:00+07:00", "satelit": "NASA-SNPP", "confidence": "Medium"}}, {"type": "Feature", "geometry": {"type": "Point", "coordinates": [110.98177, -0.067]}, "properties": {"kab_kota": "SEKADAU", "kecamatan": "Sekadau Hulu", "desa": "Nanga Menterap", "tanggal": "2026-08-19", "timestamp": "2026-08-19T13:48:00+07:00", "satelit": "NASA-SNPP", "confidence": "Medium"}}, {"type": "Feature", "geometry": {"type": "Point", "coordinates": [110.98277, -0.05022]}, "properties": {"kab_kota": "SEKADAU", "kecamatan": "Sekadau Hulu", "desa": "Nanga Menterap", "tanggal": "2026-08-19", "timestamp": "2026-08-19T13:48:00+07:00", "satelit": "NASA-SNPP", "confidence": "Medium"}}, {"type": "Feature", "geometry": {"type": "Point", "coordinates": [110.91586, -0.05325]}, "properties": {"kab_kota": "SEKADAU", "kecamatan": "Sekadau Hulu", "desa": "Nanga Menterap", "tanggal": "2026-08-20", "timestamp": "2026-08-20T13:29:00+07:00", "satelit": "NASA-SNPP", "confidence": "Medium"}}, {"type": "Feature", "geometry": {"type": "Point", "coordinates": [111.00248, -0.05628]}, "properties": {"kab_kota": "SEKADAU", "kecamatan": "Sekadau Hulu", "desa": "Nanga Menterap", "tanggal": "2026-08-22", "timestamp": "2026-08-22T12:53:00+07:00", "satelit": "NASA-SNPP", "confidence": "Medium"}}, {"type": "Feature", "geometry": {"type": "Point", "coordinates": [111.00177, -0.05619]}, "properties": {"kab_kota": "SEKADAU", "kecamatan": "Sekadau Hulu", "desa": "Nanga Menterap", "tanggal": "2026-08-22", "timestamp": "2026-08-22T12:53:00+07:00", "satelit": "NASA-SNPP", "confidence": "Medium"}}, {"type": "Feature", "geometry": {"type": "Point", "coordinates": [111.00186, -0.05223]}, "properties": {"kab_kota": "SEKADAU", "kecamatan": "Sekadau Hulu", "desa": "Nanga Menterap", "tanggal": "2026-08-22", "timestamp": "2026-08-22T12:53:00+07:00", "satelit": "NASA-SNPP", "confidence": "Medium"}}, {"type": "Feature", "geometry": {"type": "Point", "coordinates": [111.01842, -0.05854]}, "properties": {"kab_kota": "SEKADAU", "kecamatan": "Sekadau Hulu", "desa": "Nanga Menterap", "tanggal": "2026-08-25", "timestamp": "2026-08-25T13:35:00+07:00", "satelit": "NASA-SNPP", "confidence": "Medium"}}, {"type": "Feature", "geometry": {"type": "Point", "coordinates": [110.98927, -0.0569]}, "properties": {"kab_kota": "SEKADAU", "kecamatan": "Sekadau Hulu", "desa": "Nanga Menterap", "tanggal": "2026-08-26", "timestamp": "2026-08-26T13:18:00+07:00", "satelit": "NASA-SNPP", "confidence": "Medium"}}, {"type": "Feature", "geometry": {"type": "Point", "coordinates": [110.92939, -0.06402]}, "properties": {"kab_kota": "SEKADAU", "kecamatan": "Sekadau Hulu", "desa": "Nanga Menterap", "tanggal": "2026-08-28", "timestamp": "2026-08-28T12:40:00+07:00", "satelit": "NASA-SNPP", "confidence": "Medium"}}, {"type": "Feature", "geometry": {"type": "Point", "coordinates": [110.92946, -0.06246]}, "properties": {"kab_kota": "SEKADAU", "kecamatan": "Sekadau Hulu", "desa": "Nanga Menterap", "tanggal": "2026-08-28", "timestamp": "2026-08-28T12:40:00+07:00", "satelit": "NASA-SNPP", "confidence": "Medium"}}, {"type": "Feature", "geometry": {"type": "Point", "coordinates": [111.01543, -0.07007]}, "properties": {"kab_kota": "SEKADAU", "kecamatan": "Sekadau Hulu", "desa": "Nanga Menterap", "tanggal": "2026-08-29", "timestamp": "2026-08-29T14:01:00+07:00", "satelit": "NASA-SNPP", "confidence": "Medium"}}, {"type": "Feature", "geometry": {"type": "Point", "coordinates": [111.01664, -0.06616]}, "properties": {"kab_kota": "SEKADAU", "kecamatan": "Sekadau Hulu", "desa": "Nanga Menterap", "tanggal": "2026-08-29", "timestamp": "2026-08-29T14:01:00+07:00", "satelit": "NASA-SNPP", "confidence": "Medium"}}, {"type": "Feature", "geometry": {"type": "Point", "coordinates": [110.99462, -0.04632]}, "properties": {"kab_kota": "SEKADAU", "kecamatan": "Sekadau Hulu", "desa": "Nanga Menterap", "tanggal": "2026-08-29", "timestamp": "2026-08-29T14:01:00+07:00", "satelit": "NASA-SNPP", "confidence": "Medium"}}, {"type": "Feature", "geometry": {"type": "Point", "coordinates": [110.99564, -0.04231]}, "properties": {"kab_kota": "SEKADAU", "kecamatan": "Sekadau Hulu", "desa": "Nanga Menterap", "tanggal": "2026-08-29", "timestamp": "2026-08-29T14:01:00+07:00", "satelit": "NASA-SNPP", "confidence": "Medium"}}, {"type": "Feature", "geometry": {"type": "Point", "coordinates": [110.95397, -0.08789]}, "properties": {"kab_kota": "SEKADAU", "kecamatan": "Sekadau Hulu", "desa": "Nanga Menterap", "tanggal": "2026-08-30", "timestamp": "2026-08-30T13:42:00+07:00", "satelit": "NASA-SNPP", "confidence": "Medium"}}, {"type": "Feature", "geometry": {"type": "Point", "coordinates": [110.95525, -0.08645]}, "properties": {"kab_kota": "SEKADAU", "kecamatan": "Sekadau Hulu", "desa": "Nanga Menterap", "tanggal": "2026-08-30", "timestamp": "2026-08-30T13:42:00+07:00", "satelit": "NASA-SNPP", "confidence": "Medium"}}, {"type": "Feature", "geometry": {"type": "Point", "coordinates": [110.97841, -0.05351]}, "properties": {"kab_kota": "SEKADAU", "kecamatan": "Sekadau Hulu", "desa": "Nanga Menterap", "tanggal": "2026-08-31", "timestamp": "2026-08-31T13:22:00+07:00", "satelit": "NASA-SNPP", "confidence": "Medium"}}, {"type": "Feature", "geometry": {"type": "Point", "coordinates": [110.94509, -0.05127]}, "properties": {"kab_kota": "SEKADAU", "kecamatan": "Sekadau Hulu", "desa": "Nanga Menterap", "tanggal": "2026-08-31", "timestamp": "2026-08-31T13:22:00+07:00", "satelit": "NASA-SNPP", "confidence": "Medium"}}, {"type": "Feature", "geometry": {"type": "Point", "coordinates": [110.98133, -0.04575]}, "properties": {"kab_kota": "SEKADAU", "kecamatan": "Sekadau Hulu", "desa": "Nanga Menterap", "tanggal": "2026-08-31", "timestamp": "2026-08-31T13:22:00+07:00", "satelit": "NASA-SNPP", "confidence": "Medium"}}, {"type": "Feature", "geometry": {"type": "Point", "coordinates": [111.0449, -0.10471]}, "properties": {"kab_kota": "SEKADAU", "kecamatan": "Sekadau Hulu", "desa": "Nanga Pembubuh", "tanggal": "2026-08-05", "timestamp": "2026-08-05T13:10:00+07:00", "satelit": "NASA-SNPP", "confidence": "Medium"}}, {"type": "Feature", "geometry": {"type": "Point", "coordinates": [111.05404, -0.10138]}, "properties": {"kab_kota": "SEKADAU", "kecamatan": "Sekadau Hulu", "desa": "Nanga Pembubuh", "tanggal": "2026-08-09", "timestamp": "2026-08-09T13:35:00+07:00", "satelit": "NASA-SNPP", "confidence": "Medium"}}, {"type": "Feature", "geometry": {"type": "Point", "coordinates": [111.05441, -0.10106]}, "properties": {"kab_kota": "SEKADAU", "kecamatan": "Sekadau Hulu", "desa": "Nanga Pembubuh", "tanggal": "2026-08-09", "timestamp": "2026-08-09T13:35:00+07:00", "satelit": "NASA-SNPP", "confidence": "Medium"}}, {"type": "Feature", "geometry": {"type": "Point", "coordinates": [111.05337, -0.097]}, "properties": {"kab_kota": "SEKADAU", "kecamatan": "Sekadau Hulu", "desa": "Nanga Pembubuh", "tanggal": "2026-08-09", "timestamp": "2026-08-09T13:35:00+07:00", "satelit": "NASA-SNPP", "confidence": "Medium"}}, {"type": "Feature", "geometry": {"type": "Point", "coordinates": [111.05375, -0.09668]}, "properties": {"kab_kota": "SEKADAU", "kecamatan": "Sekadau Hulu", "desa": "Nanga Pembubuh", "tanggal": "2026-08-09", "timestamp": "2026-08-09T13:35:00+07:00", "satelit": "NASA-SNPP", "confidence": "Medium"}}, {"type": "Feature", "geometry": {"type": "Point", "coordinates": [111.05347, -0.10176]}, "properties": {"kab_kota": "SEKADAU", "kecamatan": "Sekadau Hulu", "desa": "Nanga Pembubuh", "tanggal": "2026-08-15", "timestamp": "2026-08-15T13:25:00+07:00", "satelit": "NASA-SNPP", "confidence": "Medium"}}, {"type": "Feature", "geometry": {"type": "Point", "coordinates": [111.06396, -0.1049]}, "properties": {"kab_kota": "SEKADAU", "kecamatan": "Sekadau Hulu", "desa": "Nanga Pembubuh", "tanggal": "2026-08-22", "timestamp": "2026-08-22T12:53:00+07:00", "satelit": "NASA-SNPP", "confidence": "Medium"}}, {"type": "Feature", "geometry": {"type": "Point", "coordinates": [111.07485, -0.20462]}, "properties": {"kab_kota": "SEKADAU", "kecamatan": "Sekadau Hulu", "desa": "Nanga Pembubuh", "tanggal": "2026-08-26", "timestamp": "2026-08-26T13:18:00+07:00", "satelit": "NASA-SNPP", "confidence": "Medium"}}, {"type": "Feature", "geometry": {"type": "Point", "coordinates": [111.07434, -0.20124]}, "properties": {"kab_kota": "SEKADAU", "kecamatan": "Sekadau Hulu", "desa": "Nanga Pembubuh", "tanggal": "2026-08-26", "timestamp": "2026-08-26T13:18:00+07:00", "satelit": "NASA-SNPP", "confidence": "Medium"}}, {"type": "Feature", "geometry": {"type": "Point", "coordinates": [110.88808, -0.08316]}, "properties": {"kab_kota": "SEKADAU", "kecamatan": "Sekadau Hulu", "desa": "Perongkan", "tanggal": "2026-08-06", "timestamp": "2026-08-06T12:53:00+07:00", "satelit": "NASA-SNPP", "confidence": "Medium"}}, {"type": "Feature", "geometry": {"type": "Point", "coordinates": [110.88743, -0.07909]}, "properties": {"kab_kota": "SEKADAU", "kecamatan": "Sekadau Hulu", "desa": "Perongkan", "tanggal": "2026-08-06", "timestamp": "2026-08-06T12:53:00+07:00", "satelit": "NASA-SNPP", "confidence": "Medium"}}, {"type": "Feature", "geometry": {"type": "Point", "coordinates": [110.86476, -0.09851]}, "properties": {"kab_kota": "SEKADAU", "kecamatan": "Sekadau Hulu", "desa": "Perongkan", "tanggal": "2026-08-08", "timestamp": "2026-08-08T13:57:00+07:00", "satelit": "NASA-SNPP", "confidence": "Medium"}}, {"type": "Feature", "geometry": {"type": "Point", "coordinates": [110.86617, -0.09616]}, "properties": {"kab_kota": "SEKADAU", "kecamatan": "Sekadau Hulu", "desa": "Perongkan", "tanggal": "2026-08-08", "timestamp": "2026-08-08T13:57:00+07:00", "satelit": "NASA-SNPP", "confidence": "Medium"}}, {"type": "Feature", "geometry": {"type": "Point", "coordinates": [110.90891, -0.08339]}, "properties": {"kab_kota": "SEKADAU", "kecamatan": "Sekadau Hulu", "desa": "Perongkan", "tanggal": "2026-08-08", "timestamp": "2026-08-08T13:57:00+07:00", "satelit": "NASA-SNPP", "confidence": "Medium"}}, {"type": "Feature", "geometry": {"type": "Point", "coordinates": [110.86205, -0.07321]}, "properties": {"kab_kota": "SEKADAU", "kecamatan": "Sekadau Hulu", "desa": "Perongkan", "tanggal": "2026-08-10", "timestamp": "2026-08-10T13:18:00+07:00", "satelit": "NASA-SNPP", "confidence": "Medium"}}, {"type": "Feature", "geometry": {"type": "Point", "coordinates": [110.84984, -0.06473]}, "properties": {"kab_kota": "SEKADAU", "kecamatan": "Sekadau Hulu", "desa": "Perongkan", "tanggal": "2026-08-10", "timestamp": "2026-08-10T13:18:00+07:00", "satelit": "NASA-SNPP", "confidence": "Medium"}}, {"type": "Feature", "geometry": {"type": "Point", "coordinates": [110.89506, -0.05842]}, "properties": {"kab_kota": "SEKADAU", "kecamatan": "Sekadau Hulu", "desa": "Perongkan", "tanggal": "2026-08-12", "timestamp": "2026-08-12T12:40:00+07:00", "satelit": "NASA-SNPP", "confidence": "Medium"}}, {"type": "Feature", "geometry": {"type": "Point", "coordinates": [110.87656, -0.08972]}, "properties": {"kab_kota": "SEKADAU", "kecamatan": "Sekadau Hulu", "desa": "Perongkan", "tanggal": "2026-08-16", "timestamp": "2026-08-16T13:03:00+07:00", "satelit": "NASA-SNPP", "confidence": "Medium"}}, {"type": "Feature", "geometry": {"type": "Point", "coordinates": [110.88668, -0.08113]}, "properties": {"kab_kota": "SEKADAU", "kecamatan": "Sekadau Hulu", "desa": "Perongkan", "tanggal": "2026-08-16", "timestamp": "2026-08-16T13:03:00+07:00", "satelit": "NASA-SNPP", "confidence": "Medium"}}, {"type": "Feature", "geometry": {"type": "Point", "coordinates": [110.88616, -0.07768]}, "properties": {"kab_kota": "SEKADAU", "kecamatan": "Sekadau Hulu", "desa": "Perongkan", "tanggal": "2026-08-16", "timestamp": "2026-08-16T13:03:00+07:00", "satelit": "NASA-SNPP", "confidence": "Medium"}}, {"type": "Feature", "geometry": {"type": "Point", "coordinates": [110.90115, -0.09243]}, "properties": {"kab_kota": "SEKADAU", "kecamatan": "Sekadau Hulu", "desa": "Perongkan", "tanggal": "2026-08-19", "timestamp": "2026-08-19T13:48:00+07:00", "satelit": "NASA-SNPP", "confidence": "Medium"}}, {"type": "Feature", "geometry": {"type": "Point", "coordinates": [110.90453, -0.09189]}, "properties": {"kab_kota": "SEKADAU", "kecamatan": "Sekadau Hulu", "desa": "Perongkan", "tanggal": "2026-08-19", "timestamp": "2026-08-19T13:48:00+07:00", "satelit": "NASA-SNPP", "confidence": "Medium"}}, {"type": "Feature", "geometry": {"type": "Point", "coordinates": [110.90849, -0.07034]}, "properties": {"kab_kota": "SEKADAU", "kecamatan": "Sekadau Hulu", "desa": "Perongkan", "tanggal": "2026-08-20", "timestamp": "2026-08-20T13:29:00+07:00", "satelit": "NASA-SNPP", "confidence": "Medium"}}, {"type": "Feature", "geometry": {"type": "Point", "coordinates": [110.9047, -0.06483]}, "properties": {"kab_kota": "SEKADAU", "kecamatan": "Sekadau Hulu", "desa": "Perongkan", "tanggal": "2026-08-21", "timestamp": "2026-08-21T13:12:00+07:00", "satelit": "NASA-SNPP", "confidence": "Medium"}}, {"type": "Feature", "geometry": {"type": "Point", "coordinates": [110.9042, -0.0615]}, "properties": {"kab_kota": "SEKADAU", "kecamatan": "Sekadau Hulu", "desa": "Perongkan", "tanggal": "2026-08-21", "timestamp": "2026-08-21T13:12:00+07:00", "satelit": "NASA-SNPP", "confidence": "Medium"}}, {"type": "Feature", "geometry": {"type": "Point", "coordinates": [110.90894, -0.08735]}, "properties": {"kab_kota": "SEKADAU", "kecamatan": "Sekadau Hulu", "desa": "Perongkan", "tanggal": "2026-08-29", "timestamp": "2026-08-29T14:01:00+07:00", "satelit": "NASA-SNPP", "confidence": "Medium"}}, {"type": "Feature", "geometry": {"type": "Point", "coordinates": [110.89127, -0.08348]}, "properties": {"kab_kota": "SEKADAU", "kecamatan": "Sekadau Hulu", "desa": "Perongkan", "tanggal": "2026-08-29", "timestamp": "2026-08-29T14:01:00+07:00", "satelit": "NASA-SNPP", "confidence": "Medium"}}, {"type": "Feature", "geometry": {"type": "Point", "coordinates": [110.88568, -0.07307]}, "properties": {"kab_kota": "SEKADAU", "kecamatan": "Sekadau Hulu", "desa": "Perongkan", "tanggal": "2026-08-29", "timestamp": "2026-08-29T14:01:00+07:00", "satelit": "NASA-SNPP", "confidence": "Medium"}}, {"type": "Feature", "geometry": {"type": "Point", "coordinates": [110.91286, -0.09907]}, "properties": {"kab_kota": "SEKADAU", "kecamatan": "Sekadau Hulu", "desa": "Perongkan", "tanggal": "2026-08-30", "timestamp": "2026-08-30T13:42:00+07:00", "satelit": "NASA-SNPP", "confidence": "Medium"}}, {"type": "Feature", "geometry": {"type": "Point", "coordinates": [110.90102, -0.09101]}, "properties": {"kab_kota": "SEKADAU", "kecamatan": "Sekadau Hulu", "desa": "Perongkan", "tanggal": "2026-08-30", "timestamp": "2026-08-30T13:42:00+07:00", "satelit": "NASA-SNPP", "confidence": "Medium"}}, {"type": "Feature", "geometry": {"type": "Point", "coordinates": [110.8972, -0.09081]}, "properties": {"kab_kota": "SEKADAU", "kecamatan": "Sekadau Hulu", "desa": "Perongkan", "tanggal": "2026-08-30", "timestamp": "2026-08-30T13:42:00+07:00", "satelit": "NASA-SNPP", "confidence": "Medium"}}, {"type": "Feature", "geometry": {"type": "Point", "coordinates": [110.8743, -0.09017]}, "properties": {"kab_kota": "SEKADAU", "kecamatan": "Sekadau Hulu", "desa": "Perongkan", "tanggal": "2026-08-30", "timestamp": "2026-08-30T13:42:00+07:00", "satelit": "NASA-SNPP", "confidence": "Medium"}}, {"type": "Feature", "geometry": {"type": "Point", "coordinates": [110.87576, -0.08933]}, "properties": {"kab_kota": "SEKADAU", "kecamatan": "Sekadau Hulu", "desa": "Perongkan", "tanggal": "2026-08-30", "timestamp": "2026-08-30T13:42:00+07:00", "satelit": "NASA-SNPP", "confidence": "Medium"}}, {"type": "Feature", "geometry": {"type": "Point", "coordinates": [110.9003, -0.08619]}, "properties": {"kab_kota": "SEKADAU", "kecamatan": "Sekadau Hulu", "desa": "Perongkan", "tanggal": "2026-08-30", "timestamp": "2026-08-30T13:42:00+07:00", "satelit": "NASA-SNPP", "confidence": "Medium"}}, {"type": "Feature", "geometry": {"type": "Point", "coordinates": [110.89956, -0.08138]}, "properties": {"kab_kota": "SEKADAU", "kecamatan": "Sekadau Hulu", "desa": "Perongkan", "tanggal": "2026-08-30", "timestamp": "2026-08-30T13:42:00+07:00", "satelit": "NASA-SNPP", "confidence": "Medium"}}, {"type": "Feature", "geometry": {"type": "Point", "coordinates": [110.90855, -0.07014]}, "properties": {"kab_kota": "SEKADAU", "kecamatan": "Sekadau Hulu", "desa": "Perongkan", "tanggal": "2026-08-30", "timestamp": "2026-08-30T13:42:00+07:00", "satelit": "NASA-SNPP", "confidence": "Medium"}}, {"type": "Feature", "geometry": {"type": "Point", "coordinates": [110.896, -0.05729]}, "properties": {"kab_kota": "SEKADAU", "kecamatan": "Sekadau Hulu", "desa": "Perongkan", "tanggal": "2026-08-30", "timestamp": "2026-08-30T13:42:00+07:00", "satelit": "NASA-SNPP", "confidence": "Medium"}}, {"type": "Feature", "geometry": {"type": "Point", "coordinates": [110.91164, -0.07459]}, "properties": {"kab_kota": "SEKADAU", "kecamatan": "Sekadau Hulu", "desa": "Perongkan", "tanggal": "2026-08-31", "timestamp": "2026-08-31T13:22:00+07:00", "satelit": "NASA-SNPP", "confidence": "Medium"}}, {"type": "Feature", "geometry": {"type": "Point", "coordinates": [110.9266, -0.06503]}, "properties": {"kab_kota": "SEKADAU", "kecamatan": "Sekadau Hulu", "desa": "Perongkan", "tanggal": "2026-08-31", "timestamp": "2026-08-31T13:22:00+07:00", "satelit": "NASA-SNPP", "confidence": "Medium"}}, {"type": "Feature", "geometry": {"type": "Point", "coordinates": [110.89819, -0.12244]}, "properties": {"kab_kota": "SEKADAU", "kecamatan": "Sekadau Hulu", "desa": "Rawak Hilir", "tanggal": "2026-08-25", "timestamp": "2026-08-25T13:35:00+07:00", "satelit": "NASA-SNPP", "confidence": "Medium"}}, {"type": "Feature", "geometry": {"type": "Point", "coordinates": [110.898, -0.10625]}, "properties": {"kab_kota": "SEKADAU", "kecamatan": "Sekadau Hulu", "desa": "Rawak Hilir", "tanggal": "2026-08-30", "timestamp": "2026-08-30T13:42:00+07:00", "satelit": "NASA-SNPP", "confidence": "Medium"}}, {"type": "Feature", "geometry": {"type": "Point", "coordinates": [110.89936, -0.10525]}, "properties": {"kab_kota": "SEKADAU", "kecamatan": "Sekadau Hulu", "desa": "Rawak Hilir", "tanggal": "2026-08-30", "timestamp": "2026-08-30T13:42:00+07:00", "satelit": "NASA-SNPP", "confidence": "Medium"}}, {"type": "Feature", "geometry": {"type": "Point", "coordinates": [110.90902, -0.09878]}, "properties": {"kab_kota": "SEKADAU", "kecamatan": "Sekadau Hulu", "desa": "Rawak Hilir", "tanggal": "2026-08-30", "timestamp": "2026-08-30T13:42:00+07:00", "satelit": "NASA-SNPP", "confidence": "Medium"}}, {"type": "Feature", "geometry": {"type": "Point", "coordinates": [110.86012, -0.11666]}, "properties": {"kab_kota": "SEKADAU", "kecamatan": "Sekadau Hulu", "desa": "Rawak Hulu", "tanggal": "2026-08-06", "timestamp": "2026-08-06T12:53:00+07:00", "satelit": "NASA-SNPP", "confidence": "Medium"}}, {"type": "Feature", "geometry": {"type": "Point", "coordinates": [110.86587, -0.1414]}, "properties": {"kab_kota": "SEKADAU", "kecamatan": "Sekadau Hulu", "desa": "Rawak Hulu", "tanggal": "2026-08-29", "timestamp": "2026-08-29T14:01:00+07:00", "satelit": "NASA-SNPP", "confidence": "Medium"}}, {"type": "Feature", "geometry": {"type": "Point", "coordinates": [110.86826, -0.16709]}, "properties": {"kab_kota": "SEKADAU", "kecamatan": "Sekadau Hulu", "desa": "Rawak Hulu", "tanggal": "2026-08-31", "timestamp": "2026-08-31T13:22:00+07:00", "satelit": "NASA-SNPP", "confidence": "Medium"}}, {"type": "Feature", "geometry": {"type": "Point", "coordinates": [110.87226, -0.16648]}, "properties": {"kab_kota": "SEKADAU", "kecamatan": "Sekadau Hulu", "desa": "Rawak Hulu", "tanggal": "2026-08-31", "timestamp": "2026-08-31T13:22:00+07:00", "satelit": "NASA-SNPP", "confidence": "Medium"}}, {"type": "Feature", "geometry": {"type": "Point", "coordinates": [110.81529, -0.17729]}, "properties": {"kab_kota": "SEKADAU", "kecamatan": "Sekadau Hulu", "desa": "Sekonau", "tanggal": "2026-08-05", "timestamp": "2026-08-05T13:10:00+07:00", "satelit": "NASA-SNPP", "confidence": "Medium"}}, {"type": "Feature", "geometry": {"type": "Point", "coordinates": [110.79198, -0.19622]}, "properties": {"kab_kota": "SEKADAU", "kecamatan": "Sekadau Hulu", "desa": "Sekonau", "tanggal": "2026-08-20", "timestamp": "2026-08-20T13:29:00+07:00", "satelit": "NASA-SNPP", "confidence": "Medium"}}, {"type": "Feature", "geometry": {"type": "Point", "coordinates": [110.78032, -0.16557]}, "properties": {"kab_kota": "SEKADAU", "kecamatan": "Sekadau Hulu", "desa": "Sekonau", "tanggal": "2026-08-22", "timestamp": "2026-08-22T12:53:00+07:00", "satelit": "NASA-SNPP", "confidence": "Medium"}}, {"type": "Feature", "geometry": {"type": "Point", "coordinates": [110.7978, -0.15898]}, "properties": {"kab_kota": "SEKADAU", "kecamatan": "Sekadau Hulu", "desa": "Sekonau", "tanggal": "2026-08-29", "timestamp": "2026-08-29T12:23:00+07:00", "satelit": "NASA-SNPP", "confidence": "Medium"}}, {"type": "Feature", "geometry": {"type": "Point", "coordinates": [110.82156, -0.15194]}, "properties": {"kab_kota": "SEKADAU", "kecamatan": "Sekadau Hulu", "desa": "Sekonau", "tanggal": "2026-08-30", "timestamp": "2026-08-30T13:42:00+07:00", "satelit": "NASA-SNPP", "confidence": "Medium"}}, {"type": "Feature", "geometry": {"type": "Point", "coordinates": [110.81915, -0.15065]}, "properties": {"kab_kota": "SEKADAU", "kecamatan": "Sekadau Hulu", "desa": "Sekonau", "tanggal": "2026-08-31", "timestamp": "2026-08-31T00:43:00+07:00", "satelit": "NASA-SNPP", "confidence": "Medium"}}, {"type": "Feature", "geometry": {"type": "Point", "coordinates": [111.03953, -0.12234]}, "properties": {"kab_kota": "SEKADAU", "kecamatan": "Sekadau Hulu", "desa": "Setawar", "tanggal": "2026-08-20", "timestamp": "2026-08-20T13:29:00+07:00", "satelit": "NASA-SNPP", "confidence": "Medium"}}, {"type": "Feature", "geometry": {"type": "Point", "coordinates": [111.03038, -0.09562]}, "properties": {"kab_kota": "SEKADAU", "kecamatan": "Sekadau Hulu", "desa": "Setawar", "tanggal": "2026-08-20", "timestamp": "2026-08-20T13:29:00+07:00", "satelit": "NASA-SNPP", "confidence": "Medium"}}, {"type": "Feature", "geometry": {"type": "Point", "coordinates": [110.99545, -0.14873]}, "properties": {"kab_kota": "SEKADAU", "kecamatan": "Sekadau Hulu", "desa": "Setawar", "tanggal": "2026-08-21", "timestamp": "2026-08-21T13:12:00+07:00", "satelit": "NASA-SNPP", "confidence": "Medium"}}, {"type": "Feature", "geometry": {"type": "Point", "coordinates": [110.99494, -0.1454]}, "properties": {"kab_kota": "SEKADAU", "kecamatan": "Sekadau Hulu", "desa": "Setawar", "tanggal": "2026-08-21", "timestamp": "2026-08-21T13:12:00+07:00", "satelit": "NASA-SNPP", "confidence": "Medium"}}, {"type": "Feature", "geometry": {"type": "Point", "coordinates": [111.04631, -0.08279]}, "properties": {"kab_kota": "SEKADAU", "kecamatan": "Sekadau Hulu", "desa": "Setawar", "tanggal": "2026-08-22", "timestamp": "2026-08-22T12:53:00+07:00", "satelit": "NASA-SNPP", "confidence": "Medium"}}, {"type": "Feature", "geometry": {"type": "Point", "coordinates": [111.04892, -0.08833]}, "properties": {"kab_kota": "SEKADAU", "kecamatan": "Sekadau Hulu", "desa": "Setawar", "tanggal": "2026-08-29", "timestamp": "2026-08-29T14:01:00+07:00", "satelit": "NASA-SNPP", "confidence": "Medium"}}, {"type": "Feature", "geometry": {"type": "Point", "coordinates": [111.05463, -0.08745]}, "properties": {"kab_kota": "SEKADAU", "kecamatan": "Sekadau Hulu", "desa": "Setawar", "tanggal": "2026-08-29", "timestamp": "2026-08-29T14:01:00+07:00", "satelit": "NASA-SNPP", "confidence": "Medium"}}, {"type": "Feature", "geometry": {"type": "Point", "coordinates": [111.03477, -0.07869]}, "properties": {"kab_kota": "SEKADAU", "kecamatan": "Sekadau Hulu", "desa": "Setawar", "tanggal": "2026-08-30", "timestamp": "2026-08-30T13:42:00+07:00", "satelit": "NASA-SNPP", "confidence": "Medium"}}, {"type": "Feature", "geometry": {"type": "Point", "coordinates": [111.033, -0.07587]}, "properties": {"kab_kota": "SEKADAU", "kecamatan": "Sekadau Hulu", "desa": "Setawar", "tanggal": "2026-08-30", "timestamp": "2026-08-30T13:42:00+07:00", "satelit": "NASA-SNPP", "confidence": "Medium"}}, {"type": "Feature", "geometry": {"type": "Point", "coordinates": [110.99796, -0.16821]}, "properties": {"kab_kota": "SEKADAU", "kecamatan": "Sekadau Hulu", "desa": "Sungaisambang", "tanggal": "2026-08-01", "timestamp": "2026-08-01T12:46:00+07:00", "satelit": "NASA-SNPP", "confidence": "Medium"}}, {"type": "Feature", "geometry": {"type": "Point", "coordinates": [110.98184, -0.20618]}, "properties": {"kab_kota": "SEKADAU", "kecamatan": "Sekadau Hulu", "desa": "Sungaisambang", "tanggal": "2026-08-16", "timestamp": "2026-08-16T13:03:00+07:00", "satelit": "NASA-SNPP", "confidence": "Medium"}}, {"type": "Feature", "geometry": {"type": "Point", "coordinates": [110.97186, -0.1655]}, "properties": {"kab_kota": "SEKADAU", "kecamatan": "Sekadau Hulu", "desa": "Sungaisambang", "tanggal": "2026-08-16", "timestamp": "2026-08-16T13:03:00+07:00", "satelit": "NASA-SNPP", "confidence": "Medium"}}, {"type": "Feature", "geometry": {"type": "Point", "coordinates": [110.99168, -0.18528]}, "properties": {"kab_kota": "SEKADAU", "kecamatan": "Sekadau Hulu", "desa": "Sungaisambang", "tanggal": "2026-08-20", "timestamp": "2026-08-20T13:29:00+07:00", "satelit": "NASA-SNPP", "confidence": "Medium"}}, {"type": "Feature", "geometry": {"type": "Point", "coordinates": [110.98803, -0.18238]}, "properties": {"kab_kota": "SEKADAU", "kecamatan": "Sekadau Hulu", "desa": "Sungaisambang", "tanggal": "2026-08-20", "timestamp": "2026-08-20T13:29:00+07:00", "satelit": "NASA-SNPP", "confidence": "Medium"}}, {"type": "Feature", "geometry": {"type": "Point", "coordinates": [110.99286, -0.18164]}, "properties": {"kab_kota": "SEKADAU", "kecamatan": "Sekadau Hulu", "desa": "Sungaisambang", "tanggal": "2026-08-20", "timestamp": "2026-08-20T13:29:00+07:00", "satelit": "NASA-SNPP", "confidence": "Medium"}}, {"type": "Feature", "geometry": {"type": "Point", "coordinates": [110.99117, -0.18136]}, "properties": {"kab_kota": "SEKADAU", "kecamatan": "Sekadau Hulu", "desa": "Sungaisambang", "tanggal": "2026-08-20", "timestamp": "2026-08-20T13:29:00+07:00", "satelit": "NASA-SNPP", "confidence": "Medium"}}, {"type": "Feature", "geometry": {"type": "Point", "coordinates": [110.97274, -0.18069]}, "properties": {"kab_kota": "SEKADAU", "kecamatan": "Sekadau Hulu", "desa": "Sungaisambang", "tanggal": "2026-08-20", "timestamp": "2026-08-20T13:29:00+07:00", "satelit": "NASA-SNPP", "confidence": "Medium"}}, {"type": "Feature", "geometry": {"type": "Point", "coordinates": [110.91925, -0.1569]}, "properties": {"kab_kota": "SEKADAU", "kecamatan": "Sekadau Hulu", "desa": "Sungaisambang", "tanggal": "2026-08-20", "timestamp": "2026-08-20T13:29:00+07:00", "satelit": "NASA-SNPP", "confidence": "Medium"}}, {"type": "Feature", "geometry": {"type": "Point", "coordinates": [110.98292, -0.20113]}, "properties": {"kab_kota": "SEKADAU", "kecamatan": "Sekadau Hulu", "desa": "Sungaisambang", "tanggal": "2026-08-21", "timestamp": "2026-08-21T13:12:00+07:00", "satelit": "NASA-SNPP", "confidence": "Medium"}}, {"type": "Feature", "geometry": {"type": "Point", "coordinates": [110.9525, -0.16892]}, "properties": {"kab_kota": "SEKADAU", "kecamatan": "Sekadau Hulu", "desa": "Sungaisambang", "tanggal": "2026-08-21", "timestamp": "2026-08-21T13:12:00+07:00", "satelit": "NASA-SNPP", "confidence": "Medium"}}, {"type": "Feature", "geometry": {"type": "Point", "coordinates": [110.9322, -0.15159]}, "properties": {"kab_kota": "SEKADAU", "kecamatan": "Sekadau Hulu", "desa": "Sungaisambang", "tanggal": "2026-08-21", "timestamp": "2026-08-21T13:12:00+07:00", "satelit": "NASA-SNPP", "confidence": "Medium"}}, {"type": "Feature", "geometry": {"type": "Point", "coordinates": [110.93912, -0.15054]}, "properties": {"kab_kota": "SEKADAU", "kecamatan": "Sekadau Hulu", "desa": "Sungaisambang", "tanggal": "2026-08-21", "timestamp": "2026-08-21T13:12:00+07:00", "satelit": "NASA-SNPP", "confidence": "Medium"}}, {"type": "Feature", "geometry": {"type": "Point", "coordinates": [110.91044, -0.14811]}, "properties": {"kab_kota": "SEKADAU", "kecamatan": "Sekadau Hulu", "desa": "Sungaisambang", "tanggal": "2026-08-21", "timestamp": "2026-08-21T13:12:00+07:00", "satelit": "NASA-SNPP", "confidence": "Medium"}}, {"type": "Feature", "geometry": {"type": "Point", "coordinates": [110.96599, -0.15896]}, "properties": {"kab_kota": "SEKADAU", "kecamatan": "Sekadau Hulu", "desa": "Sungaisambang", "tanggal": "2026-08-30", "timestamp": "2026-08-30T13:42:00+07:00", "satelit": "NASA-SNPP", "confidence": "Medium"}}, {"type": "Feature", "geometry": {"type": "Point", "coordinates": [111.02676, -0.33975]}, "properties": {"kab_kota": "SEKADAU", "kecamatan": "Sekadau Hulu", "desa": "Sunsong", "tanggal": "2026-08-06", "timestamp": "2026-08-06T12:53:00+07:00", "satelit": "NASA-SNPP", "confidence": "Medium"}}, {"type": "Feature", "geometry": {"type": "Point", "coordinates": [111.02342, -0.33515]}, "properties": {"kab_kota": "SEKADAU", "kecamatan": "Sekadau Hulu", "desa": "Sunsong", "tanggal": "2026-08-09", "timestamp": "2026-08-09T13:35:00+07:00", "satelit": "NASA-SNPP", "confidence": "Medium"}}, {"type": "Feature", "geometry": {"type": "Point", "coordinates": [111.0434, -0.32751]}, "properties": {"kab_kota": "SEKADAU", "kecamatan": "Sekadau Hulu", "desa": "Sunsong", "tanggal": "2026-08-09", "timestamp": "2026-08-09T13:35:00+07:00", "satelit": "NASA-SNPP", "confidence": "Medium"}}, {"type": "Feature", "geometry": {"type": "Point", "coordinates": [111.04338, -0.32669]}, "properties": {"kab_kota": "SEKADAU", "kecamatan": "Sekadau Hulu", "desa": "Sunsong", "tanggal": "2026-08-09", "timestamp": "2026-08-09T13:35:00+07:00", "satelit": "NASA-SNPP", "confidence": "Medium"}}, {"type": "Feature", "geometry": {"type": "Point", "coordinates": [111.01154, -0.31369]}, "properties": {"kab_kota": "SEKADAU", "kecamatan": "Sekadau Hulu", "desa": "Sunsong", "tanggal": "2026-08-09", "timestamp": "2026-08-09T13:35:00+07:00", "satelit": "NASA-SNPP", "confidence": "Medium"}}, {"type": "Feature", "geometry": {"type": "Point", "coordinates": [111.01579, -0.31304]}, "properties": {"kab_kota": "SEKADAU", "kecamatan": "Sekadau Hulu", "desa": "Sunsong", "tanggal": "2026-08-09", "timestamp": "2026-08-09T13:35:00+07:00", "satelit": "NASA-SNPP", "confidence": "Medium"}}, {"type": "Feature", "geometry": {"type": "Point", "coordinates": [111.01497, -0.30871]}, "properties": {"kab_kota": "SEKADAU", "kecamatan": "Sekadau Hulu", "desa": "Sunsong", "tanggal": "2026-08-09", "timestamp": "2026-08-09T13:35:00+07:00", "satelit": "NASA-SNPP", "confidence": "Medium"}}, {"type": "Feature", "geometry": {"type": "Point", "coordinates": [111.01904, -0.30809]}, "properties": {"kab_kota": "SEKADAU", "kecamatan": "Sekadau Hulu", "desa": "Sunsong", "tanggal": "2026-08-09", "timestamp": "2026-08-09T13:35:00+07:00", "satelit": "NASA-SNPP", "confidence": "Medium"}}, {"type": "Feature", "geometry": {"type": "Point", "coordinates": [111.02216, -0.30984]}, "properties": {"kab_kota": "SEKADAU", "kecamatan": "Sekadau Hulu", "desa": "Sunsong", "tanggal": "2026-08-10", "timestamp": "2026-08-10T13:18:00+07:00", "satelit": "NASA-SNPP", "confidence": "Medium"}}, {"type": "Feature", "geometry": {"type": "Point", "coordinates": [111.02575, -0.30929]}, "properties": {"kab_kota": "SEKADAU", "kecamatan": "Sekadau Hulu", "desa": "Sunsong", "tanggal": "2026-08-10", "timestamp": "2026-08-10T13:18:00+07:00", "satelit": "NASA-SNPP", "confidence": "Medium"}}, {"type": "Feature", "geometry": {"type": "Point", "coordinates": [111.02291, -0.34467]}, "properties": {"kab_kota": "SEKADAU", "kecamatan": "Sekadau Hulu", "desa": "Sunsong", "tanggal": "2026-08-11", "timestamp": "2026-08-11T12:57:00+07:00", "satelit": "NASA-SNPP", "confidence": "Medium"}}, {"type": "Feature", "geometry": {"type": "Point", "coordinates": [111.02231, -0.34099]}, "properties": {"kab_kota": "SEKADAU", "kecamatan": "Sekadau Hulu", "desa": "Sunsong", "tanggal": "2026-08-11", "timestamp": "2026-08-11T12:57:00+07:00", "satelit": "NASA-SNPP", "confidence": "Medium"}}, {"type": "Feature", "geometry": {"type": "Point", "coordinates": [111.04065, -0.30519]}, "properties": {"kab_kota": "SEKADAU", "kecamatan": "Sekadau Hulu", "desa": "Sunsong", "tanggal": "2026-08-11", "timestamp": "2026-08-11T12:57:00+07:00", "satelit": "NASA-SNPP", "confidence": "Medium"}}, {"type": "Feature", "geometry": {"type": "Point", "coordinates": [111.0403, -0.30148]}, "properties": {"kab_kota": "SEKADAU", "kecamatan": "Sekadau Hulu", "desa": "Sunsong", "tanggal": "2026-08-11", "timestamp": "2026-08-11T12:57:00+07:00", "satelit": "NASA-SNPP", "confidence": "Medium"}}, {"type": "Feature", "geometry": {"type": "Point", "coordinates": [111.00903, -0.33844]}, "properties": {"kab_kota": "SEKADAU", "kecamatan": "Sekadau Hulu", "desa": "Sunsong", "tanggal": "2026-08-16", "timestamp": "2026-08-16T13:03:00+07:00", "satelit": "NASA-SNPP", "confidence": "Medium"}}, {"type": "Feature", "geometry": {"type": "Point", "coordinates": [111.027, -0.33216]}, "properties": {"kab_kota": "SEKADAU", "kecamatan": "Sekadau Hulu", "desa": "Sunsong", "tanggal": "2026-08-16", "timestamp": "2026-08-16T13:03:00+07:00", "satelit": "NASA-SNPP", "confidence": "Medium"}}, {"type": "Feature", "geometry": {"type": "Point", "coordinates": [111.02122, -0.31899]}, "properties": {"kab_kota": "SEKADAU", "kecamatan": "Sekadau Hulu", "desa": "Sunsong", "tanggal": "2026-08-16", "timestamp": "2026-08-16T13:03:00+07:00", "satelit": "NASA-SNPP", "confidence": "Medium"}}, {"type": "Feature", "geometry": {"type": "Point", "coordinates": [111.01653, -0.31268]}, "properties": {"kab_kota": "SEKADAU", "kecamatan": "Sekadau Hulu", "desa": "Sunsong", "tanggal": "2026-08-16", "timestamp": "2026-08-16T13:03:00+07:00", "satelit": "NASA-SNPP", "confidence": "Medium"}}, {"type": "Feature", "geometry": {"type": "Point", "coordinates": [111.00632, -0.30333]}, "properties": {"kab_kota": "SEKADAU", "kecamatan": "Sekadau Hulu", "desa": "Sunsong", "tanggal": "2026-08-17", "timestamp": "2026-08-17T12:46:00+07:00", "satelit": "NASA-SNPP", "confidence": "Medium"}}, {"type": "Feature", "geometry": {"type": "Point", "coordinates": [111.03709, -0.23429]}, "properties": {"kab_kota": "SEKADAU", "kecamatan": "Sekadau Hulu", "desa": "Tapang Perodah", "tanggal": "2026-08-05", "timestamp": "2026-08-05T13:10:00+07:00", "satelit": "NASA-SNPP", "confidence": "Medium"}}, {"type": "Feature", "geometry": {"type": "Point", "coordinates": [111.0445, -0.22533]}, "properties": {"kab_kota": "SEKADAU", "kecamatan": "Sekadau Hulu", "desa": "Tapang Perodah", "tanggal": "2026-08-06", "timestamp": "2026-08-06T12:53:00+07:00", "satelit": "NASA-SNPP", "confidence": "Medium"}}, {"type": "Feature", "geometry": {"type": "Point", "coordinates": [111.04256, -0.23542]}, "properties": {"kab_kota": "SEKADAU", "kecamatan": "Sekadau Hulu", "desa": "Tapang Perodah", "tanggal": "2026-08-07", "timestamp": "2026-08-07T12:33:00+07:00", "satelit": "NASA-SNPP", "confidence": "Medium"}}, {"type": "Feature", "geometry": {"type": "Point", "coordinates": [111.04165, -0.22984]}, "properties": {"kab_kota": "SEKADAU", "kecamatan": "Sekadau Hulu", "desa": "Tapang Perodah", "tanggal": "2026-08-07", "timestamp": "2026-08-07T12:33:00+07:00", "satelit": "NASA-SNPP", "confidence": "Medium"}}, {"type": "Feature", "geometry": {"type": "Point", "coordinates": [111.06122, -0.21664]}, "properties": {"kab_kota": "SEKADAU", "kecamatan": "Sekadau Hulu", "desa": "Tapang Perodah", "tanggal": "2026-08-09", "timestamp": "2026-08-09T13:35:00+07:00", "satelit": "NASA-SNPP", "confidence": "Medium"}}, {"type": "Feature", "geometry": {"type": "Point", "coordinates": [111.06251, -0.21654]}, "properties": {"kab_kota": "SEKADAU", "kecamatan": "Sekadau Hulu", "desa": "Tapang Perodah", "tanggal": "2026-08-09", "timestamp": "2026-08-09T13:35:00+07:00", "satelit": "NASA-SNPP", "confidence": "Medium"}}, {"type": "Feature", "geometry": {"type": "Point", "coordinates": [111.04088, -0.24629]}, "properties": {"kab_kota": "SEKADAU", "kecamatan": "Sekadau Hulu", "desa": "Tapang Perodah", "tanggal": "2026-08-16", "timestamp": "2026-08-16T13:03:00+07:00", "satelit": "NASA-SNPP", "confidence": "Medium"}}, {"type": "Feature", "geometry": {"type": "Point", "coordinates": [111.04035, -0.24286]}, "properties": {"kab_kota": "SEKADAU", "kecamatan": "Sekadau Hulu", "desa": "Tapang Perodah", "tanggal": "2026-08-16", "timestamp": "2026-08-16T13:03:00+07:00", "satelit": "NASA-SNPP", "confidence": "Medium"}}, {"type": "Feature", "geometry": {"type": "Point", "coordinates": [111.05734, -0.18359]}, "properties": {"kab_kota": "SEKADAU", "kecamatan": "Sekadau Hulu", "desa": "Tapang Perodah", "tanggal": "2026-08-17", "timestamp": "2026-08-17T12:46:00+07:00", "satelit": "NASA-SNPP", "confidence": "Medium"}}, {"type": "Feature", "geometry": {"type": "Point", "coordinates": [111.06181, -0.1829]}, "properties": {"kab_kota": "SEKADAU", "kecamatan": "Sekadau Hulu", "desa": "Tapang Perodah", "tanggal": "2026-08-17", "timestamp": "2026-08-17T12:46:00+07:00", "satelit": "NASA-SNPP", "confidence": "Medium"}}, {"type": "Feature", "geometry": {"type": "Point", "coordinates": [111.02359, -0.19629]}, "properties": {"kab_kota": "SEKADAU", "kecamatan": "Sekadau Hulu", "desa": "Tapang Perodah", "tanggal": "2026-08-20", "timestamp": "2026-08-20T13:29:00+07:00", "satelit": "NASA-SNPP", "confidence": "Medium"}}, {"type": "Feature", "geometry": {"type": "Point", "coordinates": [111.02474, -0.19287]}, "properties": {"kab_kota": "SEKADAU", "kecamatan": "Sekadau Hulu", "desa": "Tapang Perodah", "tanggal": "2026-08-20", "timestamp": "2026-08-20T13:29:00+07:00", "satelit": "NASA-SNPP", "confidence": "Medium"}}, {"type": "Feature", "geometry": {"type": "Point", "coordinates": [111.03293, -0.1796]}, "properties": {"kab_kota": "SEKADAU", "kecamatan": "Sekadau Hulu", "desa": "Tapang Perodah", "tanggal": "2026-08-20", "timestamp": "2026-08-20T13:29:00+07:00", "satelit": "NASA-SNPP", "confidence": "Medium"}}, {"type": "Feature", "geometry": {"type": "Point", "coordinates": [111.03111, -0.17905]}, "properties": {"kab_kota": "SEKADAU", "kecamatan": "Sekadau Hulu", "desa": "Tapang Perodah", "tanggal": "2026-08-20", "timestamp": "2026-08-20T13:29:00+07:00", "satelit": "NASA-SNPP", "confidence": "Medium"}}, {"type": "Feature", "geometry": {"type": "Point", "coordinates": [111.03176, -0.17175]}, "properties": {"kab_kota": "SEKADAU", "kecamatan": "Sekadau Hulu", "desa": "Tapang Perodah", "tanggal": "2026-08-20", "timestamp": "2026-08-20T13:29:00+07:00", "satelit": "NASA-SNPP", "confidence": "Medium"}}, {"type": "Feature", "geometry": {"type": "Point", "coordinates": [111.02094, -0.19533]}, "properties": {"kab_kota": "SEKADAU", "kecamatan": "Sekadau Hulu", "desa": "Tapang Perodah", "tanggal": "2026-08-21", "timestamp": "2026-08-21T13:12:00+07:00", "satelit": "NASA-SNPP", "confidence": "Medium"}}, {"type": "Feature", "geometry": {"type": "Point", "coordinates": [111.03157, -0.18964]}, "properties": {"kab_kota": "SEKADAU", "kecamatan": "Sekadau Hulu", "desa": "Tapang Perodah", "tanggal": "2026-08-23", "timestamp": "2026-08-23T12:33:00+07:00", "satelit": "NASA-SNPP", "confidence": "Medium"}}, {"type": "Feature", "geometry": {"type": "Point", "coordinates": [111.0372, -0.17729]}, "properties": {"kab_kota": "SEKADAU", "kecamatan": "Sekadau Hulu", "desa": "Tapang Perodah", "tanggal": "2026-08-23", "timestamp": "2026-08-23T12:33:00+07:00", "satelit": "NASA-SNPP", "confidence": "Medium"}}, {"type": "Feature", "geometry": {"type": "Point", "coordinates": [111.04227, -0.20778]}, "properties": {"kab_kota": "SEKADAU", "kecamatan": "Sekadau Hulu", "desa": "Tapang Perodah", "tanggal": "2026-08-24", "timestamp": "2026-08-24T13:57:00+07:00", "satelit": "NASA-SNPP", "confidence": "Medium"}}, {"type": "Feature", "geometry": {"type": "Point", "coordinates": [111.04669, -0.20707]}, "properties": {"kab_kota": "SEKADAU", "kecamatan": "Sekadau Hulu", "desa": "Tapang Perodah", "tanggal": "2026-08-24", "timestamp": "2026-08-24T13:57:00+07:00", "satelit": "NASA-SNPP", "confidence": "Medium"}}, {"type": "Feature", "geometry": {"type": "Point", "coordinates": [111.01192, -0.1516]}, "properties": {"kab_kota": "SEKADAU", "kecamatan": "Sekadau Hulu", "desa": "Tapang Perodah", "tanggal": "2026-08-28", "timestamp": "2026-08-28T12:40:00+07:00", "satelit": "NASA-SNPP", "confidence": "Medium"}}, {"type": "Feature", "geometry": {"type": "Point", "coordinates": [111.06079, -0.15222]}, "properties": {"kab_kota": "SEKADAU", "kecamatan": "Sekadau Hulu", "desa": "Tapang Perodah", "tanggal": "2026-08-29", "timestamp": "2026-08-29T12:23:00+07:00", "satelit": "NASA-SNPP", "confidence": "Medium"}}, {"type": "Feature", "geometry": {"type": "Point", "coordinates": [111.03507, -0.15629]}, "properties": {"kab_kota": "SEKADAU", "kecamatan": "Sekadau Hulu", "desa": "Tapang Perodah", "tanggal": "2026-08-31", "timestamp": "2026-08-31T13:22:00+07:00", "satelit": "NASA-SNPP", "confidence": "Medium"}}, {"type": "Feature", "geometry": {"type": "Point", "coordinates": [110.82485, -0.08679]}, "properties": {"kab_kota": "SEKADAU", "kecamatan": "Sekadau Hulu", "desa": "Tinting Boyok", "tanggal": "2026-08-01", "timestamp": "2026-08-01T12:46:00+07:00", "satelit": "NASA-SNPP", "confidence": "Medium"}}, {"type": "Feature", "geometry": {"type": "Point", "coordinates": [110.8229, -0.08698]}, "properties": {"kab_kota": "SEKADAU", "kecamatan": "Sekadau Hulu", "desa": "Tinting Boyok", "tanggal": "2026-08-02", "timestamp": "2026-08-02T12:25:00+07:00", "satelit": "NASA-SNPP", "confidence": "Medium"}}, {"type": "Feature", "geometry": {"type": "Point", "coordinates": [110.81464, -0.10242]}, "properties": {"kab_kota": "SEKADAU", "kecamatan": "Sekadau Hulu", "desa": "Tinting Boyok", "tanggal": "2026-08-05", "timestamp": "2026-08-05T13:10:00+07:00", "satelit": "NASA-SNPP", "confidence": "Medium"}}, {"type": "Feature", "geometry": {"type": "Point", "coordinates": [110.8558, -0.1161]}, "properties": {"kab_kota": "SEKADAU", "kecamatan": "Sekadau Hulu", "desa": "Tinting Boyok", "tanggal": "2026-08-08", "timestamp": "2026-08-08T13:57:00+07:00", "satelit": "NASA-SNPP", "confidence": "Medium"}}, {"type": "Feature", "geometry": {"type": "Point", "coordinates": [110.77804, -0.05051]}, "properties": {"kab_kota": "SEKADAU", "kecamatan": "Sekadau Hulu", "desa": "Tinting Boyok", "tanggal": "2026-08-09", "timestamp": "2026-08-09T13:35:00+07:00", "satelit": "NASA-SNPP", "confidence": "Medium"}}, {"type": "Feature", "geometry": {"type": "Point", "coordinates": [110.78696, -0.12947]}, "properties": {"kab_kota": "SEKADAU", "kecamatan": "Sekadau Hulu", "desa": "Tinting Boyok", "tanggal": "2026-08-10", "timestamp": "2026-08-10T13:18:00+07:00", "satelit": "NASA-SNPP", "confidence": "Medium"}}, {"type": "Feature", "geometry": {"type": "Point", "coordinates": [110.7437, -0.11965]}, "properties": {"kab_kota": "SEKADAU", "kecamatan": "Sekadau Hulu", "desa": "Tinting Boyok", "tanggal": "2026-08-13", "timestamp": "2026-08-13T01:19:00+07:00", "satelit": "NASA-SNPP", "confidence": "Medium"}}, {"type": "Feature", "geometry": {"type": "Point", "coordinates": [110.8488, -0.11607]}, "properties": {"kab_kota": "SEKADAU", "kecamatan": "Sekadau Hulu", "desa": "Tinting Boyok", "tanggal": "2026-08-20", "timestamp": "2026-08-20T13:29:00+07:00", "satelit": "NASA-SNPP", "confidence": "Medium"}}, {"type": "Feature", "geometry": {"type": "Point", "coordinates": [110.80198, -0.03911]}, "properties": {"kab_kota": "SEKADAU", "kecamatan": "Sekadau Hulu", "desa": "Tinting Boyok", "tanggal": "2026-08-24", "timestamp": "2026-08-24T13:57:00+07:00", "satelit": "NASA-SNPP", "confidence": "Medium"}}, {"type": "Feature", "geometry": {"type": "Point", "coordinates": [110.85827, -0.11766]}, "properties": {"kab_kota": "SEKADAU", "kecamatan": "Sekadau Hulu", "desa": "Tinting Boyok", "tanggal": "2026-08-29", "timestamp": "2026-08-29T14:01:00+07:00", "satelit": "NASA-SNPP", "confidence": "Medium"}}, {"type": "Feature", "geometry": {"type": "Point", "coordinates": [110.84202, -0.12751]}, "properties": {"kab_kota": "SEKADAU", "kecamatan": "Sekadau Hulu", "desa": "Tinting Boyok", "tanggal": "2026-08-31", "timestamp": "2026-08-31T13:22:00+07:00", "satelit": "NASA-SNPP", "confidence": "Medium"}}]}